variant,model,K,N,review_fraction,captured_traces,total_traces,trace_capture_fraction
current_339,terrain_landcover,0,674,0.0,0,335,0.0
current_339,terrain_landcover,1,674,0.001483679525222552,1,335,0.0029850746268656717
current_339,terrain_landcover,2,674,0.002967359050445104,2,335,0.005970149253731343
current_339,terrain_landcover,3,674,0.004451038575667656,3,335,0.008955223880597015
current_339,terrain_landcover,4,674,0.005934718100890208,4,335,0.011940298507462687
current_339,terrain_landcover,5,674,0.00741839762611276,5,335,0.014925373134328358
current_339,terrain_landcover,6,674,0.008902077151335312,6,335,0.01791044776119403
current_339,terrain_landcover,7,674,0.010385756676557863,7,335,0.020895522388059702
current_339,terrain_landcover,8,674,0.011869436201780416,8,335,0.023880597014925373
current_339,terrain_landcover,9,674,0.013353115727002967,9,335,0.026865671641791045
current_339,terrain_landcover,10,674,0.01483679525222552,10,335,0.029850746268656716
current_339,terrain_landcover,11,674,0.016320474777448073,11,335,0.03283582089552239
current_339,terrain_landcover,12,674,0.017804154302670624,12,335,0.03582089552238806
current_339,terrain_landcover,13,674,0.019287833827893175,13,335,0.03880597014925373
current_339,terrain_landcover,14,674,0.020771513353115726,14,335,0.041791044776119404
current_339,terrain_landcover,15,674,0.02225519287833828,15,335,0.04477611940298507
current_339,terrain_landcover,16,674,0.02373887240356083,15,335,0.04477611940298507
current_339,terrain_landcover,17,674,0.025222551928783383,16,335,0.04776119402985075
current_339,terrain_landcover,18,674,0.026706231454005934,16,335,0.04776119402985075
current_339,terrain_landcover,19,674,0.028189910979228485,17,335,0.050746268656716415
current_339,terrain_landcover,20,674,0.02967359050445104,18,335,0.05373134328358209
current_339,terrain_landcover,21,674,0.03115727002967359,19,335,0.056716417910447764
current_339,terrain_landcover,22,674,0.032640949554896145,20,335,0.05970149253731343
current_339,terrain_landcover,23,674,0.03412462908011869,21,335,0.0626865671641791
current_339,terrain_landcover,24,674,0.03560830860534125,21,335,0.0626865671641791
current_339,terrain_landcover,25,674,0.037091988130563795,21,335,0.0626865671641791
current_339,terrain_landcover,26,674,0.03857566765578635,22,335,0.06567164179104477
current_339,terrain_landcover,27,674,0.040059347181008904,23,335,0.06865671641791045
current_339,terrain_landcover,28,674,0.04154302670623145,24,335,0.07164179104477612
current_339,terrain_landcover,29,674,0.04302670623145401,25,335,0.07462686567164178
current_339,terrain_landcover,30,674,0.04451038575667656,26,335,0.07761194029850746
current_339,terrain_landcover,31,674,0.04599406528189911,27,335,0.08059701492537313
current_339,terrain_landcover,32,674,0.04747774480712166,28,335,0.08358208955223881
current_339,terrain_landcover,33,674,0.04896142433234421,29,335,0.08656716417910448
current_339,terrain_landcover,34,674,0.050445103857566766,29,335,0.08656716417910448
current_339,terrain_landcover,35,674,0.05192878338278932,30,335,0.08955223880597014
current_339,terrain_landcover,36,674,0.05341246290801187,30,335,0.08955223880597014
current_339,terrain_landcover,37,674,0.05489614243323442,31,335,0.09253731343283582
current_339,terrain_landcover,38,674,0.05637982195845697,32,335,0.0955223880597015
current_339,terrain_landcover,39,674,0.057863501483679525,33,335,0.09850746268656717
current_339,terrain_landcover,40,674,0.05934718100890208,34,335,0.10149253731343283
current_339,terrain_landcover,41,674,0.06083086053412463,35,335,0.1044776119402985
current_339,terrain_landcover,42,674,0.06231454005934718,36,335,0.10746268656716418
current_339,terrain_landcover,43,674,0.06379821958456973,37,335,0.11044776119402985
current_339,terrain_landcover,44,674,0.06528189910979229,38,335,0.11343283582089553
current_339,terrain_landcover,45,674,0.06676557863501484,39,335,0.11641791044776119
current_339,terrain_landcover,46,674,0.06824925816023739,39,335,0.11641791044776119
current_339,terrain_landcover,47,674,0.06973293768545995,39,335,0.11641791044776119
current_339,terrain_landcover,48,674,0.0712166172106825,40,335,0.11940298507462686
current_339,terrain_landcover,49,674,0.07270029673590504,40,335,0.11940298507462686
current_339,terrain_landcover,50,674,0.07418397626112759,40,335,0.11940298507462686
current_339,terrain_landcover,51,674,0.07566765578635015,41,335,0.12238805970149254
current_339,terrain_landcover,52,674,0.0771513353115727,42,335,0.1253731343283582
current_339,terrain_landcover,53,674,0.07863501483679525,43,335,0.12835820895522387
current_339,terrain_landcover,54,674,0.08011869436201781,44,335,0.13134328358208955
current_339,terrain_landcover,55,674,0.08160237388724036,45,335,0.13432835820895522
current_339,terrain_landcover,56,674,0.0830860534124629,46,335,0.1373134328358209
current_339,terrain_landcover,57,674,0.08456973293768547,47,335,0.14029850746268657
current_339,terrain_landcover,58,674,0.08605341246290801,48,335,0.14328358208955225
current_339,terrain_landcover,59,674,0.08753709198813056,49,335,0.14626865671641792
current_339,terrain_landcover,60,674,0.08902077151335312,50,335,0.14925373134328357
current_339,terrain_landcover,61,674,0.09050445103857567,51,335,0.15223880597014924
current_339,terrain_landcover,62,674,0.09198813056379822,51,335,0.15223880597014924
current_339,terrain_landcover,63,674,0.09347181008902077,51,335,0.15223880597014924
current_339,terrain_landcover,64,674,0.09495548961424333,51,335,0.15223880597014924
current_339,terrain_landcover,65,674,0.09643916913946587,52,335,0.15522388059701492
current_339,terrain_landcover,66,674,0.09792284866468842,53,335,0.1582089552238806
current_339,terrain_landcover,67,674,0.09940652818991098,54,335,0.16119402985074627
current_339,terrain_landcover,68,674,0.10089020771513353,54,335,0.16119402985074627
current_339,terrain_landcover,69,674,0.10237388724035608,55,335,0.16417910447761194
current_339,terrain_landcover,70,674,0.10385756676557864,56,335,0.16716417910447762
current_339,terrain_landcover,71,674,0.10534124629080119,57,335,0.1701492537313433
current_339,terrain_landcover,72,674,0.10682492581602374,57,335,0.1701492537313433
current_339,terrain_landcover,73,674,0.1083086053412463,58,335,0.17313432835820897
current_339,terrain_landcover,74,674,0.10979228486646884,59,335,0.1761194029850746
current_339,terrain_landcover,75,674,0.11127596439169139,59,335,0.1761194029850746
current_339,terrain_landcover,76,674,0.11275964391691394,60,335,0.1791044776119403
current_339,terrain_landcover,77,674,0.1142433234421365,61,335,0.18208955223880596
current_339,terrain_landcover,78,674,0.11572700296735905,61,335,0.18208955223880596
current_339,terrain_landcover,79,674,0.1172106824925816,62,335,0.18507462686567164
current_339,terrain_landcover,80,674,0.11869436201780416,63,335,0.1880597014925373
current_339,terrain_landcover,81,674,0.1201780415430267,63,335,0.1880597014925373
current_339,terrain_landcover,82,674,0.12166172106824925,64,335,0.191044776119403
current_339,terrain_landcover,83,674,0.12314540059347182,65,335,0.19402985074626866
current_339,terrain_landcover,84,674,0.12462908011869436,65,335,0.19402985074626866
current_339,terrain_landcover,85,674,0.1261127596439169,66,335,0.19701492537313434
current_339,terrain_landcover,86,674,0.12759643916913946,67,335,0.2
current_339,terrain_landcover,87,674,0.129080118694362,68,335,0.20298507462686566
current_339,terrain_landcover,88,674,0.13056379821958458,68,335,0.20298507462686566
current_339,terrain_landcover,89,674,0.13204747774480713,68,335,0.20298507462686566
current_339,terrain_landcover,90,674,0.13353115727002968,69,335,0.20597014925373133
current_339,terrain_landcover,91,674,0.13501483679525222,70,335,0.208955223880597
current_339,terrain_landcover,92,674,0.13649851632047477,71,335,0.21194029850746268
current_339,terrain_landcover,93,674,0.13798219584569732,72,335,0.21492537313432836
current_339,terrain_landcover,94,674,0.1394658753709199,73,335,0.21791044776119403
current_339,terrain_landcover,95,674,0.14094955489614244,74,335,0.2208955223880597
current_339,terrain_landcover,96,674,0.142433234421365,75,335,0.22388059701492538
current_339,terrain_landcover,97,674,0.14391691394658754,76,335,0.22686567164179106
current_339,terrain_landcover,98,674,0.14540059347181009,76,335,0.22686567164179106
current_339,terrain_landcover,99,674,0.14688427299703263,77,335,0.2298507462686567
current_339,terrain_landcover,100,674,0.14836795252225518,77,335,0.2298507462686567
current_339,terrain_landcover,101,674,0.14985163204747776,78,335,0.23283582089552238
current_339,terrain_landcover,102,674,0.1513353115727003,79,335,0.23582089552238805
current_339,terrain_landcover,103,674,0.15281899109792285,80,335,0.23880597014925373
current_339,terrain_landcover,104,674,0.1543026706231454,81,335,0.2417910447761194
current_339,terrain_landcover,105,674,0.15578635014836795,81,335,0.2417910447761194
current_339,terrain_landcover,106,674,0.1572700296735905,82,335,0.24477611940298508
current_339,terrain_landcover,107,674,0.15875370919881307,83,335,0.24776119402985075
current_339,terrain_landcover,108,674,0.16023738872403562,83,335,0.24776119402985075
current_339,terrain_landcover,109,674,0.16172106824925817,84,335,0.2507462686567164
current_339,terrain_landcover,110,674,0.1632047477744807,85,335,0.2537313432835821
current_339,terrain_landcover,111,674,0.16468842729970326,85,335,0.2537313432835821
current_339,terrain_landcover,112,674,0.1661721068249258,86,335,0.25671641791044775
current_339,terrain_landcover,113,674,0.16765578635014836,87,335,0.25970149253731345
current_339,terrain_landcover,114,674,0.16913946587537093,88,335,0.2626865671641791
current_339,terrain_landcover,115,674,0.17062314540059348,88,335,0.2626865671641791
current_339,terrain_landcover,116,674,0.17210682492581603,89,335,0.2656716417910448
current_339,terrain_landcover,117,674,0.17359050445103857,90,335,0.26865671641791045
current_339,terrain_landcover,118,674,0.17507418397626112,91,335,0.2716417910447761
current_339,terrain_landcover,119,674,0.17655786350148367,91,335,0.2716417910447761
current_339,terrain_landcover,120,674,0.17804154302670624,91,335,0.2716417910447761
current_339,terrain_landcover,121,674,0.1795252225519288,91,335,0.2716417910447761
current_339,terrain_landcover,122,674,0.18100890207715134,92,335,0.2746268656716418
current_339,terrain_landcover,123,674,0.1824925816023739,93,335,0.27761194029850744
current_339,terrain_landcover,124,674,0.18397626112759644,94,335,0.28059701492537314
current_339,terrain_landcover,125,674,0.18545994065281898,94,335,0.28059701492537314
current_339,terrain_landcover,126,674,0.18694362017804153,94,335,0.28059701492537314
current_339,terrain_landcover,127,674,0.1884272997032641,95,335,0.2835820895522388
current_339,terrain_landcover,128,674,0.18991097922848665,96,335,0.2865671641791045
current_339,terrain_landcover,129,674,0.1913946587537092,97,335,0.28955223880597014
current_339,terrain_landcover,130,674,0.19287833827893175,98,335,0.29253731343283584
current_339,terrain_landcover,131,674,0.1943620178041543,98,335,0.29253731343283584
current_339,terrain_landcover,132,674,0.19584569732937684,99,335,0.2955223880597015
current_339,terrain_landcover,133,674,0.19732937685459942,99,335,0.2955223880597015
current_339,terrain_landcover,134,674,0.19881305637982197,99,335,0.2955223880597015
current_339,terrain_landcover,135,674,0.20029673590504452,100,335,0.29850746268656714
current_339,terrain_landcover,136,674,0.20178041543026706,101,335,0.30149253731343284
current_339,terrain_landcover,137,674,0.2032640949554896,102,335,0.3044776119402985
current_339,terrain_landcover,138,674,0.20474777448071216,102,335,0.3044776119402985
current_339,terrain_landcover,139,674,0.2062314540059347,103,335,0.3074626865671642
current_339,terrain_landcover,140,674,0.20771513353115728,104,335,0.31044776119402984
current_339,terrain_landcover,141,674,0.20919881305637983,105,335,0.31343283582089554
current_339,terrain_landcover,142,674,0.21068249258160238,106,335,0.3164179104477612
current_339,terrain_landcover,143,674,0.21216617210682492,106,335,0.3164179104477612
current_339,terrain_landcover,144,674,0.21364985163204747,107,335,0.3194029850746269
current_339,terrain_landcover,145,674,0.21513353115727002,108,335,0.32238805970149254
current_339,terrain_landcover,146,674,0.2166172106824926,108,335,0.32238805970149254
current_339,terrain_landcover,147,674,0.21810089020771514,109,335,0.3253731343283582
current_339,terrain_landcover,148,674,0.2195845697329377,110,335,0.3283582089552239
current_339,terrain_landcover,149,674,0.22106824925816024,110,335,0.3283582089552239
current_339,terrain_landcover,150,674,0.22255192878338279,110,335,0.3283582089552239
current_339,terrain_landcover,151,674,0.22403560830860533,110,335,0.3283582089552239
current_339,terrain_landcover,152,674,0.22551928783382788,111,335,0.33134328358208953
current_339,terrain_landcover,153,674,0.22700296735905046,111,335,0.33134328358208953
current_339,terrain_landcover,154,674,0.228486646884273,111,335,0.33134328358208953
current_339,terrain_landcover,155,674,0.22997032640949555,112,335,0.33432835820895523
current_339,terrain_landcover,156,674,0.2314540059347181,112,335,0.33432835820895523
current_339,terrain_landcover,157,674,0.23293768545994065,113,335,0.3373134328358209
current_339,terrain_landcover,158,674,0.2344213649851632,114,335,0.3402985074626866
current_339,terrain_landcover,159,674,0.23590504451038577,115,335,0.34328358208955223
current_339,terrain_landcover,160,674,0.23738872403560832,115,335,0.34328358208955223
current_339,terrain_landcover,161,674,0.23887240356083086,116,335,0.34626865671641793
current_339,terrain_landcover,162,674,0.2403560830860534,117,335,0.3492537313432836
current_339,terrain_landcover,163,674,0.24183976261127596,117,335,0.3492537313432836
current_339,terrain_landcover,164,674,0.2433234421364985,118,335,0.3522388059701492
current_339,terrain_landcover,165,674,0.24480712166172106,119,335,0.35522388059701493
current_339,terrain_landcover,166,674,0.24629080118694363,120,335,0.3582089552238806
current_339,terrain_landcover,167,674,0.24777448071216618,121,335,0.3611940298507463
current_339,terrain_landcover,168,674,0.24925816023738873,121,335,0.3611940298507463
current_339,terrain_landcover,169,674,0.2507418397626113,122,335,0.3641791044776119
current_339,terrain_landcover,170,674,0.2522255192878338,123,335,0.36716417910447763
current_339,terrain_landcover,171,674,0.25370919881305637,124,335,0.3701492537313433
current_339,terrain_landcover,172,674,0.2551928783382789,124,335,0.3701492537313433
current_339,terrain_landcover,173,674,0.25667655786350146,125,335,0.373134328358209
current_339,terrain_landcover,174,674,0.258160237388724,126,335,0.3761194029850746
current_339,terrain_landcover,175,674,0.2596439169139466,126,335,0.3761194029850746
current_339,terrain_landcover,176,674,0.26112759643916916,126,335,0.3761194029850746
current_339,terrain_landcover,177,674,0.2626112759643917,127,335,0.37910447761194027
current_339,terrain_landcover,178,674,0.26409495548961426,127,335,0.37910447761194027
current_339,terrain_landcover,179,674,0.2655786350148368,128,335,0.382089552238806
current_339,terrain_landcover,180,674,0.26706231454005935,128,335,0.382089552238806
current_339,terrain_landcover,181,674,0.2685459940652819,129,335,0.3850746268656716
current_339,terrain_landcover,182,674,0.27002967359050445,130,335,0.3880597014925373
current_339,terrain_landcover,183,674,0.271513353115727,131,335,0.39104477611940297
current_339,terrain_landcover,184,674,0.27299703264094954,131,335,0.39104477611940297
current_339,terrain_landcover,185,674,0.2744807121661721,131,335,0.39104477611940297
current_339,terrain_landcover,186,674,0.27596439169139464,131,335,0.39104477611940297
current_339,terrain_landcover,187,674,0.2774480712166172,131,335,0.39104477611940297
current_339,terrain_landcover,188,674,0.2789317507418398,132,335,0.3940298507462687
current_339,terrain_landcover,189,674,0.28041543026706234,133,335,0.3970149253731343
current_339,terrain_landcover,190,674,0.2818991097922849,134,335,0.4
current_339,terrain_landcover,191,674,0.28338278931750743,134,335,0.4
current_339,terrain_landcover,192,674,0.28486646884273,135,335,0.40298507462686567
current_339,terrain_landcover,193,674,0.28635014836795253,135,335,0.40298507462686567
current_339,terrain_landcover,194,674,0.2878338278931751,136,335,0.4059701492537313
current_339,terrain_landcover,195,674,0.2893175074183976,136,335,0.4059701492537313
current_339,terrain_landcover,196,674,0.29080118694362017,136,335,0.4059701492537313
current_339,terrain_landcover,197,674,0.2922848664688427,137,335,0.408955223880597
current_339,terrain_landcover,198,674,0.29376854599406527,138,335,0.41194029850746267
current_339,terrain_landcover,199,674,0.2952522255192878,138,335,0.41194029850746267
current_339,terrain_landcover,200,674,0.29673590504451036,138,335,0.41194029850746267
current_339,terrain_landcover,201,674,0.29821958456973297,138,335,0.41194029850746267
current_339,terrain_landcover,202,674,0.2997032640949555,139,335,0.41492537313432837
current_339,terrain_landcover,203,674,0.30118694362017806,139,335,0.41492537313432837
current_339,terrain_landcover,204,674,0.3026706231454006,140,335,0.417910447761194
current_339,terrain_landcover,205,674,0.30415430267062316,140,335,0.417910447761194
current_339,terrain_landcover,206,674,0.3056379821958457,140,335,0.417910447761194
current_339,terrain_landcover,207,674,0.30712166172106825,141,335,0.4208955223880597
current_339,terrain_landcover,208,674,0.3086053412462908,142,335,0.42388059701492536
current_339,terrain_landcover,209,674,0.31008902077151335,142,335,0.42388059701492536
current_339,terrain_landcover,210,674,0.3115727002967359,143,335,0.42686567164179107
current_339,terrain_landcover,211,674,0.31305637982195844,144,335,0.4298507462686567
current_339,terrain_landcover,212,674,0.314540059347181,145,335,0.43283582089552236
current_339,terrain_landcover,213,674,0.31602373887240354,146,335,0.43582089552238806
current_339,terrain_landcover,214,674,0.31750741839762614,147,335,0.4388059701492537
current_339,terrain_landcover,215,674,0.3189910979228487,147,335,0.4388059701492537
current_339,terrain_landcover,216,674,0.32047477744807124,148,335,0.4417910447761194
current_339,terrain_landcover,217,674,0.3219584569732938,148,335,0.4417910447761194
current_339,terrain_landcover,218,674,0.32344213649851633,148,335,0.4417910447761194
current_339,terrain_landcover,219,674,0.3249258160237389,149,335,0.44477611940298506
current_339,terrain_landcover,220,674,0.3264094955489614,149,335,0.44477611940298506
current_339,terrain_landcover,221,674,0.327893175074184,150,335,0.44776119402985076
current_339,terrain_landcover,222,674,0.3293768545994065,151,335,0.4507462686567164
current_339,terrain_landcover,223,674,0.33086053412462907,152,335,0.4537313432835821
current_339,terrain_landcover,224,674,0.3323442136498516,153,335,0.45671641791044776
current_339,terrain_landcover,225,674,0.33382789317507416,154,335,0.4597014925373134
current_339,terrain_landcover,226,674,0.3353115727002967,154,335,0.4597014925373134
current_339,terrain_landcover,227,674,0.3367952522255193,155,335,0.4626865671641791
current_339,terrain_landcover,228,674,0.33827893175074186,156,335,0.46567164179104475
current_339,terrain_landcover,229,674,0.3397626112759644,156,335,0.46567164179104475
current_339,terrain_landcover,230,674,0.34124629080118696,157,335,0.46865671641791046
current_339,terrain_landcover,231,674,0.3427299703264095,157,335,0.46865671641791046
current_339,terrain_landcover,232,674,0.34421364985163205,157,335,0.46865671641791046
current_339,terrain_landcover,233,674,0.3456973293768546,158,335,0.4716417910447761
current_339,terrain_landcover,234,674,0.34718100890207715,158,335,0.4716417910447761
current_339,terrain_landcover,235,674,0.3486646884272997,159,335,0.4746268656716418
current_339,terrain_landcover,236,674,0.35014836795252224,159,335,0.4746268656716418
current_339,terrain_landcover,237,674,0.3516320474777448,160,335,0.47761194029850745
current_339,terrain_landcover,238,674,0.35311572700296734,160,335,0.47761194029850745
current_339,terrain_landcover,239,674,0.3545994065281899,161,335,0.48059701492537316
current_339,terrain_landcover,240,674,0.3560830860534125,161,335,0.48059701492537316
current_339,terrain_landcover,241,674,0.35756676557863504,162,335,0.4835820895522388
current_339,terrain_landcover,242,674,0.3590504451038576,162,335,0.4835820895522388
current_339,terrain_landcover,243,674,0.36053412462908013,163,335,0.48656716417910445
current_339,terrain_landcover,244,674,0.3620178041543027,164,335,0.48955223880597015
current_339,terrain_landcover,245,674,0.36350148367952523,165,335,0.4925373134328358
current_339,terrain_landcover,246,674,0.3649851632047478,165,335,0.4925373134328358
current_339,terrain_landcover,247,674,0.3664688427299703,166,335,0.4955223880597015
current_339,terrain_landcover,248,674,0.36795252225519287,167,335,0.49850746268656715
current_339,terrain_landcover,249,674,0.3694362017804154,168,335,0.5014925373134328
current_339,terrain_landcover,250,674,0.37091988130563797,169,335,0.5044776119402985
current_339,terrain_landcover,251,674,0.3724035608308605,170,335,0.5074626865671642
current_339,terrain_landcover,252,674,0.37388724035608306,170,335,0.5074626865671642
current_339,terrain_landcover,253,674,0.37537091988130566,171,335,0.5104477611940299
current_339,terrain_landcover,254,674,0.3768545994065282,172,335,0.5134328358208955
current_339,terrain_landcover,255,674,0.37833827893175076,172,335,0.5134328358208955
current_339,terrain_landcover,256,674,0.3798219584569733,172,335,0.5134328358208955
current_339,terrain_landcover,257,674,0.38130563798219586,172,335,0.5134328358208955
current_339,terrain_landcover,258,674,0.3827893175074184,173,335,0.5164179104477612
current_339,terrain_landcover,259,674,0.38427299703264095,173,335,0.5164179104477612
current_339,terrain_landcover,260,674,0.3857566765578635,173,335,0.5164179104477612
current_339,terrain_landcover,261,674,0.38724035608308605,174,335,0.5194029850746269
current_339,terrain_landcover,262,674,0.3887240356083086,174,335,0.5194029850746269
current_339,terrain_landcover,263,674,0.39020771513353114,175,335,0.5223880597014925
current_339,terrain_landcover,264,674,0.3916913946587537,176,335,0.5253731343283582
current_339,terrain_landcover,265,674,0.39317507418397624,177,335,0.5283582089552239
current_339,terrain_landcover,266,674,0.39465875370919884,178,335,0.5313432835820896
current_339,terrain_landcover,267,674,0.3961424332344214,179,335,0.5343283582089552
current_339,terrain_landcover,268,674,0.39762611275964393,180,335,0.5373134328358209
current_339,terrain_landcover,269,674,0.3991097922848665,181,335,0.5402985074626866
current_339,terrain_landcover,270,674,0.40059347181008903,182,335,0.5432835820895522
current_339,terrain_landcover,271,674,0.4020771513353116,182,335,0.5432835820895522
current_339,terrain_landcover,272,674,0.4035608308605341,183,335,0.5462686567164179
current_339,terrain_landcover,273,674,0.4050445103857567,183,335,0.5462686567164179
current_339,terrain_landcover,274,674,0.4065281899109792,183,335,0.5462686567164179
current_339,terrain_landcover,275,674,0.40801186943620177,184,335,0.5492537313432836
current_339,terrain_landcover,276,674,0.4094955489614243,184,335,0.5492537313432836
current_339,terrain_landcover,277,674,0.41097922848664686,185,335,0.5522388059701493
current_339,terrain_landcover,278,674,0.4124629080118694,186,335,0.5552238805970149
current_339,terrain_landcover,279,674,0.413946587537092,186,335,0.5552238805970149
current_339,terrain_landcover,280,674,0.41543026706231456,186,335,0.5552238805970149
current_339,terrain_landcover,281,674,0.4169139465875371,187,335,0.5582089552238806
current_339,terrain_landcover,282,674,0.41839762611275966,188,335,0.5611940298507463
current_339,terrain_landcover,283,674,0.4198813056379822,189,335,0.564179104477612
current_339,terrain_landcover,284,674,0.42136498516320475,190,335,0.5671641791044776
current_339,terrain_landcover,285,674,0.4228486646884273,191,335,0.5701492537313433
current_339,terrain_landcover,286,674,0.42433234421364985,192,335,0.573134328358209
current_339,terrain_landcover,287,674,0.4258160237388724,193,335,0.5761194029850746
current_339,terrain_landcover,288,674,0.42729970326409494,194,335,0.5791044776119403
current_339,terrain_landcover,289,674,0.4287833827893175,195,335,0.582089552238806
current_339,terrain_landcover,290,674,0.43026706231454004,195,335,0.582089552238806
current_339,terrain_landcover,291,674,0.4317507418397626,195,335,0.582089552238806
current_339,terrain_landcover,292,674,0.4332344213649852,196,335,0.5850746268656717
current_339,terrain_landcover,293,674,0.43471810089020774,196,335,0.5850746268656717
current_339,terrain_landcover,294,674,0.4362017804154303,197,335,0.5880597014925373
current_339,terrain_landcover,295,674,0.43768545994065283,198,335,0.591044776119403
current_339,terrain_landcover,296,674,0.4391691394658754,199,335,0.5940298507462687
current_339,terrain_landcover,297,674,0.4406528189910979,199,335,0.5940298507462687
current_339,terrain_landcover,298,674,0.4421364985163205,199,335,0.5940298507462687
current_339,terrain_landcover,299,674,0.443620178041543,199,335,0.5940298507462687
current_339,terrain_landcover,300,674,0.44510385756676557,200,335,0.5970149253731343
current_339,terrain_landcover,301,674,0.4465875370919881,201,335,0.6
current_339,terrain_landcover,302,674,0.44807121661721067,202,335,0.6029850746268657
current_339,terrain_landcover,303,674,0.4495548961424332,203,335,0.6059701492537314
current_339,terrain_landcover,304,674,0.45103857566765576,204,335,0.608955223880597
current_339,terrain_landcover,305,674,0.45252225519287836,205,335,0.6119402985074627
current_339,terrain_landcover,306,674,0.4540059347181009,206,335,0.6149253731343284
current_339,terrain_landcover,307,674,0.45548961424332346,206,335,0.6149253731343284
current_339,terrain_landcover,308,674,0.456973293768546,207,335,0.6179104477611941
current_339,terrain_landcover,309,674,0.45845697329376855,208,335,0.6208955223880597
current_339,terrain_landcover,310,674,0.4599406528189911,208,335,0.6208955223880597
current_339,terrain_landcover,311,674,0.46142433234421365,209,335,0.6238805970149254
current_339,terrain_landcover,312,674,0.4629080118694362,210,335,0.6268656716417911
current_339,terrain_landcover,313,674,0.46439169139465875,211,335,0.6298507462686567
current_339,terrain_landcover,314,674,0.4658753709198813,212,335,0.6328358208955224
current_339,terrain_landcover,315,674,0.46735905044510384,213,335,0.6358208955223881
current_339,terrain_landcover,316,674,0.4688427299703264,214,335,0.6388059701492538
current_339,terrain_landcover,317,674,0.47032640949554894,215,335,0.6417910447761194
current_339,terrain_landcover,318,674,0.47181008902077154,215,335,0.6417910447761194
current_339,terrain_landcover,319,674,0.4732937685459941,216,335,0.6447761194029851
current_339,terrain_landcover,320,674,0.47477744807121663,216,335,0.6447761194029851
current_339,terrain_landcover,321,674,0.4762611275964392,216,335,0.6447761194029851
current_339,terrain_landcover,322,674,0.47774480712166173,217,335,0.6477611940298508
current_339,terrain_landcover,323,674,0.4792284866468843,217,335,0.6477611940298508
current_339,terrain_landcover,324,674,0.4807121661721068,217,335,0.6477611940298508
current_339,terrain_landcover,325,674,0.4821958456973294,218,335,0.6507462686567164
current_339,terrain_landcover,326,674,0.4836795252225519,218,335,0.6507462686567164
current_339,terrain_landcover,327,674,0.48516320474777447,218,335,0.6507462686567164
current_339,terrain_landcover,328,674,0.486646884272997,219,335,0.6537313432835821
current_339,terrain_landcover,329,674,0.48813056379821956,219,335,0.6537313432835821
current_339,terrain_landcover,330,674,0.4896142433234421,219,335,0.6537313432835821
current_339,terrain_landcover,331,674,0.4910979228486647,219,335,0.6537313432835821
current_339,terrain_landcover,332,674,0.49258160237388726,220,335,0.6567164179104478
current_339,terrain_landcover,333,674,0.4940652818991098,221,335,0.6597014925373135
current_339,terrain_landcover,334,674,0.49554896142433236,222,335,0.6626865671641791
current_339,terrain_landcover,335,674,0.4970326409495549,222,335,0.6626865671641791
current_339,terrain_landcover,336,674,0.49851632047477745,223,335,0.6656716417910448
current_339,terrain_landcover,337,674,0.5,224,335,0.6686567164179105
current_339,terrain_landcover,338,674,0.5014836795252225,224,335,0.6686567164179105
current_339,terrain_landcover,339,674,0.5029673590504451,225,335,0.6716417910447762
current_339,terrain_landcover,340,674,0.5044510385756676,225,335,0.6716417910447762
current_339,terrain_landcover,341,674,0.5059347181008902,225,335,0.6716417910447762
current_339,terrain_landcover,342,674,0.5074183976261127,226,335,0.6746268656716418
current_339,terrain_landcover,343,674,0.5089020771513353,227,335,0.6776119402985075
current_339,terrain_landcover,344,674,0.5103857566765578,228,335,0.6805970149253732
current_339,terrain_landcover,345,674,0.5118694362017804,229,335,0.6835820895522388
current_339,terrain_landcover,346,674,0.5133531157270029,230,335,0.6865671641791045
current_339,terrain_landcover,347,674,0.5148367952522255,230,335,0.6865671641791045
current_339,terrain_landcover,348,674,0.516320474777448,230,335,0.6865671641791045
current_339,terrain_landcover,349,674,0.5178041543026706,230,335,0.6865671641791045
current_339,terrain_landcover,350,674,0.5192878338278932,230,335,0.6865671641791045
current_339,terrain_landcover,351,674,0.5207715133531158,230,335,0.6865671641791045
current_339,terrain_landcover,352,674,0.5222551928783383,230,335,0.6865671641791045
current_339,terrain_landcover,353,674,0.5237388724035609,231,335,0.6895522388059702
current_339,terrain_landcover,354,674,0.5252225519287834,232,335,0.6925373134328359
current_339,terrain_landcover,355,674,0.526706231454006,233,335,0.6955223880597015
current_339,terrain_landcover,356,674,0.5281899109792285,233,335,0.6955223880597015
current_339,terrain_landcover,357,674,0.5296735905044511,234,335,0.6985074626865672
current_339,terrain_landcover,358,674,0.5311572700296736,235,335,0.7014925373134329
current_339,terrain_landcover,359,674,0.5326409495548962,235,335,0.7014925373134329
current_339,terrain_landcover,360,674,0.5341246290801187,236,335,0.7044776119402985
current_339,terrain_landcover,361,674,0.5356083086053413,237,335,0.7074626865671642
current_339,terrain_landcover,362,674,0.5370919881305638,237,335,0.7074626865671642
current_339,terrain_landcover,363,674,0.5385756676557863,238,335,0.7104477611940299
current_339,terrain_landcover,364,674,0.5400593471810089,239,335,0.7134328358208956
current_339,terrain_landcover,365,674,0.5415430267062314,240,335,0.7164179104477612
current_339,terrain_landcover,366,674,0.543026706231454,241,335,0.7194029850746269
current_339,terrain_landcover,367,674,0.5445103857566765,241,335,0.7194029850746269
current_339,terrain_landcover,368,674,0.5459940652818991,241,335,0.7194029850746269
current_339,terrain_landcover,369,674,0.5474777448071216,242,335,0.7223880597014926
current_339,terrain_landcover,370,674,0.5489614243323442,243,335,0.7253731343283583
current_339,terrain_landcover,371,674,0.5504451038575667,243,335,0.7253731343283583
current_339,terrain_landcover,372,674,0.5519287833827893,243,335,0.7253731343283583
current_339,terrain_landcover,373,674,0.5534124629080118,243,335,0.7253731343283583
current_339,terrain_landcover,374,674,0.5548961424332344,243,335,0.7253731343283583
current_339,terrain_landcover,375,674,0.5563798219584569,244,335,0.7283582089552239
current_339,terrain_landcover,376,674,0.5578635014836796,244,335,0.7283582089552239
current_339,terrain_landcover,377,674,0.5593471810089021,245,335,0.7313432835820896
current_339,terrain_landcover,378,674,0.5608308605341247,245,335,0.7313432835820896
current_339,terrain_landcover,379,674,0.5623145400593472,246,335,0.7343283582089553
current_339,terrain_landcover,380,674,0.5637982195845698,246,335,0.7343283582089553
current_339,terrain_landcover,381,674,0.5652818991097923,246,335,0.7343283582089553
current_339,terrain_landcover,382,674,0.5667655786350149,246,335,0.7343283582089553
current_339,terrain_landcover,383,674,0.5682492581602374,247,335,0.7373134328358208
current_339,terrain_landcover,384,674,0.56973293768546,248,335,0.7402985074626866
current_339,terrain_landcover,385,674,0.5712166172106825,249,335,0.7432835820895523
current_339,terrain_landcover,386,674,0.5727002967359051,249,335,0.7432835820895523
current_339,terrain_landcover,387,674,0.5741839762611276,250,335,0.746268656716418
current_339,terrain_landcover,388,674,0.5756676557863502,250,335,0.746268656716418
current_339,terrain_landcover,389,674,0.5771513353115727,250,335,0.746268656716418
current_339,terrain_landcover,390,674,0.5786350148367952,251,335,0.7492537313432835
current_339,terrain_landcover,391,674,0.5801186943620178,252,335,0.7522388059701492
current_339,terrain_landcover,392,674,0.5816023738872403,252,335,0.7522388059701492
current_339,terrain_landcover,393,674,0.5830860534124629,252,335,0.7522388059701492
current_339,terrain_landcover,394,674,0.5845697329376854,253,335,0.755223880597015
current_339,terrain_landcover,395,674,0.586053412462908,254,335,0.7582089552238805
current_339,terrain_landcover,396,674,0.5875370919881305,254,335,0.7582089552238805
current_339,terrain_landcover,397,674,0.5890207715133531,254,335,0.7582089552238805
current_339,terrain_landcover,398,674,0.5905044510385756,254,335,0.7582089552238805
current_339,terrain_landcover,399,674,0.5919881305637982,254,335,0.7582089552238805
current_339,terrain_landcover,400,674,0.5934718100890207,255,335,0.7611940298507462
current_339,terrain_landcover,401,674,0.5949554896142433,255,335,0.7611940298507462
current_339,terrain_landcover,402,674,0.5964391691394659,256,335,0.764179104477612
current_339,terrain_landcover,403,674,0.5979228486646885,257,335,0.7671641791044777
current_339,terrain_landcover,404,674,0.599406528189911,258,335,0.7701492537313432
current_339,terrain_landcover,405,674,0.6008902077151336,258,335,0.7701492537313432
current_339,terrain_landcover,406,674,0.6023738872403561,258,335,0.7701492537313432
current_339,terrain_landcover,407,674,0.6038575667655787,258,335,0.7701492537313432
current_339,terrain_landcover,408,674,0.6053412462908012,258,335,0.7701492537313432
current_339,terrain_landcover,409,674,0.6068249258160238,258,335,0.7701492537313432
current_339,terrain_landcover,410,674,0.6083086053412463,258,335,0.7701492537313432
current_339,terrain_landcover,411,674,0.6097922848664689,258,335,0.7701492537313432
current_339,terrain_landcover,412,674,0.6112759643916914,258,335,0.7701492537313432
current_339,terrain_landcover,413,674,0.612759643916914,259,335,0.7731343283582089
current_339,terrain_landcover,414,674,0.6142433234421365,259,335,0.7731343283582089
current_339,terrain_landcover,415,674,0.615727002967359,260,335,0.7761194029850746
current_339,terrain_landcover,416,674,0.6172106824925816,261,335,0.7791044776119403
current_339,terrain_landcover,417,674,0.6186943620178041,262,335,0.7820895522388059
current_339,terrain_landcover,418,674,0.6201780415430267,262,335,0.7820895522388059
current_339,terrain_landcover,419,674,0.6216617210682492,262,335,0.7820895522388059
current_339,terrain_landcover,420,674,0.6231454005934718,263,335,0.7850746268656716
current_339,terrain_landcover,421,674,0.6246290801186943,263,335,0.7850746268656716
current_339,terrain_landcover,422,674,0.6261127596439169,263,335,0.7850746268656716
current_339,terrain_landcover,423,674,0.6275964391691394,263,335,0.7850746268656716
current_339,terrain_landcover,424,674,0.629080118694362,264,335,0.7880597014925373
current_339,terrain_landcover,425,674,0.6305637982195845,265,335,0.7910447761194029
current_339,terrain_landcover,426,674,0.6320474777448071,266,335,0.7940298507462686
current_339,terrain_landcover,427,674,0.6335311572700296,266,335,0.7940298507462686
current_339,terrain_landcover,428,674,0.6350148367952523,267,335,0.7970149253731343
current_339,terrain_landcover,429,674,0.6364985163204748,268,335,0.8
current_339,terrain_landcover,430,674,0.6379821958456974,268,335,0.8
current_339,terrain_landcover,431,674,0.6394658753709199,268,335,0.8
current_339,terrain_landcover,432,674,0.6409495548961425,268,335,0.8
current_339,terrain_landcover,433,674,0.642433234421365,268,335,0.8
current_339,terrain_landcover,434,674,0.6439169139465876,268,335,0.8
current_339,terrain_landcover,435,674,0.6454005934718101,269,335,0.8029850746268656
current_339,terrain_landcover,436,674,0.6468842729970327,270,335,0.8059701492537313
current_339,terrain_landcover,437,674,0.6483679525222552,270,335,0.8059701492537313
current_339,terrain_landcover,438,674,0.6498516320474778,270,335,0.8059701492537313
current_339,terrain_landcover,439,674,0.6513353115727003,270,335,0.8059701492537313
current_339,terrain_landcover,440,674,0.6528189910979229,271,335,0.808955223880597
current_339,terrain_landcover,441,674,0.6543026706231454,272,335,0.8119402985074626
current_339,terrain_landcover,442,674,0.655786350148368,273,335,0.8149253731343283
current_339,terrain_landcover,443,674,0.6572700296735905,273,335,0.8149253731343283
current_339,terrain_landcover,444,674,0.658753709198813,274,335,0.817910447761194
current_339,terrain_landcover,445,674,0.6602373887240356,275,335,0.8208955223880597
current_339,terrain_landcover,446,674,0.6617210682492581,275,335,0.8208955223880597
current_339,terrain_landcover,447,674,0.6632047477744807,275,335,0.8208955223880597
current_339,terrain_landcover,448,674,0.6646884272997032,276,335,0.8238805970149253
current_339,terrain_landcover,449,674,0.6661721068249258,276,335,0.8238805970149253
current_339,terrain_landcover,450,674,0.6676557863501483,276,335,0.8238805970149253
current_339,terrain_landcover,451,674,0.6691394658753709,277,335,0.826865671641791
current_339,terrain_landcover,452,674,0.6706231454005934,277,335,0.826865671641791
current_339,terrain_landcover,453,674,0.672106824925816,277,335,0.826865671641791
current_339,terrain_landcover,454,674,0.6735905044510386,278,335,0.8298507462686567
current_339,terrain_landcover,455,674,0.6750741839762612,278,335,0.8298507462686567
current_339,terrain_landcover,456,674,0.6765578635014837,279,335,0.8328358208955224
current_339,terrain_landcover,457,674,0.6780415430267063,280,335,0.835820895522388
current_339,terrain_landcover,458,674,0.6795252225519288,281,335,0.8388059701492537
current_339,terrain_landcover,459,674,0.6810089020771514,282,335,0.8417910447761194
current_339,terrain_landcover,460,674,0.6824925816023739,283,335,0.844776119402985
current_339,terrain_landcover,461,674,0.6839762611275965,284,335,0.8477611940298507
current_339,terrain_landcover,462,674,0.685459940652819,285,335,0.8507462686567164
current_339,terrain_landcover,463,674,0.6869436201780416,285,335,0.8507462686567164
current_339,terrain_landcover,464,674,0.6884272997032641,286,335,0.8537313432835821
current_339,terrain_landcover,465,674,0.6899109792284867,287,335,0.8567164179104477
current_339,terrain_landcover,466,674,0.6913946587537092,287,335,0.8567164179104477
current_339,terrain_landcover,467,674,0.6928783382789317,288,335,0.8597014925373134
current_339,terrain_landcover,468,674,0.6943620178041543,288,335,0.8597014925373134
current_339,terrain_landcover,469,674,0.6958456973293768,288,335,0.8597014925373134
current_339,terrain_landcover,470,674,0.6973293768545994,289,335,0.8626865671641791
current_339,terrain_landcover,471,674,0.6988130563798219,289,335,0.8626865671641791
current_339,terrain_landcover,472,674,0.7002967359050445,290,335,0.8656716417910447
current_339,terrain_landcover,473,674,0.701780415430267,290,335,0.8656716417910447
current_339,terrain_landcover,474,674,0.7032640949554896,290,335,0.8656716417910447
current_339,terrain_landcover,475,674,0.7047477744807121,290,335,0.8656716417910447
current_339,terrain_landcover,476,674,0.7062314540059347,290,335,0.8656716417910447
current_339,terrain_landcover,477,674,0.7077151335311572,290,335,0.8656716417910447
current_339,terrain_landcover,478,674,0.7091988130563798,290,335,0.8656716417910447
current_339,terrain_landcover,479,674,0.7106824925816023,291,335,0.8686567164179104
current_339,terrain_landcover,480,674,0.712166172106825,291,335,0.8686567164179104
current_339,terrain_landcover,481,674,0.7136498516320475,291,335,0.8686567164179104
current_339,terrain_landcover,482,674,0.7151335311572701,291,335,0.8686567164179104
current_339,terrain_landcover,483,674,0.7166172106824926,292,335,0.8716417910447761
current_339,terrain_landcover,484,674,0.7181008902077152,292,335,0.8716417910447761
current_339,terrain_landcover,485,674,0.7195845697329377,293,335,0.8746268656716418
current_339,terrain_landcover,486,674,0.7210682492581603,294,335,0.8776119402985074
current_339,terrain_landcover,487,674,0.7225519287833828,294,335,0.8776119402985074
current_339,terrain_landcover,488,674,0.7240356083086054,294,335,0.8776119402985074
current_339,terrain_landcover,489,674,0.7255192878338279,294,335,0.8776119402985074
current_339,terrain_landcover,490,674,0.7270029673590505,294,335,0.8776119402985074
current_339,terrain_landcover,491,674,0.728486646884273,294,335,0.8776119402985074
current_339,terrain_landcover,492,674,0.7299703264094956,294,335,0.8776119402985074
current_339,terrain_landcover,493,674,0.7314540059347181,294,335,0.8776119402985074
current_339,terrain_landcover,494,674,0.7329376854599406,294,335,0.8776119402985074
current_339,terrain_landcover,495,674,0.7344213649851632,294,335,0.8776119402985074
current_339,terrain_landcover,496,674,0.7359050445103857,294,335,0.8776119402985074
current_339,terrain_landcover,497,674,0.7373887240356083,294,335,0.8776119402985074
current_339,terrain_landcover,498,674,0.7388724035608308,295,335,0.8805970149253731
current_339,terrain_landcover,499,674,0.7403560830860534,296,335,0.8835820895522388
current_339,terrain_landcover,500,674,0.7418397626112759,296,335,0.8835820895522388
current_339,terrain_landcover,501,674,0.7433234421364985,296,335,0.8835820895522388
current_339,terrain_landcover,502,674,0.744807121661721,296,335,0.8835820895522388
current_339,terrain_landcover,503,674,0.7462908011869436,296,335,0.8835820895522388
current_339,terrain_landcover,504,674,0.7477744807121661,296,335,0.8835820895522388
current_339,terrain_landcover,505,674,0.7492581602373887,296,335,0.8835820895522388
current_339,terrain_landcover,506,674,0.7507418397626113,296,335,0.8835820895522388
current_339,terrain_landcover,507,674,0.7522255192878339,296,335,0.8835820895522388
current_339,terrain_landcover,508,674,0.7537091988130564,296,335,0.8835820895522388
current_339,terrain_landcover,509,674,0.755192878338279,296,335,0.8835820895522388
current_339,terrain_landcover,510,674,0.7566765578635015,296,335,0.8835820895522388
current_339,terrain_landcover,511,674,0.7581602373887241,296,335,0.8835820895522388
current_339,terrain_landcover,512,674,0.7596439169139466,296,335,0.8835820895522388
current_339,terrain_landcover,513,674,0.7611275964391692,297,335,0.8865671641791045
current_339,terrain_landcover,514,674,0.7626112759643917,298,335,0.8895522388059701
current_339,terrain_landcover,515,674,0.7640949554896143,298,335,0.8895522388059701
current_339,terrain_landcover,516,674,0.7655786350148368,298,335,0.8895522388059701
current_339,terrain_landcover,517,674,0.7670623145400594,298,335,0.8895522388059701
current_339,terrain_landcover,518,674,0.7685459940652819,299,335,0.8925373134328358
current_339,terrain_landcover,519,674,0.7700296735905044,300,335,0.8955223880597015
current_339,terrain_landcover,520,674,0.771513353115727,300,335,0.8955223880597015
current_339,terrain_landcover,521,674,0.7729970326409495,300,335,0.8955223880597015
current_339,terrain_landcover,522,674,0.7744807121661721,301,335,0.8985074626865671
current_339,terrain_landcover,523,674,0.7759643916913946,302,335,0.9014925373134328
current_339,terrain_landcover,524,674,0.7774480712166172,303,335,0.9044776119402985
current_339,terrain_landcover,525,674,0.7789317507418397,304,335,0.9074626865671642
current_339,terrain_landcover,526,674,0.7804154302670623,304,335,0.9074626865671642
current_339,terrain_landcover,527,674,0.7818991097922848,304,335,0.9074626865671642
current_339,terrain_landcover,528,674,0.7833827893175074,304,335,0.9074626865671642
current_339,terrain_landcover,529,674,0.7848664688427299,304,335,0.9074626865671642
current_339,terrain_landcover,530,674,0.7863501483679525,304,335,0.9074626865671642
current_339,terrain_landcover,531,674,0.787833827893175,304,335,0.9074626865671642
current_339,terrain_landcover,532,674,0.7893175074183977,305,335,0.9104477611940298
current_339,terrain_landcover,533,674,0.7908011869436202,306,335,0.9134328358208955
current_339,terrain_landcover,534,674,0.7922848664688428,306,335,0.9134328358208955
current_339,terrain_landcover,535,674,0.7937685459940653,306,335,0.9134328358208955
current_339,terrain_landcover,536,674,0.7952522255192879,307,335,0.9164179104477612
current_339,terrain_landcover,537,674,0.7967359050445104,307,335,0.9164179104477612
current_339,terrain_landcover,538,674,0.798219584569733,307,335,0.9164179104477612
current_339,terrain_landcover,539,674,0.7997032640949555,307,335,0.9164179104477612
current_339,terrain_landcover,540,674,0.8011869436201781,308,335,0.9194029850746268
current_339,terrain_landcover,541,674,0.8026706231454006,308,335,0.9194029850746268
current_339,terrain_landcover,542,674,0.8041543026706232,308,335,0.9194029850746268
current_339,terrain_landcover,543,674,0.8056379821958457,308,335,0.9194029850746268
current_339,terrain_landcover,544,674,0.8071216617210683,308,335,0.9194029850746268
current_339,terrain_landcover,545,674,0.8086053412462908,309,335,0.9223880597014925
current_339,terrain_landcover,546,674,0.8100890207715133,309,335,0.9223880597014925
current_339,terrain_landcover,547,674,0.8115727002967359,309,335,0.9223880597014925
current_339,terrain_landcover,548,674,0.8130563798219584,310,335,0.9253731343283582
current_339,terrain_landcover,549,674,0.814540059347181,310,335,0.9253731343283582
current_339,terrain_landcover,550,674,0.8160237388724035,310,335,0.9253731343283582
current_339,terrain_landcover,551,674,0.8175074183976261,310,335,0.9253731343283582
current_339,terrain_landcover,552,674,0.8189910979228486,310,335,0.9253731343283582
current_339,terrain_landcover,553,674,0.8204747774480712,311,335,0.9283582089552239
current_339,terrain_landcover,554,674,0.8219584569732937,311,335,0.9283582089552239
current_339,terrain_landcover,555,674,0.8234421364985163,311,335,0.9283582089552239
current_339,terrain_landcover,556,674,0.8249258160237388,311,335,0.9283582089552239
current_339,terrain_landcover,557,674,0.8264094955489614,312,335,0.9313432835820895
current_339,terrain_landcover,558,674,0.827893175074184,312,335,0.9313432835820895
current_339,terrain_landcover,559,674,0.8293768545994066,312,335,0.9313432835820895
current_339,terrain_landcover,560,674,0.8308605341246291,312,335,0.9313432835820895
current_339,terrain_landcover,561,674,0.8323442136498517,312,335,0.9313432835820895
current_339,terrain_landcover,562,674,0.8338278931750742,313,335,0.9343283582089552
current_339,terrain_landcover,563,674,0.8353115727002968,313,335,0.9343283582089552
current_339,terrain_landcover,564,674,0.8367952522255193,313,335,0.9343283582089552
current_339,terrain_landcover,565,674,0.8382789317507419,314,335,0.9373134328358209
current_339,terrain_landcover,566,674,0.8397626112759644,314,335,0.9373134328358209
current_339,terrain_landcover,567,674,0.841246290801187,314,335,0.9373134328358209
current_339,terrain_landcover,568,674,0.8427299703264095,314,335,0.9373134328358209
current_339,terrain_landcover,569,674,0.844213649851632,314,335,0.9373134328358209
current_339,terrain_landcover,570,674,0.8456973293768546,314,335,0.9373134328358209
current_339,terrain_landcover,571,674,0.8471810089020771,315,335,0.9402985074626866
current_339,terrain_landcover,572,674,0.8486646884272997,315,335,0.9402985074626866
current_339,terrain_landcover,573,674,0.8501483679525222,315,335,0.9402985074626866
current_339,terrain_landcover,574,674,0.8516320474777448,316,335,0.9432835820895522
current_339,terrain_landcover,575,674,0.8531157270029673,316,335,0.9432835820895522
current_339,terrain_landcover,576,674,0.8545994065281899,316,335,0.9432835820895522
current_339,terrain_landcover,577,674,0.8560830860534124,316,335,0.9432835820895522
current_339,terrain_landcover,578,674,0.857566765578635,316,335,0.9432835820895522
current_339,terrain_landcover,579,674,0.8590504451038575,317,335,0.9462686567164179
current_339,terrain_landcover,580,674,0.8605341246290801,318,335,0.9492537313432836
current_339,terrain_landcover,581,674,0.8620178041543026,318,335,0.9492537313432836
current_339,terrain_landcover,582,674,0.8635014836795252,318,335,0.9492537313432836
current_339,terrain_landcover,583,674,0.8649851632047477,319,335,0.9522388059701492
current_339,terrain_landcover,584,674,0.8664688427299704,319,335,0.9522388059701492
current_339,terrain_landcover,585,674,0.8679525222551929,319,335,0.9522388059701492
current_339,terrain_landcover,586,674,0.8694362017804155,319,335,0.9522388059701492
current_339,terrain_landcover,587,674,0.870919881305638,320,335,0.9552238805970149
current_339,terrain_landcover,588,674,0.8724035608308606,320,335,0.9552238805970149
current_339,terrain_landcover,589,674,0.8738872403560831,320,335,0.9552238805970149
current_339,terrain_landcover,590,674,0.8753709198813057,320,335,0.9552238805970149
current_339,terrain_landcover,591,674,0.8768545994065282,320,335,0.9552238805970149
current_339,terrain_landcover,592,674,0.8783382789317508,321,335,0.9582089552238806
current_339,terrain_landcover,593,674,0.8798219584569733,321,335,0.9582089552238806
current_339,terrain_landcover,594,674,0.8813056379821959,321,335,0.9582089552238806
current_339,terrain_landcover,595,674,0.8827893175074184,321,335,0.9582089552238806
current_339,terrain_landcover,596,674,0.884272997032641,321,335,0.9582089552238806
current_339,terrain_landcover,597,674,0.8857566765578635,321,335,0.9582089552238806
current_339,terrain_landcover,598,674,0.887240356083086,321,335,0.9582089552238806
current_339,terrain_landcover,599,674,0.8887240356083086,321,335,0.9582089552238806
current_339,terrain_landcover,600,674,0.8902077151335311,322,335,0.9611940298507463
current_339,terrain_landcover,601,674,0.8916913946587537,322,335,0.9611940298507463
current_339,terrain_landcover,602,674,0.8931750741839762,323,335,0.9641791044776119
current_339,terrain_landcover,603,674,0.8946587537091988,323,335,0.9641791044776119
current_339,terrain_landcover,604,674,0.8961424332344213,324,335,0.9671641791044776
current_339,terrain_landcover,605,674,0.8976261127596439,325,335,0.9701492537313433
current_339,terrain_landcover,606,674,0.8991097922848664,325,335,0.9701492537313433
current_339,terrain_landcover,607,674,0.900593471810089,325,335,0.9701492537313433
current_339,terrain_landcover,608,674,0.9020771513353115,325,335,0.9701492537313433
current_339,terrain_landcover,609,674,0.9035608308605341,325,335,0.9701492537313433
current_339,terrain_landcover,610,674,0.9050445103857567,325,335,0.9701492537313433
current_339,terrain_landcover,611,674,0.9065281899109793,325,335,0.9701492537313433
current_339,terrain_landcover,612,674,0.9080118694362018,325,335,0.9701492537313433
current_339,terrain_landcover,613,674,0.9094955489614244,326,335,0.9731343283582089
current_339,terrain_landcover,614,674,0.9109792284866469,326,335,0.9731343283582089
current_339,terrain_landcover,615,674,0.9124629080118695,327,335,0.9761194029850746
current_339,terrain_landcover,616,674,0.913946587537092,328,335,0.9791044776119403
current_339,terrain_landcover,617,674,0.9154302670623146,328,335,0.9791044776119403
current_339,terrain_landcover,618,674,0.9169139465875371,328,335,0.9791044776119403
current_339,terrain_landcover,619,674,0.9183976261127597,328,335,0.9791044776119403
current_339,terrain_landcover,620,674,0.9198813056379822,328,335,0.9791044776119403
current_339,terrain_landcover,621,674,0.9213649851632048,328,335,0.9791044776119403
current_339,terrain_landcover,622,674,0.9228486646884273,328,335,0.9791044776119403
current_339,terrain_landcover,623,674,0.9243323442136498,329,335,0.982089552238806
current_339,terrain_landcover,624,674,0.9258160237388724,329,335,0.982089552238806
current_339,terrain_landcover,625,674,0.9272997032640949,329,335,0.982089552238806
current_339,terrain_landcover,626,674,0.9287833827893175,329,335,0.982089552238806
current_339,terrain_landcover,627,674,0.93026706231454,330,335,0.9850746268656716
current_339,terrain_landcover,628,674,0.9317507418397626,330,335,0.9850746268656716
current_339,terrain_landcover,629,674,0.9332344213649851,330,335,0.9850746268656716
current_339,terrain_landcover,630,674,0.9347181008902077,330,335,0.9850746268656716
current_339,terrain_landcover,631,674,0.9362017804154302,330,335,0.9850746268656716
current_339,terrain_landcover,632,674,0.9376854599406528,330,335,0.9850746268656716
current_339,terrain_landcover,633,674,0.9391691394658753,330,335,0.9850746268656716
current_339,terrain_landcover,634,674,0.9406528189910979,330,335,0.9850746268656716
current_339,terrain_landcover,635,674,0.9421364985163204,331,335,0.9880597014925373
current_339,terrain_landcover,636,674,0.9436201780415431,331,335,0.9880597014925373
current_339,terrain_landcover,637,674,0.9451038575667656,332,335,0.991044776119403
current_339,terrain_landcover,638,674,0.9465875370919882,332,335,0.991044776119403
current_339,terrain_landcover,639,674,0.9480712166172107,332,335,0.991044776119403
current_339,terrain_landcover,640,674,0.9495548961424333,332,335,0.991044776119403
current_339,terrain_landcover,641,674,0.9510385756676558,332,335,0.991044776119403
current_339,terrain_landcover,642,674,0.9525222551928784,332,335,0.991044776119403
current_339,terrain_landcover,643,674,0.9540059347181009,333,335,0.9940298507462687
current_339,terrain_landcover,644,674,0.9554896142433235,333,335,0.9940298507462687
current_339,terrain_landcover,645,674,0.956973293768546,334,335,0.9970149253731343
current_339,terrain_landcover,646,674,0.9584569732937686,334,335,0.9970149253731343
current_339,terrain_landcover,647,674,0.9599406528189911,334,335,0.9970149253731343
current_339,terrain_landcover,648,674,0.9614243323442137,334,335,0.9970149253731343
current_339,terrain_landcover,649,674,0.9629080118694362,334,335,0.9970149253731343
current_339,terrain_landcover,650,674,0.9643916913946587,334,335,0.9970149253731343
current_339,terrain_landcover,651,674,0.9658753709198813,334,335,0.9970149253731343
current_339,terrain_landcover,652,674,0.9673590504451038,334,335,0.9970149253731343
current_339,terrain_landcover,653,674,0.9688427299703264,334,335,0.9970149253731343
current_339,terrain_landcover,654,674,0.9703264094955489,334,335,0.9970149253731343
current_339,terrain_landcover,655,674,0.9718100890207715,334,335,0.9970149253731343
current_339,terrain_landcover,656,674,0.973293768545994,334,335,0.9970149253731343
current_339,terrain_landcover,657,674,0.9747774480712166,334,335,0.9970149253731343
current_339,terrain_landcover,658,674,0.9762611275964391,334,335,0.9970149253731343
current_339,terrain_landcover,659,674,0.9777448071216617,334,335,0.9970149253731343
current_339,terrain_landcover,660,674,0.9792284866468842,334,335,0.9970149253731343
current_339,terrain_landcover,661,674,0.9807121661721068,334,335,0.9970149253731343
current_339,terrain_landcover,662,674,0.9821958456973294,334,335,0.9970149253731343
current_339,terrain_landcover,663,674,0.983679525222552,334,335,0.9970149253731343
current_339,terrain_landcover,664,674,0.9851632047477745,334,335,0.9970149253731343
current_339,terrain_landcover,665,674,0.9866468842729971,334,335,0.9970149253731343
current_339,terrain_landcover,666,674,0.9881305637982196,334,335,0.9970149253731343
current_339,terrain_landcover,667,674,0.9896142433234422,334,335,0.9970149253731343
current_339,terrain_landcover,668,674,0.9910979228486647,334,335,0.9970149253731343
current_339,terrain_landcover,669,674,0.9925816023738873,334,335,0.9970149253731343
current_339,terrain_landcover,670,674,0.9940652818991098,334,335,0.9970149253731343
current_339,terrain_landcover,671,674,0.9955489614243324,334,335,0.9970149253731343
current_339,terrain_landcover,672,674,0.9970326409495549,334,335,0.9970149253731343
current_339,terrain_landcover,673,674,0.9985163204747775,334,335,0.9970149253731343
current_339,terrain_landcover,674,674,1.0,335,335,1.0
current_339,terrain_landcover_ae,0,674,0.0,0,335,0.0
current_339,terrain_landcover_ae,1,674,0.001483679525222552,1,335,0.0029850746268656717
current_339,terrain_landcover_ae,2,674,0.002967359050445104,2,335,0.005970149253731343
current_339,terrain_landcover_ae,3,674,0.004451038575667656,2,335,0.005970149253731343
current_339,terrain_landcover_ae,4,674,0.005934718100890208,2,335,0.005970149253731343
current_339,terrain_landcover_ae,5,674,0.00741839762611276,2,335,0.005970149253731343
current_339,terrain_landcover_ae,6,674,0.008902077151335312,3,335,0.008955223880597015
current_339,terrain_landcover_ae,7,674,0.010385756676557863,3,335,0.008955223880597015
current_339,terrain_landcover_ae,8,674,0.011869436201780416,3,335,0.008955223880597015
current_339,terrain_landcover_ae,9,674,0.013353115727002967,4,335,0.011940298507462687
current_339,terrain_landcover_ae,10,674,0.01483679525222552,5,335,0.014925373134328358
current_339,terrain_landcover_ae,11,674,0.016320474777448073,5,335,0.014925373134328358
current_339,terrain_landcover_ae,12,674,0.017804154302670624,6,335,0.01791044776119403
current_339,terrain_landcover_ae,13,674,0.019287833827893175,7,335,0.020895522388059702
current_339,terrain_landcover_ae,14,674,0.020771513353115726,8,335,0.023880597014925373
current_339,terrain_landcover_ae,15,674,0.02225519287833828,9,335,0.026865671641791045
current_339,terrain_landcover_ae,16,674,0.02373887240356083,10,335,0.029850746268656716
current_339,terrain_landcover_ae,17,674,0.025222551928783383,11,335,0.03283582089552239
current_339,terrain_landcover_ae,18,674,0.026706231454005934,12,335,0.03582089552238806
current_339,terrain_landcover_ae,19,674,0.028189910979228485,13,335,0.03880597014925373
current_339,terrain_landcover_ae,20,674,0.02967359050445104,14,335,0.041791044776119404
current_339,terrain_landcover_ae,21,674,0.03115727002967359,15,335,0.04477611940298507
current_339,terrain_landcover_ae,22,674,0.032640949554896145,16,335,0.04776119402985075
current_339,terrain_landcover_ae,23,674,0.03412462908011869,17,335,0.050746268656716415
current_339,terrain_landcover_ae,24,674,0.03560830860534125,18,335,0.05373134328358209
current_339,terrain_landcover_ae,25,674,0.037091988130563795,19,335,0.056716417910447764
current_339,terrain_landcover_ae,26,674,0.03857566765578635,20,335,0.05970149253731343
current_339,terrain_landcover_ae,27,674,0.040059347181008904,21,335,0.0626865671641791
current_339,terrain_landcover_ae,28,674,0.04154302670623145,22,335,0.06567164179104477
current_339,terrain_landcover_ae,29,674,0.04302670623145401,23,335,0.06865671641791045
current_339,terrain_landcover_ae,30,674,0.04451038575667656,24,335,0.07164179104477612
current_339,terrain_landcover_ae,31,674,0.04599406528189911,25,335,0.07462686567164178
current_339,terrain_landcover_ae,32,674,0.04747774480712166,26,335,0.07761194029850746
current_339,terrain_landcover_ae,33,674,0.04896142433234421,27,335,0.08059701492537313
current_339,terrain_landcover_ae,34,674,0.050445103857566766,28,335,0.08358208955223881
current_339,terrain_landcover_ae,35,674,0.05192878338278932,29,335,0.08656716417910448
current_339,terrain_landcover_ae,36,674,0.05341246290801187,30,335,0.08955223880597014
current_339,terrain_landcover_ae,37,674,0.05489614243323442,31,335,0.09253731343283582
current_339,terrain_landcover_ae,38,674,0.05637982195845697,32,335,0.0955223880597015
current_339,terrain_landcover_ae,39,674,0.057863501483679525,33,335,0.09850746268656717
current_339,terrain_landcover_ae,40,674,0.05934718100890208,34,335,0.10149253731343283
current_339,terrain_landcover_ae,41,674,0.06083086053412463,35,335,0.1044776119402985
current_339,terrain_landcover_ae,42,674,0.06231454005934718,36,335,0.10746268656716418
current_339,terrain_landcover_ae,43,674,0.06379821958456973,37,335,0.11044776119402985
current_339,terrain_landcover_ae,44,674,0.06528189910979229,38,335,0.11343283582089553
current_339,terrain_landcover_ae,45,674,0.06676557863501484,39,335,0.11641791044776119
current_339,terrain_landcover_ae,46,674,0.06824925816023739,40,335,0.11940298507462686
current_339,terrain_landcover_ae,47,674,0.06973293768545995,41,335,0.12238805970149254
current_339,terrain_landcover_ae,48,674,0.0712166172106825,42,335,0.1253731343283582
current_339,terrain_landcover_ae,49,674,0.07270029673590504,43,335,0.12835820895522387
current_339,terrain_landcover_ae,50,674,0.07418397626112759,44,335,0.13134328358208955
current_339,terrain_landcover_ae,51,674,0.07566765578635015,45,335,0.13432835820895522
current_339,terrain_landcover_ae,52,674,0.0771513353115727,46,335,0.1373134328358209
current_339,terrain_landcover_ae,53,674,0.07863501483679525,46,335,0.1373134328358209
current_339,terrain_landcover_ae,54,674,0.08011869436201781,47,335,0.14029850746268657
current_339,terrain_landcover_ae,55,674,0.08160237388724036,48,335,0.14328358208955225
current_339,terrain_landcover_ae,56,674,0.0830860534124629,49,335,0.14626865671641792
current_339,terrain_landcover_ae,57,674,0.08456973293768547,50,335,0.14925373134328357
current_339,terrain_landcover_ae,58,674,0.08605341246290801,51,335,0.15223880597014924
current_339,terrain_landcover_ae,59,674,0.08753709198813056,52,335,0.15522388059701492
current_339,terrain_landcover_ae,60,674,0.08902077151335312,53,335,0.1582089552238806
current_339,terrain_landcover_ae,61,674,0.09050445103857567,54,335,0.16119402985074627
current_339,terrain_landcover_ae,62,674,0.09198813056379822,55,335,0.16417910447761194
current_339,terrain_landcover_ae,63,674,0.09347181008902077,56,335,0.16716417910447762
current_339,terrain_landcover_ae,64,674,0.09495548961424333,57,335,0.1701492537313433
current_339,terrain_landcover_ae,65,674,0.09643916913946587,58,335,0.17313432835820897
current_339,terrain_landcover_ae,66,674,0.09792284866468842,59,335,0.1761194029850746
current_339,terrain_landcover_ae,67,674,0.09940652818991098,60,335,0.1791044776119403
current_339,terrain_landcover_ae,68,674,0.10089020771513353,61,335,0.18208955223880596
current_339,terrain_landcover_ae,69,674,0.10237388724035608,62,335,0.18507462686567164
current_339,terrain_landcover_ae,70,674,0.10385756676557864,63,335,0.1880597014925373
current_339,terrain_landcover_ae,71,674,0.10534124629080119,64,335,0.191044776119403
current_339,terrain_landcover_ae,72,674,0.10682492581602374,65,335,0.19402985074626866
current_339,terrain_landcover_ae,73,674,0.1083086053412463,66,335,0.19701492537313434
current_339,terrain_landcover_ae,74,674,0.10979228486646884,67,335,0.2
current_339,terrain_landcover_ae,75,674,0.11127596439169139,68,335,0.20298507462686566
current_339,terrain_landcover_ae,76,674,0.11275964391691394,69,335,0.20597014925373133
current_339,terrain_landcover_ae,77,674,0.1142433234421365,70,335,0.208955223880597
current_339,terrain_landcover_ae,78,674,0.11572700296735905,71,335,0.21194029850746268
current_339,terrain_landcover_ae,79,674,0.1172106824925816,72,335,0.21492537313432836
current_339,terrain_landcover_ae,80,674,0.11869436201780416,73,335,0.21791044776119403
current_339,terrain_landcover_ae,81,674,0.1201780415430267,74,335,0.2208955223880597
current_339,terrain_landcover_ae,82,674,0.12166172106824925,74,335,0.2208955223880597
current_339,terrain_landcover_ae,83,674,0.12314540059347182,75,335,0.22388059701492538
current_339,terrain_landcover_ae,84,674,0.12462908011869436,76,335,0.22686567164179106
current_339,terrain_landcover_ae,85,674,0.1261127596439169,77,335,0.2298507462686567
current_339,terrain_landcover_ae,86,674,0.12759643916913946,78,335,0.23283582089552238
current_339,terrain_landcover_ae,87,674,0.129080118694362,79,335,0.23582089552238805
current_339,terrain_landcover_ae,88,674,0.13056379821958458,80,335,0.23880597014925373
current_339,terrain_landcover_ae,89,674,0.13204747774480713,81,335,0.2417910447761194
current_339,terrain_landcover_ae,90,674,0.13353115727002968,82,335,0.24477611940298508
current_339,terrain_landcover_ae,91,674,0.13501483679525222,83,335,0.24776119402985075
current_339,terrain_landcover_ae,92,674,0.13649851632047477,84,335,0.2507462686567164
current_339,terrain_landcover_ae,93,674,0.13798219584569732,85,335,0.2537313432835821
current_339,terrain_landcover_ae,94,674,0.1394658753709199,86,335,0.25671641791044775
current_339,terrain_landcover_ae,95,674,0.14094955489614244,87,335,0.25970149253731345
current_339,terrain_landcover_ae,96,674,0.142433234421365,88,335,0.2626865671641791
current_339,terrain_landcover_ae,97,674,0.14391691394658754,89,335,0.2656716417910448
current_339,terrain_landcover_ae,98,674,0.14540059347181009,90,335,0.26865671641791045
current_339,terrain_landcover_ae,99,674,0.14688427299703263,90,335,0.26865671641791045
current_339,terrain_landcover_ae,100,674,0.14836795252225518,91,335,0.2716417910447761
current_339,terrain_landcover_ae,101,674,0.14985163204747776,92,335,0.2746268656716418
current_339,terrain_landcover_ae,102,674,0.1513353115727003,93,335,0.27761194029850744
current_339,terrain_landcover_ae,103,674,0.15281899109792285,94,335,0.28059701492537314
current_339,terrain_landcover_ae,104,674,0.1543026706231454,95,335,0.2835820895522388
current_339,terrain_landcover_ae,105,674,0.15578635014836795,95,335,0.2835820895522388
current_339,terrain_landcover_ae,106,674,0.1572700296735905,96,335,0.2865671641791045
current_339,terrain_landcover_ae,107,674,0.15875370919881307,97,335,0.28955223880597014
current_339,terrain_landcover_ae,108,674,0.16023738872403562,98,335,0.29253731343283584
current_339,terrain_landcover_ae,109,674,0.16172106824925817,99,335,0.2955223880597015
current_339,terrain_landcover_ae,110,674,0.1632047477744807,100,335,0.29850746268656714
current_339,terrain_landcover_ae,111,674,0.16468842729970326,101,335,0.30149253731343284
current_339,terrain_landcover_ae,112,674,0.1661721068249258,102,335,0.3044776119402985
current_339,terrain_landcover_ae,113,674,0.16765578635014836,103,335,0.3074626865671642
current_339,terrain_landcover_ae,114,674,0.16913946587537093,104,335,0.31044776119402984
current_339,terrain_landcover_ae,115,674,0.17062314540059348,105,335,0.31343283582089554
current_339,terrain_landcover_ae,116,674,0.17210682492581603,106,335,0.3164179104477612
current_339,terrain_landcover_ae,117,674,0.17359050445103857,107,335,0.3194029850746269
current_339,terrain_landcover_ae,118,674,0.17507418397626112,108,335,0.32238805970149254
current_339,terrain_landcover_ae,119,674,0.17655786350148367,109,335,0.3253731343283582
current_339,terrain_landcover_ae,120,674,0.17804154302670624,110,335,0.3283582089552239
current_339,terrain_landcover_ae,121,674,0.1795252225519288,111,335,0.33134328358208953
current_339,terrain_landcover_ae,122,674,0.18100890207715134,112,335,0.33432835820895523
current_339,terrain_landcover_ae,123,674,0.1824925816023739,113,335,0.3373134328358209
current_339,terrain_landcover_ae,124,674,0.18397626112759644,114,335,0.3402985074626866
current_339,terrain_landcover_ae,125,674,0.18545994065281898,115,335,0.34328358208955223
current_339,terrain_landcover_ae,126,674,0.18694362017804153,116,335,0.34626865671641793
current_339,terrain_landcover_ae,127,674,0.1884272997032641,117,335,0.3492537313432836
current_339,terrain_landcover_ae,128,674,0.18991097922848665,118,335,0.3522388059701492
current_339,terrain_landcover_ae,129,674,0.1913946587537092,119,335,0.35522388059701493
current_339,terrain_landcover_ae,130,674,0.19287833827893175,120,335,0.3582089552238806
current_339,terrain_landcover_ae,131,674,0.1943620178041543,121,335,0.3611940298507463
current_339,terrain_landcover_ae,132,674,0.19584569732937684,122,335,0.3641791044776119
current_339,terrain_landcover_ae,133,674,0.19732937685459942,123,335,0.36716417910447763
current_339,terrain_landcover_ae,134,674,0.19881305637982197,124,335,0.3701492537313433
current_339,terrain_landcover_ae,135,674,0.20029673590504452,125,335,0.373134328358209
current_339,terrain_landcover_ae,136,674,0.20178041543026706,126,335,0.3761194029850746
current_339,terrain_landcover_ae,137,674,0.2032640949554896,127,335,0.37910447761194027
current_339,terrain_landcover_ae,138,674,0.20474777448071216,128,335,0.382089552238806
current_339,terrain_landcover_ae,139,674,0.2062314540059347,129,335,0.3850746268656716
current_339,terrain_landcover_ae,140,674,0.20771513353115728,129,335,0.3850746268656716
current_339,terrain_landcover_ae,141,674,0.20919881305637983,130,335,0.3880597014925373
current_339,terrain_landcover_ae,142,674,0.21068249258160238,131,335,0.39104477611940297
current_339,terrain_landcover_ae,143,674,0.21216617210682492,132,335,0.3940298507462687
current_339,terrain_landcover_ae,144,674,0.21364985163204747,133,335,0.3970149253731343
current_339,terrain_landcover_ae,145,674,0.21513353115727002,134,335,0.4
current_339,terrain_landcover_ae,146,674,0.2166172106824926,135,335,0.40298507462686567
current_339,terrain_landcover_ae,147,674,0.21810089020771514,136,335,0.4059701492537313
current_339,terrain_landcover_ae,148,674,0.2195845697329377,137,335,0.408955223880597
current_339,terrain_landcover_ae,149,674,0.22106824925816024,138,335,0.41194029850746267
current_339,terrain_landcover_ae,150,674,0.22255192878338279,139,335,0.41492537313432837
current_339,terrain_landcover_ae,151,674,0.22403560830860533,140,335,0.417910447761194
current_339,terrain_landcover_ae,152,674,0.22551928783382788,141,335,0.4208955223880597
current_339,terrain_landcover_ae,153,674,0.22700296735905046,142,335,0.42388059701492536
current_339,terrain_landcover_ae,154,674,0.228486646884273,143,335,0.42686567164179107
current_339,terrain_landcover_ae,155,674,0.22997032640949555,144,335,0.4298507462686567
current_339,terrain_landcover_ae,156,674,0.2314540059347181,145,335,0.43283582089552236
current_339,terrain_landcover_ae,157,674,0.23293768545994065,146,335,0.43582089552238806
current_339,terrain_landcover_ae,158,674,0.2344213649851632,147,335,0.4388059701492537
current_339,terrain_landcover_ae,159,674,0.23590504451038577,148,335,0.4417910447761194
current_339,terrain_landcover_ae,160,674,0.23738872403560832,149,335,0.44477611940298506
current_339,terrain_landcover_ae,161,674,0.23887240356083086,150,335,0.44776119402985076
current_339,terrain_landcover_ae,162,674,0.2403560830860534,151,335,0.4507462686567164
current_339,terrain_landcover_ae,163,674,0.24183976261127596,152,335,0.4537313432835821
current_339,terrain_landcover_ae,164,674,0.2433234421364985,153,335,0.45671641791044776
current_339,terrain_landcover_ae,165,674,0.24480712166172106,154,335,0.4597014925373134
current_339,terrain_landcover_ae,166,674,0.24629080118694363,155,335,0.4626865671641791
current_339,terrain_landcover_ae,167,674,0.24777448071216618,156,335,0.46567164179104475
current_339,terrain_landcover_ae,168,674,0.24925816023738873,157,335,0.46865671641791046
current_339,terrain_landcover_ae,169,674,0.2507418397626113,157,335,0.46865671641791046
current_339,terrain_landcover_ae,170,674,0.2522255192878338,158,335,0.4716417910447761
current_339,terrain_landcover_ae,171,674,0.25370919881305637,159,335,0.4746268656716418
current_339,terrain_landcover_ae,172,674,0.2551928783382789,160,335,0.47761194029850745
current_339,terrain_landcover_ae,173,674,0.25667655786350146,161,335,0.48059701492537316
current_339,terrain_landcover_ae,174,674,0.258160237388724,162,335,0.4835820895522388
current_339,terrain_landcover_ae,175,674,0.2596439169139466,163,335,0.48656716417910445
current_339,terrain_landcover_ae,176,674,0.26112759643916916,163,335,0.48656716417910445
current_339,terrain_landcover_ae,177,674,0.2626112759643917,164,335,0.48955223880597015
current_339,terrain_landcover_ae,178,674,0.26409495548961426,165,335,0.4925373134328358
current_339,terrain_landcover_ae,179,674,0.2655786350148368,166,335,0.4955223880597015
current_339,terrain_landcover_ae,180,674,0.26706231454005935,167,335,0.49850746268656715
current_339,terrain_landcover_ae,181,674,0.2685459940652819,168,335,0.5014925373134328
current_339,terrain_landcover_ae,182,674,0.27002967359050445,169,335,0.5044776119402985
current_339,terrain_landcover_ae,183,674,0.271513353115727,170,335,0.5074626865671642
current_339,terrain_landcover_ae,184,674,0.27299703264094954,171,335,0.5104477611940299
current_339,terrain_landcover_ae,185,674,0.2744807121661721,172,335,0.5134328358208955
current_339,terrain_landcover_ae,186,674,0.27596439169139464,173,335,0.5164179104477612
current_339,terrain_landcover_ae,187,674,0.2774480712166172,174,335,0.5194029850746269
current_339,terrain_landcover_ae,188,674,0.2789317507418398,175,335,0.5223880597014925
current_339,terrain_landcover_ae,189,674,0.28041543026706234,176,335,0.5253731343283582
current_339,terrain_landcover_ae,190,674,0.2818991097922849,177,335,0.5283582089552239
current_339,terrain_landcover_ae,191,674,0.28338278931750743,177,335,0.5283582089552239
current_339,terrain_landcover_ae,192,674,0.28486646884273,178,335,0.5313432835820896
current_339,terrain_landcover_ae,193,674,0.28635014836795253,178,335,0.5313432835820896
current_339,terrain_landcover_ae,194,674,0.2878338278931751,179,335,0.5343283582089552
current_339,terrain_landcover_ae,195,674,0.2893175074183976,180,335,0.5373134328358209
current_339,terrain_landcover_ae,196,674,0.29080118694362017,181,335,0.5402985074626866
current_339,terrain_landcover_ae,197,674,0.2922848664688427,182,335,0.5432835820895522
current_339,terrain_landcover_ae,198,674,0.29376854599406527,183,335,0.5462686567164179
current_339,terrain_landcover_ae,199,674,0.2952522255192878,183,335,0.5462686567164179
current_339,terrain_landcover_ae,200,674,0.29673590504451036,184,335,0.5492537313432836
current_339,terrain_landcover_ae,201,674,0.29821958456973297,184,335,0.5492537313432836
current_339,terrain_landcover_ae,202,674,0.2997032640949555,185,335,0.5522388059701493
current_339,terrain_landcover_ae,203,674,0.30118694362017806,186,335,0.5552238805970149
current_339,terrain_landcover_ae,204,674,0.3026706231454006,187,335,0.5582089552238806
current_339,terrain_landcover_ae,205,674,0.30415430267062316,188,335,0.5611940298507463
current_339,terrain_landcover_ae,206,674,0.3056379821958457,189,335,0.564179104477612
current_339,terrain_landcover_ae,207,674,0.30712166172106825,190,335,0.5671641791044776
current_339,terrain_landcover_ae,208,674,0.3086053412462908,191,335,0.5701492537313433
current_339,terrain_landcover_ae,209,674,0.31008902077151335,191,335,0.5701492537313433
current_339,terrain_landcover_ae,210,674,0.3115727002967359,192,335,0.573134328358209
current_339,terrain_landcover_ae,211,674,0.31305637982195844,193,335,0.5761194029850746
current_339,terrain_landcover_ae,212,674,0.314540059347181,194,335,0.5791044776119403
current_339,terrain_landcover_ae,213,674,0.31602373887240354,195,335,0.582089552238806
current_339,terrain_landcover_ae,214,674,0.31750741839762614,195,335,0.582089552238806
current_339,terrain_landcover_ae,215,674,0.3189910979228487,196,335,0.5850746268656717
current_339,terrain_landcover_ae,216,674,0.32047477744807124,197,335,0.5880597014925373
current_339,terrain_landcover_ae,217,674,0.3219584569732938,198,335,0.591044776119403
current_339,terrain_landcover_ae,218,674,0.32344213649851633,199,335,0.5940298507462687
current_339,terrain_landcover_ae,219,674,0.3249258160237389,199,335,0.5940298507462687
current_339,terrain_landcover_ae,220,674,0.3264094955489614,200,335,0.5970149253731343
current_339,terrain_landcover_ae,221,674,0.327893175074184,201,335,0.6
current_339,terrain_landcover_ae,222,674,0.3293768545994065,202,335,0.6029850746268657
current_339,terrain_landcover_ae,223,674,0.33086053412462907,203,335,0.6059701492537314
current_339,terrain_landcover_ae,224,674,0.3323442136498516,204,335,0.608955223880597
current_339,terrain_landcover_ae,225,674,0.33382789317507416,205,335,0.6119402985074627
current_339,terrain_landcover_ae,226,674,0.3353115727002967,205,335,0.6119402985074627
current_339,terrain_landcover_ae,227,674,0.3367952522255193,205,335,0.6119402985074627
current_339,terrain_landcover_ae,228,674,0.33827893175074186,205,335,0.6119402985074627
current_339,terrain_landcover_ae,229,674,0.3397626112759644,206,335,0.6149253731343284
current_339,terrain_landcover_ae,230,674,0.34124629080118696,207,335,0.6179104477611941
current_339,terrain_landcover_ae,231,674,0.3427299703264095,208,335,0.6208955223880597
current_339,terrain_landcover_ae,232,674,0.34421364985163205,209,335,0.6238805970149254
current_339,terrain_landcover_ae,233,674,0.3456973293768546,210,335,0.6268656716417911
current_339,terrain_landcover_ae,234,674,0.34718100890207715,210,335,0.6268656716417911
current_339,terrain_landcover_ae,235,674,0.3486646884272997,210,335,0.6268656716417911
current_339,terrain_landcover_ae,236,674,0.35014836795252224,211,335,0.6298507462686567
current_339,terrain_landcover_ae,237,674,0.3516320474777448,212,335,0.6328358208955224
current_339,terrain_landcover_ae,238,674,0.35311572700296734,213,335,0.6358208955223881
current_339,terrain_landcover_ae,239,674,0.3545994065281899,213,335,0.6358208955223881
current_339,terrain_landcover_ae,240,674,0.3560830860534125,214,335,0.6388059701492538
current_339,terrain_landcover_ae,241,674,0.35756676557863504,215,335,0.6417910447761194
current_339,terrain_landcover_ae,242,674,0.3590504451038576,216,335,0.6447761194029851
current_339,terrain_landcover_ae,243,674,0.36053412462908013,217,335,0.6477611940298508
current_339,terrain_landcover_ae,244,674,0.3620178041543027,218,335,0.6507462686567164
current_339,terrain_landcover_ae,245,674,0.36350148367952523,219,335,0.6537313432835821
current_339,terrain_landcover_ae,246,674,0.3649851632047478,219,335,0.6537313432835821
current_339,terrain_landcover_ae,247,674,0.3664688427299703,220,335,0.6567164179104478
current_339,terrain_landcover_ae,248,674,0.36795252225519287,221,335,0.6597014925373135
current_339,terrain_landcover_ae,249,674,0.3694362017804154,222,335,0.6626865671641791
current_339,terrain_landcover_ae,250,674,0.37091988130563797,223,335,0.6656716417910448
current_339,terrain_landcover_ae,251,674,0.3724035608308605,224,335,0.6686567164179105
current_339,terrain_landcover_ae,252,674,0.37388724035608306,224,335,0.6686567164179105
current_339,terrain_landcover_ae,253,674,0.37537091988130566,225,335,0.6716417910447762
current_339,terrain_landcover_ae,254,674,0.3768545994065282,226,335,0.6746268656716418
current_339,terrain_landcover_ae,255,674,0.37833827893175076,227,335,0.6776119402985075
current_339,terrain_landcover_ae,256,674,0.3798219584569733,228,335,0.6805970149253732
current_339,terrain_landcover_ae,257,674,0.38130563798219586,229,335,0.6835820895522388
current_339,terrain_landcover_ae,258,674,0.3827893175074184,230,335,0.6865671641791045
current_339,terrain_landcover_ae,259,674,0.38427299703264095,231,335,0.6895522388059702
current_339,terrain_landcover_ae,260,674,0.3857566765578635,232,335,0.6925373134328359
current_339,terrain_landcover_ae,261,674,0.38724035608308605,232,335,0.6925373134328359
current_339,terrain_landcover_ae,262,674,0.3887240356083086,232,335,0.6925373134328359
current_339,terrain_landcover_ae,263,674,0.39020771513353114,233,335,0.6955223880597015
current_339,terrain_landcover_ae,264,674,0.3916913946587537,234,335,0.6985074626865672
current_339,terrain_landcover_ae,265,674,0.39317507418397624,234,335,0.6985074626865672
current_339,terrain_landcover_ae,266,674,0.39465875370919884,235,335,0.7014925373134329
current_339,terrain_landcover_ae,267,674,0.3961424332344214,236,335,0.7044776119402985
current_339,terrain_landcover_ae,268,674,0.39762611275964393,237,335,0.7074626865671642
current_339,terrain_landcover_ae,269,674,0.3991097922848665,237,335,0.7074626865671642
current_339,terrain_landcover_ae,270,674,0.40059347181008903,238,335,0.7104477611940299
current_339,terrain_landcover_ae,271,674,0.4020771513353116,239,335,0.7134328358208956
current_339,terrain_landcover_ae,272,674,0.4035608308605341,240,335,0.7164179104477612
current_339,terrain_landcover_ae,273,674,0.4050445103857567,241,335,0.7194029850746269
current_339,terrain_landcover_ae,274,674,0.4065281899109792,241,335,0.7194029850746269
current_339,terrain_landcover_ae,275,674,0.40801186943620177,241,335,0.7194029850746269
current_339,terrain_landcover_ae,276,674,0.4094955489614243,242,335,0.7223880597014926
current_339,terrain_landcover_ae,277,674,0.41097922848664686,242,335,0.7223880597014926
current_339,terrain_landcover_ae,278,674,0.4124629080118694,243,335,0.7253731343283583
current_339,terrain_landcover_ae,279,674,0.413946587537092,243,335,0.7253731343283583
current_339,terrain_landcover_ae,280,674,0.41543026706231456,243,335,0.7253731343283583
current_339,terrain_landcover_ae,281,674,0.4169139465875371,243,335,0.7253731343283583
current_339,terrain_landcover_ae,282,674,0.41839762611275966,244,335,0.7283582089552239
current_339,terrain_landcover_ae,283,674,0.4198813056379822,244,335,0.7283582089552239
current_339,terrain_landcover_ae,284,674,0.42136498516320475,245,335,0.7313432835820896
current_339,terrain_landcover_ae,285,674,0.4228486646884273,245,335,0.7313432835820896
current_339,terrain_landcover_ae,286,674,0.42433234421364985,245,335,0.7313432835820896
current_339,terrain_landcover_ae,287,674,0.4258160237388724,246,335,0.7343283582089553
current_339,terrain_landcover_ae,288,674,0.42729970326409494,247,335,0.7373134328358208
current_339,terrain_landcover_ae,289,674,0.4287833827893175,248,335,0.7402985074626866
current_339,terrain_landcover_ae,290,674,0.43026706231454004,249,335,0.7432835820895523
current_339,terrain_landcover_ae,291,674,0.4317507418397626,250,335,0.746268656716418
current_339,terrain_landcover_ae,292,674,0.4332344213649852,250,335,0.746268656716418
current_339,terrain_landcover_ae,293,674,0.43471810089020774,251,335,0.7492537313432835
current_339,terrain_landcover_ae,294,674,0.4362017804154303,252,335,0.7522388059701492
current_339,terrain_landcover_ae,295,674,0.43768545994065283,253,335,0.755223880597015
current_339,terrain_landcover_ae,296,674,0.4391691394658754,254,335,0.7582089552238805
current_339,terrain_landcover_ae,297,674,0.4406528189910979,255,335,0.7611940298507462
current_339,terrain_landcover_ae,298,674,0.4421364985163205,256,335,0.764179104477612
current_339,terrain_landcover_ae,299,674,0.443620178041543,256,335,0.764179104477612
current_339,terrain_landcover_ae,300,674,0.44510385756676557,257,335,0.7671641791044777
current_339,terrain_landcover_ae,301,674,0.4465875370919881,257,335,0.7671641791044777
current_339,terrain_landcover_ae,302,674,0.44807121661721067,257,335,0.7671641791044777
current_339,terrain_landcover_ae,303,674,0.4495548961424332,258,335,0.7701492537313432
current_339,terrain_landcover_ae,304,674,0.45103857566765576,259,335,0.7731343283582089
current_339,terrain_landcover_ae,305,674,0.45252225519287836,259,335,0.7731343283582089
current_339,terrain_landcover_ae,306,674,0.4540059347181009,260,335,0.7761194029850746
current_339,terrain_landcover_ae,307,674,0.45548961424332346,260,335,0.7761194029850746
current_339,terrain_landcover_ae,308,674,0.456973293768546,260,335,0.7761194029850746
current_339,terrain_landcover_ae,309,674,0.45845697329376855,261,335,0.7791044776119403
current_339,terrain_landcover_ae,310,674,0.4599406528189911,262,335,0.7820895522388059
current_339,terrain_landcover_ae,311,674,0.46142433234421365,262,335,0.7820895522388059
current_339,terrain_landcover_ae,312,674,0.4629080118694362,262,335,0.7820895522388059
current_339,terrain_landcover_ae,313,674,0.46439169139465875,263,335,0.7850746268656716
current_339,terrain_landcover_ae,314,674,0.4658753709198813,264,335,0.7880597014925373
current_339,terrain_landcover_ae,315,674,0.46735905044510384,264,335,0.7880597014925373
current_339,terrain_landcover_ae,316,674,0.4688427299703264,264,335,0.7880597014925373
current_339,terrain_landcover_ae,317,674,0.47032640949554894,265,335,0.7910447761194029
current_339,terrain_landcover_ae,318,674,0.47181008902077154,265,335,0.7910447761194029
current_339,terrain_landcover_ae,319,674,0.4732937685459941,266,335,0.7940298507462686
current_339,terrain_landcover_ae,320,674,0.47477744807121663,267,335,0.7970149253731343
current_339,terrain_landcover_ae,321,674,0.4762611275964392,268,335,0.8
current_339,terrain_landcover_ae,322,674,0.47774480712166173,268,335,0.8
current_339,terrain_landcover_ae,323,674,0.4792284866468843,269,335,0.8029850746268656
current_339,terrain_landcover_ae,324,674,0.4807121661721068,269,335,0.8029850746268656
current_339,terrain_landcover_ae,325,674,0.4821958456973294,270,335,0.8059701492537313
current_339,terrain_landcover_ae,326,674,0.4836795252225519,270,335,0.8059701492537313
current_339,terrain_landcover_ae,327,674,0.48516320474777447,271,335,0.808955223880597
current_339,terrain_landcover_ae,328,674,0.486646884272997,272,335,0.8119402985074626
current_339,terrain_landcover_ae,329,674,0.48813056379821956,272,335,0.8119402985074626
current_339,terrain_landcover_ae,330,674,0.4896142433234421,272,335,0.8119402985074626
current_339,terrain_landcover_ae,331,674,0.4910979228486647,273,335,0.8149253731343283
current_339,terrain_landcover_ae,332,674,0.49258160237388726,273,335,0.8149253731343283
current_339,terrain_landcover_ae,333,674,0.4940652818991098,274,335,0.817910447761194
current_339,terrain_landcover_ae,334,674,0.49554896142433236,274,335,0.817910447761194
current_339,terrain_landcover_ae,335,674,0.4970326409495549,274,335,0.817910447761194
current_339,terrain_landcover_ae,336,674,0.49851632047477745,275,335,0.8208955223880597
current_339,terrain_landcover_ae,337,674,0.5,275,335,0.8208955223880597
current_339,terrain_landcover_ae,338,674,0.5014836795252225,276,335,0.8238805970149253
current_339,terrain_landcover_ae,339,674,0.5029673590504451,277,335,0.826865671641791
current_339,terrain_landcover_ae,340,674,0.5044510385756676,277,335,0.826865671641791
current_339,terrain_landcover_ae,341,674,0.5059347181008902,278,335,0.8298507462686567
current_339,terrain_landcover_ae,342,674,0.5074183976261127,279,335,0.8328358208955224
current_339,terrain_landcover_ae,343,674,0.5089020771513353,279,335,0.8328358208955224
current_339,terrain_landcover_ae,344,674,0.5103857566765578,279,335,0.8328358208955224
current_339,terrain_landcover_ae,345,674,0.5118694362017804,280,335,0.835820895522388
current_339,terrain_landcover_ae,346,674,0.5133531157270029,280,335,0.835820895522388
current_339,terrain_landcover_ae,347,674,0.5148367952522255,281,335,0.8388059701492537
current_339,terrain_landcover_ae,348,674,0.516320474777448,281,335,0.8388059701492537
current_339,terrain_landcover_ae,349,674,0.5178041543026706,282,335,0.8417910447761194
current_339,terrain_landcover_ae,350,674,0.5192878338278932,283,335,0.844776119402985
current_339,terrain_landcover_ae,351,674,0.5207715133531158,283,335,0.844776119402985
current_339,terrain_landcover_ae,352,674,0.5222551928783383,283,335,0.844776119402985
current_339,terrain_landcover_ae,353,674,0.5237388724035609,284,335,0.8477611940298507
current_339,terrain_landcover_ae,354,674,0.5252225519287834,285,335,0.8507462686567164
current_339,terrain_landcover_ae,355,674,0.526706231454006,285,335,0.8507462686567164
current_339,terrain_landcover_ae,356,674,0.5281899109792285,285,335,0.8507462686567164
current_339,terrain_landcover_ae,357,674,0.5296735905044511,286,335,0.8537313432835821
current_339,terrain_landcover_ae,358,674,0.5311572700296736,286,335,0.8537313432835821
current_339,terrain_landcover_ae,359,674,0.5326409495548962,286,335,0.8537313432835821
current_339,terrain_landcover_ae,360,674,0.5341246290801187,287,335,0.8567164179104477
current_339,terrain_landcover_ae,361,674,0.5356083086053413,288,335,0.8597014925373134
current_339,terrain_landcover_ae,362,674,0.5370919881305638,288,335,0.8597014925373134
current_339,terrain_landcover_ae,363,674,0.5385756676557863,288,335,0.8597014925373134
current_339,terrain_landcover_ae,364,674,0.5400593471810089,288,335,0.8597014925373134
current_339,terrain_landcover_ae,365,674,0.5415430267062314,289,335,0.8626865671641791
current_339,terrain_landcover_ae,366,674,0.543026706231454,290,335,0.8656716417910447
current_339,terrain_landcover_ae,367,674,0.5445103857566765,290,335,0.8656716417910447
current_339,terrain_landcover_ae,368,674,0.5459940652818991,290,335,0.8656716417910447
current_339,terrain_landcover_ae,369,674,0.5474777448071216,291,335,0.8686567164179104
current_339,terrain_landcover_ae,370,674,0.5489614243323442,292,335,0.8716417910447761
current_339,terrain_landcover_ae,371,674,0.5504451038575667,293,335,0.8746268656716418
current_339,terrain_landcover_ae,372,674,0.5519287833827893,293,335,0.8746268656716418
current_339,terrain_landcover_ae,373,674,0.5534124629080118,293,335,0.8746268656716418
current_339,terrain_landcover_ae,374,674,0.5548961424332344,294,335,0.8776119402985074
current_339,terrain_landcover_ae,375,674,0.5563798219584569,295,335,0.8805970149253731
current_339,terrain_landcover_ae,376,674,0.5578635014836796,295,335,0.8805970149253731
current_339,terrain_landcover_ae,377,674,0.5593471810089021,296,335,0.8835820895522388
current_339,terrain_landcover_ae,378,674,0.5608308605341247,296,335,0.8835820895522388
current_339,terrain_landcover_ae,379,674,0.5623145400593472,296,335,0.8835820895522388
current_339,terrain_landcover_ae,380,674,0.5637982195845698,296,335,0.8835820895522388
current_339,terrain_landcover_ae,381,674,0.5652818991097923,296,335,0.8835820895522388
current_339,terrain_landcover_ae,382,674,0.5667655786350149,297,335,0.8865671641791045
current_339,terrain_landcover_ae,383,674,0.5682492581602374,298,335,0.8895522388059701
current_339,terrain_landcover_ae,384,674,0.56973293768546,298,335,0.8895522388059701
current_339,terrain_landcover_ae,385,674,0.5712166172106825,298,335,0.8895522388059701
current_339,terrain_landcover_ae,386,674,0.5727002967359051,298,335,0.8895522388059701
current_339,terrain_landcover_ae,387,674,0.5741839762611276,299,335,0.8925373134328358
current_339,terrain_landcover_ae,388,674,0.5756676557863502,299,335,0.8925373134328358
current_339,terrain_landcover_ae,389,674,0.5771513353115727,299,335,0.8925373134328358
current_339,terrain_landcover_ae,390,674,0.5786350148367952,299,335,0.8925373134328358
current_339,terrain_landcover_ae,391,674,0.5801186943620178,299,335,0.8925373134328358
current_339,terrain_landcover_ae,392,674,0.5816023738872403,299,335,0.8925373134328358
current_339,terrain_landcover_ae,393,674,0.5830860534124629,299,335,0.8925373134328358
current_339,terrain_landcover_ae,394,674,0.5845697329376854,300,335,0.8955223880597015
current_339,terrain_landcover_ae,395,674,0.586053412462908,301,335,0.8985074626865671
current_339,terrain_landcover_ae,396,674,0.5875370919881305,301,335,0.8985074626865671
current_339,terrain_landcover_ae,397,674,0.5890207715133531,302,335,0.9014925373134328
current_339,terrain_landcover_ae,398,674,0.5905044510385756,303,335,0.9044776119402985
current_339,terrain_landcover_ae,399,674,0.5919881305637982,303,335,0.9044776119402985
current_339,terrain_landcover_ae,400,674,0.5934718100890207,303,335,0.9044776119402985
current_339,terrain_landcover_ae,401,674,0.5949554896142433,303,335,0.9044776119402985
current_339,terrain_landcover_ae,402,674,0.5964391691394659,304,335,0.9074626865671642
current_339,terrain_landcover_ae,403,674,0.5979228486646885,304,335,0.9074626865671642
current_339,terrain_landcover_ae,404,674,0.599406528189911,305,335,0.9104477611940298
current_339,terrain_landcover_ae,405,674,0.6008902077151336,305,335,0.9104477611940298
current_339,terrain_landcover_ae,406,674,0.6023738872403561,305,335,0.9104477611940298
current_339,terrain_landcover_ae,407,674,0.6038575667655787,305,335,0.9104477611940298
current_339,terrain_landcover_ae,408,674,0.6053412462908012,305,335,0.9104477611940298
current_339,terrain_landcover_ae,409,674,0.6068249258160238,305,335,0.9104477611940298
current_339,terrain_landcover_ae,410,674,0.6083086053412463,305,335,0.9104477611940298
current_339,terrain_landcover_ae,411,674,0.6097922848664689,306,335,0.9134328358208955
current_339,terrain_landcover_ae,412,674,0.6112759643916914,306,335,0.9134328358208955
current_339,terrain_landcover_ae,413,674,0.612759643916914,306,335,0.9134328358208955
current_339,terrain_landcover_ae,414,674,0.6142433234421365,307,335,0.9164179104477612
current_339,terrain_landcover_ae,415,674,0.615727002967359,307,335,0.9164179104477612
current_339,terrain_landcover_ae,416,674,0.6172106824925816,307,335,0.9164179104477612
current_339,terrain_landcover_ae,417,674,0.6186943620178041,308,335,0.9194029850746268
current_339,terrain_landcover_ae,418,674,0.6201780415430267,309,335,0.9223880597014925
current_339,terrain_landcover_ae,419,674,0.6216617210682492,310,335,0.9253731343283582
current_339,terrain_landcover_ae,420,674,0.6231454005934718,310,335,0.9253731343283582
current_339,terrain_landcover_ae,421,674,0.6246290801186943,310,335,0.9253731343283582
current_339,terrain_landcover_ae,422,674,0.6261127596439169,310,335,0.9253731343283582
current_339,terrain_landcover_ae,423,674,0.6275964391691394,311,335,0.9283582089552239
current_339,terrain_landcover_ae,424,674,0.629080118694362,311,335,0.9283582089552239
current_339,terrain_landcover_ae,425,674,0.6305637982195845,312,335,0.9313432835820895
current_339,terrain_landcover_ae,426,674,0.6320474777448071,312,335,0.9313432835820895
current_339,terrain_landcover_ae,427,674,0.6335311572700296,312,335,0.9313432835820895
current_339,terrain_landcover_ae,428,674,0.6350148367952523,312,335,0.9313432835820895
current_339,terrain_landcover_ae,429,674,0.6364985163204748,312,335,0.9313432835820895
current_339,terrain_landcover_ae,430,674,0.6379821958456974,312,335,0.9313432835820895
current_339,terrain_landcover_ae,431,674,0.6394658753709199,312,335,0.9313432835820895
current_339,terrain_landcover_ae,432,674,0.6409495548961425,312,335,0.9313432835820895
current_339,terrain_landcover_ae,433,674,0.642433234421365,312,335,0.9313432835820895
current_339,terrain_landcover_ae,434,674,0.6439169139465876,312,335,0.9313432835820895
current_339,terrain_landcover_ae,435,674,0.6454005934718101,312,335,0.9313432835820895
current_339,terrain_landcover_ae,436,674,0.6468842729970327,312,335,0.9313432835820895
current_339,terrain_landcover_ae,437,674,0.6483679525222552,312,335,0.9313432835820895
current_339,terrain_landcover_ae,438,674,0.6498516320474778,312,335,0.9313432835820895
current_339,terrain_landcover_ae,439,674,0.6513353115727003,312,335,0.9313432835820895
current_339,terrain_landcover_ae,440,674,0.6528189910979229,313,335,0.9343283582089552
current_339,terrain_landcover_ae,441,674,0.6543026706231454,313,335,0.9343283582089552
current_339,terrain_landcover_ae,442,674,0.655786350148368,313,335,0.9343283582089552
current_339,terrain_landcover_ae,443,674,0.6572700296735905,313,335,0.9343283582089552
current_339,terrain_landcover_ae,444,674,0.658753709198813,313,335,0.9343283582089552
current_339,terrain_landcover_ae,445,674,0.6602373887240356,313,335,0.9343283582089552
current_339,terrain_landcover_ae,446,674,0.6617210682492581,314,335,0.9373134328358209
current_339,terrain_landcover_ae,447,674,0.6632047477744807,314,335,0.9373134328358209
current_339,terrain_landcover_ae,448,674,0.6646884272997032,315,335,0.9402985074626866
current_339,terrain_landcover_ae,449,674,0.6661721068249258,315,335,0.9402985074626866
current_339,terrain_landcover_ae,450,674,0.6676557863501483,315,335,0.9402985074626866
current_339,terrain_landcover_ae,451,674,0.6691394658753709,316,335,0.9432835820895522
current_339,terrain_landcover_ae,452,674,0.6706231454005934,317,335,0.9462686567164179
current_339,terrain_landcover_ae,453,674,0.672106824925816,317,335,0.9462686567164179
current_339,terrain_landcover_ae,454,674,0.6735905044510386,317,335,0.9462686567164179
current_339,terrain_landcover_ae,455,674,0.6750741839762612,317,335,0.9462686567164179
current_339,terrain_landcover_ae,456,674,0.6765578635014837,317,335,0.9462686567164179
current_339,terrain_landcover_ae,457,674,0.6780415430267063,317,335,0.9462686567164179
current_339,terrain_landcover_ae,458,674,0.6795252225519288,317,335,0.9462686567164179
current_339,terrain_landcover_ae,459,674,0.6810089020771514,317,335,0.9462686567164179
current_339,terrain_landcover_ae,460,674,0.6824925816023739,318,335,0.9492537313432836
current_339,terrain_landcover_ae,461,674,0.6839762611275965,319,335,0.9522388059701492
current_339,terrain_landcover_ae,462,674,0.685459940652819,319,335,0.9522388059701492
current_339,terrain_landcover_ae,463,674,0.6869436201780416,319,335,0.9522388059701492
current_339,terrain_landcover_ae,464,674,0.6884272997032641,319,335,0.9522388059701492
current_339,terrain_landcover_ae,465,674,0.6899109792284867,319,335,0.9522388059701492
current_339,terrain_landcover_ae,466,674,0.6913946587537092,319,335,0.9522388059701492
current_339,terrain_landcover_ae,467,674,0.6928783382789317,319,335,0.9522388059701492
current_339,terrain_landcover_ae,468,674,0.6943620178041543,319,335,0.9522388059701492
current_339,terrain_landcover_ae,469,674,0.6958456973293768,320,335,0.9552238805970149
current_339,terrain_landcover_ae,470,674,0.6973293768545994,320,335,0.9552238805970149
current_339,terrain_landcover_ae,471,674,0.6988130563798219,321,335,0.9582089552238806
current_339,terrain_landcover_ae,472,674,0.7002967359050445,321,335,0.9582089552238806
current_339,terrain_landcover_ae,473,674,0.701780415430267,321,335,0.9582089552238806
current_339,terrain_landcover_ae,474,674,0.7032640949554896,321,335,0.9582089552238806
current_339,terrain_landcover_ae,475,674,0.7047477744807121,321,335,0.9582089552238806
current_339,terrain_landcover_ae,476,674,0.7062314540059347,321,335,0.9582089552238806
current_339,terrain_landcover_ae,477,674,0.7077151335311572,321,335,0.9582089552238806
current_339,terrain_landcover_ae,478,674,0.7091988130563798,321,335,0.9582089552238806
current_339,terrain_landcover_ae,479,674,0.7106824925816023,321,335,0.9582089552238806
current_339,terrain_landcover_ae,480,674,0.712166172106825,322,335,0.9611940298507463
current_339,terrain_landcover_ae,481,674,0.7136498516320475,322,335,0.9611940298507463
current_339,terrain_landcover_ae,482,674,0.7151335311572701,322,335,0.9611940298507463
current_339,terrain_landcover_ae,483,674,0.7166172106824926,322,335,0.9611940298507463
current_339,terrain_landcover_ae,484,674,0.7181008902077152,322,335,0.9611940298507463
current_339,terrain_landcover_ae,485,674,0.7195845697329377,322,335,0.9611940298507463
current_339,terrain_landcover_ae,486,674,0.7210682492581603,323,335,0.9641791044776119
current_339,terrain_landcover_ae,487,674,0.7225519287833828,323,335,0.9641791044776119
current_339,terrain_landcover_ae,488,674,0.7240356083086054,323,335,0.9641791044776119
current_339,terrain_landcover_ae,489,674,0.7255192878338279,323,335,0.9641791044776119
current_339,terrain_landcover_ae,490,674,0.7270029673590505,323,335,0.9641791044776119
current_339,terrain_landcover_ae,491,674,0.728486646884273,323,335,0.9641791044776119
current_339,terrain_landcover_ae,492,674,0.7299703264094956,323,335,0.9641791044776119
current_339,terrain_landcover_ae,493,674,0.7314540059347181,323,335,0.9641791044776119
current_339,terrain_landcover_ae,494,674,0.7329376854599406,323,335,0.9641791044776119
current_339,terrain_landcover_ae,495,674,0.7344213649851632,323,335,0.9641791044776119
current_339,terrain_landcover_ae,496,674,0.7359050445103857,323,335,0.9641791044776119
current_339,terrain_landcover_ae,497,674,0.7373887240356083,323,335,0.9641791044776119
current_339,terrain_landcover_ae,498,674,0.7388724035608308,323,335,0.9641791044776119
current_339,terrain_landcover_ae,499,674,0.7403560830860534,323,335,0.9641791044776119
current_339,terrain_landcover_ae,500,674,0.7418397626112759,323,335,0.9641791044776119
current_339,terrain_landcover_ae,501,674,0.7433234421364985,323,335,0.9641791044776119
current_339,terrain_landcover_ae,502,674,0.744807121661721,323,335,0.9641791044776119
current_339,terrain_landcover_ae,503,674,0.7462908011869436,323,335,0.9641791044776119
current_339,terrain_landcover_ae,504,674,0.7477744807121661,323,335,0.9641791044776119
current_339,terrain_landcover_ae,505,674,0.7492581602373887,323,335,0.9641791044776119
current_339,terrain_landcover_ae,506,674,0.7507418397626113,323,335,0.9641791044776119
current_339,terrain_landcover_ae,507,674,0.7522255192878339,323,335,0.9641791044776119
current_339,terrain_landcover_ae,508,674,0.7537091988130564,323,335,0.9641791044776119
current_339,terrain_landcover_ae,509,674,0.755192878338279,324,335,0.9671641791044776
current_339,terrain_landcover_ae,510,674,0.7566765578635015,324,335,0.9671641791044776
current_339,terrain_landcover_ae,511,674,0.7581602373887241,324,335,0.9671641791044776
current_339,terrain_landcover_ae,512,674,0.7596439169139466,324,335,0.9671641791044776
current_339,terrain_landcover_ae,513,674,0.7611275964391692,324,335,0.9671641791044776
current_339,terrain_landcover_ae,514,674,0.7626112759643917,324,335,0.9671641791044776
current_339,terrain_landcover_ae,515,674,0.7640949554896143,324,335,0.9671641791044776
current_339,terrain_landcover_ae,516,674,0.7655786350148368,324,335,0.9671641791044776
current_339,terrain_landcover_ae,517,674,0.7670623145400594,324,335,0.9671641791044776
current_339,terrain_landcover_ae,518,674,0.7685459940652819,324,335,0.9671641791044776
current_339,terrain_landcover_ae,519,674,0.7700296735905044,324,335,0.9671641791044776
current_339,terrain_landcover_ae,520,674,0.771513353115727,324,335,0.9671641791044776
current_339,terrain_landcover_ae,521,674,0.7729970326409495,324,335,0.9671641791044776
current_339,terrain_landcover_ae,522,674,0.7744807121661721,324,335,0.9671641791044776
current_339,terrain_landcover_ae,523,674,0.7759643916913946,324,335,0.9671641791044776
current_339,terrain_landcover_ae,524,674,0.7774480712166172,324,335,0.9671641791044776
current_339,terrain_landcover_ae,525,674,0.7789317507418397,324,335,0.9671641791044776
current_339,terrain_landcover_ae,526,674,0.7804154302670623,324,335,0.9671641791044776
current_339,terrain_landcover_ae,527,674,0.7818991097922848,324,335,0.9671641791044776
current_339,terrain_landcover_ae,528,674,0.7833827893175074,324,335,0.9671641791044776
current_339,terrain_landcover_ae,529,674,0.7848664688427299,324,335,0.9671641791044776
current_339,terrain_landcover_ae,530,674,0.7863501483679525,324,335,0.9671641791044776
current_339,terrain_landcover_ae,531,674,0.787833827893175,324,335,0.9671641791044776
current_339,terrain_landcover_ae,532,674,0.7893175074183977,324,335,0.9671641791044776
current_339,terrain_landcover_ae,533,674,0.7908011869436202,324,335,0.9671641791044776
current_339,terrain_landcover_ae,534,674,0.7922848664688428,324,335,0.9671641791044776
current_339,terrain_landcover_ae,535,674,0.7937685459940653,324,335,0.9671641791044776
current_339,terrain_landcover_ae,536,674,0.7952522255192879,324,335,0.9671641791044776
current_339,terrain_landcover_ae,537,674,0.7967359050445104,324,335,0.9671641791044776
current_339,terrain_landcover_ae,538,674,0.798219584569733,324,335,0.9671641791044776
current_339,terrain_landcover_ae,539,674,0.7997032640949555,324,335,0.9671641791044776
current_339,terrain_landcover_ae,540,674,0.8011869436201781,324,335,0.9671641791044776
current_339,terrain_landcover_ae,541,674,0.8026706231454006,324,335,0.9671641791044776
current_339,terrain_landcover_ae,542,674,0.8041543026706232,324,335,0.9671641791044776
current_339,terrain_landcover_ae,543,674,0.8056379821958457,324,335,0.9671641791044776
current_339,terrain_landcover_ae,544,674,0.8071216617210683,325,335,0.9701492537313433
current_339,terrain_landcover_ae,545,674,0.8086053412462908,325,335,0.9701492537313433
current_339,terrain_landcover_ae,546,674,0.8100890207715133,325,335,0.9701492537313433
current_339,terrain_landcover_ae,547,674,0.8115727002967359,326,335,0.9731343283582089
current_339,terrain_landcover_ae,548,674,0.8130563798219584,326,335,0.9731343283582089
current_339,terrain_landcover_ae,549,674,0.814540059347181,326,335,0.9731343283582089
current_339,terrain_landcover_ae,550,674,0.8160237388724035,327,335,0.9761194029850746
current_339,terrain_landcover_ae,551,674,0.8175074183976261,327,335,0.9761194029850746
current_339,terrain_landcover_ae,552,674,0.8189910979228486,328,335,0.9791044776119403
current_339,terrain_landcover_ae,553,674,0.8204747774480712,329,335,0.982089552238806
current_339,terrain_landcover_ae,554,674,0.8219584569732937,329,335,0.982089552238806
current_339,terrain_landcover_ae,555,674,0.8234421364985163,329,335,0.982089552238806
current_339,terrain_landcover_ae,556,674,0.8249258160237388,329,335,0.982089552238806
current_339,terrain_landcover_ae,557,674,0.8264094955489614,329,335,0.982089552238806
current_339,terrain_landcover_ae,558,674,0.827893175074184,329,335,0.982089552238806
current_339,terrain_landcover_ae,559,674,0.8293768545994066,329,335,0.982089552238806
current_339,terrain_landcover_ae,560,674,0.8308605341246291,329,335,0.982089552238806
current_339,terrain_landcover_ae,561,674,0.8323442136498517,329,335,0.982089552238806
current_339,terrain_landcover_ae,562,674,0.8338278931750742,330,335,0.9850746268656716
current_339,terrain_landcover_ae,563,674,0.8353115727002968,330,335,0.9850746268656716
current_339,terrain_landcover_ae,564,674,0.8367952522255193,330,335,0.9850746268656716
current_339,terrain_landcover_ae,565,674,0.8382789317507419,330,335,0.9850746268656716
current_339,terrain_landcover_ae,566,674,0.8397626112759644,330,335,0.9850746268656716
current_339,terrain_landcover_ae,567,674,0.841246290801187,330,335,0.9850746268656716
current_339,terrain_landcover_ae,568,674,0.8427299703264095,330,335,0.9850746268656716
current_339,terrain_landcover_ae,569,674,0.844213649851632,330,335,0.9850746268656716
current_339,terrain_landcover_ae,570,674,0.8456973293768546,330,335,0.9850746268656716
current_339,terrain_landcover_ae,571,674,0.8471810089020771,330,335,0.9850746268656716
current_339,terrain_landcover_ae,572,674,0.8486646884272997,330,335,0.9850746268656716
current_339,terrain_landcover_ae,573,674,0.8501483679525222,330,335,0.9850746268656716
current_339,terrain_landcover_ae,574,674,0.8516320474777448,330,335,0.9850746268656716
current_339,terrain_landcover_ae,575,674,0.8531157270029673,330,335,0.9850746268656716
current_339,terrain_landcover_ae,576,674,0.8545994065281899,330,335,0.9850746268656716
current_339,terrain_landcover_ae,577,674,0.8560830860534124,330,335,0.9850746268656716
current_339,terrain_landcover_ae,578,674,0.857566765578635,330,335,0.9850746268656716
current_339,terrain_landcover_ae,579,674,0.8590504451038575,331,335,0.9880597014925373
current_339,terrain_landcover_ae,580,674,0.8605341246290801,331,335,0.9880597014925373
current_339,terrain_landcover_ae,581,674,0.8620178041543026,331,335,0.9880597014925373
current_339,terrain_landcover_ae,582,674,0.8635014836795252,331,335,0.9880597014925373
current_339,terrain_landcover_ae,583,674,0.8649851632047477,331,335,0.9880597014925373
current_339,terrain_landcover_ae,584,674,0.8664688427299704,331,335,0.9880597014925373
current_339,terrain_landcover_ae,585,674,0.8679525222551929,331,335,0.9880597014925373
current_339,terrain_landcover_ae,586,674,0.8694362017804155,331,335,0.9880597014925373
current_339,terrain_landcover_ae,587,674,0.870919881305638,331,335,0.9880597014925373
current_339,terrain_landcover_ae,588,674,0.8724035608308606,331,335,0.9880597014925373
current_339,terrain_landcover_ae,589,674,0.8738872403560831,331,335,0.9880597014925373
current_339,terrain_landcover_ae,590,674,0.8753709198813057,331,335,0.9880597014925373
current_339,terrain_landcover_ae,591,674,0.8768545994065282,331,335,0.9880597014925373
current_339,terrain_landcover_ae,592,674,0.8783382789317508,331,335,0.9880597014925373
current_339,terrain_landcover_ae,593,674,0.8798219584569733,331,335,0.9880597014925373
current_339,terrain_landcover_ae,594,674,0.8813056379821959,331,335,0.9880597014925373
current_339,terrain_landcover_ae,595,674,0.8827893175074184,331,335,0.9880597014925373
current_339,terrain_landcover_ae,596,674,0.884272997032641,331,335,0.9880597014925373
current_339,terrain_landcover_ae,597,674,0.8857566765578635,331,335,0.9880597014925373
current_339,terrain_landcover_ae,598,674,0.887240356083086,331,335,0.9880597014925373
current_339,terrain_landcover_ae,599,674,0.8887240356083086,331,335,0.9880597014925373
current_339,terrain_landcover_ae,600,674,0.8902077151335311,331,335,0.9880597014925373
current_339,terrain_landcover_ae,601,674,0.8916913946587537,331,335,0.9880597014925373
current_339,terrain_landcover_ae,602,674,0.8931750741839762,331,335,0.9880597014925373
current_339,terrain_landcover_ae,603,674,0.8946587537091988,331,335,0.9880597014925373
current_339,terrain_landcover_ae,604,674,0.8961424332344213,331,335,0.9880597014925373
current_339,terrain_landcover_ae,605,674,0.8976261127596439,331,335,0.9880597014925373
current_339,terrain_landcover_ae,606,674,0.8991097922848664,331,335,0.9880597014925373
current_339,terrain_landcover_ae,607,674,0.900593471810089,331,335,0.9880597014925373
current_339,terrain_landcover_ae,608,674,0.9020771513353115,331,335,0.9880597014925373
current_339,terrain_landcover_ae,609,674,0.9035608308605341,331,335,0.9880597014925373
current_339,terrain_landcover_ae,610,674,0.9050445103857567,331,335,0.9880597014925373
current_339,terrain_landcover_ae,611,674,0.9065281899109793,331,335,0.9880597014925373
current_339,terrain_landcover_ae,612,674,0.9080118694362018,331,335,0.9880597014925373
current_339,terrain_landcover_ae,613,674,0.9094955489614244,332,335,0.991044776119403
current_339,terrain_landcover_ae,614,674,0.9109792284866469,332,335,0.991044776119403
current_339,terrain_landcover_ae,615,674,0.9124629080118695,332,335,0.991044776119403
current_339,terrain_landcover_ae,616,674,0.913946587537092,332,335,0.991044776119403
current_339,terrain_landcover_ae,617,674,0.9154302670623146,332,335,0.991044776119403
current_339,terrain_landcover_ae,618,674,0.9169139465875371,332,335,0.991044776119403
current_339,terrain_landcover_ae,619,674,0.9183976261127597,332,335,0.991044776119403
current_339,terrain_landcover_ae,620,674,0.9198813056379822,332,335,0.991044776119403
current_339,terrain_landcover_ae,621,674,0.9213649851632048,332,335,0.991044776119403
current_339,terrain_landcover_ae,622,674,0.9228486646884273,332,335,0.991044776119403
current_339,terrain_landcover_ae,623,674,0.9243323442136498,332,335,0.991044776119403
current_339,terrain_landcover_ae,624,674,0.9258160237388724,332,335,0.991044776119403
current_339,terrain_landcover_ae,625,674,0.9272997032640949,332,335,0.991044776119403
current_339,terrain_landcover_ae,626,674,0.9287833827893175,332,335,0.991044776119403
current_339,terrain_landcover_ae,627,674,0.93026706231454,332,335,0.991044776119403
current_339,terrain_landcover_ae,628,674,0.9317507418397626,332,335,0.991044776119403
current_339,terrain_landcover_ae,629,674,0.9332344213649851,332,335,0.991044776119403
current_339,terrain_landcover_ae,630,674,0.9347181008902077,332,335,0.991044776119403
current_339,terrain_landcover_ae,631,674,0.9362017804154302,332,335,0.991044776119403
current_339,terrain_landcover_ae,632,674,0.9376854599406528,332,335,0.991044776119403
current_339,terrain_landcover_ae,633,674,0.9391691394658753,333,335,0.9940298507462687
current_339,terrain_landcover_ae,634,674,0.9406528189910979,334,335,0.9970149253731343
current_339,terrain_landcover_ae,635,674,0.9421364985163204,334,335,0.9970149253731343
current_339,terrain_landcover_ae,636,674,0.9436201780415431,334,335,0.9970149253731343
current_339,terrain_landcover_ae,637,674,0.9451038575667656,334,335,0.9970149253731343
current_339,terrain_landcover_ae,638,674,0.9465875370919882,334,335,0.9970149253731343
current_339,terrain_landcover_ae,639,674,0.9480712166172107,334,335,0.9970149253731343
current_339,terrain_landcover_ae,640,674,0.9495548961424333,335,335,1.0
current_339,terrain_landcover_ae,641,674,0.9510385756676558,335,335,1.0
current_339,terrain_landcover_ae,642,674,0.9525222551928784,335,335,1.0
current_339,terrain_landcover_ae,643,674,0.9540059347181009,335,335,1.0
current_339,terrain_landcover_ae,644,674,0.9554896142433235,335,335,1.0
current_339,terrain_landcover_ae,645,674,0.956973293768546,335,335,1.0
current_339,terrain_landcover_ae,646,674,0.9584569732937686,335,335,1.0
current_339,terrain_landcover_ae,647,674,0.9599406528189911,335,335,1.0
current_339,terrain_landcover_ae,648,674,0.9614243323442137,335,335,1.0
current_339,terrain_landcover_ae,649,674,0.9629080118694362,335,335,1.0
current_339,terrain_landcover_ae,650,674,0.9643916913946587,335,335,1.0
current_339,terrain_landcover_ae,651,674,0.9658753709198813,335,335,1.0
current_339,terrain_landcover_ae,652,674,0.9673590504451038,335,335,1.0
current_339,terrain_landcover_ae,653,674,0.9688427299703264,335,335,1.0
current_339,terrain_landcover_ae,654,674,0.9703264094955489,335,335,1.0
current_339,terrain_landcover_ae,655,674,0.9718100890207715,335,335,1.0
current_339,terrain_landcover_ae,656,674,0.973293768545994,335,335,1.0
current_339,terrain_landcover_ae,657,674,0.9747774480712166,335,335,1.0
current_339,terrain_landcover_ae,658,674,0.9762611275964391,335,335,1.0
current_339,terrain_landcover_ae,659,674,0.9777448071216617,335,335,1.0
current_339,terrain_landcover_ae,660,674,0.9792284866468842,335,335,1.0
current_339,terrain_landcover_ae,661,674,0.9807121661721068,335,335,1.0
current_339,terrain_landcover_ae,662,674,0.9821958456973294,335,335,1.0
current_339,terrain_landcover_ae,663,674,0.983679525222552,335,335,1.0
current_339,terrain_landcover_ae,664,674,0.9851632047477745,335,335,1.0
current_339,terrain_landcover_ae,665,674,0.9866468842729971,335,335,1.0
current_339,terrain_landcover_ae,666,674,0.9881305637982196,335,335,1.0
current_339,terrain_landcover_ae,667,674,0.9896142433234422,335,335,1.0
current_339,terrain_landcover_ae,668,674,0.9910979228486647,335,335,1.0
current_339,terrain_landcover_ae,669,674,0.9925816023738873,335,335,1.0
current_339,terrain_landcover_ae,670,674,0.9940652818991098,335,335,1.0
current_339,terrain_landcover_ae,671,674,0.9955489614243324,335,335,1.0
current_339,terrain_landcover_ae,672,674,0.9970326409495549,335,335,1.0
current_339,terrain_landcover_ae,673,674,0.9985163204747775,335,335,1.0
current_339,terrain_landcover_ae,674,674,1.0,335,335,1.0
redraw_year_matched_20261005,terrain_landcover,0,674,0.0,0,335,0.0
redraw_year_matched_20261005,terrain_landcover,1,674,0.001483679525222552,1,335,0.0029850746268656717
redraw_year_matched_20261005,terrain_landcover,2,674,0.002967359050445104,2,335,0.005970149253731343
redraw_year_matched_20261005,terrain_landcover,3,674,0.004451038575667656,3,335,0.008955223880597015
redraw_year_matched_20261005,terrain_landcover,4,674,0.005934718100890208,4,335,0.011940298507462687
redraw_year_matched_20261005,terrain_landcover,5,674,0.00741839762611276,5,335,0.014925373134328358
redraw_year_matched_20261005,terrain_landcover,6,674,0.008902077151335312,6,335,0.01791044776119403
redraw_year_matched_20261005,terrain_landcover,7,674,0.010385756676557863,7,335,0.020895522388059702
redraw_year_matched_20261005,terrain_landcover,8,674,0.011869436201780416,8,335,0.023880597014925373
redraw_year_matched_20261005,terrain_landcover,9,674,0.013353115727002967,9,335,0.026865671641791045
redraw_year_matched_20261005,terrain_landcover,10,674,0.01483679525222552,9,335,0.026865671641791045
redraw_year_matched_20261005,terrain_landcover,11,674,0.016320474777448073,9,335,0.026865671641791045
redraw_year_matched_20261005,terrain_landcover,12,674,0.017804154302670624,10,335,0.029850746268656716
redraw_year_matched_20261005,terrain_landcover,13,674,0.019287833827893175,11,335,0.03283582089552239
redraw_year_matched_20261005,terrain_landcover,14,674,0.020771513353115726,12,335,0.03582089552238806
redraw_year_matched_20261005,terrain_landcover,15,674,0.02225519287833828,12,335,0.03582089552238806
redraw_year_matched_20261005,terrain_landcover,16,674,0.02373887240356083,13,335,0.03880597014925373
redraw_year_matched_20261005,terrain_landcover,17,674,0.025222551928783383,14,335,0.041791044776119404
redraw_year_matched_20261005,terrain_landcover,18,674,0.026706231454005934,15,335,0.04477611940298507
redraw_year_matched_20261005,terrain_landcover,19,674,0.028189910979228485,15,335,0.04477611940298507
redraw_year_matched_20261005,terrain_landcover,20,674,0.02967359050445104,15,335,0.04477611940298507
redraw_year_matched_20261005,terrain_landcover,21,674,0.03115727002967359,16,335,0.04776119402985075
redraw_year_matched_20261005,terrain_landcover,22,674,0.032640949554896145,17,335,0.050746268656716415
redraw_year_matched_20261005,terrain_landcover,23,674,0.03412462908011869,18,335,0.05373134328358209
redraw_year_matched_20261005,terrain_landcover,24,674,0.03560830860534125,18,335,0.05373134328358209
redraw_year_matched_20261005,terrain_landcover,25,674,0.037091988130563795,19,335,0.056716417910447764
redraw_year_matched_20261005,terrain_landcover,26,674,0.03857566765578635,19,335,0.056716417910447764
redraw_year_matched_20261005,terrain_landcover,27,674,0.040059347181008904,19,335,0.056716417910447764
redraw_year_matched_20261005,terrain_landcover,28,674,0.04154302670623145,20,335,0.05970149253731343
redraw_year_matched_20261005,terrain_landcover,29,674,0.04302670623145401,20,335,0.05970149253731343
redraw_year_matched_20261005,terrain_landcover,30,674,0.04451038575667656,21,335,0.0626865671641791
redraw_year_matched_20261005,terrain_landcover,31,674,0.04599406528189911,22,335,0.06567164179104477
redraw_year_matched_20261005,terrain_landcover,32,674,0.04747774480712166,22,335,0.06567164179104477
redraw_year_matched_20261005,terrain_landcover,33,674,0.04896142433234421,23,335,0.06865671641791045
redraw_year_matched_20261005,terrain_landcover,34,674,0.050445103857566766,23,335,0.06865671641791045
redraw_year_matched_20261005,terrain_landcover,35,674,0.05192878338278932,24,335,0.07164179104477612
redraw_year_matched_20261005,terrain_landcover,36,674,0.05341246290801187,24,335,0.07164179104477612
redraw_year_matched_20261005,terrain_landcover,37,674,0.05489614243323442,25,335,0.07462686567164178
redraw_year_matched_20261005,terrain_landcover,38,674,0.05637982195845697,26,335,0.07761194029850746
redraw_year_matched_20261005,terrain_landcover,39,674,0.057863501483679525,27,335,0.08059701492537313
redraw_year_matched_20261005,terrain_landcover,40,674,0.05934718100890208,27,335,0.08059701492537313
redraw_year_matched_20261005,terrain_landcover,41,674,0.06083086053412463,28,335,0.08358208955223881
redraw_year_matched_20261005,terrain_landcover,42,674,0.06231454005934718,29,335,0.08656716417910448
redraw_year_matched_20261005,terrain_landcover,43,674,0.06379821958456973,30,335,0.08955223880597014
redraw_year_matched_20261005,terrain_landcover,44,674,0.06528189910979229,31,335,0.09253731343283582
redraw_year_matched_20261005,terrain_landcover,45,674,0.06676557863501484,31,335,0.09253731343283582
redraw_year_matched_20261005,terrain_landcover,46,674,0.06824925816023739,32,335,0.0955223880597015
redraw_year_matched_20261005,terrain_landcover,47,674,0.06973293768545995,32,335,0.0955223880597015
redraw_year_matched_20261005,terrain_landcover,48,674,0.0712166172106825,33,335,0.09850746268656717
redraw_year_matched_20261005,terrain_landcover,49,674,0.07270029673590504,33,335,0.09850746268656717
redraw_year_matched_20261005,terrain_landcover,50,674,0.07418397626112759,34,335,0.10149253731343283
redraw_year_matched_20261005,terrain_landcover,51,674,0.07566765578635015,35,335,0.1044776119402985
redraw_year_matched_20261005,terrain_landcover,52,674,0.0771513353115727,36,335,0.10746268656716418
redraw_year_matched_20261005,terrain_landcover,53,674,0.07863501483679525,37,335,0.11044776119402985
redraw_year_matched_20261005,terrain_landcover,54,674,0.08011869436201781,38,335,0.11343283582089553
redraw_year_matched_20261005,terrain_landcover,55,674,0.08160237388724036,39,335,0.11641791044776119
redraw_year_matched_20261005,terrain_landcover,56,674,0.0830860534124629,40,335,0.11940298507462686
redraw_year_matched_20261005,terrain_landcover,57,674,0.08456973293768547,41,335,0.12238805970149254
redraw_year_matched_20261005,terrain_landcover,58,674,0.08605341246290801,41,335,0.12238805970149254
redraw_year_matched_20261005,terrain_landcover,59,674,0.08753709198813056,42,335,0.1253731343283582
redraw_year_matched_20261005,terrain_landcover,60,674,0.08902077151335312,43,335,0.12835820895522387
redraw_year_matched_20261005,terrain_landcover,61,674,0.09050445103857567,44,335,0.13134328358208955
redraw_year_matched_20261005,terrain_landcover,62,674,0.09198813056379822,45,335,0.13432835820895522
redraw_year_matched_20261005,terrain_landcover,63,674,0.09347181008902077,46,335,0.1373134328358209
redraw_year_matched_20261005,terrain_landcover,64,674,0.09495548961424333,47,335,0.14029850746268657
redraw_year_matched_20261005,terrain_landcover,65,674,0.09643916913946587,47,335,0.14029850746268657
redraw_year_matched_20261005,terrain_landcover,66,674,0.09792284866468842,48,335,0.14328358208955225
redraw_year_matched_20261005,terrain_landcover,67,674,0.09940652818991098,49,335,0.14626865671641792
redraw_year_matched_20261005,terrain_landcover,68,674,0.10089020771513353,50,335,0.14925373134328357
redraw_year_matched_20261005,terrain_landcover,69,674,0.10237388724035608,51,335,0.15223880597014924
redraw_year_matched_20261005,terrain_landcover,70,674,0.10385756676557864,51,335,0.15223880597014924
redraw_year_matched_20261005,terrain_landcover,71,674,0.10534124629080119,52,335,0.15522388059701492
redraw_year_matched_20261005,terrain_landcover,72,674,0.10682492581602374,52,335,0.15522388059701492
redraw_year_matched_20261005,terrain_landcover,73,674,0.1083086053412463,53,335,0.1582089552238806
redraw_year_matched_20261005,terrain_landcover,74,674,0.10979228486646884,54,335,0.16119402985074627
redraw_year_matched_20261005,terrain_landcover,75,674,0.11127596439169139,55,335,0.16417910447761194
redraw_year_matched_20261005,terrain_landcover,76,674,0.11275964391691394,56,335,0.16716417910447762
redraw_year_matched_20261005,terrain_landcover,77,674,0.1142433234421365,57,335,0.1701492537313433
redraw_year_matched_20261005,terrain_landcover,78,674,0.11572700296735905,58,335,0.17313432835820897
redraw_year_matched_20261005,terrain_landcover,79,674,0.1172106824925816,59,335,0.1761194029850746
redraw_year_matched_20261005,terrain_landcover,80,674,0.11869436201780416,60,335,0.1791044776119403
redraw_year_matched_20261005,terrain_landcover,81,674,0.1201780415430267,61,335,0.18208955223880596
redraw_year_matched_20261005,terrain_landcover,82,674,0.12166172106824925,62,335,0.18507462686567164
redraw_year_matched_20261005,terrain_landcover,83,674,0.12314540059347182,63,335,0.1880597014925373
redraw_year_matched_20261005,terrain_landcover,84,674,0.12462908011869436,63,335,0.1880597014925373
redraw_year_matched_20261005,terrain_landcover,85,674,0.1261127596439169,64,335,0.191044776119403
redraw_year_matched_20261005,terrain_landcover,86,674,0.12759643916913946,65,335,0.19402985074626866
redraw_year_matched_20261005,terrain_landcover,87,674,0.129080118694362,66,335,0.19701492537313434
redraw_year_matched_20261005,terrain_landcover,88,674,0.13056379821958458,66,335,0.19701492537313434
redraw_year_matched_20261005,terrain_landcover,89,674,0.13204747774480713,67,335,0.2
redraw_year_matched_20261005,terrain_landcover,90,674,0.13353115727002968,68,335,0.20298507462686566
redraw_year_matched_20261005,terrain_landcover,91,674,0.13501483679525222,69,335,0.20597014925373133
redraw_year_matched_20261005,terrain_landcover,92,674,0.13649851632047477,70,335,0.208955223880597
redraw_year_matched_20261005,terrain_landcover,93,674,0.13798219584569732,71,335,0.21194029850746268
redraw_year_matched_20261005,terrain_landcover,94,674,0.1394658753709199,72,335,0.21492537313432836
redraw_year_matched_20261005,terrain_landcover,95,674,0.14094955489614244,73,335,0.21791044776119403
redraw_year_matched_20261005,terrain_landcover,96,674,0.142433234421365,74,335,0.2208955223880597
redraw_year_matched_20261005,terrain_landcover,97,674,0.14391691394658754,75,335,0.22388059701492538
redraw_year_matched_20261005,terrain_landcover,98,674,0.14540059347181009,76,335,0.22686567164179106
redraw_year_matched_20261005,terrain_landcover,99,674,0.14688427299703263,77,335,0.2298507462686567
redraw_year_matched_20261005,terrain_landcover,100,674,0.14836795252225518,78,335,0.23283582089552238
redraw_year_matched_20261005,terrain_landcover,101,674,0.14985163204747776,79,335,0.23582089552238805
redraw_year_matched_20261005,terrain_landcover,102,674,0.1513353115727003,80,335,0.23880597014925373
redraw_year_matched_20261005,terrain_landcover,103,674,0.15281899109792285,81,335,0.2417910447761194
redraw_year_matched_20261005,terrain_landcover,104,674,0.1543026706231454,81,335,0.2417910447761194
redraw_year_matched_20261005,terrain_landcover,105,674,0.15578635014836795,81,335,0.2417910447761194
redraw_year_matched_20261005,terrain_landcover,106,674,0.1572700296735905,82,335,0.24477611940298508
redraw_year_matched_20261005,terrain_landcover,107,674,0.15875370919881307,83,335,0.24776119402985075
redraw_year_matched_20261005,terrain_landcover,108,674,0.16023738872403562,83,335,0.24776119402985075
redraw_year_matched_20261005,terrain_landcover,109,674,0.16172106824925817,84,335,0.2507462686567164
redraw_year_matched_20261005,terrain_landcover,110,674,0.1632047477744807,85,335,0.2537313432835821
redraw_year_matched_20261005,terrain_landcover,111,674,0.16468842729970326,86,335,0.25671641791044775
redraw_year_matched_20261005,terrain_landcover,112,674,0.1661721068249258,87,335,0.25970149253731345
redraw_year_matched_20261005,terrain_landcover,113,674,0.16765578635014836,88,335,0.2626865671641791
redraw_year_matched_20261005,terrain_landcover,114,674,0.16913946587537093,89,335,0.2656716417910448
redraw_year_matched_20261005,terrain_landcover,115,674,0.17062314540059348,90,335,0.26865671641791045
redraw_year_matched_20261005,terrain_landcover,116,674,0.17210682492581603,91,335,0.2716417910447761
redraw_year_matched_20261005,terrain_landcover,117,674,0.17359050445103857,92,335,0.2746268656716418
redraw_year_matched_20261005,terrain_landcover,118,674,0.17507418397626112,93,335,0.27761194029850744
redraw_year_matched_20261005,terrain_landcover,119,674,0.17655786350148367,94,335,0.28059701492537314
redraw_year_matched_20261005,terrain_landcover,120,674,0.17804154302670624,95,335,0.2835820895522388
redraw_year_matched_20261005,terrain_landcover,121,674,0.1795252225519288,95,335,0.2835820895522388
redraw_year_matched_20261005,terrain_landcover,122,674,0.18100890207715134,95,335,0.2835820895522388
redraw_year_matched_20261005,terrain_landcover,123,674,0.1824925816023739,96,335,0.2865671641791045
redraw_year_matched_20261005,terrain_landcover,124,674,0.18397626112759644,97,335,0.28955223880597014
redraw_year_matched_20261005,terrain_landcover,125,674,0.18545994065281898,98,335,0.29253731343283584
redraw_year_matched_20261005,terrain_landcover,126,674,0.18694362017804153,99,335,0.2955223880597015
redraw_year_matched_20261005,terrain_landcover,127,674,0.1884272997032641,100,335,0.29850746268656714
redraw_year_matched_20261005,terrain_landcover,128,674,0.18991097922848665,101,335,0.30149253731343284
redraw_year_matched_20261005,terrain_landcover,129,674,0.1913946587537092,102,335,0.3044776119402985
redraw_year_matched_20261005,terrain_landcover,130,674,0.19287833827893175,103,335,0.3074626865671642
redraw_year_matched_20261005,terrain_landcover,131,674,0.1943620178041543,104,335,0.31044776119402984
redraw_year_matched_20261005,terrain_landcover,132,674,0.19584569732937684,105,335,0.31343283582089554
redraw_year_matched_20261005,terrain_landcover,133,674,0.19732937685459942,106,335,0.3164179104477612
redraw_year_matched_20261005,terrain_landcover,134,674,0.19881305637982197,107,335,0.3194029850746269
redraw_year_matched_20261005,terrain_landcover,135,674,0.20029673590504452,107,335,0.3194029850746269
redraw_year_matched_20261005,terrain_landcover,136,674,0.20178041543026706,108,335,0.32238805970149254
redraw_year_matched_20261005,terrain_landcover,137,674,0.2032640949554896,109,335,0.3253731343283582
redraw_year_matched_20261005,terrain_landcover,138,674,0.20474777448071216,110,335,0.3283582089552239
redraw_year_matched_20261005,terrain_landcover,139,674,0.2062314540059347,111,335,0.33134328358208953
redraw_year_matched_20261005,terrain_landcover,140,674,0.20771513353115728,112,335,0.33432835820895523
redraw_year_matched_20261005,terrain_landcover,141,674,0.20919881305637983,113,335,0.3373134328358209
redraw_year_matched_20261005,terrain_landcover,142,674,0.21068249258160238,114,335,0.3402985074626866
redraw_year_matched_20261005,terrain_landcover,143,674,0.21216617210682492,115,335,0.34328358208955223
redraw_year_matched_20261005,terrain_landcover,144,674,0.21364985163204747,116,335,0.34626865671641793
redraw_year_matched_20261005,terrain_landcover,145,674,0.21513353115727002,116,335,0.34626865671641793
redraw_year_matched_20261005,terrain_landcover,146,674,0.2166172106824926,117,335,0.3492537313432836
redraw_year_matched_20261005,terrain_landcover,147,674,0.21810089020771514,118,335,0.3522388059701492
redraw_year_matched_20261005,terrain_landcover,148,674,0.2195845697329377,119,335,0.35522388059701493
redraw_year_matched_20261005,terrain_landcover,149,674,0.22106824925816024,120,335,0.3582089552238806
redraw_year_matched_20261005,terrain_landcover,150,674,0.22255192878338279,120,335,0.3582089552238806
redraw_year_matched_20261005,terrain_landcover,151,674,0.22403560830860533,121,335,0.3611940298507463
redraw_year_matched_20261005,terrain_landcover,152,674,0.22551928783382788,122,335,0.3641791044776119
redraw_year_matched_20261005,terrain_landcover,153,674,0.22700296735905046,123,335,0.36716417910447763
redraw_year_matched_20261005,terrain_landcover,154,674,0.228486646884273,124,335,0.3701492537313433
redraw_year_matched_20261005,terrain_landcover,155,674,0.22997032640949555,125,335,0.373134328358209
redraw_year_matched_20261005,terrain_landcover,156,674,0.2314540059347181,126,335,0.3761194029850746
redraw_year_matched_20261005,terrain_landcover,157,674,0.23293768545994065,127,335,0.37910447761194027
redraw_year_matched_20261005,terrain_landcover,158,674,0.2344213649851632,127,335,0.37910447761194027
redraw_year_matched_20261005,terrain_landcover,159,674,0.23590504451038577,127,335,0.37910447761194027
redraw_year_matched_20261005,terrain_landcover,160,674,0.23738872403560832,128,335,0.382089552238806
redraw_year_matched_20261005,terrain_landcover,161,674,0.23887240356083086,129,335,0.3850746268656716
redraw_year_matched_20261005,terrain_landcover,162,674,0.2403560830860534,130,335,0.3880597014925373
redraw_year_matched_20261005,terrain_landcover,163,674,0.24183976261127596,131,335,0.39104477611940297
redraw_year_matched_20261005,terrain_landcover,164,674,0.2433234421364985,132,335,0.3940298507462687
redraw_year_matched_20261005,terrain_landcover,165,674,0.24480712166172106,133,335,0.3970149253731343
redraw_year_matched_20261005,terrain_landcover,166,674,0.24629080118694363,134,335,0.4
redraw_year_matched_20261005,terrain_landcover,167,674,0.24777448071216618,135,335,0.40298507462686567
redraw_year_matched_20261005,terrain_landcover,168,674,0.24925816023738873,136,335,0.4059701492537313
redraw_year_matched_20261005,terrain_landcover,169,674,0.2507418397626113,137,335,0.408955223880597
redraw_year_matched_20261005,terrain_landcover,170,674,0.2522255192878338,138,335,0.41194029850746267
redraw_year_matched_20261005,terrain_landcover,171,674,0.25370919881305637,138,335,0.41194029850746267
redraw_year_matched_20261005,terrain_landcover,172,674,0.2551928783382789,139,335,0.41492537313432837
redraw_year_matched_20261005,terrain_landcover,173,674,0.25667655786350146,140,335,0.417910447761194
redraw_year_matched_20261005,terrain_landcover,174,674,0.258160237388724,140,335,0.417910447761194
redraw_year_matched_20261005,terrain_landcover,175,674,0.2596439169139466,141,335,0.4208955223880597
redraw_year_matched_20261005,terrain_landcover,176,674,0.26112759643916916,142,335,0.42388059701492536
redraw_year_matched_20261005,terrain_landcover,177,674,0.2626112759643917,143,335,0.42686567164179107
redraw_year_matched_20261005,terrain_landcover,178,674,0.26409495548961426,144,335,0.4298507462686567
redraw_year_matched_20261005,terrain_landcover,179,674,0.2655786350148368,145,335,0.43283582089552236
redraw_year_matched_20261005,terrain_landcover,180,674,0.26706231454005935,145,335,0.43283582089552236
redraw_year_matched_20261005,terrain_landcover,181,674,0.2685459940652819,146,335,0.43582089552238806
redraw_year_matched_20261005,terrain_landcover,182,674,0.27002967359050445,147,335,0.4388059701492537
redraw_year_matched_20261005,terrain_landcover,183,674,0.271513353115727,148,335,0.4417910447761194
redraw_year_matched_20261005,terrain_landcover,184,674,0.27299703264094954,149,335,0.44477611940298506
redraw_year_matched_20261005,terrain_landcover,185,674,0.2744807121661721,150,335,0.44776119402985076
redraw_year_matched_20261005,terrain_landcover,186,674,0.27596439169139464,151,335,0.4507462686567164
redraw_year_matched_20261005,terrain_landcover,187,674,0.2774480712166172,151,335,0.4507462686567164
redraw_year_matched_20261005,terrain_landcover,188,674,0.2789317507418398,152,335,0.4537313432835821
redraw_year_matched_20261005,terrain_landcover,189,674,0.28041543026706234,153,335,0.45671641791044776
redraw_year_matched_20261005,terrain_landcover,190,674,0.2818991097922849,154,335,0.4597014925373134
redraw_year_matched_20261005,terrain_landcover,191,674,0.28338278931750743,155,335,0.4626865671641791
redraw_year_matched_20261005,terrain_landcover,192,674,0.28486646884273,156,335,0.46567164179104475
redraw_year_matched_20261005,terrain_landcover,193,674,0.28635014836795253,157,335,0.46865671641791046
redraw_year_matched_20261005,terrain_landcover,194,674,0.2878338278931751,158,335,0.4716417910447761
redraw_year_matched_20261005,terrain_landcover,195,674,0.2893175074183976,158,335,0.4716417910447761
redraw_year_matched_20261005,terrain_landcover,196,674,0.29080118694362017,159,335,0.4746268656716418
redraw_year_matched_20261005,terrain_landcover,197,674,0.2922848664688427,160,335,0.47761194029850745
redraw_year_matched_20261005,terrain_landcover,198,674,0.29376854599406527,161,335,0.48059701492537316
redraw_year_matched_20261005,terrain_landcover,199,674,0.2952522255192878,161,335,0.48059701492537316
redraw_year_matched_20261005,terrain_landcover,200,674,0.29673590504451036,162,335,0.4835820895522388
redraw_year_matched_20261005,terrain_landcover,201,674,0.29821958456973297,163,335,0.48656716417910445
redraw_year_matched_20261005,terrain_landcover,202,674,0.2997032640949555,164,335,0.48955223880597015
redraw_year_matched_20261005,terrain_landcover,203,674,0.30118694362017806,164,335,0.48955223880597015
redraw_year_matched_20261005,terrain_landcover,204,674,0.3026706231454006,165,335,0.4925373134328358
redraw_year_matched_20261005,terrain_landcover,205,674,0.30415430267062316,165,335,0.4925373134328358
redraw_year_matched_20261005,terrain_landcover,206,674,0.3056379821958457,165,335,0.4925373134328358
redraw_year_matched_20261005,terrain_landcover,207,674,0.30712166172106825,165,335,0.4925373134328358
redraw_year_matched_20261005,terrain_landcover,208,674,0.3086053412462908,166,335,0.4955223880597015
redraw_year_matched_20261005,terrain_landcover,209,674,0.31008902077151335,166,335,0.4955223880597015
redraw_year_matched_20261005,terrain_landcover,210,674,0.3115727002967359,166,335,0.4955223880597015
redraw_year_matched_20261005,terrain_landcover,211,674,0.31305637982195844,166,335,0.4955223880597015
redraw_year_matched_20261005,terrain_landcover,212,674,0.314540059347181,166,335,0.4955223880597015
redraw_year_matched_20261005,terrain_landcover,213,674,0.31602373887240354,166,335,0.4955223880597015
redraw_year_matched_20261005,terrain_landcover,214,674,0.31750741839762614,166,335,0.4955223880597015
redraw_year_matched_20261005,terrain_landcover,215,674,0.3189910979228487,167,335,0.49850746268656715
redraw_year_matched_20261005,terrain_landcover,216,674,0.32047477744807124,167,335,0.49850746268656715
redraw_year_matched_20261005,terrain_landcover,217,674,0.3219584569732938,168,335,0.5014925373134328
redraw_year_matched_20261005,terrain_landcover,218,674,0.32344213649851633,168,335,0.5014925373134328
redraw_year_matched_20261005,terrain_landcover,219,674,0.3249258160237389,169,335,0.5044776119402985
redraw_year_matched_20261005,terrain_landcover,220,674,0.3264094955489614,170,335,0.5074626865671642
redraw_year_matched_20261005,terrain_landcover,221,674,0.327893175074184,171,335,0.5104477611940299
redraw_year_matched_20261005,terrain_landcover,222,674,0.3293768545994065,172,335,0.5134328358208955
redraw_year_matched_20261005,terrain_landcover,223,674,0.33086053412462907,172,335,0.5134328358208955
redraw_year_matched_20261005,terrain_landcover,224,674,0.3323442136498516,172,335,0.5134328358208955
redraw_year_matched_20261005,terrain_landcover,225,674,0.33382789317507416,173,335,0.5164179104477612
redraw_year_matched_20261005,terrain_landcover,226,674,0.3353115727002967,174,335,0.5194029850746269
redraw_year_matched_20261005,terrain_landcover,227,674,0.3367952522255193,175,335,0.5223880597014925
redraw_year_matched_20261005,terrain_landcover,228,674,0.33827893175074186,176,335,0.5253731343283582
redraw_year_matched_20261005,terrain_landcover,229,674,0.3397626112759644,177,335,0.5283582089552239
redraw_year_matched_20261005,terrain_landcover,230,674,0.34124629080118696,177,335,0.5283582089552239
redraw_year_matched_20261005,terrain_landcover,231,674,0.3427299703264095,178,335,0.5313432835820896
redraw_year_matched_20261005,terrain_landcover,232,674,0.34421364985163205,179,335,0.5343283582089552
redraw_year_matched_20261005,terrain_landcover,233,674,0.3456973293768546,180,335,0.5373134328358209
redraw_year_matched_20261005,terrain_landcover,234,674,0.34718100890207715,180,335,0.5373134328358209
redraw_year_matched_20261005,terrain_landcover,235,674,0.3486646884272997,180,335,0.5373134328358209
redraw_year_matched_20261005,terrain_landcover,236,674,0.35014836795252224,181,335,0.5402985074626866
redraw_year_matched_20261005,terrain_landcover,237,674,0.3516320474777448,182,335,0.5432835820895522
redraw_year_matched_20261005,terrain_landcover,238,674,0.35311572700296734,183,335,0.5462686567164179
redraw_year_matched_20261005,terrain_landcover,239,674,0.3545994065281899,183,335,0.5462686567164179
redraw_year_matched_20261005,terrain_landcover,240,674,0.3560830860534125,184,335,0.5492537313432836
redraw_year_matched_20261005,terrain_landcover,241,674,0.35756676557863504,185,335,0.5522388059701493
redraw_year_matched_20261005,terrain_landcover,242,674,0.3590504451038576,186,335,0.5552238805970149
redraw_year_matched_20261005,terrain_landcover,243,674,0.36053412462908013,186,335,0.5552238805970149
redraw_year_matched_20261005,terrain_landcover,244,674,0.3620178041543027,187,335,0.5582089552238806
redraw_year_matched_20261005,terrain_landcover,245,674,0.36350148367952523,188,335,0.5611940298507463
redraw_year_matched_20261005,terrain_landcover,246,674,0.3649851632047478,188,335,0.5611940298507463
redraw_year_matched_20261005,terrain_landcover,247,674,0.3664688427299703,188,335,0.5611940298507463
redraw_year_matched_20261005,terrain_landcover,248,674,0.36795252225519287,189,335,0.564179104477612
redraw_year_matched_20261005,terrain_landcover,249,674,0.3694362017804154,189,335,0.564179104477612
redraw_year_matched_20261005,terrain_landcover,250,674,0.37091988130563797,190,335,0.5671641791044776
redraw_year_matched_20261005,terrain_landcover,251,674,0.3724035608308605,191,335,0.5701492537313433
redraw_year_matched_20261005,terrain_landcover,252,674,0.37388724035608306,191,335,0.5701492537313433
redraw_year_matched_20261005,terrain_landcover,253,674,0.37537091988130566,191,335,0.5701492537313433
redraw_year_matched_20261005,terrain_landcover,254,674,0.3768545994065282,191,335,0.5701492537313433
redraw_year_matched_20261005,terrain_landcover,255,674,0.37833827893175076,192,335,0.573134328358209
redraw_year_matched_20261005,terrain_landcover,256,674,0.3798219584569733,193,335,0.5761194029850746
redraw_year_matched_20261005,terrain_landcover,257,674,0.38130563798219586,194,335,0.5791044776119403
redraw_year_matched_20261005,terrain_landcover,258,674,0.3827893175074184,195,335,0.582089552238806
redraw_year_matched_20261005,terrain_landcover,259,674,0.38427299703264095,195,335,0.582089552238806
redraw_year_matched_20261005,terrain_landcover,260,674,0.3857566765578635,195,335,0.582089552238806
redraw_year_matched_20261005,terrain_landcover,261,674,0.38724035608308605,196,335,0.5850746268656717
redraw_year_matched_20261005,terrain_landcover,262,674,0.3887240356083086,196,335,0.5850746268656717
redraw_year_matched_20261005,terrain_landcover,263,674,0.39020771513353114,197,335,0.5880597014925373
redraw_year_matched_20261005,terrain_landcover,264,674,0.3916913946587537,198,335,0.591044776119403
redraw_year_matched_20261005,terrain_landcover,265,674,0.39317507418397624,199,335,0.5940298507462687
redraw_year_matched_20261005,terrain_landcover,266,674,0.39465875370919884,200,335,0.5970149253731343
redraw_year_matched_20261005,terrain_landcover,267,674,0.3961424332344214,200,335,0.5970149253731343
redraw_year_matched_20261005,terrain_landcover,268,674,0.39762611275964393,201,335,0.6
redraw_year_matched_20261005,terrain_landcover,269,674,0.3991097922848665,201,335,0.6
redraw_year_matched_20261005,terrain_landcover,270,674,0.40059347181008903,202,335,0.6029850746268657
redraw_year_matched_20261005,terrain_landcover,271,674,0.4020771513353116,202,335,0.6029850746268657
redraw_year_matched_20261005,terrain_landcover,272,674,0.4035608308605341,203,335,0.6059701492537314
redraw_year_matched_20261005,terrain_landcover,273,674,0.4050445103857567,204,335,0.608955223880597
redraw_year_matched_20261005,terrain_landcover,274,674,0.4065281899109792,205,335,0.6119402985074627
redraw_year_matched_20261005,terrain_landcover,275,674,0.40801186943620177,205,335,0.6119402985074627
redraw_year_matched_20261005,terrain_landcover,276,674,0.4094955489614243,205,335,0.6119402985074627
redraw_year_matched_20261005,terrain_landcover,277,674,0.41097922848664686,205,335,0.6119402985074627
redraw_year_matched_20261005,terrain_landcover,278,674,0.4124629080118694,206,335,0.6149253731343284
redraw_year_matched_20261005,terrain_landcover,279,674,0.413946587537092,207,335,0.6179104477611941
redraw_year_matched_20261005,terrain_landcover,280,674,0.41543026706231456,207,335,0.6179104477611941
redraw_year_matched_20261005,terrain_landcover,281,674,0.4169139465875371,208,335,0.6208955223880597
redraw_year_matched_20261005,terrain_landcover,282,674,0.41839762611275966,209,335,0.6238805970149254
redraw_year_matched_20261005,terrain_landcover,283,674,0.4198813056379822,209,335,0.6238805970149254
redraw_year_matched_20261005,terrain_landcover,284,674,0.42136498516320475,209,335,0.6238805970149254
redraw_year_matched_20261005,terrain_landcover,285,674,0.4228486646884273,209,335,0.6238805970149254
redraw_year_matched_20261005,terrain_landcover,286,674,0.42433234421364985,210,335,0.6268656716417911
redraw_year_matched_20261005,terrain_landcover,287,674,0.4258160237388724,211,335,0.6298507462686567
redraw_year_matched_20261005,terrain_landcover,288,674,0.42729970326409494,211,335,0.6298507462686567
redraw_year_matched_20261005,terrain_landcover,289,674,0.4287833827893175,211,335,0.6298507462686567
redraw_year_matched_20261005,terrain_landcover,290,674,0.43026706231454004,212,335,0.6328358208955224
redraw_year_matched_20261005,terrain_landcover,291,674,0.4317507418397626,212,335,0.6328358208955224
redraw_year_matched_20261005,terrain_landcover,292,674,0.4332344213649852,212,335,0.6328358208955224
redraw_year_matched_20261005,terrain_landcover,293,674,0.43471810089020774,213,335,0.6358208955223881
redraw_year_matched_20261005,terrain_landcover,294,674,0.4362017804154303,214,335,0.6388059701492538
redraw_year_matched_20261005,terrain_landcover,295,674,0.43768545994065283,215,335,0.6417910447761194
redraw_year_matched_20261005,terrain_landcover,296,674,0.4391691394658754,215,335,0.6417910447761194
redraw_year_matched_20261005,terrain_landcover,297,674,0.4406528189910979,216,335,0.6447761194029851
redraw_year_matched_20261005,terrain_landcover,298,674,0.4421364985163205,216,335,0.6447761194029851
redraw_year_matched_20261005,terrain_landcover,299,674,0.443620178041543,217,335,0.6477611940298508
redraw_year_matched_20261005,terrain_landcover,300,674,0.44510385756676557,217,335,0.6477611940298508
redraw_year_matched_20261005,terrain_landcover,301,674,0.4465875370919881,218,335,0.6507462686567164
redraw_year_matched_20261005,terrain_landcover,302,674,0.44807121661721067,219,335,0.6537313432835821
redraw_year_matched_20261005,terrain_landcover,303,674,0.4495548961424332,220,335,0.6567164179104478
redraw_year_matched_20261005,terrain_landcover,304,674,0.45103857566765576,220,335,0.6567164179104478
redraw_year_matched_20261005,terrain_landcover,305,674,0.45252225519287836,221,335,0.6597014925373135
redraw_year_matched_20261005,terrain_landcover,306,674,0.4540059347181009,222,335,0.6626865671641791
redraw_year_matched_20261005,terrain_landcover,307,674,0.45548961424332346,223,335,0.6656716417910448
redraw_year_matched_20261005,terrain_landcover,308,674,0.456973293768546,223,335,0.6656716417910448
redraw_year_matched_20261005,terrain_landcover,309,674,0.45845697329376855,224,335,0.6686567164179105
redraw_year_matched_20261005,terrain_landcover,310,674,0.4599406528189911,225,335,0.6716417910447762
redraw_year_matched_20261005,terrain_landcover,311,674,0.46142433234421365,225,335,0.6716417910447762
redraw_year_matched_20261005,terrain_landcover,312,674,0.4629080118694362,226,335,0.6746268656716418
redraw_year_matched_20261005,terrain_landcover,313,674,0.46439169139465875,227,335,0.6776119402985075
redraw_year_matched_20261005,terrain_landcover,314,674,0.4658753709198813,228,335,0.6805970149253732
redraw_year_matched_20261005,terrain_landcover,315,674,0.46735905044510384,228,335,0.6805970149253732
redraw_year_matched_20261005,terrain_landcover,316,674,0.4688427299703264,228,335,0.6805970149253732
redraw_year_matched_20261005,terrain_landcover,317,674,0.47032640949554894,228,335,0.6805970149253732
redraw_year_matched_20261005,terrain_landcover,318,674,0.47181008902077154,229,335,0.6835820895522388
redraw_year_matched_20261005,terrain_landcover,319,674,0.4732937685459941,230,335,0.6865671641791045
redraw_year_matched_20261005,terrain_landcover,320,674,0.47477744807121663,231,335,0.6895522388059702
redraw_year_matched_20261005,terrain_landcover,321,674,0.4762611275964392,231,335,0.6895522388059702
redraw_year_matched_20261005,terrain_landcover,322,674,0.47774480712166173,232,335,0.6925373134328359
redraw_year_matched_20261005,terrain_landcover,323,674,0.4792284866468843,233,335,0.6955223880597015
redraw_year_matched_20261005,terrain_landcover,324,674,0.4807121661721068,234,335,0.6985074626865672
redraw_year_matched_20261005,terrain_landcover,325,674,0.4821958456973294,235,335,0.7014925373134329
redraw_year_matched_20261005,terrain_landcover,326,674,0.4836795252225519,235,335,0.7014925373134329
redraw_year_matched_20261005,terrain_landcover,327,674,0.48516320474777447,236,335,0.7044776119402985
redraw_year_matched_20261005,terrain_landcover,328,674,0.486646884272997,237,335,0.7074626865671642
redraw_year_matched_20261005,terrain_landcover,329,674,0.48813056379821956,238,335,0.7104477611940299
redraw_year_matched_20261005,terrain_landcover,330,674,0.4896142433234421,239,335,0.7134328358208956
redraw_year_matched_20261005,terrain_landcover,331,674,0.4910979228486647,239,335,0.7134328358208956
redraw_year_matched_20261005,terrain_landcover,332,674,0.49258160237388726,240,335,0.7164179104477612
redraw_year_matched_20261005,terrain_landcover,333,674,0.4940652818991098,241,335,0.7194029850746269
redraw_year_matched_20261005,terrain_landcover,334,674,0.49554896142433236,241,335,0.7194029850746269
redraw_year_matched_20261005,terrain_landcover,335,674,0.4970326409495549,242,335,0.7223880597014926
redraw_year_matched_20261005,terrain_landcover,336,674,0.49851632047477745,242,335,0.7223880597014926
redraw_year_matched_20261005,terrain_landcover,337,674,0.5,243,335,0.7253731343283583
redraw_year_matched_20261005,terrain_landcover,338,674,0.5014836795252225,244,335,0.7283582089552239
redraw_year_matched_20261005,terrain_landcover,339,674,0.5029673590504451,245,335,0.7313432835820896
redraw_year_matched_20261005,terrain_landcover,340,674,0.5044510385756676,246,335,0.7343283582089553
redraw_year_matched_20261005,terrain_landcover,341,674,0.5059347181008902,247,335,0.7373134328358208
redraw_year_matched_20261005,terrain_landcover,342,674,0.5074183976261127,247,335,0.7373134328358208
redraw_year_matched_20261005,terrain_landcover,343,674,0.5089020771513353,247,335,0.7373134328358208
redraw_year_matched_20261005,terrain_landcover,344,674,0.5103857566765578,248,335,0.7402985074626866
redraw_year_matched_20261005,terrain_landcover,345,674,0.5118694362017804,248,335,0.7402985074626866
redraw_year_matched_20261005,terrain_landcover,346,674,0.5133531157270029,249,335,0.7432835820895523
redraw_year_matched_20261005,terrain_landcover,347,674,0.5148367952522255,250,335,0.746268656716418
redraw_year_matched_20261005,terrain_landcover,348,674,0.516320474777448,250,335,0.746268656716418
redraw_year_matched_20261005,terrain_landcover,349,674,0.5178041543026706,250,335,0.746268656716418
redraw_year_matched_20261005,terrain_landcover,350,674,0.5192878338278932,251,335,0.7492537313432835
redraw_year_matched_20261005,terrain_landcover,351,674,0.5207715133531158,252,335,0.7522388059701492
redraw_year_matched_20261005,terrain_landcover,352,674,0.5222551928783383,253,335,0.755223880597015
redraw_year_matched_20261005,terrain_landcover,353,674,0.5237388724035609,254,335,0.7582089552238805
redraw_year_matched_20261005,terrain_landcover,354,674,0.5252225519287834,254,335,0.7582089552238805
redraw_year_matched_20261005,terrain_landcover,355,674,0.526706231454006,255,335,0.7611940298507462
redraw_year_matched_20261005,terrain_landcover,356,674,0.5281899109792285,256,335,0.764179104477612
redraw_year_matched_20261005,terrain_landcover,357,674,0.5296735905044511,256,335,0.764179104477612
redraw_year_matched_20261005,terrain_landcover,358,674,0.5311572700296736,257,335,0.7671641791044777
redraw_year_matched_20261005,terrain_landcover,359,674,0.5326409495548962,258,335,0.7701492537313432
redraw_year_matched_20261005,terrain_landcover,360,674,0.5341246290801187,259,335,0.7731343283582089
redraw_year_matched_20261005,terrain_landcover,361,674,0.5356083086053413,260,335,0.7761194029850746
redraw_year_matched_20261005,terrain_landcover,362,674,0.5370919881305638,260,335,0.7761194029850746
redraw_year_matched_20261005,terrain_landcover,363,674,0.5385756676557863,261,335,0.7791044776119403
redraw_year_matched_20261005,terrain_landcover,364,674,0.5400593471810089,262,335,0.7820895522388059
redraw_year_matched_20261005,terrain_landcover,365,674,0.5415430267062314,262,335,0.7820895522388059
redraw_year_matched_20261005,terrain_landcover,366,674,0.543026706231454,263,335,0.7850746268656716
redraw_year_matched_20261005,terrain_landcover,367,674,0.5445103857566765,264,335,0.7880597014925373
redraw_year_matched_20261005,terrain_landcover,368,674,0.5459940652818991,264,335,0.7880597014925373
redraw_year_matched_20261005,terrain_landcover,369,674,0.5474777448071216,265,335,0.7910447761194029
redraw_year_matched_20261005,terrain_landcover,370,674,0.5489614243323442,265,335,0.7910447761194029
redraw_year_matched_20261005,terrain_landcover,371,674,0.5504451038575667,265,335,0.7910447761194029
redraw_year_matched_20261005,terrain_landcover,372,674,0.5519287833827893,266,335,0.7940298507462686
redraw_year_matched_20261005,terrain_landcover,373,674,0.5534124629080118,266,335,0.7940298507462686
redraw_year_matched_20261005,terrain_landcover,374,674,0.5548961424332344,267,335,0.7970149253731343
redraw_year_matched_20261005,terrain_landcover,375,674,0.5563798219584569,268,335,0.8
redraw_year_matched_20261005,terrain_landcover,376,674,0.5578635014836796,269,335,0.8029850746268656
redraw_year_matched_20261005,terrain_landcover,377,674,0.5593471810089021,270,335,0.8059701492537313
redraw_year_matched_20261005,terrain_landcover,378,674,0.5608308605341247,270,335,0.8059701492537313
redraw_year_matched_20261005,terrain_landcover,379,674,0.5623145400593472,270,335,0.8059701492537313
redraw_year_matched_20261005,terrain_landcover,380,674,0.5637982195845698,270,335,0.8059701492537313
redraw_year_matched_20261005,terrain_landcover,381,674,0.5652818991097923,270,335,0.8059701492537313
redraw_year_matched_20261005,terrain_landcover,382,674,0.5667655786350149,271,335,0.808955223880597
redraw_year_matched_20261005,terrain_landcover,383,674,0.5682492581602374,271,335,0.808955223880597
redraw_year_matched_20261005,terrain_landcover,384,674,0.56973293768546,271,335,0.808955223880597
redraw_year_matched_20261005,terrain_landcover,385,674,0.5712166172106825,272,335,0.8119402985074626
redraw_year_matched_20261005,terrain_landcover,386,674,0.5727002967359051,273,335,0.8149253731343283
redraw_year_matched_20261005,terrain_landcover,387,674,0.5741839762611276,274,335,0.817910447761194
redraw_year_matched_20261005,terrain_landcover,388,674,0.5756676557863502,275,335,0.8208955223880597
redraw_year_matched_20261005,terrain_landcover,389,674,0.5771513353115727,275,335,0.8208955223880597
redraw_year_matched_20261005,terrain_landcover,390,674,0.5786350148367952,275,335,0.8208955223880597
redraw_year_matched_20261005,terrain_landcover,391,674,0.5801186943620178,276,335,0.8238805970149253
redraw_year_matched_20261005,terrain_landcover,392,674,0.5816023738872403,276,335,0.8238805970149253
redraw_year_matched_20261005,terrain_landcover,393,674,0.5830860534124629,277,335,0.826865671641791
redraw_year_matched_20261005,terrain_landcover,394,674,0.5845697329376854,278,335,0.8298507462686567
redraw_year_matched_20261005,terrain_landcover,395,674,0.586053412462908,279,335,0.8328358208955224
redraw_year_matched_20261005,terrain_landcover,396,674,0.5875370919881305,280,335,0.835820895522388
redraw_year_matched_20261005,terrain_landcover,397,674,0.5890207715133531,281,335,0.8388059701492537
redraw_year_matched_20261005,terrain_landcover,398,674,0.5905044510385756,282,335,0.8417910447761194
redraw_year_matched_20261005,terrain_landcover,399,674,0.5919881305637982,282,335,0.8417910447761194
redraw_year_matched_20261005,terrain_landcover,400,674,0.5934718100890207,282,335,0.8417910447761194
redraw_year_matched_20261005,terrain_landcover,401,674,0.5949554896142433,283,335,0.844776119402985
redraw_year_matched_20261005,terrain_landcover,402,674,0.5964391691394659,283,335,0.844776119402985
redraw_year_matched_20261005,terrain_landcover,403,674,0.5979228486646885,283,335,0.844776119402985
redraw_year_matched_20261005,terrain_landcover,404,674,0.599406528189911,284,335,0.8477611940298507
redraw_year_matched_20261005,terrain_landcover,405,674,0.6008902077151336,285,335,0.8507462686567164
redraw_year_matched_20261005,terrain_landcover,406,674,0.6023738872403561,285,335,0.8507462686567164
redraw_year_matched_20261005,terrain_landcover,407,674,0.6038575667655787,286,335,0.8537313432835821
redraw_year_matched_20261005,terrain_landcover,408,674,0.6053412462908012,287,335,0.8567164179104477
redraw_year_matched_20261005,terrain_landcover,409,674,0.6068249258160238,287,335,0.8567164179104477
redraw_year_matched_20261005,terrain_landcover,410,674,0.6083086053412463,287,335,0.8567164179104477
redraw_year_matched_20261005,terrain_landcover,411,674,0.6097922848664689,287,335,0.8567164179104477
redraw_year_matched_20261005,terrain_landcover,412,674,0.6112759643916914,287,335,0.8567164179104477
redraw_year_matched_20261005,terrain_landcover,413,674,0.612759643916914,287,335,0.8567164179104477
redraw_year_matched_20261005,terrain_landcover,414,674,0.6142433234421365,288,335,0.8597014925373134
redraw_year_matched_20261005,terrain_landcover,415,674,0.615727002967359,288,335,0.8597014925373134
redraw_year_matched_20261005,terrain_landcover,416,674,0.6172106824925816,289,335,0.8626865671641791
redraw_year_matched_20261005,terrain_landcover,417,674,0.6186943620178041,290,335,0.8656716417910447
redraw_year_matched_20261005,terrain_landcover,418,674,0.6201780415430267,290,335,0.8656716417910447
redraw_year_matched_20261005,terrain_landcover,419,674,0.6216617210682492,291,335,0.8686567164179104
redraw_year_matched_20261005,terrain_landcover,420,674,0.6231454005934718,292,335,0.8716417910447761
redraw_year_matched_20261005,terrain_landcover,421,674,0.6246290801186943,293,335,0.8746268656716418
redraw_year_matched_20261005,terrain_landcover,422,674,0.6261127596439169,293,335,0.8746268656716418
redraw_year_matched_20261005,terrain_landcover,423,674,0.6275964391691394,293,335,0.8746268656716418
redraw_year_matched_20261005,terrain_landcover,424,674,0.629080118694362,294,335,0.8776119402985074
redraw_year_matched_20261005,terrain_landcover,425,674,0.6305637982195845,294,335,0.8776119402985074
redraw_year_matched_20261005,terrain_landcover,426,674,0.6320474777448071,295,335,0.8805970149253731
redraw_year_matched_20261005,terrain_landcover,427,674,0.6335311572700296,295,335,0.8805970149253731
redraw_year_matched_20261005,terrain_landcover,428,674,0.6350148367952523,295,335,0.8805970149253731
redraw_year_matched_20261005,terrain_landcover,429,674,0.6364985163204748,295,335,0.8805970149253731
redraw_year_matched_20261005,terrain_landcover,430,674,0.6379821958456974,295,335,0.8805970149253731
redraw_year_matched_20261005,terrain_landcover,431,674,0.6394658753709199,295,335,0.8805970149253731
redraw_year_matched_20261005,terrain_landcover,432,674,0.6409495548961425,295,335,0.8805970149253731
redraw_year_matched_20261005,terrain_landcover,433,674,0.642433234421365,295,335,0.8805970149253731
redraw_year_matched_20261005,terrain_landcover,434,674,0.6439169139465876,295,335,0.8805970149253731
redraw_year_matched_20261005,terrain_landcover,435,674,0.6454005934718101,295,335,0.8805970149253731
redraw_year_matched_20261005,terrain_landcover,436,674,0.6468842729970327,295,335,0.8805970149253731
redraw_year_matched_20261005,terrain_landcover,437,674,0.6483679525222552,295,335,0.8805970149253731
redraw_year_matched_20261005,terrain_landcover,438,674,0.6498516320474778,296,335,0.8835820895522388
redraw_year_matched_20261005,terrain_landcover,439,674,0.6513353115727003,296,335,0.8835820895522388
redraw_year_matched_20261005,terrain_landcover,440,674,0.6528189910979229,297,335,0.8865671641791045
redraw_year_matched_20261005,terrain_landcover,441,674,0.6543026706231454,297,335,0.8865671641791045
redraw_year_matched_20261005,terrain_landcover,442,674,0.655786350148368,297,335,0.8865671641791045
redraw_year_matched_20261005,terrain_landcover,443,674,0.6572700296735905,298,335,0.8895522388059701
redraw_year_matched_20261005,terrain_landcover,444,674,0.658753709198813,299,335,0.8925373134328358
redraw_year_matched_20261005,terrain_landcover,445,674,0.6602373887240356,299,335,0.8925373134328358
redraw_year_matched_20261005,terrain_landcover,446,674,0.6617210682492581,300,335,0.8955223880597015
redraw_year_matched_20261005,terrain_landcover,447,674,0.6632047477744807,300,335,0.8955223880597015
redraw_year_matched_20261005,terrain_landcover,448,674,0.6646884272997032,301,335,0.8985074626865671
redraw_year_matched_20261005,terrain_landcover,449,674,0.6661721068249258,301,335,0.8985074626865671
redraw_year_matched_20261005,terrain_landcover,450,674,0.6676557863501483,301,335,0.8985074626865671
redraw_year_matched_20261005,terrain_landcover,451,674,0.6691394658753709,301,335,0.8985074626865671
redraw_year_matched_20261005,terrain_landcover,452,674,0.6706231454005934,301,335,0.8985074626865671
redraw_year_matched_20261005,terrain_landcover,453,674,0.672106824925816,301,335,0.8985074626865671
redraw_year_matched_20261005,terrain_landcover,454,674,0.6735905044510386,301,335,0.8985074626865671
redraw_year_matched_20261005,terrain_landcover,455,674,0.6750741839762612,301,335,0.8985074626865671
redraw_year_matched_20261005,terrain_landcover,456,674,0.6765578635014837,302,335,0.9014925373134328
redraw_year_matched_20261005,terrain_landcover,457,674,0.6780415430267063,303,335,0.9044776119402985
redraw_year_matched_20261005,terrain_landcover,458,674,0.6795252225519288,303,335,0.9044776119402985
redraw_year_matched_20261005,terrain_landcover,459,674,0.6810089020771514,303,335,0.9044776119402985
redraw_year_matched_20261005,terrain_landcover,460,674,0.6824925816023739,303,335,0.9044776119402985
redraw_year_matched_20261005,terrain_landcover,461,674,0.6839762611275965,303,335,0.9044776119402985
redraw_year_matched_20261005,terrain_landcover,462,674,0.685459940652819,304,335,0.9074626865671642
redraw_year_matched_20261005,terrain_landcover,463,674,0.6869436201780416,305,335,0.9104477611940298
redraw_year_matched_20261005,terrain_landcover,464,674,0.6884272997032641,306,335,0.9134328358208955
redraw_year_matched_20261005,terrain_landcover,465,674,0.6899109792284867,306,335,0.9134328358208955
redraw_year_matched_20261005,terrain_landcover,466,674,0.6913946587537092,306,335,0.9134328358208955
redraw_year_matched_20261005,terrain_landcover,467,674,0.6928783382789317,307,335,0.9164179104477612
redraw_year_matched_20261005,terrain_landcover,468,674,0.6943620178041543,307,335,0.9164179104477612
redraw_year_matched_20261005,terrain_landcover,469,674,0.6958456973293768,308,335,0.9194029850746268
redraw_year_matched_20261005,terrain_landcover,470,674,0.6973293768545994,308,335,0.9194029850746268
redraw_year_matched_20261005,terrain_landcover,471,674,0.6988130563798219,308,335,0.9194029850746268
redraw_year_matched_20261005,terrain_landcover,472,674,0.7002967359050445,308,335,0.9194029850746268
redraw_year_matched_20261005,terrain_landcover,473,674,0.701780415430267,309,335,0.9223880597014925
redraw_year_matched_20261005,terrain_landcover,474,674,0.7032640949554896,309,335,0.9223880597014925
redraw_year_matched_20261005,terrain_landcover,475,674,0.7047477744807121,310,335,0.9253731343283582
redraw_year_matched_20261005,terrain_landcover,476,674,0.7062314540059347,310,335,0.9253731343283582
redraw_year_matched_20261005,terrain_landcover,477,674,0.7077151335311572,310,335,0.9253731343283582
redraw_year_matched_20261005,terrain_landcover,478,674,0.7091988130563798,310,335,0.9253731343283582
redraw_year_matched_20261005,terrain_landcover,479,674,0.7106824925816023,311,335,0.9283582089552239
redraw_year_matched_20261005,terrain_landcover,480,674,0.712166172106825,312,335,0.9313432835820895
redraw_year_matched_20261005,terrain_landcover,481,674,0.7136498516320475,312,335,0.9313432835820895
redraw_year_matched_20261005,terrain_landcover,482,674,0.7151335311572701,313,335,0.9343283582089552
redraw_year_matched_20261005,terrain_landcover,483,674,0.7166172106824926,314,335,0.9373134328358209
redraw_year_matched_20261005,terrain_landcover,484,674,0.7181008902077152,314,335,0.9373134328358209
redraw_year_matched_20261005,terrain_landcover,485,674,0.7195845697329377,314,335,0.9373134328358209
redraw_year_matched_20261005,terrain_landcover,486,674,0.7210682492581603,314,335,0.9373134328358209
redraw_year_matched_20261005,terrain_landcover,487,674,0.7225519287833828,314,335,0.9373134328358209
redraw_year_matched_20261005,terrain_landcover,488,674,0.7240356083086054,314,335,0.9373134328358209
redraw_year_matched_20261005,terrain_landcover,489,674,0.7255192878338279,315,335,0.9402985074626866
redraw_year_matched_20261005,terrain_landcover,490,674,0.7270029673590505,315,335,0.9402985074626866
redraw_year_matched_20261005,terrain_landcover,491,674,0.728486646884273,316,335,0.9432835820895522
redraw_year_matched_20261005,terrain_landcover,492,674,0.7299703264094956,316,335,0.9432835820895522
redraw_year_matched_20261005,terrain_landcover,493,674,0.7314540059347181,316,335,0.9432835820895522
redraw_year_matched_20261005,terrain_landcover,494,674,0.7329376854599406,317,335,0.9462686567164179
redraw_year_matched_20261005,terrain_landcover,495,674,0.7344213649851632,317,335,0.9462686567164179
redraw_year_matched_20261005,terrain_landcover,496,674,0.7359050445103857,318,335,0.9492537313432836
redraw_year_matched_20261005,terrain_landcover,497,674,0.7373887240356083,319,335,0.9522388059701492
redraw_year_matched_20261005,terrain_landcover,498,674,0.7388724035608308,319,335,0.9522388059701492
redraw_year_matched_20261005,terrain_landcover,499,674,0.7403560830860534,320,335,0.9552238805970149
redraw_year_matched_20261005,terrain_landcover,500,674,0.7418397626112759,321,335,0.9582089552238806
redraw_year_matched_20261005,terrain_landcover,501,674,0.7433234421364985,321,335,0.9582089552238806
redraw_year_matched_20261005,terrain_landcover,502,674,0.744807121661721,321,335,0.9582089552238806
redraw_year_matched_20261005,terrain_landcover,503,674,0.7462908011869436,321,335,0.9582089552238806
redraw_year_matched_20261005,terrain_landcover,504,674,0.7477744807121661,321,335,0.9582089552238806
redraw_year_matched_20261005,terrain_landcover,505,674,0.7492581602373887,321,335,0.9582089552238806
redraw_year_matched_20261005,terrain_landcover,506,674,0.7507418397626113,322,335,0.9611940298507463
redraw_year_matched_20261005,terrain_landcover,507,674,0.7522255192878339,322,335,0.9611940298507463
redraw_year_matched_20261005,terrain_landcover,508,674,0.7537091988130564,322,335,0.9611940298507463
redraw_year_matched_20261005,terrain_landcover,509,674,0.755192878338279,322,335,0.9611940298507463
redraw_year_matched_20261005,terrain_landcover,510,674,0.7566765578635015,322,335,0.9611940298507463
redraw_year_matched_20261005,terrain_landcover,511,674,0.7581602373887241,323,335,0.9641791044776119
redraw_year_matched_20261005,terrain_landcover,512,674,0.7596439169139466,323,335,0.9641791044776119
redraw_year_matched_20261005,terrain_landcover,513,674,0.7611275964391692,324,335,0.9671641791044776
redraw_year_matched_20261005,terrain_landcover,514,674,0.7626112759643917,325,335,0.9701492537313433
redraw_year_matched_20261005,terrain_landcover,515,674,0.7640949554896143,325,335,0.9701492537313433
redraw_year_matched_20261005,terrain_landcover,516,674,0.7655786350148368,325,335,0.9701492537313433
redraw_year_matched_20261005,terrain_landcover,517,674,0.7670623145400594,325,335,0.9701492537313433
redraw_year_matched_20261005,terrain_landcover,518,674,0.7685459940652819,326,335,0.9731343283582089
redraw_year_matched_20261005,terrain_landcover,519,674,0.7700296735905044,326,335,0.9731343283582089
redraw_year_matched_20261005,terrain_landcover,520,674,0.771513353115727,326,335,0.9731343283582089
redraw_year_matched_20261005,terrain_landcover,521,674,0.7729970326409495,326,335,0.9731343283582089
redraw_year_matched_20261005,terrain_landcover,522,674,0.7744807121661721,326,335,0.9731343283582089
redraw_year_matched_20261005,terrain_landcover,523,674,0.7759643916913946,326,335,0.9731343283582089
redraw_year_matched_20261005,terrain_landcover,524,674,0.7774480712166172,327,335,0.9761194029850746
redraw_year_matched_20261005,terrain_landcover,525,674,0.7789317507418397,327,335,0.9761194029850746
redraw_year_matched_20261005,terrain_landcover,526,674,0.7804154302670623,327,335,0.9761194029850746
redraw_year_matched_20261005,terrain_landcover,527,674,0.7818991097922848,328,335,0.9791044776119403
redraw_year_matched_20261005,terrain_landcover,528,674,0.7833827893175074,329,335,0.982089552238806
redraw_year_matched_20261005,terrain_landcover,529,674,0.7848664688427299,329,335,0.982089552238806
redraw_year_matched_20261005,terrain_landcover,530,674,0.7863501483679525,329,335,0.982089552238806
redraw_year_matched_20261005,terrain_landcover,531,674,0.787833827893175,329,335,0.982089552238806
redraw_year_matched_20261005,terrain_landcover,532,674,0.7893175074183977,329,335,0.982089552238806
redraw_year_matched_20261005,terrain_landcover,533,674,0.7908011869436202,329,335,0.982089552238806
redraw_year_matched_20261005,terrain_landcover,534,674,0.7922848664688428,329,335,0.982089552238806
redraw_year_matched_20261005,terrain_landcover,535,674,0.7937685459940653,329,335,0.982089552238806
redraw_year_matched_20261005,terrain_landcover,536,674,0.7952522255192879,329,335,0.982089552238806
redraw_year_matched_20261005,terrain_landcover,537,674,0.7967359050445104,330,335,0.9850746268656716
redraw_year_matched_20261005,terrain_landcover,538,674,0.798219584569733,330,335,0.9850746268656716
redraw_year_matched_20261005,terrain_landcover,539,674,0.7997032640949555,330,335,0.9850746268656716
redraw_year_matched_20261005,terrain_landcover,540,674,0.8011869436201781,330,335,0.9850746268656716
redraw_year_matched_20261005,terrain_landcover,541,674,0.8026706231454006,330,335,0.9850746268656716
redraw_year_matched_20261005,terrain_landcover,542,674,0.8041543026706232,330,335,0.9850746268656716
redraw_year_matched_20261005,terrain_landcover,543,674,0.8056379821958457,330,335,0.9850746268656716
redraw_year_matched_20261005,terrain_landcover,544,674,0.8071216617210683,330,335,0.9850746268656716
redraw_year_matched_20261005,terrain_landcover,545,674,0.8086053412462908,330,335,0.9850746268656716
redraw_year_matched_20261005,terrain_landcover,546,674,0.8100890207715133,330,335,0.9850746268656716
redraw_year_matched_20261005,terrain_landcover,547,674,0.8115727002967359,331,335,0.9880597014925373
redraw_year_matched_20261005,terrain_landcover,548,674,0.8130563798219584,332,335,0.991044776119403
redraw_year_matched_20261005,terrain_landcover,549,674,0.814540059347181,332,335,0.991044776119403
redraw_year_matched_20261005,terrain_landcover,550,674,0.8160237388724035,333,335,0.9940298507462687
redraw_year_matched_20261005,terrain_landcover,551,674,0.8175074183976261,333,335,0.9940298507462687
redraw_year_matched_20261005,terrain_landcover,552,674,0.8189910979228486,333,335,0.9940298507462687
redraw_year_matched_20261005,terrain_landcover,553,674,0.8204747774480712,333,335,0.9940298507462687
redraw_year_matched_20261005,terrain_landcover,554,674,0.8219584569732937,333,335,0.9940298507462687
redraw_year_matched_20261005,terrain_landcover,555,674,0.8234421364985163,333,335,0.9940298507462687
redraw_year_matched_20261005,terrain_landcover,556,674,0.8249258160237388,333,335,0.9940298507462687
redraw_year_matched_20261005,terrain_landcover,557,674,0.8264094955489614,334,335,0.9970149253731343
redraw_year_matched_20261005,terrain_landcover,558,674,0.827893175074184,334,335,0.9970149253731343
redraw_year_matched_20261005,terrain_landcover,559,674,0.8293768545994066,334,335,0.9970149253731343
redraw_year_matched_20261005,terrain_landcover,560,674,0.8308605341246291,334,335,0.9970149253731343
redraw_year_matched_20261005,terrain_landcover,561,674,0.8323442136498517,334,335,0.9970149253731343
redraw_year_matched_20261005,terrain_landcover,562,674,0.8338278931750742,334,335,0.9970149253731343
redraw_year_matched_20261005,terrain_landcover,563,674,0.8353115727002968,334,335,0.9970149253731343
redraw_year_matched_20261005,terrain_landcover,564,674,0.8367952522255193,334,335,0.9970149253731343
redraw_year_matched_20261005,terrain_landcover,565,674,0.8382789317507419,334,335,0.9970149253731343
redraw_year_matched_20261005,terrain_landcover,566,674,0.8397626112759644,334,335,0.9970149253731343
redraw_year_matched_20261005,terrain_landcover,567,674,0.841246290801187,334,335,0.9970149253731343
redraw_year_matched_20261005,terrain_landcover,568,674,0.8427299703264095,334,335,0.9970149253731343
redraw_year_matched_20261005,terrain_landcover,569,674,0.844213649851632,334,335,0.9970149253731343
redraw_year_matched_20261005,terrain_landcover,570,674,0.8456973293768546,334,335,0.9970149253731343
redraw_year_matched_20261005,terrain_landcover,571,674,0.8471810089020771,334,335,0.9970149253731343
redraw_year_matched_20261005,terrain_landcover,572,674,0.8486646884272997,334,335,0.9970149253731343
redraw_year_matched_20261005,terrain_landcover,573,674,0.8501483679525222,334,335,0.9970149253731343
redraw_year_matched_20261005,terrain_landcover,574,674,0.8516320474777448,334,335,0.9970149253731343
redraw_year_matched_20261005,terrain_landcover,575,674,0.8531157270029673,334,335,0.9970149253731343
redraw_year_matched_20261005,terrain_landcover,576,674,0.8545994065281899,334,335,0.9970149253731343
redraw_year_matched_20261005,terrain_landcover,577,674,0.8560830860534124,334,335,0.9970149253731343
redraw_year_matched_20261005,terrain_landcover,578,674,0.857566765578635,334,335,0.9970149253731343
redraw_year_matched_20261005,terrain_landcover,579,674,0.8590504451038575,334,335,0.9970149253731343
redraw_year_matched_20261005,terrain_landcover,580,674,0.8605341246290801,334,335,0.9970149253731343
redraw_year_matched_20261005,terrain_landcover,581,674,0.8620178041543026,334,335,0.9970149253731343
redraw_year_matched_20261005,terrain_landcover,582,674,0.8635014836795252,334,335,0.9970149253731343
redraw_year_matched_20261005,terrain_landcover,583,674,0.8649851632047477,334,335,0.9970149253731343
redraw_year_matched_20261005,terrain_landcover,584,674,0.8664688427299704,334,335,0.9970149253731343
redraw_year_matched_20261005,terrain_landcover,585,674,0.8679525222551929,334,335,0.9970149253731343
redraw_year_matched_20261005,terrain_landcover,586,674,0.8694362017804155,334,335,0.9970149253731343
redraw_year_matched_20261005,terrain_landcover,587,674,0.870919881305638,334,335,0.9970149253731343
redraw_year_matched_20261005,terrain_landcover,588,674,0.8724035608308606,334,335,0.9970149253731343
redraw_year_matched_20261005,terrain_landcover,589,674,0.8738872403560831,334,335,0.9970149253731343
redraw_year_matched_20261005,terrain_landcover,590,674,0.8753709198813057,334,335,0.9970149253731343
redraw_year_matched_20261005,terrain_landcover,591,674,0.8768545994065282,334,335,0.9970149253731343
redraw_year_matched_20261005,terrain_landcover,592,674,0.8783382789317508,334,335,0.9970149253731343
redraw_year_matched_20261005,terrain_landcover,593,674,0.8798219584569733,334,335,0.9970149253731343
redraw_year_matched_20261005,terrain_landcover,594,674,0.8813056379821959,334,335,0.9970149253731343
redraw_year_matched_20261005,terrain_landcover,595,674,0.8827893175074184,334,335,0.9970149253731343
redraw_year_matched_20261005,terrain_landcover,596,674,0.884272997032641,334,335,0.9970149253731343
redraw_year_matched_20261005,terrain_landcover,597,674,0.8857566765578635,334,335,0.9970149253731343
redraw_year_matched_20261005,terrain_landcover,598,674,0.887240356083086,334,335,0.9970149253731343
redraw_year_matched_20261005,terrain_landcover,599,674,0.8887240356083086,334,335,0.9970149253731343
redraw_year_matched_20261005,terrain_landcover,600,674,0.8902077151335311,334,335,0.9970149253731343
redraw_year_matched_20261005,terrain_landcover,601,674,0.8916913946587537,334,335,0.9970149253731343
redraw_year_matched_20261005,terrain_landcover,602,674,0.8931750741839762,334,335,0.9970149253731343
redraw_year_matched_20261005,terrain_landcover,603,674,0.8946587537091988,334,335,0.9970149253731343
redraw_year_matched_20261005,terrain_landcover,604,674,0.8961424332344213,334,335,0.9970149253731343
redraw_year_matched_20261005,terrain_landcover,605,674,0.8976261127596439,334,335,0.9970149253731343
redraw_year_matched_20261005,terrain_landcover,606,674,0.8991097922848664,334,335,0.9970149253731343
redraw_year_matched_20261005,terrain_landcover,607,674,0.900593471810089,334,335,0.9970149253731343
redraw_year_matched_20261005,terrain_landcover,608,674,0.9020771513353115,334,335,0.9970149253731343
redraw_year_matched_20261005,terrain_landcover,609,674,0.9035608308605341,334,335,0.9970149253731343
redraw_year_matched_20261005,terrain_landcover,610,674,0.9050445103857567,334,335,0.9970149253731343
redraw_year_matched_20261005,terrain_landcover,611,674,0.9065281899109793,334,335,0.9970149253731343
redraw_year_matched_20261005,terrain_landcover,612,674,0.9080118694362018,334,335,0.9970149253731343
redraw_year_matched_20261005,terrain_landcover,613,674,0.9094955489614244,334,335,0.9970149253731343
redraw_year_matched_20261005,terrain_landcover,614,674,0.9109792284866469,334,335,0.9970149253731343
redraw_year_matched_20261005,terrain_landcover,615,674,0.9124629080118695,334,335,0.9970149253731343
redraw_year_matched_20261005,terrain_landcover,616,674,0.913946587537092,334,335,0.9970149253731343
redraw_year_matched_20261005,terrain_landcover,617,674,0.9154302670623146,334,335,0.9970149253731343
redraw_year_matched_20261005,terrain_landcover,618,674,0.9169139465875371,334,335,0.9970149253731343
redraw_year_matched_20261005,terrain_landcover,619,674,0.9183976261127597,334,335,0.9970149253731343
redraw_year_matched_20261005,terrain_landcover,620,674,0.9198813056379822,334,335,0.9970149253731343
redraw_year_matched_20261005,terrain_landcover,621,674,0.9213649851632048,334,335,0.9970149253731343
redraw_year_matched_20261005,terrain_landcover,622,674,0.9228486646884273,334,335,0.9970149253731343
redraw_year_matched_20261005,terrain_landcover,623,674,0.9243323442136498,334,335,0.9970149253731343
redraw_year_matched_20261005,terrain_landcover,624,674,0.9258160237388724,334,335,0.9970149253731343
redraw_year_matched_20261005,terrain_landcover,625,674,0.9272997032640949,334,335,0.9970149253731343
redraw_year_matched_20261005,terrain_landcover,626,674,0.9287833827893175,334,335,0.9970149253731343
redraw_year_matched_20261005,terrain_landcover,627,674,0.93026706231454,334,335,0.9970149253731343
redraw_year_matched_20261005,terrain_landcover,628,674,0.9317507418397626,334,335,0.9970149253731343
redraw_year_matched_20261005,terrain_landcover,629,674,0.9332344213649851,334,335,0.9970149253731343
redraw_year_matched_20261005,terrain_landcover,630,674,0.9347181008902077,334,335,0.9970149253731343
redraw_year_matched_20261005,terrain_landcover,631,674,0.9362017804154302,334,335,0.9970149253731343
redraw_year_matched_20261005,terrain_landcover,632,674,0.9376854599406528,334,335,0.9970149253731343
redraw_year_matched_20261005,terrain_landcover,633,674,0.9391691394658753,334,335,0.9970149253731343
redraw_year_matched_20261005,terrain_landcover,634,674,0.9406528189910979,334,335,0.9970149253731343
redraw_year_matched_20261005,terrain_landcover,635,674,0.9421364985163204,334,335,0.9970149253731343
redraw_year_matched_20261005,terrain_landcover,636,674,0.9436201780415431,334,335,0.9970149253731343
redraw_year_matched_20261005,terrain_landcover,637,674,0.9451038575667656,334,335,0.9970149253731343
redraw_year_matched_20261005,terrain_landcover,638,674,0.9465875370919882,334,335,0.9970149253731343
redraw_year_matched_20261005,terrain_landcover,639,674,0.9480712166172107,334,335,0.9970149253731343
redraw_year_matched_20261005,terrain_landcover,640,674,0.9495548961424333,334,335,0.9970149253731343
redraw_year_matched_20261005,terrain_landcover,641,674,0.9510385756676558,334,335,0.9970149253731343
redraw_year_matched_20261005,terrain_landcover,642,674,0.9525222551928784,334,335,0.9970149253731343
redraw_year_matched_20261005,terrain_landcover,643,674,0.9540059347181009,334,335,0.9970149253731343
redraw_year_matched_20261005,terrain_landcover,644,674,0.9554896142433235,334,335,0.9970149253731343
redraw_year_matched_20261005,terrain_landcover,645,674,0.956973293768546,334,335,0.9970149253731343
redraw_year_matched_20261005,terrain_landcover,646,674,0.9584569732937686,334,335,0.9970149253731343
redraw_year_matched_20261005,terrain_landcover,647,674,0.9599406528189911,334,335,0.9970149253731343
redraw_year_matched_20261005,terrain_landcover,648,674,0.9614243323442137,334,335,0.9970149253731343
redraw_year_matched_20261005,terrain_landcover,649,674,0.9629080118694362,334,335,0.9970149253731343
redraw_year_matched_20261005,terrain_landcover,650,674,0.9643916913946587,334,335,0.9970149253731343
redraw_year_matched_20261005,terrain_landcover,651,674,0.9658753709198813,334,335,0.9970149253731343
redraw_year_matched_20261005,terrain_landcover,652,674,0.9673590504451038,334,335,0.9970149253731343
redraw_year_matched_20261005,terrain_landcover,653,674,0.9688427299703264,334,335,0.9970149253731343
redraw_year_matched_20261005,terrain_landcover,654,674,0.9703264094955489,334,335,0.9970149253731343
redraw_year_matched_20261005,terrain_landcover,655,674,0.9718100890207715,334,335,0.9970149253731343
redraw_year_matched_20261005,terrain_landcover,656,674,0.973293768545994,334,335,0.9970149253731343
redraw_year_matched_20261005,terrain_landcover,657,674,0.9747774480712166,334,335,0.9970149253731343
redraw_year_matched_20261005,terrain_landcover,658,674,0.9762611275964391,334,335,0.9970149253731343
redraw_year_matched_20261005,terrain_landcover,659,674,0.9777448071216617,334,335,0.9970149253731343
redraw_year_matched_20261005,terrain_landcover,660,674,0.9792284866468842,334,335,0.9970149253731343
redraw_year_matched_20261005,terrain_landcover,661,674,0.9807121661721068,334,335,0.9970149253731343
redraw_year_matched_20261005,terrain_landcover,662,674,0.9821958456973294,334,335,0.9970149253731343
redraw_year_matched_20261005,terrain_landcover,663,674,0.983679525222552,334,335,0.9970149253731343
redraw_year_matched_20261005,terrain_landcover,664,674,0.9851632047477745,334,335,0.9970149253731343
redraw_year_matched_20261005,terrain_landcover,665,674,0.9866468842729971,334,335,0.9970149253731343
redraw_year_matched_20261005,terrain_landcover,666,674,0.9881305637982196,334,335,0.9970149253731343
redraw_year_matched_20261005,terrain_landcover,667,674,0.9896142433234422,334,335,0.9970149253731343
redraw_year_matched_20261005,terrain_landcover,668,674,0.9910979228486647,334,335,0.9970149253731343
redraw_year_matched_20261005,terrain_landcover,669,674,0.9925816023738873,334,335,0.9970149253731343
redraw_year_matched_20261005,terrain_landcover,670,674,0.9940652818991098,334,335,0.9970149253731343
redraw_year_matched_20261005,terrain_landcover,671,674,0.9955489614243324,334,335,0.9970149253731343
redraw_year_matched_20261005,terrain_landcover,672,674,0.9970326409495549,335,335,1.0
redraw_year_matched_20261005,terrain_landcover,673,674,0.9985163204747775,335,335,1.0
redraw_year_matched_20261005,terrain_landcover,674,674,1.0,335,335,1.0
redraw_year_matched_20261005,terrain_landcover_ae,0,674,0.0,0,335,0.0
redraw_year_matched_20261005,terrain_landcover_ae,1,674,0.001483679525222552,1,335,0.0029850746268656717
redraw_year_matched_20261005,terrain_landcover_ae,2,674,0.002967359050445104,2,335,0.005970149253731343
redraw_year_matched_20261005,terrain_landcover_ae,3,674,0.004451038575667656,3,335,0.008955223880597015
redraw_year_matched_20261005,terrain_landcover_ae,4,674,0.005934718100890208,4,335,0.011940298507462687
redraw_year_matched_20261005,terrain_landcover_ae,5,674,0.00741839762611276,5,335,0.014925373134328358
redraw_year_matched_20261005,terrain_landcover_ae,6,674,0.008902077151335312,6,335,0.01791044776119403
redraw_year_matched_20261005,terrain_landcover_ae,7,674,0.010385756676557863,7,335,0.020895522388059702
redraw_year_matched_20261005,terrain_landcover_ae,8,674,0.011869436201780416,8,335,0.023880597014925373
redraw_year_matched_20261005,terrain_landcover_ae,9,674,0.013353115727002967,9,335,0.026865671641791045
redraw_year_matched_20261005,terrain_landcover_ae,10,674,0.01483679525222552,10,335,0.029850746268656716
redraw_year_matched_20261005,terrain_landcover_ae,11,674,0.016320474777448073,11,335,0.03283582089552239
redraw_year_matched_20261005,terrain_landcover_ae,12,674,0.017804154302670624,12,335,0.03582089552238806
redraw_year_matched_20261005,terrain_landcover_ae,13,674,0.019287833827893175,13,335,0.03880597014925373
redraw_year_matched_20261005,terrain_landcover_ae,14,674,0.020771513353115726,14,335,0.041791044776119404
redraw_year_matched_20261005,terrain_landcover_ae,15,674,0.02225519287833828,15,335,0.04477611940298507
redraw_year_matched_20261005,terrain_landcover_ae,16,674,0.02373887240356083,16,335,0.04776119402985075
redraw_year_matched_20261005,terrain_landcover_ae,17,674,0.025222551928783383,17,335,0.050746268656716415
redraw_year_matched_20261005,terrain_landcover_ae,18,674,0.026706231454005934,18,335,0.05373134328358209
redraw_year_matched_20261005,terrain_landcover_ae,19,674,0.028189910979228485,19,335,0.056716417910447764
redraw_year_matched_20261005,terrain_landcover_ae,20,674,0.02967359050445104,20,335,0.05970149253731343
redraw_year_matched_20261005,terrain_landcover_ae,21,674,0.03115727002967359,21,335,0.0626865671641791
redraw_year_matched_20261005,terrain_landcover_ae,22,674,0.032640949554896145,22,335,0.06567164179104477
redraw_year_matched_20261005,terrain_landcover_ae,23,674,0.03412462908011869,23,335,0.06865671641791045
redraw_year_matched_20261005,terrain_landcover_ae,24,674,0.03560830860534125,24,335,0.07164179104477612
redraw_year_matched_20261005,terrain_landcover_ae,25,674,0.037091988130563795,25,335,0.07462686567164178
redraw_year_matched_20261005,terrain_landcover_ae,26,674,0.03857566765578635,25,335,0.07462686567164178
redraw_year_matched_20261005,terrain_landcover_ae,27,674,0.040059347181008904,26,335,0.07761194029850746
redraw_year_matched_20261005,terrain_landcover_ae,28,674,0.04154302670623145,27,335,0.08059701492537313
redraw_year_matched_20261005,terrain_landcover_ae,29,674,0.04302670623145401,28,335,0.08358208955223881
redraw_year_matched_20261005,terrain_landcover_ae,30,674,0.04451038575667656,29,335,0.08656716417910448
redraw_year_matched_20261005,terrain_landcover_ae,31,674,0.04599406528189911,30,335,0.08955223880597014
redraw_year_matched_20261005,terrain_landcover_ae,32,674,0.04747774480712166,31,335,0.09253731343283582
redraw_year_matched_20261005,terrain_landcover_ae,33,674,0.04896142433234421,32,335,0.0955223880597015
redraw_year_matched_20261005,terrain_landcover_ae,34,674,0.050445103857566766,33,335,0.09850746268656717
redraw_year_matched_20261005,terrain_landcover_ae,35,674,0.05192878338278932,34,335,0.10149253731343283
redraw_year_matched_20261005,terrain_landcover_ae,36,674,0.05341246290801187,35,335,0.1044776119402985
redraw_year_matched_20261005,terrain_landcover_ae,37,674,0.05489614243323442,36,335,0.10746268656716418
redraw_year_matched_20261005,terrain_landcover_ae,38,674,0.05637982195845697,37,335,0.11044776119402985
redraw_year_matched_20261005,terrain_landcover_ae,39,674,0.057863501483679525,38,335,0.11343283582089553
redraw_year_matched_20261005,terrain_landcover_ae,40,674,0.05934718100890208,39,335,0.11641791044776119
redraw_year_matched_20261005,terrain_landcover_ae,41,674,0.06083086053412463,40,335,0.11940298507462686
redraw_year_matched_20261005,terrain_landcover_ae,42,674,0.06231454005934718,41,335,0.12238805970149254
redraw_year_matched_20261005,terrain_landcover_ae,43,674,0.06379821958456973,42,335,0.1253731343283582
redraw_year_matched_20261005,terrain_landcover_ae,44,674,0.06528189910979229,43,335,0.12835820895522387
redraw_year_matched_20261005,terrain_landcover_ae,45,674,0.06676557863501484,44,335,0.13134328358208955
redraw_year_matched_20261005,terrain_landcover_ae,46,674,0.06824925816023739,45,335,0.13432835820895522
redraw_year_matched_20261005,terrain_landcover_ae,47,674,0.06973293768545995,46,335,0.1373134328358209
redraw_year_matched_20261005,terrain_landcover_ae,48,674,0.0712166172106825,47,335,0.14029850746268657
redraw_year_matched_20261005,terrain_landcover_ae,49,674,0.07270029673590504,48,335,0.14328358208955225
redraw_year_matched_20261005,terrain_landcover_ae,50,674,0.07418397626112759,49,335,0.14626865671641792
redraw_year_matched_20261005,terrain_landcover_ae,51,674,0.07566765578635015,50,335,0.14925373134328357
redraw_year_matched_20261005,terrain_landcover_ae,52,674,0.0771513353115727,51,335,0.15223880597014924
redraw_year_matched_20261005,terrain_landcover_ae,53,674,0.07863501483679525,52,335,0.15522388059701492
redraw_year_matched_20261005,terrain_landcover_ae,54,674,0.08011869436201781,53,335,0.1582089552238806
redraw_year_matched_20261005,terrain_landcover_ae,55,674,0.08160237388724036,54,335,0.16119402985074627
redraw_year_matched_20261005,terrain_landcover_ae,56,674,0.0830860534124629,55,335,0.16417910447761194
redraw_year_matched_20261005,terrain_landcover_ae,57,674,0.08456973293768547,56,335,0.16716417910447762
redraw_year_matched_20261005,terrain_landcover_ae,58,674,0.08605341246290801,57,335,0.1701492537313433
redraw_year_matched_20261005,terrain_landcover_ae,59,674,0.08753709198813056,58,335,0.17313432835820897
redraw_year_matched_20261005,terrain_landcover_ae,60,674,0.08902077151335312,59,335,0.1761194029850746
redraw_year_matched_20261005,terrain_landcover_ae,61,674,0.09050445103857567,60,335,0.1791044776119403
redraw_year_matched_20261005,terrain_landcover_ae,62,674,0.09198813056379822,61,335,0.18208955223880596
redraw_year_matched_20261005,terrain_landcover_ae,63,674,0.09347181008902077,62,335,0.18507462686567164
redraw_year_matched_20261005,terrain_landcover_ae,64,674,0.09495548961424333,63,335,0.1880597014925373
redraw_year_matched_20261005,terrain_landcover_ae,65,674,0.09643916913946587,64,335,0.191044776119403
redraw_year_matched_20261005,terrain_landcover_ae,66,674,0.09792284866468842,65,335,0.19402985074626866
redraw_year_matched_20261005,terrain_landcover_ae,67,674,0.09940652818991098,66,335,0.19701492537313434
redraw_year_matched_20261005,terrain_landcover_ae,68,674,0.10089020771513353,67,335,0.2
redraw_year_matched_20261005,terrain_landcover_ae,69,674,0.10237388724035608,68,335,0.20298507462686566
redraw_year_matched_20261005,terrain_landcover_ae,70,674,0.10385756676557864,69,335,0.20597014925373133
redraw_year_matched_20261005,terrain_landcover_ae,71,674,0.10534124629080119,70,335,0.208955223880597
redraw_year_matched_20261005,terrain_landcover_ae,72,674,0.10682492581602374,71,335,0.21194029850746268
redraw_year_matched_20261005,terrain_landcover_ae,73,674,0.1083086053412463,72,335,0.21492537313432836
redraw_year_matched_20261005,terrain_landcover_ae,74,674,0.10979228486646884,73,335,0.21791044776119403
redraw_year_matched_20261005,terrain_landcover_ae,75,674,0.11127596439169139,74,335,0.2208955223880597
redraw_year_matched_20261005,terrain_landcover_ae,76,674,0.11275964391691394,75,335,0.22388059701492538
redraw_year_matched_20261005,terrain_landcover_ae,77,674,0.1142433234421365,76,335,0.22686567164179106
redraw_year_matched_20261005,terrain_landcover_ae,78,674,0.11572700296735905,76,335,0.22686567164179106
redraw_year_matched_20261005,terrain_landcover_ae,79,674,0.1172106824925816,77,335,0.2298507462686567
redraw_year_matched_20261005,terrain_landcover_ae,80,674,0.11869436201780416,78,335,0.23283582089552238
redraw_year_matched_20261005,terrain_landcover_ae,81,674,0.1201780415430267,79,335,0.23582089552238805
redraw_year_matched_20261005,terrain_landcover_ae,82,674,0.12166172106824925,80,335,0.23880597014925373
redraw_year_matched_20261005,terrain_landcover_ae,83,674,0.12314540059347182,81,335,0.2417910447761194
redraw_year_matched_20261005,terrain_landcover_ae,84,674,0.12462908011869436,82,335,0.24477611940298508
redraw_year_matched_20261005,terrain_landcover_ae,85,674,0.1261127596439169,83,335,0.24776119402985075
redraw_year_matched_20261005,terrain_landcover_ae,86,674,0.12759643916913946,84,335,0.2507462686567164
redraw_year_matched_20261005,terrain_landcover_ae,87,674,0.129080118694362,85,335,0.2537313432835821
redraw_year_matched_20261005,terrain_landcover_ae,88,674,0.13056379821958458,86,335,0.25671641791044775
redraw_year_matched_20261005,terrain_landcover_ae,89,674,0.13204747774480713,87,335,0.25970149253731345
redraw_year_matched_20261005,terrain_landcover_ae,90,674,0.13353115727002968,88,335,0.2626865671641791
redraw_year_matched_20261005,terrain_landcover_ae,91,674,0.13501483679525222,89,335,0.2656716417910448
redraw_year_matched_20261005,terrain_landcover_ae,92,674,0.13649851632047477,90,335,0.26865671641791045
redraw_year_matched_20261005,terrain_landcover_ae,93,674,0.13798219584569732,90,335,0.26865671641791045
redraw_year_matched_20261005,terrain_landcover_ae,94,674,0.1394658753709199,91,335,0.2716417910447761
redraw_year_matched_20261005,terrain_landcover_ae,95,674,0.14094955489614244,92,335,0.2746268656716418
redraw_year_matched_20261005,terrain_landcover_ae,96,674,0.142433234421365,93,335,0.27761194029850744
redraw_year_matched_20261005,terrain_landcover_ae,97,674,0.14391691394658754,94,335,0.28059701492537314
redraw_year_matched_20261005,terrain_landcover_ae,98,674,0.14540059347181009,95,335,0.2835820895522388
redraw_year_matched_20261005,terrain_landcover_ae,99,674,0.14688427299703263,96,335,0.2865671641791045
redraw_year_matched_20261005,terrain_landcover_ae,100,674,0.14836795252225518,97,335,0.28955223880597014
redraw_year_matched_20261005,terrain_landcover_ae,101,674,0.14985163204747776,98,335,0.29253731343283584
redraw_year_matched_20261005,terrain_landcover_ae,102,674,0.1513353115727003,99,335,0.2955223880597015
redraw_year_matched_20261005,terrain_landcover_ae,103,674,0.15281899109792285,100,335,0.29850746268656714
redraw_year_matched_20261005,terrain_landcover_ae,104,674,0.1543026706231454,101,335,0.30149253731343284
redraw_year_matched_20261005,terrain_landcover_ae,105,674,0.15578635014836795,102,335,0.3044776119402985
redraw_year_matched_20261005,terrain_landcover_ae,106,674,0.1572700296735905,103,335,0.3074626865671642
redraw_year_matched_20261005,terrain_landcover_ae,107,674,0.15875370919881307,104,335,0.31044776119402984
redraw_year_matched_20261005,terrain_landcover_ae,108,674,0.16023738872403562,105,335,0.31343283582089554
redraw_year_matched_20261005,terrain_landcover_ae,109,674,0.16172106824925817,106,335,0.3164179104477612
redraw_year_matched_20261005,terrain_landcover_ae,110,674,0.1632047477744807,107,335,0.3194029850746269
redraw_year_matched_20261005,terrain_landcover_ae,111,674,0.16468842729970326,108,335,0.32238805970149254
redraw_year_matched_20261005,terrain_landcover_ae,112,674,0.1661721068249258,109,335,0.3253731343283582
redraw_year_matched_20261005,terrain_landcover_ae,113,674,0.16765578635014836,109,335,0.3253731343283582
redraw_year_matched_20261005,terrain_landcover_ae,114,674,0.16913946587537093,110,335,0.3283582089552239
redraw_year_matched_20261005,terrain_landcover_ae,115,674,0.17062314540059348,111,335,0.33134328358208953
redraw_year_matched_20261005,terrain_landcover_ae,116,674,0.17210682492581603,112,335,0.33432835820895523
redraw_year_matched_20261005,terrain_landcover_ae,117,674,0.17359050445103857,113,335,0.3373134328358209
redraw_year_matched_20261005,terrain_landcover_ae,118,674,0.17507418397626112,114,335,0.3402985074626866
redraw_year_matched_20261005,terrain_landcover_ae,119,674,0.17655786350148367,114,335,0.3402985074626866
redraw_year_matched_20261005,terrain_landcover_ae,120,674,0.17804154302670624,115,335,0.34328358208955223
redraw_year_matched_20261005,terrain_landcover_ae,121,674,0.1795252225519288,116,335,0.34626865671641793
redraw_year_matched_20261005,terrain_landcover_ae,122,674,0.18100890207715134,117,335,0.3492537313432836
redraw_year_matched_20261005,terrain_landcover_ae,123,674,0.1824925816023739,118,335,0.3522388059701492
redraw_year_matched_20261005,terrain_landcover_ae,124,674,0.18397626112759644,119,335,0.35522388059701493
redraw_year_matched_20261005,terrain_landcover_ae,125,674,0.18545994065281898,120,335,0.3582089552238806
redraw_year_matched_20261005,terrain_landcover_ae,126,674,0.18694362017804153,121,335,0.3611940298507463
redraw_year_matched_20261005,terrain_landcover_ae,127,674,0.1884272997032641,122,335,0.3641791044776119
redraw_year_matched_20261005,terrain_landcover_ae,128,674,0.18991097922848665,123,335,0.36716417910447763
redraw_year_matched_20261005,terrain_landcover_ae,129,674,0.1913946587537092,124,335,0.3701492537313433
redraw_year_matched_20261005,terrain_landcover_ae,130,674,0.19287833827893175,125,335,0.373134328358209
redraw_year_matched_20261005,terrain_landcover_ae,131,674,0.1943620178041543,126,335,0.3761194029850746
redraw_year_matched_20261005,terrain_landcover_ae,132,674,0.19584569732937684,126,335,0.3761194029850746
redraw_year_matched_20261005,terrain_landcover_ae,133,674,0.19732937685459942,127,335,0.37910447761194027
redraw_year_matched_20261005,terrain_landcover_ae,134,674,0.19881305637982197,128,335,0.382089552238806
redraw_year_matched_20261005,terrain_landcover_ae,135,674,0.20029673590504452,129,335,0.3850746268656716
redraw_year_matched_20261005,terrain_landcover_ae,136,674,0.20178041543026706,130,335,0.3880597014925373
redraw_year_matched_20261005,terrain_landcover_ae,137,674,0.2032640949554896,131,335,0.39104477611940297
redraw_year_matched_20261005,terrain_landcover_ae,138,674,0.20474777448071216,132,335,0.3940298507462687
redraw_year_matched_20261005,terrain_landcover_ae,139,674,0.2062314540059347,133,335,0.3970149253731343
redraw_year_matched_20261005,terrain_landcover_ae,140,674,0.20771513353115728,134,335,0.4
redraw_year_matched_20261005,terrain_landcover_ae,141,674,0.20919881305637983,135,335,0.40298507462686567
redraw_year_matched_20261005,terrain_landcover_ae,142,674,0.21068249258160238,136,335,0.4059701492537313
redraw_year_matched_20261005,terrain_landcover_ae,143,674,0.21216617210682492,137,335,0.408955223880597
redraw_year_matched_20261005,terrain_landcover_ae,144,674,0.21364985163204747,137,335,0.408955223880597
redraw_year_matched_20261005,terrain_landcover_ae,145,674,0.21513353115727002,138,335,0.41194029850746267
redraw_year_matched_20261005,terrain_landcover_ae,146,674,0.2166172106824926,139,335,0.41492537313432837
redraw_year_matched_20261005,terrain_landcover_ae,147,674,0.21810089020771514,140,335,0.417910447761194
redraw_year_matched_20261005,terrain_landcover_ae,148,674,0.2195845697329377,141,335,0.4208955223880597
redraw_year_matched_20261005,terrain_landcover_ae,149,674,0.22106824925816024,142,335,0.42388059701492536
redraw_year_matched_20261005,terrain_landcover_ae,150,674,0.22255192878338279,143,335,0.42686567164179107
redraw_year_matched_20261005,terrain_landcover_ae,151,674,0.22403560830860533,144,335,0.4298507462686567
redraw_year_matched_20261005,terrain_landcover_ae,152,674,0.22551928783382788,145,335,0.43283582089552236
redraw_year_matched_20261005,terrain_landcover_ae,153,674,0.22700296735905046,145,335,0.43283582089552236
redraw_year_matched_20261005,terrain_landcover_ae,154,674,0.228486646884273,146,335,0.43582089552238806
redraw_year_matched_20261005,terrain_landcover_ae,155,674,0.22997032640949555,147,335,0.4388059701492537
redraw_year_matched_20261005,terrain_landcover_ae,156,674,0.2314540059347181,148,335,0.4417910447761194
redraw_year_matched_20261005,terrain_landcover_ae,157,674,0.23293768545994065,149,335,0.44477611940298506
redraw_year_matched_20261005,terrain_landcover_ae,158,674,0.2344213649851632,150,335,0.44776119402985076
redraw_year_matched_20261005,terrain_landcover_ae,159,674,0.23590504451038577,151,335,0.4507462686567164
redraw_year_matched_20261005,terrain_landcover_ae,160,674,0.23738872403560832,152,335,0.4537313432835821
redraw_year_matched_20261005,terrain_landcover_ae,161,674,0.23887240356083086,153,335,0.45671641791044776
redraw_year_matched_20261005,terrain_landcover_ae,162,674,0.2403560830860534,154,335,0.4597014925373134
redraw_year_matched_20261005,terrain_landcover_ae,163,674,0.24183976261127596,155,335,0.4626865671641791
redraw_year_matched_20261005,terrain_landcover_ae,164,674,0.2433234421364985,155,335,0.4626865671641791
redraw_year_matched_20261005,terrain_landcover_ae,165,674,0.24480712166172106,156,335,0.46567164179104475
redraw_year_matched_20261005,terrain_landcover_ae,166,674,0.24629080118694363,157,335,0.46865671641791046
redraw_year_matched_20261005,terrain_landcover_ae,167,674,0.24777448071216618,158,335,0.4716417910447761
redraw_year_matched_20261005,terrain_landcover_ae,168,674,0.24925816023738873,158,335,0.4716417910447761
redraw_year_matched_20261005,terrain_landcover_ae,169,674,0.2507418397626113,159,335,0.4746268656716418
redraw_year_matched_20261005,terrain_landcover_ae,170,674,0.2522255192878338,160,335,0.47761194029850745
redraw_year_matched_20261005,terrain_landcover_ae,171,674,0.25370919881305637,161,335,0.48059701492537316
redraw_year_matched_20261005,terrain_landcover_ae,172,674,0.2551928783382789,162,335,0.4835820895522388
redraw_year_matched_20261005,terrain_landcover_ae,173,674,0.25667655786350146,163,335,0.48656716417910445
redraw_year_matched_20261005,terrain_landcover_ae,174,674,0.258160237388724,164,335,0.48955223880597015
redraw_year_matched_20261005,terrain_landcover_ae,175,674,0.2596439169139466,165,335,0.4925373134328358
redraw_year_matched_20261005,terrain_landcover_ae,176,674,0.26112759643916916,166,335,0.4955223880597015
redraw_year_matched_20261005,terrain_landcover_ae,177,674,0.2626112759643917,167,335,0.49850746268656715
redraw_year_matched_20261005,terrain_landcover_ae,178,674,0.26409495548961426,168,335,0.5014925373134328
redraw_year_matched_20261005,terrain_landcover_ae,179,674,0.2655786350148368,168,335,0.5014925373134328
redraw_year_matched_20261005,terrain_landcover_ae,180,674,0.26706231454005935,169,335,0.5044776119402985
redraw_year_matched_20261005,terrain_landcover_ae,181,674,0.2685459940652819,170,335,0.5074626865671642
redraw_year_matched_20261005,terrain_landcover_ae,182,674,0.27002967359050445,171,335,0.5104477611940299
redraw_year_matched_20261005,terrain_landcover_ae,183,674,0.271513353115727,172,335,0.5134328358208955
redraw_year_matched_20261005,terrain_landcover_ae,184,674,0.27299703264094954,173,335,0.5164179104477612
redraw_year_matched_20261005,terrain_landcover_ae,185,674,0.2744807121661721,174,335,0.5194029850746269
redraw_year_matched_20261005,terrain_landcover_ae,186,674,0.27596439169139464,175,335,0.5223880597014925
redraw_year_matched_20261005,terrain_landcover_ae,187,674,0.2774480712166172,176,335,0.5253731343283582
redraw_year_matched_20261005,terrain_landcover_ae,188,674,0.2789317507418398,177,335,0.5283582089552239
redraw_year_matched_20261005,terrain_landcover_ae,189,674,0.28041543026706234,178,335,0.5313432835820896
redraw_year_matched_20261005,terrain_landcover_ae,190,674,0.2818991097922849,179,335,0.5343283582089552
redraw_year_matched_20261005,terrain_landcover_ae,191,674,0.28338278931750743,180,335,0.5373134328358209
redraw_year_matched_20261005,terrain_landcover_ae,192,674,0.28486646884273,181,335,0.5402985074626866
redraw_year_matched_20261005,terrain_landcover_ae,193,674,0.28635014836795253,182,335,0.5432835820895522
redraw_year_matched_20261005,terrain_landcover_ae,194,674,0.2878338278931751,183,335,0.5462686567164179
redraw_year_matched_20261005,terrain_landcover_ae,195,674,0.2893175074183976,184,335,0.5492537313432836
redraw_year_matched_20261005,terrain_landcover_ae,196,674,0.29080118694362017,185,335,0.5522388059701493
redraw_year_matched_20261005,terrain_landcover_ae,197,674,0.2922848664688427,186,335,0.5552238805970149
redraw_year_matched_20261005,terrain_landcover_ae,198,674,0.29376854599406527,187,335,0.5582089552238806
redraw_year_matched_20261005,terrain_landcover_ae,199,674,0.2952522255192878,188,335,0.5611940298507463
redraw_year_matched_20261005,terrain_landcover_ae,200,674,0.29673590504451036,188,335,0.5611940298507463
redraw_year_matched_20261005,terrain_landcover_ae,201,674,0.29821958456973297,189,335,0.564179104477612
redraw_year_matched_20261005,terrain_landcover_ae,202,674,0.2997032640949555,190,335,0.5671641791044776
redraw_year_matched_20261005,terrain_landcover_ae,203,674,0.30118694362017806,191,335,0.5701492537313433
redraw_year_matched_20261005,terrain_landcover_ae,204,674,0.3026706231454006,192,335,0.573134328358209
redraw_year_matched_20261005,terrain_landcover_ae,205,674,0.30415430267062316,192,335,0.573134328358209
redraw_year_matched_20261005,terrain_landcover_ae,206,674,0.3056379821958457,193,335,0.5761194029850746
redraw_year_matched_20261005,terrain_landcover_ae,207,674,0.30712166172106825,194,335,0.5791044776119403
redraw_year_matched_20261005,terrain_landcover_ae,208,674,0.3086053412462908,195,335,0.582089552238806
redraw_year_matched_20261005,terrain_landcover_ae,209,674,0.31008902077151335,196,335,0.5850746268656717
redraw_year_matched_20261005,terrain_landcover_ae,210,674,0.3115727002967359,196,335,0.5850746268656717
redraw_year_matched_20261005,terrain_landcover_ae,211,674,0.31305637982195844,197,335,0.5880597014925373
redraw_year_matched_20261005,terrain_landcover_ae,212,674,0.314540059347181,197,335,0.5880597014925373
redraw_year_matched_20261005,terrain_landcover_ae,213,674,0.31602373887240354,198,335,0.591044776119403
redraw_year_matched_20261005,terrain_landcover_ae,214,674,0.31750741839762614,198,335,0.591044776119403
redraw_year_matched_20261005,terrain_landcover_ae,215,674,0.3189910979228487,199,335,0.5940298507462687
redraw_year_matched_20261005,terrain_landcover_ae,216,674,0.32047477744807124,200,335,0.5970149253731343
redraw_year_matched_20261005,terrain_landcover_ae,217,674,0.3219584569732938,201,335,0.6
redraw_year_matched_20261005,terrain_landcover_ae,218,674,0.32344213649851633,202,335,0.6029850746268657
redraw_year_matched_20261005,terrain_landcover_ae,219,674,0.3249258160237389,203,335,0.6059701492537314
redraw_year_matched_20261005,terrain_landcover_ae,220,674,0.3264094955489614,204,335,0.608955223880597
redraw_year_matched_20261005,terrain_landcover_ae,221,674,0.327893175074184,205,335,0.6119402985074627
redraw_year_matched_20261005,terrain_landcover_ae,222,674,0.3293768545994065,205,335,0.6119402985074627
redraw_year_matched_20261005,terrain_landcover_ae,223,674,0.33086053412462907,206,335,0.6149253731343284
redraw_year_matched_20261005,terrain_landcover_ae,224,674,0.3323442136498516,207,335,0.6179104477611941
redraw_year_matched_20261005,terrain_landcover_ae,225,674,0.33382789317507416,208,335,0.6208955223880597
redraw_year_matched_20261005,terrain_landcover_ae,226,674,0.3353115727002967,209,335,0.6238805970149254
redraw_year_matched_20261005,terrain_landcover_ae,227,674,0.3367952522255193,210,335,0.6268656716417911
redraw_year_matched_20261005,terrain_landcover_ae,228,674,0.33827893175074186,211,335,0.6298507462686567
redraw_year_matched_20261005,terrain_landcover_ae,229,674,0.3397626112759644,212,335,0.6328358208955224
redraw_year_matched_20261005,terrain_landcover_ae,230,674,0.34124629080118696,213,335,0.6358208955223881
redraw_year_matched_20261005,terrain_landcover_ae,231,674,0.3427299703264095,213,335,0.6358208955223881
redraw_year_matched_20261005,terrain_landcover_ae,232,674,0.34421364985163205,213,335,0.6358208955223881
redraw_year_matched_20261005,terrain_landcover_ae,233,674,0.3456973293768546,214,335,0.6388059701492538
redraw_year_matched_20261005,terrain_landcover_ae,234,674,0.34718100890207715,215,335,0.6417910447761194
redraw_year_matched_20261005,terrain_landcover_ae,235,674,0.3486646884272997,216,335,0.6447761194029851
redraw_year_matched_20261005,terrain_landcover_ae,236,674,0.35014836795252224,217,335,0.6477611940298508
redraw_year_matched_20261005,terrain_landcover_ae,237,674,0.3516320474777448,218,335,0.6507462686567164
redraw_year_matched_20261005,terrain_landcover_ae,238,674,0.35311572700296734,219,335,0.6537313432835821
redraw_year_matched_20261005,terrain_landcover_ae,239,674,0.3545994065281899,219,335,0.6537313432835821
redraw_year_matched_20261005,terrain_landcover_ae,240,674,0.3560830860534125,219,335,0.6537313432835821
redraw_year_matched_20261005,terrain_landcover_ae,241,674,0.35756676557863504,220,335,0.6567164179104478
redraw_year_matched_20261005,terrain_landcover_ae,242,674,0.3590504451038576,221,335,0.6597014925373135
redraw_year_matched_20261005,terrain_landcover_ae,243,674,0.36053412462908013,222,335,0.6626865671641791
redraw_year_matched_20261005,terrain_landcover_ae,244,674,0.3620178041543027,223,335,0.6656716417910448
redraw_year_matched_20261005,terrain_landcover_ae,245,674,0.36350148367952523,224,335,0.6686567164179105
redraw_year_matched_20261005,terrain_landcover_ae,246,674,0.3649851632047478,224,335,0.6686567164179105
redraw_year_matched_20261005,terrain_landcover_ae,247,674,0.3664688427299703,225,335,0.6716417910447762
redraw_year_matched_20261005,terrain_landcover_ae,248,674,0.36795252225519287,226,335,0.6746268656716418
redraw_year_matched_20261005,terrain_landcover_ae,249,674,0.3694362017804154,227,335,0.6776119402985075
redraw_year_matched_20261005,terrain_landcover_ae,250,674,0.37091988130563797,227,335,0.6776119402985075
redraw_year_matched_20261005,terrain_landcover_ae,251,674,0.3724035608308605,228,335,0.6805970149253732
redraw_year_matched_20261005,terrain_landcover_ae,252,674,0.37388724035608306,229,335,0.6835820895522388
redraw_year_matched_20261005,terrain_landcover_ae,253,674,0.37537091988130566,230,335,0.6865671641791045
redraw_year_matched_20261005,terrain_landcover_ae,254,674,0.3768545994065282,231,335,0.6895522388059702
redraw_year_matched_20261005,terrain_landcover_ae,255,674,0.37833827893175076,231,335,0.6895522388059702
redraw_year_matched_20261005,terrain_landcover_ae,256,674,0.3798219584569733,232,335,0.6925373134328359
redraw_year_matched_20261005,terrain_landcover_ae,257,674,0.38130563798219586,233,335,0.6955223880597015
redraw_year_matched_20261005,terrain_landcover_ae,258,674,0.3827893175074184,234,335,0.6985074626865672
redraw_year_matched_20261005,terrain_landcover_ae,259,674,0.38427299703264095,234,335,0.6985074626865672
redraw_year_matched_20261005,terrain_landcover_ae,260,674,0.3857566765578635,234,335,0.6985074626865672
redraw_year_matched_20261005,terrain_landcover_ae,261,674,0.38724035608308605,235,335,0.7014925373134329
redraw_year_matched_20261005,terrain_landcover_ae,262,674,0.3887240356083086,236,335,0.7044776119402985
redraw_year_matched_20261005,terrain_landcover_ae,263,674,0.39020771513353114,237,335,0.7074626865671642
redraw_year_matched_20261005,terrain_landcover_ae,264,674,0.3916913946587537,238,335,0.7104477611940299
redraw_year_matched_20261005,terrain_landcover_ae,265,674,0.39317507418397624,238,335,0.7104477611940299
redraw_year_matched_20261005,terrain_landcover_ae,266,674,0.39465875370919884,238,335,0.7104477611940299
redraw_year_matched_20261005,terrain_landcover_ae,267,674,0.3961424332344214,239,335,0.7134328358208956
redraw_year_matched_20261005,terrain_landcover_ae,268,674,0.39762611275964393,240,335,0.7164179104477612
redraw_year_matched_20261005,terrain_landcover_ae,269,674,0.3991097922848665,240,335,0.7164179104477612
redraw_year_matched_20261005,terrain_landcover_ae,270,674,0.40059347181008903,240,335,0.7164179104477612
redraw_year_matched_20261005,terrain_landcover_ae,271,674,0.4020771513353116,241,335,0.7194029850746269
redraw_year_matched_20261005,terrain_landcover_ae,272,674,0.4035608308605341,241,335,0.7194029850746269
redraw_year_matched_20261005,terrain_landcover_ae,273,674,0.4050445103857567,242,335,0.7223880597014926
redraw_year_matched_20261005,terrain_landcover_ae,274,674,0.4065281899109792,242,335,0.7223880597014926
redraw_year_matched_20261005,terrain_landcover_ae,275,674,0.40801186943620177,243,335,0.7253731343283583
redraw_year_matched_20261005,terrain_landcover_ae,276,674,0.4094955489614243,244,335,0.7283582089552239
redraw_year_matched_20261005,terrain_landcover_ae,277,674,0.41097922848664686,245,335,0.7313432835820896
redraw_year_matched_20261005,terrain_landcover_ae,278,674,0.4124629080118694,246,335,0.7343283582089553
redraw_year_matched_20261005,terrain_landcover_ae,279,674,0.413946587537092,247,335,0.7373134328358208
redraw_year_matched_20261005,terrain_landcover_ae,280,674,0.41543026706231456,248,335,0.7402985074626866
redraw_year_matched_20261005,terrain_landcover_ae,281,674,0.4169139465875371,248,335,0.7402985074626866
redraw_year_matched_20261005,terrain_landcover_ae,282,674,0.41839762611275966,249,335,0.7432835820895523
redraw_year_matched_20261005,terrain_landcover_ae,283,674,0.4198813056379822,250,335,0.746268656716418
redraw_year_matched_20261005,terrain_landcover_ae,284,674,0.42136498516320475,251,335,0.7492537313432835
redraw_year_matched_20261005,terrain_landcover_ae,285,674,0.4228486646884273,252,335,0.7522388059701492
redraw_year_matched_20261005,terrain_landcover_ae,286,674,0.42433234421364985,253,335,0.755223880597015
redraw_year_matched_20261005,terrain_landcover_ae,287,674,0.4258160237388724,253,335,0.755223880597015
redraw_year_matched_20261005,terrain_landcover_ae,288,674,0.42729970326409494,254,335,0.7582089552238805
redraw_year_matched_20261005,terrain_landcover_ae,289,674,0.4287833827893175,255,335,0.7611940298507462
redraw_year_matched_20261005,terrain_landcover_ae,290,674,0.43026706231454004,256,335,0.764179104477612
redraw_year_matched_20261005,terrain_landcover_ae,291,674,0.4317507418397626,256,335,0.764179104477612
redraw_year_matched_20261005,terrain_landcover_ae,292,674,0.4332344213649852,256,335,0.764179104477612
redraw_year_matched_20261005,terrain_landcover_ae,293,674,0.43471810089020774,256,335,0.764179104477612
redraw_year_matched_20261005,terrain_landcover_ae,294,674,0.4362017804154303,257,335,0.7671641791044777
redraw_year_matched_20261005,terrain_landcover_ae,295,674,0.43768545994065283,258,335,0.7701492537313432
redraw_year_matched_20261005,terrain_landcover_ae,296,674,0.4391691394658754,259,335,0.7731343283582089
redraw_year_matched_20261005,terrain_landcover_ae,297,674,0.4406528189910979,260,335,0.7761194029850746
redraw_year_matched_20261005,terrain_landcover_ae,298,674,0.4421364985163205,261,335,0.7791044776119403
redraw_year_matched_20261005,terrain_landcover_ae,299,674,0.443620178041543,262,335,0.7820895522388059
redraw_year_matched_20261005,terrain_landcover_ae,300,674,0.44510385756676557,262,335,0.7820895522388059
redraw_year_matched_20261005,terrain_landcover_ae,301,674,0.4465875370919881,263,335,0.7850746268656716
redraw_year_matched_20261005,terrain_landcover_ae,302,674,0.44807121661721067,264,335,0.7880597014925373
redraw_year_matched_20261005,terrain_landcover_ae,303,674,0.4495548961424332,265,335,0.7910447761194029
redraw_year_matched_20261005,terrain_landcover_ae,304,674,0.45103857566765576,266,335,0.7940298507462686
redraw_year_matched_20261005,terrain_landcover_ae,305,674,0.45252225519287836,267,335,0.7970149253731343
redraw_year_matched_20261005,terrain_landcover_ae,306,674,0.4540059347181009,268,335,0.8
redraw_year_matched_20261005,terrain_landcover_ae,307,674,0.45548961424332346,268,335,0.8
redraw_year_matched_20261005,terrain_landcover_ae,308,674,0.456973293768546,268,335,0.8
redraw_year_matched_20261005,terrain_landcover_ae,309,674,0.45845697329376855,269,335,0.8029850746268656
redraw_year_matched_20261005,terrain_landcover_ae,310,674,0.4599406528189911,269,335,0.8029850746268656
redraw_year_matched_20261005,terrain_landcover_ae,311,674,0.46142433234421365,269,335,0.8029850746268656
redraw_year_matched_20261005,terrain_landcover_ae,312,674,0.4629080118694362,269,335,0.8029850746268656
redraw_year_matched_20261005,terrain_landcover_ae,313,674,0.46439169139465875,269,335,0.8029850746268656
redraw_year_matched_20261005,terrain_landcover_ae,314,674,0.4658753709198813,269,335,0.8029850746268656
redraw_year_matched_20261005,terrain_landcover_ae,315,674,0.46735905044510384,269,335,0.8029850746268656
redraw_year_matched_20261005,terrain_landcover_ae,316,674,0.4688427299703264,270,335,0.8059701492537313
redraw_year_matched_20261005,terrain_landcover_ae,317,674,0.47032640949554894,270,335,0.8059701492537313
redraw_year_matched_20261005,terrain_landcover_ae,318,674,0.47181008902077154,271,335,0.808955223880597
redraw_year_matched_20261005,terrain_landcover_ae,319,674,0.4732937685459941,272,335,0.8119402985074626
redraw_year_matched_20261005,terrain_landcover_ae,320,674,0.47477744807121663,273,335,0.8149253731343283
redraw_year_matched_20261005,terrain_landcover_ae,321,674,0.4762611275964392,273,335,0.8149253731343283
redraw_year_matched_20261005,terrain_landcover_ae,322,674,0.47774480712166173,273,335,0.8149253731343283
redraw_year_matched_20261005,terrain_landcover_ae,323,674,0.4792284866468843,274,335,0.817910447761194
redraw_year_matched_20261005,terrain_landcover_ae,324,674,0.4807121661721068,274,335,0.817910447761194
redraw_year_matched_20261005,terrain_landcover_ae,325,674,0.4821958456973294,275,335,0.8208955223880597
redraw_year_matched_20261005,terrain_landcover_ae,326,674,0.4836795252225519,276,335,0.8238805970149253
redraw_year_matched_20261005,terrain_landcover_ae,327,674,0.48516320474777447,277,335,0.826865671641791
redraw_year_matched_20261005,terrain_landcover_ae,328,674,0.486646884272997,277,335,0.826865671641791
redraw_year_matched_20261005,terrain_landcover_ae,329,674,0.48813056379821956,278,335,0.8298507462686567
redraw_year_matched_20261005,terrain_landcover_ae,330,674,0.4896142433234421,279,335,0.8328358208955224
redraw_year_matched_20261005,terrain_landcover_ae,331,674,0.4910979228486647,280,335,0.835820895522388
redraw_year_matched_20261005,terrain_landcover_ae,332,674,0.49258160237388726,281,335,0.8388059701492537
redraw_year_matched_20261005,terrain_landcover_ae,333,674,0.4940652818991098,281,335,0.8388059701492537
redraw_year_matched_20261005,terrain_landcover_ae,334,674,0.49554896142433236,282,335,0.8417910447761194
redraw_year_matched_20261005,terrain_landcover_ae,335,674,0.4970326409495549,283,335,0.844776119402985
redraw_year_matched_20261005,terrain_landcover_ae,336,674,0.49851632047477745,283,335,0.844776119402985
redraw_year_matched_20261005,terrain_landcover_ae,337,674,0.5,284,335,0.8477611940298507
redraw_year_matched_20261005,terrain_landcover_ae,338,674,0.5014836795252225,284,335,0.8477611940298507
redraw_year_matched_20261005,terrain_landcover_ae,339,674,0.5029673590504451,285,335,0.8507462686567164
redraw_year_matched_20261005,terrain_landcover_ae,340,674,0.5044510385756676,285,335,0.8507462686567164
redraw_year_matched_20261005,terrain_landcover_ae,341,674,0.5059347181008902,286,335,0.8537313432835821
redraw_year_matched_20261005,terrain_landcover_ae,342,674,0.5074183976261127,286,335,0.8537313432835821
redraw_year_matched_20261005,terrain_landcover_ae,343,674,0.5089020771513353,287,335,0.8567164179104477
redraw_year_matched_20261005,terrain_landcover_ae,344,674,0.5103857566765578,287,335,0.8567164179104477
redraw_year_matched_20261005,terrain_landcover_ae,345,674,0.5118694362017804,288,335,0.8597014925373134
redraw_year_matched_20261005,terrain_landcover_ae,346,674,0.5133531157270029,289,335,0.8626865671641791
redraw_year_matched_20261005,terrain_landcover_ae,347,674,0.5148367952522255,289,335,0.8626865671641791
redraw_year_matched_20261005,terrain_landcover_ae,348,674,0.516320474777448,290,335,0.8656716417910447
redraw_year_matched_20261005,terrain_landcover_ae,349,674,0.5178041543026706,291,335,0.8686567164179104
redraw_year_matched_20261005,terrain_landcover_ae,350,674,0.5192878338278932,291,335,0.8686567164179104
redraw_year_matched_20261005,terrain_landcover_ae,351,674,0.5207715133531158,291,335,0.8686567164179104
redraw_year_matched_20261005,terrain_landcover_ae,352,674,0.5222551928783383,292,335,0.8716417910447761
redraw_year_matched_20261005,terrain_landcover_ae,353,674,0.5237388724035609,293,335,0.8746268656716418
redraw_year_matched_20261005,terrain_landcover_ae,354,674,0.5252225519287834,294,335,0.8776119402985074
redraw_year_matched_20261005,terrain_landcover_ae,355,674,0.526706231454006,294,335,0.8776119402985074
redraw_year_matched_20261005,terrain_landcover_ae,356,674,0.5281899109792285,295,335,0.8805970149253731
redraw_year_matched_20261005,terrain_landcover_ae,357,674,0.5296735905044511,296,335,0.8835820895522388
redraw_year_matched_20261005,terrain_landcover_ae,358,674,0.5311572700296736,297,335,0.8865671641791045
redraw_year_matched_20261005,terrain_landcover_ae,359,674,0.5326409495548962,297,335,0.8865671641791045
redraw_year_matched_20261005,terrain_landcover_ae,360,674,0.5341246290801187,298,335,0.8895522388059701
redraw_year_matched_20261005,terrain_landcover_ae,361,674,0.5356083086053413,298,335,0.8895522388059701
redraw_year_matched_20261005,terrain_landcover_ae,362,674,0.5370919881305638,299,335,0.8925373134328358
redraw_year_matched_20261005,terrain_landcover_ae,363,674,0.5385756676557863,299,335,0.8925373134328358
redraw_year_matched_20261005,terrain_landcover_ae,364,674,0.5400593471810089,300,335,0.8955223880597015
redraw_year_matched_20261005,terrain_landcover_ae,365,674,0.5415430267062314,300,335,0.8955223880597015
redraw_year_matched_20261005,terrain_landcover_ae,366,674,0.543026706231454,300,335,0.8955223880597015
redraw_year_matched_20261005,terrain_landcover_ae,367,674,0.5445103857566765,301,335,0.8985074626865671
redraw_year_matched_20261005,terrain_landcover_ae,368,674,0.5459940652818991,302,335,0.9014925373134328
redraw_year_matched_20261005,terrain_landcover_ae,369,674,0.5474777448071216,303,335,0.9044776119402985
redraw_year_matched_20261005,terrain_landcover_ae,370,674,0.5489614243323442,303,335,0.9044776119402985
redraw_year_matched_20261005,terrain_landcover_ae,371,674,0.5504451038575667,303,335,0.9044776119402985
redraw_year_matched_20261005,terrain_landcover_ae,372,674,0.5519287833827893,303,335,0.9044776119402985
redraw_year_matched_20261005,terrain_landcover_ae,373,674,0.5534124629080118,303,335,0.9044776119402985
redraw_year_matched_20261005,terrain_landcover_ae,374,674,0.5548961424332344,303,335,0.9044776119402985
redraw_year_matched_20261005,terrain_landcover_ae,375,674,0.5563798219584569,303,335,0.9044776119402985
redraw_year_matched_20261005,terrain_landcover_ae,376,674,0.5578635014836796,303,335,0.9044776119402985
redraw_year_matched_20261005,terrain_landcover_ae,377,674,0.5593471810089021,304,335,0.9074626865671642
redraw_year_matched_20261005,terrain_landcover_ae,378,674,0.5608308605341247,304,335,0.9074626865671642
redraw_year_matched_20261005,terrain_landcover_ae,379,674,0.5623145400593472,305,335,0.9104477611940298
redraw_year_matched_20261005,terrain_landcover_ae,380,674,0.5637982195845698,305,335,0.9104477611940298
redraw_year_matched_20261005,terrain_landcover_ae,381,674,0.5652818991097923,305,335,0.9104477611940298
redraw_year_matched_20261005,terrain_landcover_ae,382,674,0.5667655786350149,305,335,0.9104477611940298
redraw_year_matched_20261005,terrain_landcover_ae,383,674,0.5682492581602374,306,335,0.9134328358208955
redraw_year_matched_20261005,terrain_landcover_ae,384,674,0.56973293768546,306,335,0.9134328358208955
redraw_year_matched_20261005,terrain_landcover_ae,385,674,0.5712166172106825,306,335,0.9134328358208955
redraw_year_matched_20261005,terrain_landcover_ae,386,674,0.5727002967359051,307,335,0.9164179104477612
redraw_year_matched_20261005,terrain_landcover_ae,387,674,0.5741839762611276,307,335,0.9164179104477612
redraw_year_matched_20261005,terrain_landcover_ae,388,674,0.5756676557863502,308,335,0.9194029850746268
redraw_year_matched_20261005,terrain_landcover_ae,389,674,0.5771513353115727,308,335,0.9194029850746268
redraw_year_matched_20261005,terrain_landcover_ae,390,674,0.5786350148367952,308,335,0.9194029850746268
redraw_year_matched_20261005,terrain_landcover_ae,391,674,0.5801186943620178,309,335,0.9223880597014925
redraw_year_matched_20261005,terrain_landcover_ae,392,674,0.5816023738872403,309,335,0.9223880597014925
redraw_year_matched_20261005,terrain_landcover_ae,393,674,0.5830860534124629,309,335,0.9223880597014925
redraw_year_matched_20261005,terrain_landcover_ae,394,674,0.5845697329376854,309,335,0.9223880597014925
redraw_year_matched_20261005,terrain_landcover_ae,395,674,0.586053412462908,309,335,0.9223880597014925
redraw_year_matched_20261005,terrain_landcover_ae,396,674,0.5875370919881305,310,335,0.9253731343283582
redraw_year_matched_20261005,terrain_landcover_ae,397,674,0.5890207715133531,311,335,0.9283582089552239
redraw_year_matched_20261005,terrain_landcover_ae,398,674,0.5905044510385756,311,335,0.9283582089552239
redraw_year_matched_20261005,terrain_landcover_ae,399,674,0.5919881305637982,311,335,0.9283582089552239
redraw_year_matched_20261005,terrain_landcover_ae,400,674,0.5934718100890207,312,335,0.9313432835820895
redraw_year_matched_20261005,terrain_landcover_ae,401,674,0.5949554896142433,312,335,0.9313432835820895
redraw_year_matched_20261005,terrain_landcover_ae,402,674,0.5964391691394659,313,335,0.9343283582089552
redraw_year_matched_20261005,terrain_landcover_ae,403,674,0.5979228486646885,313,335,0.9343283582089552
redraw_year_matched_20261005,terrain_landcover_ae,404,674,0.599406528189911,313,335,0.9343283582089552
redraw_year_matched_20261005,terrain_landcover_ae,405,674,0.6008902077151336,314,335,0.9373134328358209
redraw_year_matched_20261005,terrain_landcover_ae,406,674,0.6023738872403561,314,335,0.9373134328358209
redraw_year_matched_20261005,terrain_landcover_ae,407,674,0.6038575667655787,314,335,0.9373134328358209
redraw_year_matched_20261005,terrain_landcover_ae,408,674,0.6053412462908012,314,335,0.9373134328358209
redraw_year_matched_20261005,terrain_landcover_ae,409,674,0.6068249258160238,314,335,0.9373134328358209
redraw_year_matched_20261005,terrain_landcover_ae,410,674,0.6083086053412463,314,335,0.9373134328358209
redraw_year_matched_20261005,terrain_landcover_ae,411,674,0.6097922848664689,315,335,0.9402985074626866
redraw_year_matched_20261005,terrain_landcover_ae,412,674,0.6112759643916914,316,335,0.9432835820895522
redraw_year_matched_20261005,terrain_landcover_ae,413,674,0.612759643916914,317,335,0.9462686567164179
redraw_year_matched_20261005,terrain_landcover_ae,414,674,0.6142433234421365,317,335,0.9462686567164179
redraw_year_matched_20261005,terrain_landcover_ae,415,674,0.615727002967359,317,335,0.9462686567164179
redraw_year_matched_20261005,terrain_landcover_ae,416,674,0.6172106824925816,318,335,0.9492537313432836
redraw_year_matched_20261005,terrain_landcover_ae,417,674,0.6186943620178041,318,335,0.9492537313432836
redraw_year_matched_20261005,terrain_landcover_ae,418,674,0.6201780415430267,318,335,0.9492537313432836
redraw_year_matched_20261005,terrain_landcover_ae,419,674,0.6216617210682492,318,335,0.9492537313432836
redraw_year_matched_20261005,terrain_landcover_ae,420,674,0.6231454005934718,318,335,0.9492537313432836
redraw_year_matched_20261005,terrain_landcover_ae,421,674,0.6246290801186943,319,335,0.9522388059701492
redraw_year_matched_20261005,terrain_landcover_ae,422,674,0.6261127596439169,320,335,0.9552238805970149
redraw_year_matched_20261005,terrain_landcover_ae,423,674,0.6275964391691394,320,335,0.9552238805970149
redraw_year_matched_20261005,terrain_landcover_ae,424,674,0.629080118694362,320,335,0.9552238805970149
redraw_year_matched_20261005,terrain_landcover_ae,425,674,0.6305637982195845,320,335,0.9552238805970149
redraw_year_matched_20261005,terrain_landcover_ae,426,674,0.6320474777448071,320,335,0.9552238805970149
redraw_year_matched_20261005,terrain_landcover_ae,427,674,0.6335311572700296,320,335,0.9552238805970149
redraw_year_matched_20261005,terrain_landcover_ae,428,674,0.6350148367952523,320,335,0.9552238805970149
redraw_year_matched_20261005,terrain_landcover_ae,429,674,0.6364985163204748,320,335,0.9552238805970149
redraw_year_matched_20261005,terrain_landcover_ae,430,674,0.6379821958456974,321,335,0.9582089552238806
redraw_year_matched_20261005,terrain_landcover_ae,431,674,0.6394658753709199,321,335,0.9582089552238806
redraw_year_matched_20261005,terrain_landcover_ae,432,674,0.6409495548961425,321,335,0.9582089552238806
redraw_year_matched_20261005,terrain_landcover_ae,433,674,0.642433234421365,322,335,0.9611940298507463
redraw_year_matched_20261005,terrain_landcover_ae,434,674,0.6439169139465876,322,335,0.9611940298507463
redraw_year_matched_20261005,terrain_landcover_ae,435,674,0.6454005934718101,322,335,0.9611940298507463
redraw_year_matched_20261005,terrain_landcover_ae,436,674,0.6468842729970327,322,335,0.9611940298507463
redraw_year_matched_20261005,terrain_landcover_ae,437,674,0.6483679525222552,323,335,0.9641791044776119
redraw_year_matched_20261005,terrain_landcover_ae,438,674,0.6498516320474778,323,335,0.9641791044776119
redraw_year_matched_20261005,terrain_landcover_ae,439,674,0.6513353115727003,323,335,0.9641791044776119
redraw_year_matched_20261005,terrain_landcover_ae,440,674,0.6528189910979229,323,335,0.9641791044776119
redraw_year_matched_20261005,terrain_landcover_ae,441,674,0.6543026706231454,324,335,0.9671641791044776
redraw_year_matched_20261005,terrain_landcover_ae,442,674,0.655786350148368,324,335,0.9671641791044776
redraw_year_matched_20261005,terrain_landcover_ae,443,674,0.6572700296735905,324,335,0.9671641791044776
redraw_year_matched_20261005,terrain_landcover_ae,444,674,0.658753709198813,324,335,0.9671641791044776
redraw_year_matched_20261005,terrain_landcover_ae,445,674,0.6602373887240356,324,335,0.9671641791044776
redraw_year_matched_20261005,terrain_landcover_ae,446,674,0.6617210682492581,324,335,0.9671641791044776
redraw_year_matched_20261005,terrain_landcover_ae,447,674,0.6632047477744807,325,335,0.9701492537313433
redraw_year_matched_20261005,terrain_landcover_ae,448,674,0.6646884272997032,325,335,0.9701492537313433
redraw_year_matched_20261005,terrain_landcover_ae,449,674,0.6661721068249258,325,335,0.9701492537313433
redraw_year_matched_20261005,terrain_landcover_ae,450,674,0.6676557863501483,325,335,0.9701492537313433
redraw_year_matched_20261005,terrain_landcover_ae,451,674,0.6691394658753709,325,335,0.9701492537313433
redraw_year_matched_20261005,terrain_landcover_ae,452,674,0.6706231454005934,325,335,0.9701492537313433
redraw_year_matched_20261005,terrain_landcover_ae,453,674,0.672106824925816,325,335,0.9701492537313433
redraw_year_matched_20261005,terrain_landcover_ae,454,674,0.6735905044510386,325,335,0.9701492537313433
redraw_year_matched_20261005,terrain_landcover_ae,455,674,0.6750741839762612,325,335,0.9701492537313433
redraw_year_matched_20261005,terrain_landcover_ae,456,674,0.6765578635014837,325,335,0.9701492537313433
redraw_year_matched_20261005,terrain_landcover_ae,457,674,0.6780415430267063,325,335,0.9701492537313433
redraw_year_matched_20261005,terrain_landcover_ae,458,674,0.6795252225519288,325,335,0.9701492537313433
redraw_year_matched_20261005,terrain_landcover_ae,459,674,0.6810089020771514,325,335,0.9701492537313433
redraw_year_matched_20261005,terrain_landcover_ae,460,674,0.6824925816023739,325,335,0.9701492537313433
redraw_year_matched_20261005,terrain_landcover_ae,461,674,0.6839762611275965,325,335,0.9701492537313433
redraw_year_matched_20261005,terrain_landcover_ae,462,674,0.685459940652819,325,335,0.9701492537313433
redraw_year_matched_20261005,terrain_landcover_ae,463,674,0.6869436201780416,325,335,0.9701492537313433
redraw_year_matched_20261005,terrain_landcover_ae,464,674,0.6884272997032641,325,335,0.9701492537313433
redraw_year_matched_20261005,terrain_landcover_ae,465,674,0.6899109792284867,325,335,0.9701492537313433
redraw_year_matched_20261005,terrain_landcover_ae,466,674,0.6913946587537092,325,335,0.9701492537313433
redraw_year_matched_20261005,terrain_landcover_ae,467,674,0.6928783382789317,325,335,0.9701492537313433
redraw_year_matched_20261005,terrain_landcover_ae,468,674,0.6943620178041543,325,335,0.9701492537313433
redraw_year_matched_20261005,terrain_landcover_ae,469,674,0.6958456973293768,325,335,0.9701492537313433
redraw_year_matched_20261005,terrain_landcover_ae,470,674,0.6973293768545994,325,335,0.9701492537313433
redraw_year_matched_20261005,terrain_landcover_ae,471,674,0.6988130563798219,325,335,0.9701492537313433
redraw_year_matched_20261005,terrain_landcover_ae,472,674,0.7002967359050445,325,335,0.9701492537313433
redraw_year_matched_20261005,terrain_landcover_ae,473,674,0.701780415430267,325,335,0.9701492537313433
redraw_year_matched_20261005,terrain_landcover_ae,474,674,0.7032640949554896,325,335,0.9701492537313433
redraw_year_matched_20261005,terrain_landcover_ae,475,674,0.7047477744807121,325,335,0.9701492537313433
redraw_year_matched_20261005,terrain_landcover_ae,476,674,0.7062314540059347,325,335,0.9701492537313433
redraw_year_matched_20261005,terrain_landcover_ae,477,674,0.7077151335311572,325,335,0.9701492537313433
redraw_year_matched_20261005,terrain_landcover_ae,478,674,0.7091988130563798,325,335,0.9701492537313433
redraw_year_matched_20261005,terrain_landcover_ae,479,674,0.7106824925816023,325,335,0.9701492537313433
redraw_year_matched_20261005,terrain_landcover_ae,480,674,0.712166172106825,325,335,0.9701492537313433
redraw_year_matched_20261005,terrain_landcover_ae,481,674,0.7136498516320475,325,335,0.9701492537313433
redraw_year_matched_20261005,terrain_landcover_ae,482,674,0.7151335311572701,325,335,0.9701492537313433
redraw_year_matched_20261005,terrain_landcover_ae,483,674,0.7166172106824926,325,335,0.9701492537313433
redraw_year_matched_20261005,terrain_landcover_ae,484,674,0.7181008902077152,325,335,0.9701492537313433
redraw_year_matched_20261005,terrain_landcover_ae,485,674,0.7195845697329377,325,335,0.9701492537313433
redraw_year_matched_20261005,terrain_landcover_ae,486,674,0.7210682492581603,325,335,0.9701492537313433
redraw_year_matched_20261005,terrain_landcover_ae,487,674,0.7225519287833828,325,335,0.9701492537313433
redraw_year_matched_20261005,terrain_landcover_ae,488,674,0.7240356083086054,325,335,0.9701492537313433
redraw_year_matched_20261005,terrain_landcover_ae,489,674,0.7255192878338279,325,335,0.9701492537313433
redraw_year_matched_20261005,terrain_landcover_ae,490,674,0.7270029673590505,326,335,0.9731343283582089
redraw_year_matched_20261005,terrain_landcover_ae,491,674,0.728486646884273,326,335,0.9731343283582089
redraw_year_matched_20261005,terrain_landcover_ae,492,674,0.7299703264094956,326,335,0.9731343283582089
redraw_year_matched_20261005,terrain_landcover_ae,493,674,0.7314540059347181,326,335,0.9731343283582089
redraw_year_matched_20261005,terrain_landcover_ae,494,674,0.7329376854599406,326,335,0.9731343283582089
redraw_year_matched_20261005,terrain_landcover_ae,495,674,0.7344213649851632,326,335,0.9731343283582089
redraw_year_matched_20261005,terrain_landcover_ae,496,674,0.7359050445103857,327,335,0.9761194029850746
redraw_year_matched_20261005,terrain_landcover_ae,497,674,0.7373887240356083,327,335,0.9761194029850746
redraw_year_matched_20261005,terrain_landcover_ae,498,674,0.7388724035608308,327,335,0.9761194029850746
redraw_year_matched_20261005,terrain_landcover_ae,499,674,0.7403560830860534,327,335,0.9761194029850746
redraw_year_matched_20261005,terrain_landcover_ae,500,674,0.7418397626112759,327,335,0.9761194029850746
redraw_year_matched_20261005,terrain_landcover_ae,501,674,0.7433234421364985,327,335,0.9761194029850746
redraw_year_matched_20261005,terrain_landcover_ae,502,674,0.744807121661721,327,335,0.9761194029850746
redraw_year_matched_20261005,terrain_landcover_ae,503,674,0.7462908011869436,328,335,0.9791044776119403
redraw_year_matched_20261005,terrain_landcover_ae,504,674,0.7477744807121661,328,335,0.9791044776119403
redraw_year_matched_20261005,terrain_landcover_ae,505,674,0.7492581602373887,328,335,0.9791044776119403
redraw_year_matched_20261005,terrain_landcover_ae,506,674,0.7507418397626113,328,335,0.9791044776119403
redraw_year_matched_20261005,terrain_landcover_ae,507,674,0.7522255192878339,328,335,0.9791044776119403
redraw_year_matched_20261005,terrain_landcover_ae,508,674,0.7537091988130564,328,335,0.9791044776119403
redraw_year_matched_20261005,terrain_landcover_ae,509,674,0.755192878338279,328,335,0.9791044776119403
redraw_year_matched_20261005,terrain_landcover_ae,510,674,0.7566765578635015,328,335,0.9791044776119403
redraw_year_matched_20261005,terrain_landcover_ae,511,674,0.7581602373887241,328,335,0.9791044776119403
redraw_year_matched_20261005,terrain_landcover_ae,512,674,0.7596439169139466,328,335,0.9791044776119403
redraw_year_matched_20261005,terrain_landcover_ae,513,674,0.7611275964391692,328,335,0.9791044776119403
redraw_year_matched_20261005,terrain_landcover_ae,514,674,0.7626112759643917,328,335,0.9791044776119403
redraw_year_matched_20261005,terrain_landcover_ae,515,674,0.7640949554896143,328,335,0.9791044776119403
redraw_year_matched_20261005,terrain_landcover_ae,516,674,0.7655786350148368,328,335,0.9791044776119403
redraw_year_matched_20261005,terrain_landcover_ae,517,674,0.7670623145400594,328,335,0.9791044776119403
redraw_year_matched_20261005,terrain_landcover_ae,518,674,0.7685459940652819,328,335,0.9791044776119403
redraw_year_matched_20261005,terrain_landcover_ae,519,674,0.7700296735905044,328,335,0.9791044776119403
redraw_year_matched_20261005,terrain_landcover_ae,520,674,0.771513353115727,328,335,0.9791044776119403
redraw_year_matched_20261005,terrain_landcover_ae,521,674,0.7729970326409495,328,335,0.9791044776119403
redraw_year_matched_20261005,terrain_landcover_ae,522,674,0.7744807121661721,328,335,0.9791044776119403
redraw_year_matched_20261005,terrain_landcover_ae,523,674,0.7759643916913946,328,335,0.9791044776119403
redraw_year_matched_20261005,terrain_landcover_ae,524,674,0.7774480712166172,328,335,0.9791044776119403
redraw_year_matched_20261005,terrain_landcover_ae,525,674,0.7789317507418397,328,335,0.9791044776119403
redraw_year_matched_20261005,terrain_landcover_ae,526,674,0.7804154302670623,328,335,0.9791044776119403
redraw_year_matched_20261005,terrain_landcover_ae,527,674,0.7818991097922848,328,335,0.9791044776119403
redraw_year_matched_20261005,terrain_landcover_ae,528,674,0.7833827893175074,328,335,0.9791044776119403
redraw_year_matched_20261005,terrain_landcover_ae,529,674,0.7848664688427299,328,335,0.9791044776119403
redraw_year_matched_20261005,terrain_landcover_ae,530,674,0.7863501483679525,328,335,0.9791044776119403
redraw_year_matched_20261005,terrain_landcover_ae,531,674,0.787833827893175,328,335,0.9791044776119403
redraw_year_matched_20261005,terrain_landcover_ae,532,674,0.7893175074183977,328,335,0.9791044776119403
redraw_year_matched_20261005,terrain_landcover_ae,533,674,0.7908011869436202,328,335,0.9791044776119403
redraw_year_matched_20261005,terrain_landcover_ae,534,674,0.7922848664688428,328,335,0.9791044776119403
redraw_year_matched_20261005,terrain_landcover_ae,535,674,0.7937685459940653,328,335,0.9791044776119403
redraw_year_matched_20261005,terrain_landcover_ae,536,674,0.7952522255192879,328,335,0.9791044776119403
redraw_year_matched_20261005,terrain_landcover_ae,537,674,0.7967359050445104,328,335,0.9791044776119403
redraw_year_matched_20261005,terrain_landcover_ae,538,674,0.798219584569733,328,335,0.9791044776119403
redraw_year_matched_20261005,terrain_landcover_ae,539,674,0.7997032640949555,328,335,0.9791044776119403
redraw_year_matched_20261005,terrain_landcover_ae,540,674,0.8011869436201781,328,335,0.9791044776119403
redraw_year_matched_20261005,terrain_landcover_ae,541,674,0.8026706231454006,328,335,0.9791044776119403
redraw_year_matched_20261005,terrain_landcover_ae,542,674,0.8041543026706232,329,335,0.982089552238806
redraw_year_matched_20261005,terrain_landcover_ae,543,674,0.8056379821958457,329,335,0.982089552238806
redraw_year_matched_20261005,terrain_landcover_ae,544,674,0.8071216617210683,329,335,0.982089552238806
redraw_year_matched_20261005,terrain_landcover_ae,545,674,0.8086053412462908,329,335,0.982089552238806
redraw_year_matched_20261005,terrain_landcover_ae,546,674,0.8100890207715133,330,335,0.9850746268656716
redraw_year_matched_20261005,terrain_landcover_ae,547,674,0.8115727002967359,330,335,0.9850746268656716
redraw_year_matched_20261005,terrain_landcover_ae,548,674,0.8130563798219584,330,335,0.9850746268656716
redraw_year_matched_20261005,terrain_landcover_ae,549,674,0.814540059347181,330,335,0.9850746268656716
redraw_year_matched_20261005,terrain_landcover_ae,550,674,0.8160237388724035,330,335,0.9850746268656716
redraw_year_matched_20261005,terrain_landcover_ae,551,674,0.8175074183976261,330,335,0.9850746268656716
redraw_year_matched_20261005,terrain_landcover_ae,552,674,0.8189910979228486,330,335,0.9850746268656716
redraw_year_matched_20261005,terrain_landcover_ae,553,674,0.8204747774480712,330,335,0.9850746268656716
redraw_year_matched_20261005,terrain_landcover_ae,554,674,0.8219584569732937,330,335,0.9850746268656716
redraw_year_matched_20261005,terrain_landcover_ae,555,674,0.8234421364985163,330,335,0.9850746268656716
redraw_year_matched_20261005,terrain_landcover_ae,556,674,0.8249258160237388,330,335,0.9850746268656716
redraw_year_matched_20261005,terrain_landcover_ae,557,674,0.8264094955489614,330,335,0.9850746268656716
redraw_year_matched_20261005,terrain_landcover_ae,558,674,0.827893175074184,330,335,0.9850746268656716
redraw_year_matched_20261005,terrain_landcover_ae,559,674,0.8293768545994066,330,335,0.9850746268656716
redraw_year_matched_20261005,terrain_landcover_ae,560,674,0.8308605341246291,330,335,0.9850746268656716
redraw_year_matched_20261005,terrain_landcover_ae,561,674,0.8323442136498517,330,335,0.9850746268656716
redraw_year_matched_20261005,terrain_landcover_ae,562,674,0.8338278931750742,330,335,0.9850746268656716
redraw_year_matched_20261005,terrain_landcover_ae,563,674,0.8353115727002968,330,335,0.9850746268656716
redraw_year_matched_20261005,terrain_landcover_ae,564,674,0.8367952522255193,331,335,0.9880597014925373
redraw_year_matched_20261005,terrain_landcover_ae,565,674,0.8382789317507419,331,335,0.9880597014925373
redraw_year_matched_20261005,terrain_landcover_ae,566,674,0.8397626112759644,331,335,0.9880597014925373
redraw_year_matched_20261005,terrain_landcover_ae,567,674,0.841246290801187,332,335,0.991044776119403
redraw_year_matched_20261005,terrain_landcover_ae,568,674,0.8427299703264095,333,335,0.9940298507462687
redraw_year_matched_20261005,terrain_landcover_ae,569,674,0.844213649851632,333,335,0.9940298507462687
redraw_year_matched_20261005,terrain_landcover_ae,570,674,0.8456973293768546,333,335,0.9940298507462687
redraw_year_matched_20261005,terrain_landcover_ae,571,674,0.8471810089020771,333,335,0.9940298507462687
redraw_year_matched_20261005,terrain_landcover_ae,572,674,0.8486646884272997,333,335,0.9940298507462687
redraw_year_matched_20261005,terrain_landcover_ae,573,674,0.8501483679525222,333,335,0.9940298507462687
redraw_year_matched_20261005,terrain_landcover_ae,574,674,0.8516320474777448,333,335,0.9940298507462687
redraw_year_matched_20261005,terrain_landcover_ae,575,674,0.8531157270029673,333,335,0.9940298507462687
redraw_year_matched_20261005,terrain_landcover_ae,576,674,0.8545994065281899,333,335,0.9940298507462687
redraw_year_matched_20261005,terrain_landcover_ae,577,674,0.8560830860534124,333,335,0.9940298507462687
redraw_year_matched_20261005,terrain_landcover_ae,578,674,0.857566765578635,333,335,0.9940298507462687
redraw_year_matched_20261005,terrain_landcover_ae,579,674,0.8590504451038575,333,335,0.9940298507462687
redraw_year_matched_20261005,terrain_landcover_ae,580,674,0.8605341246290801,333,335,0.9940298507462687
redraw_year_matched_20261005,terrain_landcover_ae,581,674,0.8620178041543026,333,335,0.9940298507462687
redraw_year_matched_20261005,terrain_landcover_ae,582,674,0.8635014836795252,333,335,0.9940298507462687
redraw_year_matched_20261005,terrain_landcover_ae,583,674,0.8649851632047477,333,335,0.9940298507462687
redraw_year_matched_20261005,terrain_landcover_ae,584,674,0.8664688427299704,333,335,0.9940298507462687
redraw_year_matched_20261005,terrain_landcover_ae,585,674,0.8679525222551929,333,335,0.9940298507462687
redraw_year_matched_20261005,terrain_landcover_ae,586,674,0.8694362017804155,333,335,0.9940298507462687
redraw_year_matched_20261005,terrain_landcover_ae,587,674,0.870919881305638,333,335,0.9940298507462687
redraw_year_matched_20261005,terrain_landcover_ae,588,674,0.8724035608308606,333,335,0.9940298507462687
redraw_year_matched_20261005,terrain_landcover_ae,589,674,0.8738872403560831,333,335,0.9940298507462687
redraw_year_matched_20261005,terrain_landcover_ae,590,674,0.8753709198813057,333,335,0.9940298507462687
redraw_year_matched_20261005,terrain_landcover_ae,591,674,0.8768545994065282,333,335,0.9940298507462687
redraw_year_matched_20261005,terrain_landcover_ae,592,674,0.8783382789317508,333,335,0.9940298507462687
redraw_year_matched_20261005,terrain_landcover_ae,593,674,0.8798219584569733,333,335,0.9940298507462687
redraw_year_matched_20261005,terrain_landcover_ae,594,674,0.8813056379821959,333,335,0.9940298507462687
redraw_year_matched_20261005,terrain_landcover_ae,595,674,0.8827893175074184,333,335,0.9940298507462687
redraw_year_matched_20261005,terrain_landcover_ae,596,674,0.884272997032641,333,335,0.9940298507462687
redraw_year_matched_20261005,terrain_landcover_ae,597,674,0.8857566765578635,333,335,0.9940298507462687
redraw_year_matched_20261005,terrain_landcover_ae,598,674,0.887240356083086,333,335,0.9940298507462687
redraw_year_matched_20261005,terrain_landcover_ae,599,674,0.8887240356083086,333,335,0.9940298507462687
redraw_year_matched_20261005,terrain_landcover_ae,600,674,0.8902077151335311,333,335,0.9940298507462687
redraw_year_matched_20261005,terrain_landcover_ae,601,674,0.8916913946587537,333,335,0.9940298507462687
redraw_year_matched_20261005,terrain_landcover_ae,602,674,0.8931750741839762,333,335,0.9940298507462687
redraw_year_matched_20261005,terrain_landcover_ae,603,674,0.8946587537091988,333,335,0.9940298507462687
redraw_year_matched_20261005,terrain_landcover_ae,604,674,0.8961424332344213,333,335,0.9940298507462687
redraw_year_matched_20261005,terrain_landcover_ae,605,674,0.8976261127596439,333,335,0.9940298507462687
redraw_year_matched_20261005,terrain_landcover_ae,606,674,0.8991097922848664,333,335,0.9940298507462687
redraw_year_matched_20261005,terrain_landcover_ae,607,674,0.900593471810089,334,335,0.9970149253731343
redraw_year_matched_20261005,terrain_landcover_ae,608,674,0.9020771513353115,334,335,0.9970149253731343
redraw_year_matched_20261005,terrain_landcover_ae,609,674,0.9035608308605341,334,335,0.9970149253731343
redraw_year_matched_20261005,terrain_landcover_ae,610,674,0.9050445103857567,334,335,0.9970149253731343
redraw_year_matched_20261005,terrain_landcover_ae,611,674,0.9065281899109793,334,335,0.9970149253731343
redraw_year_matched_20261005,terrain_landcover_ae,612,674,0.9080118694362018,334,335,0.9970149253731343
redraw_year_matched_20261005,terrain_landcover_ae,613,674,0.9094955489614244,334,335,0.9970149253731343
redraw_year_matched_20261005,terrain_landcover_ae,614,674,0.9109792284866469,334,335,0.9970149253731343
redraw_year_matched_20261005,terrain_landcover_ae,615,674,0.9124629080118695,334,335,0.9970149253731343
redraw_year_matched_20261005,terrain_landcover_ae,616,674,0.913946587537092,334,335,0.9970149253731343
redraw_year_matched_20261005,terrain_landcover_ae,617,674,0.9154302670623146,334,335,0.9970149253731343
redraw_year_matched_20261005,terrain_landcover_ae,618,674,0.9169139465875371,334,335,0.9970149253731343
redraw_year_matched_20261005,terrain_landcover_ae,619,674,0.9183976261127597,334,335,0.9970149253731343
redraw_year_matched_20261005,terrain_landcover_ae,620,674,0.9198813056379822,334,335,0.9970149253731343
redraw_year_matched_20261005,terrain_landcover_ae,621,674,0.9213649851632048,334,335,0.9970149253731343
redraw_year_matched_20261005,terrain_landcover_ae,622,674,0.9228486646884273,334,335,0.9970149253731343
redraw_year_matched_20261005,terrain_landcover_ae,623,674,0.9243323442136498,334,335,0.9970149253731343
redraw_year_matched_20261005,terrain_landcover_ae,624,674,0.9258160237388724,334,335,0.9970149253731343
redraw_year_matched_20261005,terrain_landcover_ae,625,674,0.9272997032640949,334,335,0.9970149253731343
redraw_year_matched_20261005,terrain_landcover_ae,626,674,0.9287833827893175,334,335,0.9970149253731343
redraw_year_matched_20261005,terrain_landcover_ae,627,674,0.93026706231454,334,335,0.9970149253731343
redraw_year_matched_20261005,terrain_landcover_ae,628,674,0.9317507418397626,334,335,0.9970149253731343
redraw_year_matched_20261005,terrain_landcover_ae,629,674,0.9332344213649851,335,335,1.0
redraw_year_matched_20261005,terrain_landcover_ae,630,674,0.9347181008902077,335,335,1.0
redraw_year_matched_20261005,terrain_landcover_ae,631,674,0.9362017804154302,335,335,1.0
redraw_year_matched_20261005,terrain_landcover_ae,632,674,0.9376854599406528,335,335,1.0
redraw_year_matched_20261005,terrain_landcover_ae,633,674,0.9391691394658753,335,335,1.0
redraw_year_matched_20261005,terrain_landcover_ae,634,674,0.9406528189910979,335,335,1.0
redraw_year_matched_20261005,terrain_landcover_ae,635,674,0.9421364985163204,335,335,1.0
redraw_year_matched_20261005,terrain_landcover_ae,636,674,0.9436201780415431,335,335,1.0
redraw_year_matched_20261005,terrain_landcover_ae,637,674,0.9451038575667656,335,335,1.0
redraw_year_matched_20261005,terrain_landcover_ae,638,674,0.9465875370919882,335,335,1.0
redraw_year_matched_20261005,terrain_landcover_ae,639,674,0.9480712166172107,335,335,1.0
redraw_year_matched_20261005,terrain_landcover_ae,640,674,0.9495548961424333,335,335,1.0
redraw_year_matched_20261005,terrain_landcover_ae,641,674,0.9510385756676558,335,335,1.0
redraw_year_matched_20261005,terrain_landcover_ae,642,674,0.9525222551928784,335,335,1.0
redraw_year_matched_20261005,terrain_landcover_ae,643,674,0.9540059347181009,335,335,1.0
redraw_year_matched_20261005,terrain_landcover_ae,644,674,0.9554896142433235,335,335,1.0
redraw_year_matched_20261005,terrain_landcover_ae,645,674,0.956973293768546,335,335,1.0
redraw_year_matched_20261005,terrain_landcover_ae,646,674,0.9584569732937686,335,335,1.0
redraw_year_matched_20261005,terrain_landcover_ae,647,674,0.9599406528189911,335,335,1.0
redraw_year_matched_20261005,terrain_landcover_ae,648,674,0.9614243323442137,335,335,1.0
redraw_year_matched_20261005,terrain_landcover_ae,649,674,0.9629080118694362,335,335,1.0
redraw_year_matched_20261005,terrain_landcover_ae,650,674,0.9643916913946587,335,335,1.0
redraw_year_matched_20261005,terrain_landcover_ae,651,674,0.9658753709198813,335,335,1.0
redraw_year_matched_20261005,terrain_landcover_ae,652,674,0.9673590504451038,335,335,1.0
redraw_year_matched_20261005,terrain_landcover_ae,653,674,0.9688427299703264,335,335,1.0
redraw_year_matched_20261005,terrain_landcover_ae,654,674,0.9703264094955489,335,335,1.0
redraw_year_matched_20261005,terrain_landcover_ae,655,674,0.9718100890207715,335,335,1.0
redraw_year_matched_20261005,terrain_landcover_ae,656,674,0.973293768545994,335,335,1.0
redraw_year_matched_20261005,terrain_landcover_ae,657,674,0.9747774480712166,335,335,1.0
redraw_year_matched_20261005,terrain_landcover_ae,658,674,0.9762611275964391,335,335,1.0
redraw_year_matched_20261005,terrain_landcover_ae,659,674,0.9777448071216617,335,335,1.0
redraw_year_matched_20261005,terrain_landcover_ae,660,674,0.9792284866468842,335,335,1.0
redraw_year_matched_20261005,terrain_landcover_ae,661,674,0.9807121661721068,335,335,1.0
redraw_year_matched_20261005,terrain_landcover_ae,662,674,0.9821958456973294,335,335,1.0
redraw_year_matched_20261005,terrain_landcover_ae,663,674,0.983679525222552,335,335,1.0
redraw_year_matched_20261005,terrain_landcover_ae,664,674,0.9851632047477745,335,335,1.0
redraw_year_matched_20261005,terrain_landcover_ae,665,674,0.9866468842729971,335,335,1.0
redraw_year_matched_20261005,terrain_landcover_ae,666,674,0.9881305637982196,335,335,1.0
redraw_year_matched_20261005,terrain_landcover_ae,667,674,0.9896142433234422,335,335,1.0
redraw_year_matched_20261005,terrain_landcover_ae,668,674,0.9910979228486647,335,335,1.0
redraw_year_matched_20261005,terrain_landcover_ae,669,674,0.9925816023738873,335,335,1.0
redraw_year_matched_20261005,terrain_landcover_ae,670,674,0.9940652818991098,335,335,1.0
redraw_year_matched_20261005,terrain_landcover_ae,671,674,0.9955489614243324,335,335,1.0
redraw_year_matched_20261005,terrain_landcover_ae,672,674,0.9970326409495549,335,335,1.0
redraw_year_matched_20261005,terrain_landcover_ae,673,674,0.9985163204747775,335,335,1.0
redraw_year_matched_20261005,terrain_landcover_ae,674,674,1.0,335,335,1.0
all_eligible_657,terrain_landcover,0,992,0.0,0,335,0.0
all_eligible_657,terrain_landcover,1,992,0.0010080645161290322,1,335,0.0029850746268656717
all_eligible_657,terrain_landcover,2,992,0.0020161290322580645,2,335,0.005970149253731343
all_eligible_657,terrain_landcover,3,992,0.0030241935483870967,3,335,0.008955223880597015
all_eligible_657,terrain_landcover,4,992,0.004032258064516129,4,335,0.011940298507462687
all_eligible_657,terrain_landcover,5,992,0.005040322580645161,5,335,0.014925373134328358
all_eligible_657,terrain_landcover,6,992,0.006048387096774193,6,335,0.01791044776119403
all_eligible_657,terrain_landcover,7,992,0.007056451612903226,7,335,0.020895522388059702
all_eligible_657,terrain_landcover,8,992,0.008064516129032258,8,335,0.023880597014925373
all_eligible_657,terrain_landcover,9,992,0.009072580645161291,9,335,0.026865671641791045
all_eligible_657,terrain_landcover,10,992,0.010080645161290322,9,335,0.026865671641791045
all_eligible_657,terrain_landcover,11,992,0.011088709677419355,10,335,0.029850746268656716
all_eligible_657,terrain_landcover,12,992,0.012096774193548387,10,335,0.029850746268656716
all_eligible_657,terrain_landcover,13,992,0.01310483870967742,11,335,0.03283582089552239
all_eligible_657,terrain_landcover,14,992,0.014112903225806451,12,335,0.03582089552238806
all_eligible_657,terrain_landcover,15,992,0.015120967741935484,13,335,0.03880597014925373
all_eligible_657,terrain_landcover,16,992,0.016129032258064516,13,335,0.03880597014925373
all_eligible_657,terrain_landcover,17,992,0.017137096774193547,13,335,0.03880597014925373
all_eligible_657,terrain_landcover,18,992,0.018145161290322582,13,335,0.03880597014925373
all_eligible_657,terrain_landcover,19,992,0.019153225806451613,14,335,0.041791044776119404
all_eligible_657,terrain_landcover,20,992,0.020161290322580645,15,335,0.04477611940298507
all_eligible_657,terrain_landcover,21,992,0.021169354838709676,16,335,0.04776119402985075
all_eligible_657,terrain_landcover,22,992,0.02217741935483871,16,335,0.04776119402985075
all_eligible_657,terrain_landcover,23,992,0.023185483870967742,16,335,0.04776119402985075
all_eligible_657,terrain_landcover,24,992,0.024193548387096774,16,335,0.04776119402985075
all_eligible_657,terrain_landcover,25,992,0.025201612903225805,16,335,0.04776119402985075
all_eligible_657,terrain_landcover,26,992,0.02620967741935484,16,335,0.04776119402985075
all_eligible_657,terrain_landcover,27,992,0.02721774193548387,17,335,0.050746268656716415
all_eligible_657,terrain_landcover,28,992,0.028225806451612902,18,335,0.05373134328358209
all_eligible_657,terrain_landcover,29,992,0.029233870967741934,19,335,0.056716417910447764
all_eligible_657,terrain_landcover,30,992,0.03024193548387097,20,335,0.05970149253731343
all_eligible_657,terrain_landcover,31,992,0.03125,20,335,0.05970149253731343
all_eligible_657,terrain_landcover,32,992,0.03225806451612903,21,335,0.0626865671641791
all_eligible_657,terrain_landcover,33,992,0.03326612903225806,22,335,0.06567164179104477
all_eligible_657,terrain_landcover,34,992,0.034274193548387094,23,335,0.06865671641791045
all_eligible_657,terrain_landcover,35,992,0.03528225806451613,24,335,0.07164179104477612
all_eligible_657,terrain_landcover,36,992,0.036290322580645164,25,335,0.07462686567164178
all_eligible_657,terrain_landcover,37,992,0.037298387096774195,26,335,0.07761194029850746
all_eligible_657,terrain_landcover,38,992,0.038306451612903226,26,335,0.07761194029850746
all_eligible_657,terrain_landcover,39,992,0.03931451612903226,27,335,0.08059701492537313
all_eligible_657,terrain_landcover,40,992,0.04032258064516129,28,335,0.08358208955223881
all_eligible_657,terrain_landcover,41,992,0.04133064516129032,29,335,0.08656716417910448
all_eligible_657,terrain_landcover,42,992,0.04233870967741935,30,335,0.08955223880597014
all_eligible_657,terrain_landcover,43,992,0.04334677419354839,31,335,0.09253731343283582
all_eligible_657,terrain_landcover,44,992,0.04435483870967742,32,335,0.0955223880597015
all_eligible_657,terrain_landcover,45,992,0.04536290322580645,33,335,0.09850746268656717
all_eligible_657,terrain_landcover,46,992,0.046370967741935484,34,335,0.10149253731343283
all_eligible_657,terrain_landcover,47,992,0.047379032258064516,35,335,0.1044776119402985
all_eligible_657,terrain_landcover,48,992,0.04838709677419355,36,335,0.10746268656716418
all_eligible_657,terrain_landcover,49,992,0.04939516129032258,37,335,0.11044776119402985
all_eligible_657,terrain_landcover,50,992,0.05040322580645161,38,335,0.11343283582089553
all_eligible_657,terrain_landcover,51,992,0.05141129032258065,39,335,0.11641791044776119
all_eligible_657,terrain_landcover,52,992,0.05241935483870968,40,335,0.11940298507462686
all_eligible_657,terrain_landcover,53,992,0.05342741935483871,41,335,0.12238805970149254
all_eligible_657,terrain_landcover,54,992,0.05443548387096774,42,335,0.1253731343283582
all_eligible_657,terrain_landcover,55,992,0.055443548387096774,43,335,0.12835820895522387
all_eligible_657,terrain_landcover,56,992,0.056451612903225805,44,335,0.13134328358208955
all_eligible_657,terrain_landcover,57,992,0.057459677419354836,45,335,0.13432835820895522
all_eligible_657,terrain_landcover,58,992,0.05846774193548387,46,335,0.1373134328358209
all_eligible_657,terrain_landcover,59,992,0.059475806451612906,47,335,0.14029850746268657
all_eligible_657,terrain_landcover,60,992,0.06048387096774194,48,335,0.14328358208955225
all_eligible_657,terrain_landcover,61,992,0.06149193548387097,48,335,0.14328358208955225
all_eligible_657,terrain_landcover,62,992,0.0625,49,335,0.14626865671641792
all_eligible_657,terrain_landcover,63,992,0.06350806451612903,50,335,0.14925373134328357
all_eligible_657,terrain_landcover,64,992,0.06451612903225806,50,335,0.14925373134328357
all_eligible_657,terrain_landcover,65,992,0.0655241935483871,51,335,0.15223880597014924
all_eligible_657,terrain_landcover,66,992,0.06653225806451613,51,335,0.15223880597014924
all_eligible_657,terrain_landcover,67,992,0.06754032258064516,51,335,0.15223880597014924
all_eligible_657,terrain_landcover,68,992,0.06854838709677419,52,335,0.15522388059701492
all_eligible_657,terrain_landcover,69,992,0.06955645161290322,52,335,0.15522388059701492
all_eligible_657,terrain_landcover,70,992,0.07056451612903226,53,335,0.1582089552238806
all_eligible_657,terrain_landcover,71,992,0.0715725806451613,54,335,0.16119402985074627
all_eligible_657,terrain_landcover,72,992,0.07258064516129033,54,335,0.16119402985074627
all_eligible_657,terrain_landcover,73,992,0.07358870967741936,55,335,0.16417910447761194
all_eligible_657,terrain_landcover,74,992,0.07459677419354839,56,335,0.16716417910447762
all_eligible_657,terrain_landcover,75,992,0.07560483870967742,57,335,0.1701492537313433
all_eligible_657,terrain_landcover,76,992,0.07661290322580645,58,335,0.17313432835820897
all_eligible_657,terrain_landcover,77,992,0.07762096774193548,59,335,0.1761194029850746
all_eligible_657,terrain_landcover,78,992,0.07862903225806452,59,335,0.1761194029850746
all_eligible_657,terrain_landcover,79,992,0.07963709677419355,60,335,0.1791044776119403
all_eligible_657,terrain_landcover,80,992,0.08064516129032258,61,335,0.18208955223880596
all_eligible_657,terrain_landcover,81,992,0.08165322580645161,61,335,0.18208955223880596
all_eligible_657,terrain_landcover,82,992,0.08266129032258064,62,335,0.18507462686567164
all_eligible_657,terrain_landcover,83,992,0.08366935483870967,63,335,0.1880597014925373
all_eligible_657,terrain_landcover,84,992,0.0846774193548387,64,335,0.191044776119403
all_eligible_657,terrain_landcover,85,992,0.08568548387096774,65,335,0.19402985074626866
all_eligible_657,terrain_landcover,86,992,0.08669354838709678,66,335,0.19701492537313434
all_eligible_657,terrain_landcover,87,992,0.08770161290322581,66,335,0.19701492537313434
all_eligible_657,terrain_landcover,88,992,0.08870967741935484,66,335,0.19701492537313434
all_eligible_657,terrain_landcover,89,992,0.08971774193548387,66,335,0.19701492537313434
all_eligible_657,terrain_landcover,90,992,0.0907258064516129,66,335,0.19701492537313434
all_eligible_657,terrain_landcover,91,992,0.09173387096774194,67,335,0.2
all_eligible_657,terrain_landcover,92,992,0.09274193548387097,67,335,0.2
all_eligible_657,terrain_landcover,93,992,0.09375,68,335,0.20298507462686566
all_eligible_657,terrain_landcover,94,992,0.09475806451612903,69,335,0.20597014925373133
all_eligible_657,terrain_landcover,95,992,0.09576612903225806,70,335,0.208955223880597
all_eligible_657,terrain_landcover,96,992,0.0967741935483871,70,335,0.208955223880597
all_eligible_657,terrain_landcover,97,992,0.09778225806451613,71,335,0.21194029850746268
all_eligible_657,terrain_landcover,98,992,0.09879032258064516,71,335,0.21194029850746268
all_eligible_657,terrain_landcover,99,992,0.09979838709677419,72,335,0.21492537313432836
all_eligible_657,terrain_landcover,100,992,0.10080645161290322,73,335,0.21791044776119403
all_eligible_657,terrain_landcover,101,992,0.10181451612903226,74,335,0.2208955223880597
all_eligible_657,terrain_landcover,102,992,0.1028225806451613,74,335,0.2208955223880597
all_eligible_657,terrain_landcover,103,992,0.10383064516129033,75,335,0.22388059701492538
all_eligible_657,terrain_landcover,104,992,0.10483870967741936,75,335,0.22388059701492538
all_eligible_657,terrain_landcover,105,992,0.10584677419354839,76,335,0.22686567164179106
all_eligible_657,terrain_landcover,106,992,0.10685483870967742,77,335,0.2298507462686567
all_eligible_657,terrain_landcover,107,992,0.10786290322580645,78,335,0.23283582089552238
all_eligible_657,terrain_landcover,108,992,0.10887096774193548,79,335,0.23582089552238805
all_eligible_657,terrain_landcover,109,992,0.10987903225806452,80,335,0.23880597014925373
all_eligible_657,terrain_landcover,110,992,0.11088709677419355,81,335,0.2417910447761194
all_eligible_657,terrain_landcover,111,992,0.11189516129032258,82,335,0.24477611940298508
all_eligible_657,terrain_landcover,112,992,0.11290322580645161,82,335,0.24477611940298508
all_eligible_657,terrain_landcover,113,992,0.11391129032258064,83,335,0.24776119402985075
all_eligible_657,terrain_landcover,114,992,0.11491935483870967,84,335,0.2507462686567164
all_eligible_657,terrain_landcover,115,992,0.1159274193548387,84,335,0.2507462686567164
all_eligible_657,terrain_landcover,116,992,0.11693548387096774,84,335,0.2507462686567164
all_eligible_657,terrain_landcover,117,992,0.11794354838709678,85,335,0.2537313432835821
all_eligible_657,terrain_landcover,118,992,0.11895161290322581,85,335,0.2537313432835821
all_eligible_657,terrain_landcover,119,992,0.11995967741935484,86,335,0.25671641791044775
all_eligible_657,terrain_landcover,120,992,0.12096774193548387,87,335,0.25970149253731345
all_eligible_657,terrain_landcover,121,992,0.1219758064516129,88,335,0.2626865671641791
all_eligible_657,terrain_landcover,122,992,0.12298387096774194,89,335,0.2656716417910448
all_eligible_657,terrain_landcover,123,992,0.12399193548387097,89,335,0.2656716417910448
all_eligible_657,terrain_landcover,124,992,0.125,90,335,0.26865671641791045
all_eligible_657,terrain_landcover,125,992,0.12600806451612903,91,335,0.2716417910447761
all_eligible_657,terrain_landcover,126,992,0.12701612903225806,92,335,0.2746268656716418
all_eligible_657,terrain_landcover,127,992,0.1280241935483871,93,335,0.27761194029850744
all_eligible_657,terrain_landcover,128,992,0.12903225806451613,93,335,0.27761194029850744
all_eligible_657,terrain_landcover,129,992,0.13004032258064516,94,335,0.28059701492537314
all_eligible_657,terrain_landcover,130,992,0.1310483870967742,95,335,0.2835820895522388
all_eligible_657,terrain_landcover,131,992,0.13205645161290322,95,335,0.2835820895522388
all_eligible_657,terrain_landcover,132,992,0.13306451612903225,96,335,0.2865671641791045
all_eligible_657,terrain_landcover,133,992,0.13407258064516128,97,335,0.28955223880597014
all_eligible_657,terrain_landcover,134,992,0.1350806451612903,98,335,0.29253731343283584
all_eligible_657,terrain_landcover,135,992,0.13608870967741934,99,335,0.2955223880597015
all_eligible_657,terrain_landcover,136,992,0.13709677419354838,99,335,0.2955223880597015
all_eligible_657,terrain_landcover,137,992,0.1381048387096774,100,335,0.29850746268656714
all_eligible_657,terrain_landcover,138,992,0.13911290322580644,100,335,0.29850746268656714
all_eligible_657,terrain_landcover,139,992,0.14012096774193547,100,335,0.29850746268656714
all_eligible_657,terrain_landcover,140,992,0.14112903225806453,101,335,0.30149253731343284
all_eligible_657,terrain_landcover,141,992,0.14213709677419356,102,335,0.3044776119402985
all_eligible_657,terrain_landcover,142,992,0.1431451612903226,102,335,0.3044776119402985
all_eligible_657,terrain_landcover,143,992,0.14415322580645162,102,335,0.3044776119402985
all_eligible_657,terrain_landcover,144,992,0.14516129032258066,102,335,0.3044776119402985
all_eligible_657,terrain_landcover,145,992,0.1461693548387097,103,335,0.3074626865671642
all_eligible_657,terrain_landcover,146,992,0.14717741935483872,104,335,0.31044776119402984
all_eligible_657,terrain_landcover,147,992,0.14818548387096775,104,335,0.31044776119402984
all_eligible_657,terrain_landcover,148,992,0.14919354838709678,104,335,0.31044776119402984
all_eligible_657,terrain_landcover,149,992,0.1502016129032258,105,335,0.31343283582089554
all_eligible_657,terrain_landcover,150,992,0.15120967741935484,105,335,0.31343283582089554
all_eligible_657,terrain_landcover,151,992,0.15221774193548387,106,335,0.3164179104477612
all_eligible_657,terrain_landcover,152,992,0.1532258064516129,107,335,0.3194029850746269
all_eligible_657,terrain_landcover,153,992,0.15423387096774194,108,335,0.32238805970149254
all_eligible_657,terrain_landcover,154,992,0.15524193548387097,109,335,0.3253731343283582
all_eligible_657,terrain_landcover,155,992,0.15625,110,335,0.3283582089552239
all_eligible_657,terrain_landcover,156,992,0.15725806451612903,111,335,0.33134328358208953
all_eligible_657,terrain_landcover,157,992,0.15826612903225806,111,335,0.33134328358208953
all_eligible_657,terrain_landcover,158,992,0.1592741935483871,111,335,0.33134328358208953
all_eligible_657,terrain_landcover,159,992,0.16028225806451613,112,335,0.33432835820895523
all_eligible_657,terrain_landcover,160,992,0.16129032258064516,112,335,0.33432835820895523
all_eligible_657,terrain_landcover,161,992,0.1622983870967742,112,335,0.33432835820895523
all_eligible_657,terrain_landcover,162,992,0.16330645161290322,113,335,0.3373134328358209
all_eligible_657,terrain_landcover,163,992,0.16431451612903225,113,335,0.3373134328358209
all_eligible_657,terrain_landcover,164,992,0.16532258064516128,114,335,0.3402985074626866
all_eligible_657,terrain_landcover,165,992,0.1663306451612903,115,335,0.34328358208955223
all_eligible_657,terrain_landcover,166,992,0.16733870967741934,116,335,0.34626865671641793
all_eligible_657,terrain_landcover,167,992,0.16834677419354838,117,335,0.3492537313432836
all_eligible_657,terrain_landcover,168,992,0.1693548387096774,117,335,0.3492537313432836
all_eligible_657,terrain_landcover,169,992,0.17036290322580644,118,335,0.3522388059701492
all_eligible_657,terrain_landcover,170,992,0.17137096774193547,119,335,0.35522388059701493
all_eligible_657,terrain_landcover,171,992,0.17237903225806453,120,335,0.3582089552238806
all_eligible_657,terrain_landcover,172,992,0.17338709677419356,120,335,0.3582089552238806
all_eligible_657,terrain_landcover,173,992,0.1743951612903226,121,335,0.3611940298507463
all_eligible_657,terrain_landcover,174,992,0.17540322580645162,121,335,0.3611940298507463
all_eligible_657,terrain_landcover,175,992,0.17641129032258066,121,335,0.3611940298507463
all_eligible_657,terrain_landcover,176,992,0.1774193548387097,122,335,0.3641791044776119
all_eligible_657,terrain_landcover,177,992,0.17842741935483872,123,335,0.36716417910447763
all_eligible_657,terrain_landcover,178,992,0.17943548387096775,124,335,0.3701492537313433
all_eligible_657,terrain_landcover,179,992,0.18044354838709678,125,335,0.373134328358209
all_eligible_657,terrain_landcover,180,992,0.1814516129032258,125,335,0.373134328358209
all_eligible_657,terrain_landcover,181,992,0.18245967741935484,125,335,0.373134328358209
all_eligible_657,terrain_landcover,182,992,0.18346774193548387,126,335,0.3761194029850746
all_eligible_657,terrain_landcover,183,992,0.1844758064516129,126,335,0.3761194029850746
all_eligible_657,terrain_landcover,184,992,0.18548387096774194,127,335,0.37910447761194027
all_eligible_657,terrain_landcover,185,992,0.18649193548387097,127,335,0.37910447761194027
all_eligible_657,terrain_landcover,186,992,0.1875,128,335,0.382089552238806
all_eligible_657,terrain_landcover,187,992,0.18850806451612903,129,335,0.3850746268656716
all_eligible_657,terrain_landcover,188,992,0.18951612903225806,129,335,0.3850746268656716
all_eligible_657,terrain_landcover,189,992,0.1905241935483871,129,335,0.3850746268656716
all_eligible_657,terrain_landcover,190,992,0.19153225806451613,129,335,0.3850746268656716
all_eligible_657,terrain_landcover,191,992,0.19254032258064516,130,335,0.3880597014925373
all_eligible_657,terrain_landcover,192,992,0.1935483870967742,130,335,0.3880597014925373
all_eligible_657,terrain_landcover,193,992,0.19455645161290322,130,335,0.3880597014925373
all_eligible_657,terrain_landcover,194,992,0.19556451612903225,131,335,0.39104477611940297
all_eligible_657,terrain_landcover,195,992,0.19657258064516128,132,335,0.3940298507462687
all_eligible_657,terrain_landcover,196,992,0.1975806451612903,133,335,0.3970149253731343
all_eligible_657,terrain_landcover,197,992,0.19858870967741934,134,335,0.4
all_eligible_657,terrain_landcover,198,992,0.19959677419354838,135,335,0.40298507462686567
all_eligible_657,terrain_landcover,199,992,0.2006048387096774,136,335,0.4059701492537313
all_eligible_657,terrain_landcover,200,992,0.20161290322580644,137,335,0.408955223880597
all_eligible_657,terrain_landcover,201,992,0.20262096774193547,137,335,0.408955223880597
all_eligible_657,terrain_landcover,202,992,0.20362903225806453,138,335,0.41194029850746267
all_eligible_657,terrain_landcover,203,992,0.20463709677419356,139,335,0.41492537313432837
all_eligible_657,terrain_landcover,204,992,0.2056451612903226,139,335,0.41492537313432837
all_eligible_657,terrain_landcover,205,992,0.20665322580645162,140,335,0.417910447761194
all_eligible_657,terrain_landcover,206,992,0.20766129032258066,141,335,0.4208955223880597
all_eligible_657,terrain_landcover,207,992,0.2086693548387097,142,335,0.42388059701492536
all_eligible_657,terrain_landcover,208,992,0.20967741935483872,143,335,0.42686567164179107
all_eligible_657,terrain_landcover,209,992,0.21068548387096775,143,335,0.42686567164179107
all_eligible_657,terrain_landcover,210,992,0.21169354838709678,144,335,0.4298507462686567
all_eligible_657,terrain_landcover,211,992,0.2127016129032258,144,335,0.4298507462686567
all_eligible_657,terrain_landcover,212,992,0.21370967741935484,145,335,0.43283582089552236
all_eligible_657,terrain_landcover,213,992,0.21471774193548387,146,335,0.43582089552238806
all_eligible_657,terrain_landcover,214,992,0.2157258064516129,146,335,0.43582089552238806
all_eligible_657,terrain_landcover,215,992,0.21673387096774194,146,335,0.43582089552238806
all_eligible_657,terrain_landcover,216,992,0.21774193548387097,147,335,0.4388059701492537
all_eligible_657,terrain_landcover,217,992,0.21875,147,335,0.4388059701492537
all_eligible_657,terrain_landcover,218,992,0.21975806451612903,147,335,0.4388059701492537
all_eligible_657,terrain_landcover,219,992,0.22076612903225806,148,335,0.4417910447761194
all_eligible_657,terrain_landcover,220,992,0.2217741935483871,148,335,0.4417910447761194
all_eligible_657,terrain_landcover,221,992,0.22278225806451613,148,335,0.4417910447761194
all_eligible_657,terrain_landcover,222,992,0.22379032258064516,148,335,0.4417910447761194
all_eligible_657,terrain_landcover,223,992,0.2247983870967742,149,335,0.44477611940298506
all_eligible_657,terrain_landcover,224,992,0.22580645161290322,149,335,0.44477611940298506
all_eligible_657,terrain_landcover,225,992,0.22681451612903225,150,335,0.44776119402985076
all_eligible_657,terrain_landcover,226,992,0.22782258064516128,150,335,0.44776119402985076
all_eligible_657,terrain_landcover,227,992,0.2288306451612903,151,335,0.4507462686567164
all_eligible_657,terrain_landcover,228,992,0.22983870967741934,152,335,0.4537313432835821
all_eligible_657,terrain_landcover,229,992,0.23084677419354838,152,335,0.4537313432835821
all_eligible_657,terrain_landcover,230,992,0.2318548387096774,152,335,0.4537313432835821
all_eligible_657,terrain_landcover,231,992,0.23286290322580644,152,335,0.4537313432835821
all_eligible_657,terrain_landcover,232,992,0.23387096774193547,152,335,0.4537313432835821
all_eligible_657,terrain_landcover,233,992,0.23487903225806453,152,335,0.4537313432835821
all_eligible_657,terrain_landcover,234,992,0.23588709677419356,152,335,0.4537313432835821
all_eligible_657,terrain_landcover,235,992,0.2368951612903226,152,335,0.4537313432835821
all_eligible_657,terrain_landcover,236,992,0.23790322580645162,153,335,0.45671641791044776
all_eligible_657,terrain_landcover,237,992,0.23891129032258066,153,335,0.45671641791044776
all_eligible_657,terrain_landcover,238,992,0.2399193548387097,153,335,0.45671641791044776
all_eligible_657,terrain_landcover,239,992,0.24092741935483872,153,335,0.45671641791044776
all_eligible_657,terrain_landcover,240,992,0.24193548387096775,154,335,0.4597014925373134
all_eligible_657,terrain_landcover,241,992,0.24294354838709678,154,335,0.4597014925373134
all_eligible_657,terrain_landcover,242,992,0.2439516129032258,154,335,0.4597014925373134
all_eligible_657,terrain_landcover,243,992,0.24495967741935484,155,335,0.4626865671641791
all_eligible_657,terrain_landcover,244,992,0.24596774193548387,155,335,0.4626865671641791
all_eligible_657,terrain_landcover,245,992,0.2469758064516129,155,335,0.4626865671641791
all_eligible_657,terrain_landcover,246,992,0.24798387096774194,155,335,0.4626865671641791
all_eligible_657,terrain_landcover,247,992,0.24899193548387097,155,335,0.4626865671641791
all_eligible_657,terrain_landcover,248,992,0.25,156,335,0.46567164179104475
all_eligible_657,terrain_landcover,249,992,0.25100806451612906,157,335,0.46865671641791046
all_eligible_657,terrain_landcover,250,992,0.25201612903225806,157,335,0.46865671641791046
all_eligible_657,terrain_landcover,251,992,0.2530241935483871,158,335,0.4716417910447761
all_eligible_657,terrain_landcover,252,992,0.2540322580645161,158,335,0.4716417910447761
all_eligible_657,terrain_landcover,253,992,0.2550403225806452,158,335,0.4716417910447761
all_eligible_657,terrain_landcover,254,992,0.2560483870967742,159,335,0.4746268656716418
all_eligible_657,terrain_landcover,255,992,0.25705645161290325,159,335,0.4746268656716418
all_eligible_657,terrain_landcover,256,992,0.25806451612903225,160,335,0.47761194029850745
all_eligible_657,terrain_landcover,257,992,0.2590725806451613,160,335,0.47761194029850745
all_eligible_657,terrain_landcover,258,992,0.2600806451612903,161,335,0.48059701492537316
all_eligible_657,terrain_landcover,259,992,0.2610887096774194,162,335,0.4835820895522388
all_eligible_657,terrain_landcover,260,992,0.2620967741935484,162,335,0.4835820895522388
all_eligible_657,terrain_landcover,261,992,0.26310483870967744,163,335,0.48656716417910445
all_eligible_657,terrain_landcover,262,992,0.26411290322580644,164,335,0.48955223880597015
all_eligible_657,terrain_landcover,263,992,0.2651209677419355,165,335,0.4925373134328358
all_eligible_657,terrain_landcover,264,992,0.2661290322580645,165,335,0.4925373134328358
all_eligible_657,terrain_landcover,265,992,0.26713709677419356,165,335,0.4925373134328358
all_eligible_657,terrain_landcover,266,992,0.26814516129032256,165,335,0.4925373134328358
all_eligible_657,terrain_landcover,267,992,0.2691532258064516,166,335,0.4955223880597015
all_eligible_657,terrain_landcover,268,992,0.2701612903225806,166,335,0.4955223880597015
all_eligible_657,terrain_landcover,269,992,0.2711693548387097,166,335,0.4955223880597015
all_eligible_657,terrain_landcover,270,992,0.2721774193548387,167,335,0.49850746268656715
all_eligible_657,terrain_landcover,271,992,0.27318548387096775,168,335,0.5014925373134328
all_eligible_657,terrain_landcover,272,992,0.27419354838709675,169,335,0.5044776119402985
all_eligible_657,terrain_landcover,273,992,0.2752016129032258,170,335,0.5074626865671642
all_eligible_657,terrain_landcover,274,992,0.2762096774193548,171,335,0.5104477611940299
all_eligible_657,terrain_landcover,275,992,0.2772177419354839,172,335,0.5134328358208955
all_eligible_657,terrain_landcover,276,992,0.2782258064516129,173,335,0.5164179104477612
all_eligible_657,terrain_landcover,277,992,0.27923387096774194,174,335,0.5194029850746269
all_eligible_657,terrain_landcover,278,992,0.28024193548387094,175,335,0.5223880597014925
all_eligible_657,terrain_landcover,279,992,0.28125,176,335,0.5253731343283582
all_eligible_657,terrain_landcover,280,992,0.28225806451612906,176,335,0.5253731343283582
all_eligible_657,terrain_landcover,281,992,0.28326612903225806,177,335,0.5283582089552239
all_eligible_657,terrain_landcover,282,992,0.2842741935483871,177,335,0.5283582089552239
all_eligible_657,terrain_landcover,283,992,0.2852822580645161,178,335,0.5313432835820896
all_eligible_657,terrain_landcover,284,992,0.2862903225806452,178,335,0.5313432835820896
all_eligible_657,terrain_landcover,285,992,0.2872983870967742,179,335,0.5343283582089552
all_eligible_657,terrain_landcover,286,992,0.28830645161290325,179,335,0.5343283582089552
all_eligible_657,terrain_landcover,287,992,0.28931451612903225,180,335,0.5373134328358209
all_eligible_657,terrain_landcover,288,992,0.2903225806451613,181,335,0.5402985074626866
all_eligible_657,terrain_landcover,289,992,0.2913306451612903,181,335,0.5402985074626866
all_eligible_657,terrain_landcover,290,992,0.2923387096774194,181,335,0.5402985074626866
all_eligible_657,terrain_landcover,291,992,0.2933467741935484,182,335,0.5432835820895522
all_eligible_657,terrain_landcover,292,992,0.29435483870967744,182,335,0.5432835820895522
all_eligible_657,terrain_landcover,293,992,0.29536290322580644,182,335,0.5432835820895522
all_eligible_657,terrain_landcover,294,992,0.2963709677419355,183,335,0.5462686567164179
all_eligible_657,terrain_landcover,295,992,0.2973790322580645,184,335,0.5492537313432836
all_eligible_657,terrain_landcover,296,992,0.29838709677419356,184,335,0.5492537313432836
all_eligible_657,terrain_landcover,297,992,0.29939516129032256,184,335,0.5492537313432836
all_eligible_657,terrain_landcover,298,992,0.3004032258064516,185,335,0.5522388059701493
all_eligible_657,terrain_landcover,299,992,0.3014112903225806,186,335,0.5552238805970149
all_eligible_657,terrain_landcover,300,992,0.3024193548387097,186,335,0.5552238805970149
all_eligible_657,terrain_landcover,301,992,0.3034274193548387,187,335,0.5582089552238806
all_eligible_657,terrain_landcover,302,992,0.30443548387096775,188,335,0.5611940298507463
all_eligible_657,terrain_landcover,303,992,0.30544354838709675,189,335,0.564179104477612
all_eligible_657,terrain_landcover,304,992,0.3064516129032258,189,335,0.564179104477612
all_eligible_657,terrain_landcover,305,992,0.3074596774193548,190,335,0.5671641791044776
all_eligible_657,terrain_landcover,306,992,0.3084677419354839,190,335,0.5671641791044776
all_eligible_657,terrain_landcover,307,992,0.3094758064516129,190,335,0.5671641791044776
all_eligible_657,terrain_landcover,308,992,0.31048387096774194,190,335,0.5671641791044776
all_eligible_657,terrain_landcover,309,992,0.31149193548387094,191,335,0.5701492537313433
all_eligible_657,terrain_landcover,310,992,0.3125,191,335,0.5701492537313433
all_eligible_657,terrain_landcover,311,992,0.31350806451612906,191,335,0.5701492537313433
all_eligible_657,terrain_landcover,312,992,0.31451612903225806,192,335,0.573134328358209
all_eligible_657,terrain_landcover,313,992,0.3155241935483871,193,335,0.5761194029850746
all_eligible_657,terrain_landcover,314,992,0.3165322580645161,193,335,0.5761194029850746
all_eligible_657,terrain_landcover,315,992,0.3175403225806452,193,335,0.5761194029850746
all_eligible_657,terrain_landcover,316,992,0.3185483870967742,193,335,0.5761194029850746
all_eligible_657,terrain_landcover,317,992,0.31955645161290325,193,335,0.5761194029850746
all_eligible_657,terrain_landcover,318,992,0.32056451612903225,194,335,0.5791044776119403
all_eligible_657,terrain_landcover,319,992,0.3215725806451613,195,335,0.582089552238806
all_eligible_657,terrain_landcover,320,992,0.3225806451612903,195,335,0.582089552238806
all_eligible_657,terrain_landcover,321,992,0.3235887096774194,195,335,0.582089552238806
all_eligible_657,terrain_landcover,322,992,0.3245967741935484,196,335,0.5850746268656717
all_eligible_657,terrain_landcover,323,992,0.32560483870967744,196,335,0.5850746268656717
all_eligible_657,terrain_landcover,324,992,0.32661290322580644,197,335,0.5880597014925373
all_eligible_657,terrain_landcover,325,992,0.3276209677419355,197,335,0.5880597014925373
all_eligible_657,terrain_landcover,326,992,0.3286290322580645,198,335,0.591044776119403
all_eligible_657,terrain_landcover,327,992,0.32963709677419356,198,335,0.591044776119403
all_eligible_657,terrain_landcover,328,992,0.33064516129032256,199,335,0.5940298507462687
all_eligible_657,terrain_landcover,329,992,0.3316532258064516,200,335,0.5970149253731343
all_eligible_657,terrain_landcover,330,992,0.3326612903225806,201,335,0.6
all_eligible_657,terrain_landcover,331,992,0.3336693548387097,202,335,0.6029850746268657
all_eligible_657,terrain_landcover,332,992,0.3346774193548387,202,335,0.6029850746268657
all_eligible_657,terrain_landcover,333,992,0.33568548387096775,203,335,0.6059701492537314
all_eligible_657,terrain_landcover,334,992,0.33669354838709675,204,335,0.608955223880597
all_eligible_657,terrain_landcover,335,992,0.3377016129032258,204,335,0.608955223880597
all_eligible_657,terrain_landcover,336,992,0.3387096774193548,205,335,0.6119402985074627
all_eligible_657,terrain_landcover,337,992,0.3397177419354839,206,335,0.6149253731343284
all_eligible_657,terrain_landcover,338,992,0.3407258064516129,207,335,0.6179104477611941
all_eligible_657,terrain_landcover,339,992,0.34173387096774194,207,335,0.6179104477611941
all_eligible_657,terrain_landcover,340,992,0.34274193548387094,208,335,0.6208955223880597
all_eligible_657,terrain_landcover,341,992,0.34375,208,335,0.6208955223880597
all_eligible_657,terrain_landcover,342,992,0.34475806451612906,208,335,0.6208955223880597
all_eligible_657,terrain_landcover,343,992,0.34576612903225806,208,335,0.6208955223880597
all_eligible_657,terrain_landcover,344,992,0.3467741935483871,209,335,0.6238805970149254
all_eligible_657,terrain_landcover,345,992,0.3477822580645161,209,335,0.6238805970149254
all_eligible_657,terrain_landcover,346,992,0.3487903225806452,210,335,0.6268656716417911
all_eligible_657,terrain_landcover,347,992,0.3497983870967742,211,335,0.6298507462686567
all_eligible_657,terrain_landcover,348,992,0.35080645161290325,211,335,0.6298507462686567
all_eligible_657,terrain_landcover,349,992,0.35181451612903225,211,335,0.6298507462686567
all_eligible_657,terrain_landcover,350,992,0.3528225806451613,211,335,0.6298507462686567
all_eligible_657,terrain_landcover,351,992,0.3538306451612903,212,335,0.6328358208955224
all_eligible_657,terrain_landcover,352,992,0.3548387096774194,213,335,0.6358208955223881
all_eligible_657,terrain_landcover,353,992,0.3558467741935484,213,335,0.6358208955223881
all_eligible_657,terrain_landcover,354,992,0.35685483870967744,213,335,0.6358208955223881
all_eligible_657,terrain_landcover,355,992,0.35786290322580644,214,335,0.6388059701492538
all_eligible_657,terrain_landcover,356,992,0.3588709677419355,214,335,0.6388059701492538
all_eligible_657,terrain_landcover,357,992,0.3598790322580645,215,335,0.6417910447761194
all_eligible_657,terrain_landcover,358,992,0.36088709677419356,215,335,0.6417910447761194
all_eligible_657,terrain_landcover,359,992,0.36189516129032256,216,335,0.6447761194029851
all_eligible_657,terrain_landcover,360,992,0.3629032258064516,217,335,0.6477611940298508
all_eligible_657,terrain_landcover,361,992,0.3639112903225806,217,335,0.6477611940298508
all_eligible_657,terrain_landcover,362,992,0.3649193548387097,218,335,0.6507462686567164
all_eligible_657,terrain_landcover,363,992,0.3659274193548387,219,335,0.6537313432835821
all_eligible_657,terrain_landcover,364,992,0.36693548387096775,220,335,0.6567164179104478
all_eligible_657,terrain_landcover,365,992,0.36794354838709675,220,335,0.6567164179104478
all_eligible_657,terrain_landcover,366,992,0.3689516129032258,221,335,0.6597014925373135
all_eligible_657,terrain_landcover,367,992,0.3699596774193548,222,335,0.6626865671641791
all_eligible_657,terrain_landcover,368,992,0.3709677419354839,223,335,0.6656716417910448
all_eligible_657,terrain_landcover,369,992,0.3719758064516129,223,335,0.6656716417910448
all_eligible_657,terrain_landcover,370,992,0.37298387096774194,223,335,0.6656716417910448
all_eligible_657,terrain_landcover,371,992,0.37399193548387094,223,335,0.6656716417910448
all_eligible_657,terrain_landcover,372,992,0.375,223,335,0.6656716417910448
all_eligible_657,terrain_landcover,373,992,0.37600806451612906,224,335,0.6686567164179105
all_eligible_657,terrain_landcover,374,992,0.37701612903225806,224,335,0.6686567164179105
all_eligible_657,terrain_landcover,375,992,0.3780241935483871,225,335,0.6716417910447762
all_eligible_657,terrain_landcover,376,992,0.3790322580645161,226,335,0.6746268656716418
all_eligible_657,terrain_landcover,377,992,0.3800403225806452,226,335,0.6746268656716418
all_eligible_657,terrain_landcover,378,992,0.3810483870967742,226,335,0.6746268656716418
all_eligible_657,terrain_landcover,379,992,0.38205645161290325,226,335,0.6746268656716418
all_eligible_657,terrain_landcover,380,992,0.38306451612903225,226,335,0.6746268656716418
all_eligible_657,terrain_landcover,381,992,0.3840725806451613,227,335,0.6776119402985075
all_eligible_657,terrain_landcover,382,992,0.3850806451612903,228,335,0.6805970149253732
all_eligible_657,terrain_landcover,383,992,0.3860887096774194,229,335,0.6835820895522388
all_eligible_657,terrain_landcover,384,992,0.3870967741935484,229,335,0.6835820895522388
all_eligible_657,terrain_landcover,385,992,0.38810483870967744,230,335,0.6865671641791045
all_eligible_657,terrain_landcover,386,992,0.38911290322580644,230,335,0.6865671641791045
all_eligible_657,terrain_landcover,387,992,0.3901209677419355,231,335,0.6895522388059702
all_eligible_657,terrain_landcover,388,992,0.3911290322580645,232,335,0.6925373134328359
all_eligible_657,terrain_landcover,389,992,0.39213709677419356,233,335,0.6955223880597015
all_eligible_657,terrain_landcover,390,992,0.39314516129032256,234,335,0.6985074626865672
all_eligible_657,terrain_landcover,391,992,0.3941532258064516,234,335,0.6985074626865672
all_eligible_657,terrain_landcover,392,992,0.3951612903225806,234,335,0.6985074626865672
all_eligible_657,terrain_landcover,393,992,0.3961693548387097,234,335,0.6985074626865672
all_eligible_657,terrain_landcover,394,992,0.3971774193548387,235,335,0.7014925373134329
all_eligible_657,terrain_landcover,395,992,0.39818548387096775,236,335,0.7044776119402985
all_eligible_657,terrain_landcover,396,992,0.39919354838709675,236,335,0.7044776119402985
all_eligible_657,terrain_landcover,397,992,0.4002016129032258,236,335,0.7044776119402985
all_eligible_657,terrain_landcover,398,992,0.4012096774193548,236,335,0.7044776119402985
all_eligible_657,terrain_landcover,399,992,0.4022177419354839,237,335,0.7074626865671642
all_eligible_657,terrain_landcover,400,992,0.4032258064516129,237,335,0.7074626865671642
all_eligible_657,terrain_landcover,401,992,0.40423387096774194,237,335,0.7074626865671642
all_eligible_657,terrain_landcover,402,992,0.40524193548387094,238,335,0.7104477611940299
all_eligible_657,terrain_landcover,403,992,0.40625,238,335,0.7104477611940299
all_eligible_657,terrain_landcover,404,992,0.40725806451612906,239,335,0.7134328358208956
all_eligible_657,terrain_landcover,405,992,0.40826612903225806,239,335,0.7134328358208956
all_eligible_657,terrain_landcover,406,992,0.4092741935483871,239,335,0.7134328358208956
all_eligible_657,terrain_landcover,407,992,0.4102822580645161,240,335,0.7164179104477612
all_eligible_657,terrain_landcover,408,992,0.4112903225806452,240,335,0.7164179104477612
all_eligible_657,terrain_landcover,409,992,0.4122983870967742,240,335,0.7164179104477612
all_eligible_657,terrain_landcover,410,992,0.41330645161290325,241,335,0.7194029850746269
all_eligible_657,terrain_landcover,411,992,0.41431451612903225,242,335,0.7223880597014926
all_eligible_657,terrain_landcover,412,992,0.4153225806451613,242,335,0.7223880597014926
all_eligible_657,terrain_landcover,413,992,0.4163306451612903,242,335,0.7223880597014926
all_eligible_657,terrain_landcover,414,992,0.4173387096774194,242,335,0.7223880597014926
all_eligible_657,terrain_landcover,415,992,0.4183467741935484,242,335,0.7223880597014926
all_eligible_657,terrain_landcover,416,992,0.41935483870967744,243,335,0.7253731343283583
all_eligible_657,terrain_landcover,417,992,0.42036290322580644,243,335,0.7253731343283583
all_eligible_657,terrain_landcover,418,992,0.4213709677419355,243,335,0.7253731343283583
all_eligible_657,terrain_landcover,419,992,0.4223790322580645,243,335,0.7253731343283583
all_eligible_657,terrain_landcover,420,992,0.42338709677419356,244,335,0.7283582089552239
all_eligible_657,terrain_landcover,421,992,0.42439516129032256,244,335,0.7283582089552239
all_eligible_657,terrain_landcover,422,992,0.4254032258064516,244,335,0.7283582089552239
all_eligible_657,terrain_landcover,423,992,0.4264112903225806,245,335,0.7313432835820896
all_eligible_657,terrain_landcover,424,992,0.4274193548387097,246,335,0.7343283582089553
all_eligible_657,terrain_landcover,425,992,0.4284274193548387,246,335,0.7343283582089553
all_eligible_657,terrain_landcover,426,992,0.42943548387096775,246,335,0.7343283582089553
all_eligible_657,terrain_landcover,427,992,0.43044354838709675,247,335,0.7373134328358208
all_eligible_657,terrain_landcover,428,992,0.4314516129032258,247,335,0.7373134328358208
all_eligible_657,terrain_landcover,429,992,0.4324596774193548,247,335,0.7373134328358208
all_eligible_657,terrain_landcover,430,992,0.4334677419354839,248,335,0.7402985074626866
all_eligible_657,terrain_landcover,431,992,0.4344758064516129,248,335,0.7402985074626866
all_eligible_657,terrain_landcover,432,992,0.43548387096774194,249,335,0.7432835820895523
all_eligible_657,terrain_landcover,433,992,0.43649193548387094,250,335,0.746268656716418
all_eligible_657,terrain_landcover,434,992,0.4375,251,335,0.7492537313432835
all_eligible_657,terrain_landcover,435,992,0.43850806451612906,251,335,0.7492537313432835
all_eligible_657,terrain_landcover,436,992,0.43951612903225806,252,335,0.7522388059701492
all_eligible_657,terrain_landcover,437,992,0.4405241935483871,253,335,0.755223880597015
all_eligible_657,terrain_landcover,438,992,0.4415322580645161,254,335,0.7582089552238805
all_eligible_657,terrain_landcover,439,992,0.4425403225806452,254,335,0.7582089552238805
all_eligible_657,terrain_landcover,440,992,0.4435483870967742,254,335,0.7582089552238805
all_eligible_657,terrain_landcover,441,992,0.44455645161290325,254,335,0.7582089552238805
all_eligible_657,terrain_landcover,442,992,0.44556451612903225,254,335,0.7582089552238805
all_eligible_657,terrain_landcover,443,992,0.4465725806451613,255,335,0.7611940298507462
all_eligible_657,terrain_landcover,444,992,0.4475806451612903,255,335,0.7611940298507462
all_eligible_657,terrain_landcover,445,992,0.4485887096774194,255,335,0.7611940298507462
all_eligible_657,terrain_landcover,446,992,0.4495967741935484,255,335,0.7611940298507462
all_eligible_657,terrain_landcover,447,992,0.45060483870967744,256,335,0.764179104477612
all_eligible_657,terrain_landcover,448,992,0.45161290322580644,256,335,0.764179104477612
all_eligible_657,terrain_landcover,449,992,0.4526209677419355,256,335,0.764179104477612
all_eligible_657,terrain_landcover,450,992,0.4536290322580645,256,335,0.764179104477612
all_eligible_657,terrain_landcover,451,992,0.45463709677419356,256,335,0.764179104477612
all_eligible_657,terrain_landcover,452,992,0.45564516129032256,256,335,0.764179104477612
all_eligible_657,terrain_landcover,453,992,0.4566532258064516,257,335,0.7671641791044777
all_eligible_657,terrain_landcover,454,992,0.4576612903225806,257,335,0.7671641791044777
all_eligible_657,terrain_landcover,455,992,0.4586693548387097,258,335,0.7701492537313432
all_eligible_657,terrain_landcover,456,992,0.4596774193548387,258,335,0.7701492537313432
all_eligible_657,terrain_landcover,457,992,0.46068548387096775,259,335,0.7731343283582089
all_eligible_657,terrain_landcover,458,992,0.46169354838709675,260,335,0.7761194029850746
all_eligible_657,terrain_landcover,459,992,0.4627016129032258,260,335,0.7761194029850746
all_eligible_657,terrain_landcover,460,992,0.4637096774193548,260,335,0.7761194029850746
all_eligible_657,terrain_landcover,461,992,0.4647177419354839,260,335,0.7761194029850746
all_eligible_657,terrain_landcover,462,992,0.4657258064516129,260,335,0.7761194029850746
all_eligible_657,terrain_landcover,463,992,0.46673387096774194,261,335,0.7791044776119403
all_eligible_657,terrain_landcover,464,992,0.46774193548387094,262,335,0.7820895522388059
all_eligible_657,terrain_landcover,465,992,0.46875,262,335,0.7820895522388059
all_eligible_657,terrain_landcover,466,992,0.46975806451612906,263,335,0.7850746268656716
all_eligible_657,terrain_landcover,467,992,0.47076612903225806,263,335,0.7850746268656716
all_eligible_657,terrain_landcover,468,992,0.4717741935483871,263,335,0.7850746268656716
all_eligible_657,terrain_landcover,469,992,0.4727822580645161,264,335,0.7880597014925373
all_eligible_657,terrain_landcover,470,992,0.4737903225806452,265,335,0.7910447761194029
all_eligible_657,terrain_landcover,471,992,0.4747983870967742,266,335,0.7940298507462686
all_eligible_657,terrain_landcover,472,992,0.47580645161290325,266,335,0.7940298507462686
all_eligible_657,terrain_landcover,473,992,0.47681451612903225,266,335,0.7940298507462686
all_eligible_657,terrain_landcover,474,992,0.4778225806451613,266,335,0.7940298507462686
all_eligible_657,terrain_landcover,475,992,0.4788306451612903,267,335,0.7970149253731343
all_eligible_657,terrain_landcover,476,992,0.4798387096774194,268,335,0.8
all_eligible_657,terrain_landcover,477,992,0.4808467741935484,269,335,0.8029850746268656
all_eligible_657,terrain_landcover,478,992,0.48185483870967744,269,335,0.8029850746268656
all_eligible_657,terrain_landcover,479,992,0.48286290322580644,270,335,0.8059701492537313
all_eligible_657,terrain_landcover,480,992,0.4838709677419355,270,335,0.8059701492537313
all_eligible_657,terrain_landcover,481,992,0.4848790322580645,271,335,0.808955223880597
all_eligible_657,terrain_landcover,482,992,0.48588709677419356,271,335,0.808955223880597
all_eligible_657,terrain_landcover,483,992,0.48689516129032256,272,335,0.8119402985074626
all_eligible_657,terrain_landcover,484,992,0.4879032258064516,272,335,0.8119402985074626
all_eligible_657,terrain_landcover,485,992,0.4889112903225806,273,335,0.8149253731343283
all_eligible_657,terrain_landcover,486,992,0.4899193548387097,273,335,0.8149253731343283
all_eligible_657,terrain_landcover,487,992,0.4909274193548387,274,335,0.817910447761194
all_eligible_657,terrain_landcover,488,992,0.49193548387096775,275,335,0.8208955223880597
all_eligible_657,terrain_landcover,489,992,0.49294354838709675,275,335,0.8208955223880597
all_eligible_657,terrain_landcover,490,992,0.4939516129032258,275,335,0.8208955223880597
all_eligible_657,terrain_landcover,491,992,0.4949596774193548,276,335,0.8238805970149253
all_eligible_657,terrain_landcover,492,992,0.4959677419354839,276,335,0.8238805970149253
all_eligible_657,terrain_landcover,493,992,0.4969758064516129,276,335,0.8238805970149253
all_eligible_657,terrain_landcover,494,992,0.49798387096774194,276,335,0.8238805970149253
all_eligible_657,terrain_landcover,495,992,0.49899193548387094,276,335,0.8238805970149253
all_eligible_657,terrain_landcover,496,992,0.5,276,335,0.8238805970149253
all_eligible_657,terrain_landcover,497,992,0.501008064516129,277,335,0.826865671641791
all_eligible_657,terrain_landcover,498,992,0.5020161290322581,278,335,0.8298507462686567
all_eligible_657,terrain_landcover,499,992,0.5030241935483871,278,335,0.8298507462686567
all_eligible_657,terrain_landcover,500,992,0.5040322580645161,279,335,0.8328358208955224
all_eligible_657,terrain_landcover,501,992,0.5050403225806451,280,335,0.835820895522388
all_eligible_657,terrain_landcover,502,992,0.5060483870967742,280,335,0.835820895522388
all_eligible_657,terrain_landcover,503,992,0.5070564516129032,280,335,0.835820895522388
all_eligible_657,terrain_landcover,504,992,0.5080645161290323,280,335,0.835820895522388
all_eligible_657,terrain_landcover,505,992,0.5090725806451613,280,335,0.835820895522388
all_eligible_657,terrain_landcover,506,992,0.5100806451612904,280,335,0.835820895522388
all_eligible_657,terrain_landcover,507,992,0.5110887096774194,280,335,0.835820895522388
all_eligible_657,terrain_landcover,508,992,0.5120967741935484,281,335,0.8388059701492537
all_eligible_657,terrain_landcover,509,992,0.5131048387096774,282,335,0.8417910447761194
all_eligible_657,terrain_landcover,510,992,0.5141129032258065,282,335,0.8417910447761194
all_eligible_657,terrain_landcover,511,992,0.5151209677419355,282,335,0.8417910447761194
all_eligible_657,terrain_landcover,512,992,0.5161290322580645,283,335,0.844776119402985
all_eligible_657,terrain_landcover,513,992,0.5171370967741935,283,335,0.844776119402985
all_eligible_657,terrain_landcover,514,992,0.5181451612903226,284,335,0.8477611940298507
all_eligible_657,terrain_landcover,515,992,0.5191532258064516,284,335,0.8477611940298507
all_eligible_657,terrain_landcover,516,992,0.5201612903225806,284,335,0.8477611940298507
all_eligible_657,terrain_landcover,517,992,0.5211693548387096,284,335,0.8477611940298507
all_eligible_657,terrain_landcover,518,992,0.5221774193548387,285,335,0.8507462686567164
all_eligible_657,terrain_landcover,519,992,0.5231854838709677,285,335,0.8507462686567164
all_eligible_657,terrain_landcover,520,992,0.5241935483870968,285,335,0.8507462686567164
all_eligible_657,terrain_landcover,521,992,0.5252016129032258,285,335,0.8507462686567164
all_eligible_657,terrain_landcover,522,992,0.5262096774193549,285,335,0.8507462686567164
all_eligible_657,terrain_landcover,523,992,0.5272177419354839,285,335,0.8507462686567164
all_eligible_657,terrain_landcover,524,992,0.5282258064516129,285,335,0.8507462686567164
all_eligible_657,terrain_landcover,525,992,0.5292338709677419,285,335,0.8507462686567164
all_eligible_657,terrain_landcover,526,992,0.530241935483871,285,335,0.8507462686567164
all_eligible_657,terrain_landcover,527,992,0.53125,285,335,0.8507462686567164
all_eligible_657,terrain_landcover,528,992,0.532258064516129,285,335,0.8507462686567164
all_eligible_657,terrain_landcover,529,992,0.5332661290322581,285,335,0.8507462686567164
all_eligible_657,terrain_landcover,530,992,0.5342741935483871,286,335,0.8537313432835821
all_eligible_657,terrain_landcover,531,992,0.5352822580645161,286,335,0.8537313432835821
all_eligible_657,terrain_landcover,532,992,0.5362903225806451,287,335,0.8567164179104477
all_eligible_657,terrain_landcover,533,992,0.5372983870967742,288,335,0.8597014925373134
all_eligible_657,terrain_landcover,534,992,0.5383064516129032,289,335,0.8626865671641791
all_eligible_657,terrain_landcover,535,992,0.5393145161290323,290,335,0.8656716417910447
all_eligible_657,terrain_landcover,536,992,0.5403225806451613,291,335,0.8686567164179104
all_eligible_657,terrain_landcover,537,992,0.5413306451612904,292,335,0.8716417910447761
all_eligible_657,terrain_landcover,538,992,0.5423387096774194,292,335,0.8716417910447761
all_eligible_657,terrain_landcover,539,992,0.5433467741935484,292,335,0.8716417910447761
all_eligible_657,terrain_landcover,540,992,0.5443548387096774,293,335,0.8746268656716418
all_eligible_657,terrain_landcover,541,992,0.5453629032258065,293,335,0.8746268656716418
all_eligible_657,terrain_landcover,542,992,0.5463709677419355,293,335,0.8746268656716418
all_eligible_657,terrain_landcover,543,992,0.5473790322580645,293,335,0.8746268656716418
all_eligible_657,terrain_landcover,544,992,0.5483870967741935,293,335,0.8746268656716418
all_eligible_657,terrain_landcover,545,992,0.5493951612903226,293,335,0.8746268656716418
all_eligible_657,terrain_landcover,546,992,0.5504032258064516,294,335,0.8776119402985074
all_eligible_657,terrain_landcover,547,992,0.5514112903225806,295,335,0.8805970149253731
all_eligible_657,terrain_landcover,548,992,0.5524193548387096,295,335,0.8805970149253731
all_eligible_657,terrain_landcover,549,992,0.5534274193548387,296,335,0.8835820895522388
all_eligible_657,terrain_landcover,550,992,0.5544354838709677,297,335,0.8865671641791045
all_eligible_657,terrain_landcover,551,992,0.5554435483870968,297,335,0.8865671641791045
all_eligible_657,terrain_landcover,552,992,0.5564516129032258,298,335,0.8895522388059701
all_eligible_657,terrain_landcover,553,992,0.5574596774193549,298,335,0.8895522388059701
all_eligible_657,terrain_landcover,554,992,0.5584677419354839,298,335,0.8895522388059701
all_eligible_657,terrain_landcover,555,992,0.5594758064516129,298,335,0.8895522388059701
all_eligible_657,terrain_landcover,556,992,0.5604838709677419,298,335,0.8895522388059701
all_eligible_657,terrain_landcover,557,992,0.561491935483871,298,335,0.8895522388059701
all_eligible_657,terrain_landcover,558,992,0.5625,298,335,0.8895522388059701
all_eligible_657,terrain_landcover,559,992,0.563508064516129,298,335,0.8895522388059701
all_eligible_657,terrain_landcover,560,992,0.5645161290322581,298,335,0.8895522388059701
all_eligible_657,terrain_landcover,561,992,0.5655241935483871,298,335,0.8895522388059701
all_eligible_657,terrain_landcover,562,992,0.5665322580645161,299,335,0.8925373134328358
all_eligible_657,terrain_landcover,563,992,0.5675403225806451,299,335,0.8925373134328358
all_eligible_657,terrain_landcover,564,992,0.5685483870967742,299,335,0.8925373134328358
all_eligible_657,terrain_landcover,565,992,0.5695564516129032,299,335,0.8925373134328358
all_eligible_657,terrain_landcover,566,992,0.5705645161290323,299,335,0.8925373134328358
all_eligible_657,terrain_landcover,567,992,0.5715725806451613,299,335,0.8925373134328358
all_eligible_657,terrain_landcover,568,992,0.5725806451612904,299,335,0.8925373134328358
all_eligible_657,terrain_landcover,569,992,0.5735887096774194,299,335,0.8925373134328358
all_eligible_657,terrain_landcover,570,992,0.5745967741935484,299,335,0.8925373134328358
all_eligible_657,terrain_landcover,571,992,0.5756048387096774,299,335,0.8925373134328358
all_eligible_657,terrain_landcover,572,992,0.5766129032258065,300,335,0.8955223880597015
all_eligible_657,terrain_landcover,573,992,0.5776209677419355,300,335,0.8955223880597015
all_eligible_657,terrain_landcover,574,992,0.5786290322580645,300,335,0.8955223880597015
all_eligible_657,terrain_landcover,575,992,0.5796370967741935,301,335,0.8985074626865671
all_eligible_657,terrain_landcover,576,992,0.5806451612903226,301,335,0.8985074626865671
all_eligible_657,terrain_landcover,577,992,0.5816532258064516,301,335,0.8985074626865671
all_eligible_657,terrain_landcover,578,992,0.5826612903225806,302,335,0.9014925373134328
all_eligible_657,terrain_landcover,579,992,0.5836693548387096,302,335,0.9014925373134328
all_eligible_657,terrain_landcover,580,992,0.5846774193548387,303,335,0.9044776119402985
all_eligible_657,terrain_landcover,581,992,0.5856854838709677,304,335,0.9074626865671642
all_eligible_657,terrain_landcover,582,992,0.5866935483870968,304,335,0.9074626865671642
all_eligible_657,terrain_landcover,583,992,0.5877016129032258,304,335,0.9074626865671642
all_eligible_657,terrain_landcover,584,992,0.5887096774193549,304,335,0.9074626865671642
all_eligible_657,terrain_landcover,585,992,0.5897177419354839,305,335,0.9104477611940298
all_eligible_657,terrain_landcover,586,992,0.5907258064516129,305,335,0.9104477611940298
all_eligible_657,terrain_landcover,587,992,0.5917338709677419,305,335,0.9104477611940298
all_eligible_657,terrain_landcover,588,992,0.592741935483871,305,335,0.9104477611940298
all_eligible_657,terrain_landcover,589,992,0.59375,305,335,0.9104477611940298
all_eligible_657,terrain_landcover,590,992,0.594758064516129,305,335,0.9104477611940298
all_eligible_657,terrain_landcover,591,992,0.5957661290322581,305,335,0.9104477611940298
all_eligible_657,terrain_landcover,592,992,0.5967741935483871,305,335,0.9104477611940298
all_eligible_657,terrain_landcover,593,992,0.5977822580645161,305,335,0.9104477611940298
all_eligible_657,terrain_landcover,594,992,0.5987903225806451,306,335,0.9134328358208955
all_eligible_657,terrain_landcover,595,992,0.5997983870967742,306,335,0.9134328358208955
all_eligible_657,terrain_landcover,596,992,0.6008064516129032,306,335,0.9134328358208955
all_eligible_657,terrain_landcover,597,992,0.6018145161290323,306,335,0.9134328358208955
all_eligible_657,terrain_landcover,598,992,0.6028225806451613,306,335,0.9134328358208955
all_eligible_657,terrain_landcover,599,992,0.6038306451612904,306,335,0.9134328358208955
all_eligible_657,terrain_landcover,600,992,0.6048387096774194,306,335,0.9134328358208955
all_eligible_657,terrain_landcover,601,992,0.6058467741935484,306,335,0.9134328358208955
all_eligible_657,terrain_landcover,602,992,0.6068548387096774,306,335,0.9134328358208955
all_eligible_657,terrain_landcover,603,992,0.6078629032258065,306,335,0.9134328358208955
all_eligible_657,terrain_landcover,604,992,0.6088709677419355,306,335,0.9134328358208955
all_eligible_657,terrain_landcover,605,992,0.6098790322580645,306,335,0.9134328358208955
all_eligible_657,terrain_landcover,606,992,0.6108870967741935,306,335,0.9134328358208955
all_eligible_657,terrain_landcover,607,992,0.6118951612903226,306,335,0.9134328358208955
all_eligible_657,terrain_landcover,608,992,0.6129032258064516,306,335,0.9134328358208955
all_eligible_657,terrain_landcover,609,992,0.6139112903225806,307,335,0.9164179104477612
all_eligible_657,terrain_landcover,610,992,0.6149193548387096,308,335,0.9194029850746268
all_eligible_657,terrain_landcover,611,992,0.6159274193548387,308,335,0.9194029850746268
all_eligible_657,terrain_landcover,612,992,0.6169354838709677,308,335,0.9194029850746268
all_eligible_657,terrain_landcover,613,992,0.6179435483870968,308,335,0.9194029850746268
all_eligible_657,terrain_landcover,614,992,0.6189516129032258,308,335,0.9194029850746268
all_eligible_657,terrain_landcover,615,992,0.6199596774193549,308,335,0.9194029850746268
all_eligible_657,terrain_landcover,616,992,0.6209677419354839,308,335,0.9194029850746268
all_eligible_657,terrain_landcover,617,992,0.6219758064516129,308,335,0.9194029850746268
all_eligible_657,terrain_landcover,618,992,0.6229838709677419,308,335,0.9194029850746268
all_eligible_657,terrain_landcover,619,992,0.623991935483871,308,335,0.9194029850746268
all_eligible_657,terrain_landcover,620,992,0.625,308,335,0.9194029850746268
all_eligible_657,terrain_landcover,621,992,0.626008064516129,309,335,0.9223880597014925
all_eligible_657,terrain_landcover,622,992,0.6270161290322581,309,335,0.9223880597014925
all_eligible_657,terrain_landcover,623,992,0.6280241935483871,310,335,0.9253731343283582
all_eligible_657,terrain_landcover,624,992,0.6290322580645161,310,335,0.9253731343283582
all_eligible_657,terrain_landcover,625,992,0.6300403225806451,311,335,0.9283582089552239
all_eligible_657,terrain_landcover,626,992,0.6310483870967742,312,335,0.9313432835820895
all_eligible_657,terrain_landcover,627,992,0.6320564516129032,313,335,0.9343283582089552
all_eligible_657,terrain_landcover,628,992,0.6330645161290323,313,335,0.9343283582089552
all_eligible_657,terrain_landcover,629,992,0.6340725806451613,313,335,0.9343283582089552
all_eligible_657,terrain_landcover,630,992,0.6350806451612904,313,335,0.9343283582089552
all_eligible_657,terrain_landcover,631,992,0.6360887096774194,313,335,0.9343283582089552
all_eligible_657,terrain_landcover,632,992,0.6370967741935484,313,335,0.9343283582089552
all_eligible_657,terrain_landcover,633,992,0.6381048387096774,313,335,0.9343283582089552
all_eligible_657,terrain_landcover,634,992,0.6391129032258065,313,335,0.9343283582089552
all_eligible_657,terrain_landcover,635,992,0.6401209677419355,313,335,0.9343283582089552
all_eligible_657,terrain_landcover,636,992,0.6411290322580645,314,335,0.9373134328358209
all_eligible_657,terrain_landcover,637,992,0.6421370967741935,315,335,0.9402985074626866
all_eligible_657,terrain_landcover,638,992,0.6431451612903226,315,335,0.9402985074626866
all_eligible_657,terrain_landcover,639,992,0.6441532258064516,315,335,0.9402985074626866
all_eligible_657,terrain_landcover,640,992,0.6451612903225806,315,335,0.9402985074626866
all_eligible_657,terrain_landcover,641,992,0.6461693548387096,316,335,0.9432835820895522
all_eligible_657,terrain_landcover,642,992,0.6471774193548387,316,335,0.9432835820895522
all_eligible_657,terrain_landcover,643,992,0.6481854838709677,316,335,0.9432835820895522
all_eligible_657,terrain_landcover,644,992,0.6491935483870968,316,335,0.9432835820895522
all_eligible_657,terrain_landcover,645,992,0.6502016129032258,316,335,0.9432835820895522
all_eligible_657,terrain_landcover,646,992,0.6512096774193549,317,335,0.9462686567164179
all_eligible_657,terrain_landcover,647,992,0.6522177419354839,317,335,0.9462686567164179
all_eligible_657,terrain_landcover,648,992,0.6532258064516129,317,335,0.9462686567164179
all_eligible_657,terrain_landcover,649,992,0.6542338709677419,317,335,0.9462686567164179
all_eligible_657,terrain_landcover,650,992,0.655241935483871,317,335,0.9462686567164179
all_eligible_657,terrain_landcover,651,992,0.65625,317,335,0.9462686567164179
all_eligible_657,terrain_landcover,652,992,0.657258064516129,318,335,0.9492537313432836
all_eligible_657,terrain_landcover,653,992,0.6582661290322581,318,335,0.9492537313432836
all_eligible_657,terrain_landcover,654,992,0.6592741935483871,318,335,0.9492537313432836
all_eligible_657,terrain_landcover,655,992,0.6602822580645161,318,335,0.9492537313432836
all_eligible_657,terrain_landcover,656,992,0.6612903225806451,318,335,0.9492537313432836
all_eligible_657,terrain_landcover,657,992,0.6622983870967742,318,335,0.9492537313432836
all_eligible_657,terrain_landcover,658,992,0.6633064516129032,318,335,0.9492537313432836
all_eligible_657,terrain_landcover,659,992,0.6643145161290323,318,335,0.9492537313432836
all_eligible_657,terrain_landcover,660,992,0.6653225806451613,318,335,0.9492537313432836
all_eligible_657,terrain_landcover,661,992,0.6663306451612904,318,335,0.9492537313432836
all_eligible_657,terrain_landcover,662,992,0.6673387096774194,318,335,0.9492537313432836
all_eligible_657,terrain_landcover,663,992,0.6683467741935484,318,335,0.9492537313432836
all_eligible_657,terrain_landcover,664,992,0.6693548387096774,319,335,0.9522388059701492
all_eligible_657,terrain_landcover,665,992,0.6703629032258065,319,335,0.9522388059701492
all_eligible_657,terrain_landcover,666,992,0.6713709677419355,319,335,0.9522388059701492
all_eligible_657,terrain_landcover,667,992,0.6723790322580645,320,335,0.9552238805970149
all_eligible_657,terrain_landcover,668,992,0.6733870967741935,320,335,0.9552238805970149
all_eligible_657,terrain_landcover,669,992,0.6743951612903226,320,335,0.9552238805970149
all_eligible_657,terrain_landcover,670,992,0.6754032258064516,320,335,0.9552238805970149
all_eligible_657,terrain_landcover,671,992,0.6764112903225806,320,335,0.9552238805970149
all_eligible_657,terrain_landcover,672,992,0.6774193548387096,320,335,0.9552238805970149
all_eligible_657,terrain_landcover,673,992,0.6784274193548387,320,335,0.9552238805970149
all_eligible_657,terrain_landcover,674,992,0.6794354838709677,320,335,0.9552238805970149
all_eligible_657,terrain_landcover,675,992,0.6804435483870968,320,335,0.9552238805970149
all_eligible_657,terrain_landcover,676,992,0.6814516129032258,321,335,0.9582089552238806
all_eligible_657,terrain_landcover,677,992,0.6824596774193549,322,335,0.9611940298507463
all_eligible_657,terrain_landcover,678,992,0.6834677419354839,322,335,0.9611940298507463
all_eligible_657,terrain_landcover,679,992,0.6844758064516129,322,335,0.9611940298507463
all_eligible_657,terrain_landcover,680,992,0.6854838709677419,322,335,0.9611940298507463
all_eligible_657,terrain_landcover,681,992,0.686491935483871,322,335,0.9611940298507463
all_eligible_657,terrain_landcover,682,992,0.6875,322,335,0.9611940298507463
all_eligible_657,terrain_landcover,683,992,0.688508064516129,322,335,0.9611940298507463
all_eligible_657,terrain_landcover,684,992,0.6895161290322581,322,335,0.9611940298507463
all_eligible_657,terrain_landcover,685,992,0.6905241935483871,322,335,0.9611940298507463
all_eligible_657,terrain_landcover,686,992,0.6915322580645161,322,335,0.9611940298507463
all_eligible_657,terrain_landcover,687,992,0.6925403225806451,322,335,0.9611940298507463
all_eligible_657,terrain_landcover,688,992,0.6935483870967742,322,335,0.9611940298507463
all_eligible_657,terrain_landcover,689,992,0.6945564516129032,322,335,0.9611940298507463
all_eligible_657,terrain_landcover,690,992,0.6955645161290323,322,335,0.9611940298507463
all_eligible_657,terrain_landcover,691,992,0.6965725806451613,322,335,0.9611940298507463
all_eligible_657,terrain_landcover,692,992,0.6975806451612904,323,335,0.9641791044776119
all_eligible_657,terrain_landcover,693,992,0.6985887096774194,323,335,0.9641791044776119
all_eligible_657,terrain_landcover,694,992,0.6995967741935484,323,335,0.9641791044776119
all_eligible_657,terrain_landcover,695,992,0.7006048387096774,323,335,0.9641791044776119
all_eligible_657,terrain_landcover,696,992,0.7016129032258065,323,335,0.9641791044776119
all_eligible_657,terrain_landcover,697,992,0.7026209677419355,323,335,0.9641791044776119
all_eligible_657,terrain_landcover,698,992,0.7036290322580645,323,335,0.9641791044776119
all_eligible_657,terrain_landcover,699,992,0.7046370967741935,324,335,0.9671641791044776
all_eligible_657,terrain_landcover,700,992,0.7056451612903226,324,335,0.9671641791044776
all_eligible_657,terrain_landcover,701,992,0.7066532258064516,324,335,0.9671641791044776
all_eligible_657,terrain_landcover,702,992,0.7076612903225806,324,335,0.9671641791044776
all_eligible_657,terrain_landcover,703,992,0.7086693548387096,324,335,0.9671641791044776
all_eligible_657,terrain_landcover,704,992,0.7096774193548387,324,335,0.9671641791044776
all_eligible_657,terrain_landcover,705,992,0.7106854838709677,324,335,0.9671641791044776
all_eligible_657,terrain_landcover,706,992,0.7116935483870968,324,335,0.9671641791044776
all_eligible_657,terrain_landcover,707,992,0.7127016129032258,324,335,0.9671641791044776
all_eligible_657,terrain_landcover,708,992,0.7137096774193549,325,335,0.9701492537313433
all_eligible_657,terrain_landcover,709,992,0.7147177419354839,325,335,0.9701492537313433
all_eligible_657,terrain_landcover,710,992,0.7157258064516129,325,335,0.9701492537313433
all_eligible_657,terrain_landcover,711,992,0.7167338709677419,326,335,0.9731343283582089
all_eligible_657,terrain_landcover,712,992,0.717741935483871,326,335,0.9731343283582089
all_eligible_657,terrain_landcover,713,992,0.71875,327,335,0.9761194029850746
all_eligible_657,terrain_landcover,714,992,0.719758064516129,327,335,0.9761194029850746
all_eligible_657,terrain_landcover,715,992,0.7207661290322581,327,335,0.9761194029850746
all_eligible_657,terrain_landcover,716,992,0.7217741935483871,327,335,0.9761194029850746
all_eligible_657,terrain_landcover,717,992,0.7227822580645161,327,335,0.9761194029850746
all_eligible_657,terrain_landcover,718,992,0.7237903225806451,327,335,0.9761194029850746
all_eligible_657,terrain_landcover,719,992,0.7247983870967742,327,335,0.9761194029850746
all_eligible_657,terrain_landcover,720,992,0.7258064516129032,328,335,0.9791044776119403
all_eligible_657,terrain_landcover,721,992,0.7268145161290323,329,335,0.982089552238806
all_eligible_657,terrain_landcover,722,992,0.7278225806451613,330,335,0.9850746268656716
all_eligible_657,terrain_landcover,723,992,0.7288306451612904,330,335,0.9850746268656716
all_eligible_657,terrain_landcover,724,992,0.7298387096774194,331,335,0.9880597014925373
all_eligible_657,terrain_landcover,725,992,0.7308467741935484,331,335,0.9880597014925373
all_eligible_657,terrain_landcover,726,992,0.7318548387096774,331,335,0.9880597014925373
all_eligible_657,terrain_landcover,727,992,0.7328629032258065,332,335,0.991044776119403
all_eligible_657,terrain_landcover,728,992,0.7338709677419355,332,335,0.991044776119403
all_eligible_657,terrain_landcover,729,992,0.7348790322580645,332,335,0.991044776119403
all_eligible_657,terrain_landcover,730,992,0.7358870967741935,332,335,0.991044776119403
all_eligible_657,terrain_landcover,731,992,0.7368951612903226,332,335,0.991044776119403
all_eligible_657,terrain_landcover,732,992,0.7379032258064516,332,335,0.991044776119403
all_eligible_657,terrain_landcover,733,992,0.7389112903225806,332,335,0.991044776119403
all_eligible_657,terrain_landcover,734,992,0.7399193548387096,332,335,0.991044776119403
all_eligible_657,terrain_landcover,735,992,0.7409274193548387,332,335,0.991044776119403
all_eligible_657,terrain_landcover,736,992,0.7419354838709677,332,335,0.991044776119403
all_eligible_657,terrain_landcover,737,992,0.7429435483870968,332,335,0.991044776119403
all_eligible_657,terrain_landcover,738,992,0.7439516129032258,332,335,0.991044776119403
all_eligible_657,terrain_landcover,739,992,0.7449596774193549,332,335,0.991044776119403
all_eligible_657,terrain_landcover,740,992,0.7459677419354839,332,335,0.991044776119403
all_eligible_657,terrain_landcover,741,992,0.7469758064516129,332,335,0.991044776119403
all_eligible_657,terrain_landcover,742,992,0.7479838709677419,332,335,0.991044776119403
all_eligible_657,terrain_landcover,743,992,0.748991935483871,332,335,0.991044776119403
all_eligible_657,terrain_landcover,744,992,0.75,333,335,0.9940298507462687
all_eligible_657,terrain_landcover,745,992,0.751008064516129,333,335,0.9940298507462687
all_eligible_657,terrain_landcover,746,992,0.7520161290322581,333,335,0.9940298507462687
all_eligible_657,terrain_landcover,747,992,0.7530241935483871,333,335,0.9940298507462687
all_eligible_657,terrain_landcover,748,992,0.7540322580645161,333,335,0.9940298507462687
all_eligible_657,terrain_landcover,749,992,0.7550403225806451,333,335,0.9940298507462687
all_eligible_657,terrain_landcover,750,992,0.7560483870967742,333,335,0.9940298507462687
all_eligible_657,terrain_landcover,751,992,0.7570564516129032,333,335,0.9940298507462687
all_eligible_657,terrain_landcover,752,992,0.7580645161290323,333,335,0.9940298507462687
all_eligible_657,terrain_landcover,753,992,0.7590725806451613,333,335,0.9940298507462687
all_eligible_657,terrain_landcover,754,992,0.7600806451612904,333,335,0.9940298507462687
all_eligible_657,terrain_landcover,755,992,0.7610887096774194,333,335,0.9940298507462687
all_eligible_657,terrain_landcover,756,992,0.7620967741935484,333,335,0.9940298507462687
all_eligible_657,terrain_landcover,757,992,0.7631048387096774,333,335,0.9940298507462687
all_eligible_657,terrain_landcover,758,992,0.7641129032258065,334,335,0.9970149253731343
all_eligible_657,terrain_landcover,759,992,0.7651209677419355,334,335,0.9970149253731343
all_eligible_657,terrain_landcover,760,992,0.7661290322580645,334,335,0.9970149253731343
all_eligible_657,terrain_landcover,761,992,0.7671370967741935,334,335,0.9970149253731343
all_eligible_657,terrain_landcover,762,992,0.7681451612903226,334,335,0.9970149253731343
all_eligible_657,terrain_landcover,763,992,0.7691532258064516,334,335,0.9970149253731343
all_eligible_657,terrain_landcover,764,992,0.7701612903225806,334,335,0.9970149253731343
all_eligible_657,terrain_landcover,765,992,0.7711693548387096,334,335,0.9970149253731343
all_eligible_657,terrain_landcover,766,992,0.7721774193548387,334,335,0.9970149253731343
all_eligible_657,terrain_landcover,767,992,0.7731854838709677,334,335,0.9970149253731343
all_eligible_657,terrain_landcover,768,992,0.7741935483870968,334,335,0.9970149253731343
all_eligible_657,terrain_landcover,769,992,0.7752016129032258,334,335,0.9970149253731343
all_eligible_657,terrain_landcover,770,992,0.7762096774193549,334,335,0.9970149253731343
all_eligible_657,terrain_landcover,771,992,0.7772177419354839,334,335,0.9970149253731343
all_eligible_657,terrain_landcover,772,992,0.7782258064516129,334,335,0.9970149253731343
all_eligible_657,terrain_landcover,773,992,0.7792338709677419,334,335,0.9970149253731343
all_eligible_657,terrain_landcover,774,992,0.780241935483871,334,335,0.9970149253731343
all_eligible_657,terrain_landcover,775,992,0.78125,334,335,0.9970149253731343
all_eligible_657,terrain_landcover,776,992,0.782258064516129,334,335,0.9970149253731343
all_eligible_657,terrain_landcover,777,992,0.7832661290322581,334,335,0.9970149253731343
all_eligible_657,terrain_landcover,778,992,0.7842741935483871,334,335,0.9970149253731343
all_eligible_657,terrain_landcover,779,992,0.7852822580645161,334,335,0.9970149253731343
all_eligible_657,terrain_landcover,780,992,0.7862903225806451,334,335,0.9970149253731343
all_eligible_657,terrain_landcover,781,992,0.7872983870967742,334,335,0.9970149253731343
all_eligible_657,terrain_landcover,782,992,0.7883064516129032,334,335,0.9970149253731343
all_eligible_657,terrain_landcover,783,992,0.7893145161290323,334,335,0.9970149253731343
all_eligible_657,terrain_landcover,784,992,0.7903225806451613,334,335,0.9970149253731343
all_eligible_657,terrain_landcover,785,992,0.7913306451612904,334,335,0.9970149253731343
all_eligible_657,terrain_landcover,786,992,0.7923387096774194,334,335,0.9970149253731343
all_eligible_657,terrain_landcover,787,992,0.7933467741935484,334,335,0.9970149253731343
all_eligible_657,terrain_landcover,788,992,0.7943548387096774,334,335,0.9970149253731343
all_eligible_657,terrain_landcover,789,992,0.7953629032258065,334,335,0.9970149253731343
all_eligible_657,terrain_landcover,790,992,0.7963709677419355,334,335,0.9970149253731343
all_eligible_657,terrain_landcover,791,992,0.7973790322580645,334,335,0.9970149253731343
all_eligible_657,terrain_landcover,792,992,0.7983870967741935,334,335,0.9970149253731343
all_eligible_657,terrain_landcover,793,992,0.7993951612903226,334,335,0.9970149253731343
all_eligible_657,terrain_landcover,794,992,0.8004032258064516,334,335,0.9970149253731343
all_eligible_657,terrain_landcover,795,992,0.8014112903225806,334,335,0.9970149253731343
all_eligible_657,terrain_landcover,796,992,0.8024193548387096,334,335,0.9970149253731343
all_eligible_657,terrain_landcover,797,992,0.8034274193548387,334,335,0.9970149253731343
all_eligible_657,terrain_landcover,798,992,0.8044354838709677,334,335,0.9970149253731343
all_eligible_657,terrain_landcover,799,992,0.8054435483870968,334,335,0.9970149253731343
all_eligible_657,terrain_landcover,800,992,0.8064516129032258,334,335,0.9970149253731343
all_eligible_657,terrain_landcover,801,992,0.8074596774193549,334,335,0.9970149253731343
all_eligible_657,terrain_landcover,802,992,0.8084677419354839,334,335,0.9970149253731343
all_eligible_657,terrain_landcover,803,992,0.8094758064516129,334,335,0.9970149253731343
all_eligible_657,terrain_landcover,804,992,0.8104838709677419,334,335,0.9970149253731343
all_eligible_657,terrain_landcover,805,992,0.811491935483871,334,335,0.9970149253731343
all_eligible_657,terrain_landcover,806,992,0.8125,334,335,0.9970149253731343
all_eligible_657,terrain_landcover,807,992,0.813508064516129,334,335,0.9970149253731343
all_eligible_657,terrain_landcover,808,992,0.8145161290322581,334,335,0.9970149253731343
all_eligible_657,terrain_landcover,809,992,0.8155241935483871,334,335,0.9970149253731343
all_eligible_657,terrain_landcover,810,992,0.8165322580645161,334,335,0.9970149253731343
all_eligible_657,terrain_landcover,811,992,0.8175403225806451,334,335,0.9970149253731343
all_eligible_657,terrain_landcover,812,992,0.8185483870967742,334,335,0.9970149253731343
all_eligible_657,terrain_landcover,813,992,0.8195564516129032,334,335,0.9970149253731343
all_eligible_657,terrain_landcover,814,992,0.8205645161290323,334,335,0.9970149253731343
all_eligible_657,terrain_landcover,815,992,0.8215725806451613,334,335,0.9970149253731343
all_eligible_657,terrain_landcover,816,992,0.8225806451612904,334,335,0.9970149253731343
all_eligible_657,terrain_landcover,817,992,0.8235887096774194,334,335,0.9970149253731343
all_eligible_657,terrain_landcover,818,992,0.8245967741935484,334,335,0.9970149253731343
all_eligible_657,terrain_landcover,819,992,0.8256048387096774,334,335,0.9970149253731343
all_eligible_657,terrain_landcover,820,992,0.8266129032258065,334,335,0.9970149253731343
all_eligible_657,terrain_landcover,821,992,0.8276209677419355,334,335,0.9970149253731343
all_eligible_657,terrain_landcover,822,992,0.8286290322580645,334,335,0.9970149253731343
all_eligible_657,terrain_landcover,823,992,0.8296370967741935,334,335,0.9970149253731343
all_eligible_657,terrain_landcover,824,992,0.8306451612903226,334,335,0.9970149253731343
all_eligible_657,terrain_landcover,825,992,0.8316532258064516,334,335,0.9970149253731343
all_eligible_657,terrain_landcover,826,992,0.8326612903225806,334,335,0.9970149253731343
all_eligible_657,terrain_landcover,827,992,0.8336693548387096,334,335,0.9970149253731343
all_eligible_657,terrain_landcover,828,992,0.8346774193548387,334,335,0.9970149253731343
all_eligible_657,terrain_landcover,829,992,0.8356854838709677,334,335,0.9970149253731343
all_eligible_657,terrain_landcover,830,992,0.8366935483870968,334,335,0.9970149253731343
all_eligible_657,terrain_landcover,831,992,0.8377016129032258,334,335,0.9970149253731343
all_eligible_657,terrain_landcover,832,992,0.8387096774193549,334,335,0.9970149253731343
all_eligible_657,terrain_landcover,833,992,0.8397177419354839,334,335,0.9970149253731343
all_eligible_657,terrain_landcover,834,992,0.8407258064516129,334,335,0.9970149253731343
all_eligible_657,terrain_landcover,835,992,0.8417338709677419,334,335,0.9970149253731343
all_eligible_657,terrain_landcover,836,992,0.842741935483871,334,335,0.9970149253731343
all_eligible_657,terrain_landcover,837,992,0.84375,334,335,0.9970149253731343
all_eligible_657,terrain_landcover,838,992,0.844758064516129,334,335,0.9970149253731343
all_eligible_657,terrain_landcover,839,992,0.8457661290322581,334,335,0.9970149253731343
all_eligible_657,terrain_landcover,840,992,0.8467741935483871,334,335,0.9970149253731343
all_eligible_657,terrain_landcover,841,992,0.8477822580645161,334,335,0.9970149253731343
all_eligible_657,terrain_landcover,842,992,0.8487903225806451,334,335,0.9970149253731343
all_eligible_657,terrain_landcover,843,992,0.8497983870967742,334,335,0.9970149253731343
all_eligible_657,terrain_landcover,844,992,0.8508064516129032,334,335,0.9970149253731343
all_eligible_657,terrain_landcover,845,992,0.8518145161290323,334,335,0.9970149253731343
all_eligible_657,terrain_landcover,846,992,0.8528225806451613,334,335,0.9970149253731343
all_eligible_657,terrain_landcover,847,992,0.8538306451612904,334,335,0.9970149253731343
all_eligible_657,terrain_landcover,848,992,0.8548387096774194,334,335,0.9970149253731343
all_eligible_657,terrain_landcover,849,992,0.8558467741935484,334,335,0.9970149253731343
all_eligible_657,terrain_landcover,850,992,0.8568548387096774,334,335,0.9970149253731343
all_eligible_657,terrain_landcover,851,992,0.8578629032258065,334,335,0.9970149253731343
all_eligible_657,terrain_landcover,852,992,0.8588709677419355,334,335,0.9970149253731343
all_eligible_657,terrain_landcover,853,992,0.8598790322580645,334,335,0.9970149253731343
all_eligible_657,terrain_landcover,854,992,0.8608870967741935,334,335,0.9970149253731343
all_eligible_657,terrain_landcover,855,992,0.8618951612903226,334,335,0.9970149253731343
all_eligible_657,terrain_landcover,856,992,0.8629032258064516,334,335,0.9970149253731343
all_eligible_657,terrain_landcover,857,992,0.8639112903225806,334,335,0.9970149253731343
all_eligible_657,terrain_landcover,858,992,0.8649193548387096,334,335,0.9970149253731343
all_eligible_657,terrain_landcover,859,992,0.8659274193548387,334,335,0.9970149253731343
all_eligible_657,terrain_landcover,860,992,0.8669354838709677,334,335,0.9970149253731343
all_eligible_657,terrain_landcover,861,992,0.8679435483870968,334,335,0.9970149253731343
all_eligible_657,terrain_landcover,862,992,0.8689516129032258,334,335,0.9970149253731343
all_eligible_657,terrain_landcover,863,992,0.8699596774193549,334,335,0.9970149253731343
all_eligible_657,terrain_landcover,864,992,0.8709677419354839,334,335,0.9970149253731343
all_eligible_657,terrain_landcover,865,992,0.8719758064516129,334,335,0.9970149253731343
all_eligible_657,terrain_landcover,866,992,0.8729838709677419,334,335,0.9970149253731343
all_eligible_657,terrain_landcover,867,992,0.873991935483871,334,335,0.9970149253731343
all_eligible_657,terrain_landcover,868,992,0.875,334,335,0.9970149253731343
all_eligible_657,terrain_landcover,869,992,0.876008064516129,334,335,0.9970149253731343
all_eligible_657,terrain_landcover,870,992,0.8770161290322581,334,335,0.9970149253731343
all_eligible_657,terrain_landcover,871,992,0.8780241935483871,334,335,0.9970149253731343
all_eligible_657,terrain_landcover,872,992,0.8790322580645161,334,335,0.9970149253731343
all_eligible_657,terrain_landcover,873,992,0.8800403225806451,334,335,0.9970149253731343
all_eligible_657,terrain_landcover,874,992,0.8810483870967742,334,335,0.9970149253731343
all_eligible_657,terrain_landcover,875,992,0.8820564516129032,334,335,0.9970149253731343
all_eligible_657,terrain_landcover,876,992,0.8830645161290323,334,335,0.9970149253731343
all_eligible_657,terrain_landcover,877,992,0.8840725806451613,334,335,0.9970149253731343
all_eligible_657,terrain_landcover,878,992,0.8850806451612904,334,335,0.9970149253731343
all_eligible_657,terrain_landcover,879,992,0.8860887096774194,334,335,0.9970149253731343
all_eligible_657,terrain_landcover,880,992,0.8870967741935484,334,335,0.9970149253731343
all_eligible_657,terrain_landcover,881,992,0.8881048387096774,334,335,0.9970149253731343
all_eligible_657,terrain_landcover,882,992,0.8891129032258065,334,335,0.9970149253731343
all_eligible_657,terrain_landcover,883,992,0.8901209677419355,334,335,0.9970149253731343
all_eligible_657,terrain_landcover,884,992,0.8911290322580645,334,335,0.9970149253731343
all_eligible_657,terrain_landcover,885,992,0.8921370967741935,334,335,0.9970149253731343
all_eligible_657,terrain_landcover,886,992,0.8931451612903226,334,335,0.9970149253731343
all_eligible_657,terrain_landcover,887,992,0.8941532258064516,334,335,0.9970149253731343
all_eligible_657,terrain_landcover,888,992,0.8951612903225806,334,335,0.9970149253731343
all_eligible_657,terrain_landcover,889,992,0.8961693548387096,334,335,0.9970149253731343
all_eligible_657,terrain_landcover,890,992,0.8971774193548387,334,335,0.9970149253731343
all_eligible_657,terrain_landcover,891,992,0.8981854838709677,334,335,0.9970149253731343
all_eligible_657,terrain_landcover,892,992,0.8991935483870968,334,335,0.9970149253731343
all_eligible_657,terrain_landcover,893,992,0.9002016129032258,334,335,0.9970149253731343
all_eligible_657,terrain_landcover,894,992,0.9012096774193549,334,335,0.9970149253731343
all_eligible_657,terrain_landcover,895,992,0.9022177419354839,334,335,0.9970149253731343
all_eligible_657,terrain_landcover,896,992,0.9032258064516129,334,335,0.9970149253731343
all_eligible_657,terrain_landcover,897,992,0.9042338709677419,334,335,0.9970149253731343
all_eligible_657,terrain_landcover,898,992,0.905241935483871,334,335,0.9970149253731343
all_eligible_657,terrain_landcover,899,992,0.90625,334,335,0.9970149253731343
all_eligible_657,terrain_landcover,900,992,0.907258064516129,334,335,0.9970149253731343
all_eligible_657,terrain_landcover,901,992,0.9082661290322581,334,335,0.9970149253731343
all_eligible_657,terrain_landcover,902,992,0.9092741935483871,334,335,0.9970149253731343
all_eligible_657,terrain_landcover,903,992,0.9102822580645161,334,335,0.9970149253731343
all_eligible_657,terrain_landcover,904,992,0.9112903225806451,334,335,0.9970149253731343
all_eligible_657,terrain_landcover,905,992,0.9122983870967742,334,335,0.9970149253731343
all_eligible_657,terrain_landcover,906,992,0.9133064516129032,334,335,0.9970149253731343
all_eligible_657,terrain_landcover,907,992,0.9143145161290323,334,335,0.9970149253731343
all_eligible_657,terrain_landcover,908,992,0.9153225806451613,334,335,0.9970149253731343
all_eligible_657,terrain_landcover,909,992,0.9163306451612904,334,335,0.9970149253731343
all_eligible_657,terrain_landcover,910,992,0.9173387096774194,334,335,0.9970149253731343
all_eligible_657,terrain_landcover,911,992,0.9183467741935484,334,335,0.9970149253731343
all_eligible_657,terrain_landcover,912,992,0.9193548387096774,334,335,0.9970149253731343
all_eligible_657,terrain_landcover,913,992,0.9203629032258065,334,335,0.9970149253731343
all_eligible_657,terrain_landcover,914,992,0.9213709677419355,334,335,0.9970149253731343
all_eligible_657,terrain_landcover,915,992,0.9223790322580645,334,335,0.9970149253731343
all_eligible_657,terrain_landcover,916,992,0.9233870967741935,334,335,0.9970149253731343
all_eligible_657,terrain_landcover,917,992,0.9243951612903226,334,335,0.9970149253731343
all_eligible_657,terrain_landcover,918,992,0.9254032258064516,334,335,0.9970149253731343
all_eligible_657,terrain_landcover,919,992,0.9264112903225806,334,335,0.9970149253731343
all_eligible_657,terrain_landcover,920,992,0.9274193548387096,334,335,0.9970149253731343
all_eligible_657,terrain_landcover,921,992,0.9284274193548387,334,335,0.9970149253731343
all_eligible_657,terrain_landcover,922,992,0.9294354838709677,334,335,0.9970149253731343
all_eligible_657,terrain_landcover,923,992,0.9304435483870968,334,335,0.9970149253731343
all_eligible_657,terrain_landcover,924,992,0.9314516129032258,334,335,0.9970149253731343
all_eligible_657,terrain_landcover,925,992,0.9324596774193549,334,335,0.9970149253731343
all_eligible_657,terrain_landcover,926,992,0.9334677419354839,334,335,0.9970149253731343
all_eligible_657,terrain_landcover,927,992,0.9344758064516129,334,335,0.9970149253731343
all_eligible_657,terrain_landcover,928,992,0.9354838709677419,334,335,0.9970149253731343
all_eligible_657,terrain_landcover,929,992,0.936491935483871,334,335,0.9970149253731343
all_eligible_657,terrain_landcover,930,992,0.9375,334,335,0.9970149253731343
all_eligible_657,terrain_landcover,931,992,0.938508064516129,334,335,0.9970149253731343
all_eligible_657,terrain_landcover,932,992,0.9395161290322581,334,335,0.9970149253731343
all_eligible_657,terrain_landcover,933,992,0.9405241935483871,334,335,0.9970149253731343
all_eligible_657,terrain_landcover,934,992,0.9415322580645161,334,335,0.9970149253731343
all_eligible_657,terrain_landcover,935,992,0.9425403225806451,334,335,0.9970149253731343
all_eligible_657,terrain_landcover,936,992,0.9435483870967742,334,335,0.9970149253731343
all_eligible_657,terrain_landcover,937,992,0.9445564516129032,334,335,0.9970149253731343
all_eligible_657,terrain_landcover,938,992,0.9455645161290323,334,335,0.9970149253731343
all_eligible_657,terrain_landcover,939,992,0.9465725806451613,334,335,0.9970149253731343
all_eligible_657,terrain_landcover,940,992,0.9475806451612904,334,335,0.9970149253731343
all_eligible_657,terrain_landcover,941,992,0.9485887096774194,334,335,0.9970149253731343
all_eligible_657,terrain_landcover,942,992,0.9495967741935484,334,335,0.9970149253731343
all_eligible_657,terrain_landcover,943,992,0.9506048387096774,334,335,0.9970149253731343
all_eligible_657,terrain_landcover,944,992,0.9516129032258065,334,335,0.9970149253731343
all_eligible_657,terrain_landcover,945,992,0.9526209677419355,334,335,0.9970149253731343
all_eligible_657,terrain_landcover,946,992,0.9536290322580645,334,335,0.9970149253731343
all_eligible_657,terrain_landcover,947,992,0.9546370967741935,334,335,0.9970149253731343
all_eligible_657,terrain_landcover,948,992,0.9556451612903226,334,335,0.9970149253731343
all_eligible_657,terrain_landcover,949,992,0.9566532258064516,334,335,0.9970149253731343
all_eligible_657,terrain_landcover,950,992,0.9576612903225806,334,335,0.9970149253731343
all_eligible_657,terrain_landcover,951,992,0.9586693548387096,334,335,0.9970149253731343
all_eligible_657,terrain_landcover,952,992,0.9596774193548387,334,335,0.9970149253731343
all_eligible_657,terrain_landcover,953,992,0.9606854838709677,334,335,0.9970149253731343
all_eligible_657,terrain_landcover,954,992,0.9616935483870968,334,335,0.9970149253731343
all_eligible_657,terrain_landcover,955,992,0.9627016129032258,334,335,0.9970149253731343
all_eligible_657,terrain_landcover,956,992,0.9637096774193549,334,335,0.9970149253731343
all_eligible_657,terrain_landcover,957,992,0.9647177419354839,334,335,0.9970149253731343
all_eligible_657,terrain_landcover,958,992,0.9657258064516129,334,335,0.9970149253731343
all_eligible_657,terrain_landcover,959,992,0.9667338709677419,334,335,0.9970149253731343
all_eligible_657,terrain_landcover,960,992,0.967741935483871,334,335,0.9970149253731343
all_eligible_657,terrain_landcover,961,992,0.96875,334,335,0.9970149253731343
all_eligible_657,terrain_landcover,962,992,0.969758064516129,334,335,0.9970149253731343
all_eligible_657,terrain_landcover,963,992,0.9707661290322581,334,335,0.9970149253731343
all_eligible_657,terrain_landcover,964,992,0.9717741935483871,334,335,0.9970149253731343
all_eligible_657,terrain_landcover,965,992,0.9727822580645161,334,335,0.9970149253731343
all_eligible_657,terrain_landcover,966,992,0.9737903225806451,334,335,0.9970149253731343
all_eligible_657,terrain_landcover,967,992,0.9747983870967742,334,335,0.9970149253731343
all_eligible_657,terrain_landcover,968,992,0.9758064516129032,334,335,0.9970149253731343
all_eligible_657,terrain_landcover,969,992,0.9768145161290323,334,335,0.9970149253731343
all_eligible_657,terrain_landcover,970,992,0.9778225806451613,334,335,0.9970149253731343
all_eligible_657,terrain_landcover,971,992,0.9788306451612904,334,335,0.9970149253731343
all_eligible_657,terrain_landcover,972,992,0.9798387096774194,334,335,0.9970149253731343
all_eligible_657,terrain_landcover,973,992,0.9808467741935484,334,335,0.9970149253731343
all_eligible_657,terrain_landcover,974,992,0.9818548387096774,334,335,0.9970149253731343
all_eligible_657,terrain_landcover,975,992,0.9828629032258065,334,335,0.9970149253731343
all_eligible_657,terrain_landcover,976,992,0.9838709677419355,334,335,0.9970149253731343
all_eligible_657,terrain_landcover,977,992,0.9848790322580645,334,335,0.9970149253731343
all_eligible_657,terrain_landcover,978,992,0.9858870967741935,334,335,0.9970149253731343
all_eligible_657,terrain_landcover,979,992,0.9868951612903226,334,335,0.9970149253731343
all_eligible_657,terrain_landcover,980,992,0.9879032258064516,334,335,0.9970149253731343
all_eligible_657,terrain_landcover,981,992,0.9889112903225806,334,335,0.9970149253731343
all_eligible_657,terrain_landcover,982,992,0.9899193548387096,334,335,0.9970149253731343
all_eligible_657,terrain_landcover,983,992,0.9909274193548387,334,335,0.9970149253731343
all_eligible_657,terrain_landcover,984,992,0.9919354838709677,334,335,0.9970149253731343
all_eligible_657,terrain_landcover,985,992,0.9929435483870968,334,335,0.9970149253731343
all_eligible_657,terrain_landcover,986,992,0.9939516129032258,335,335,1.0
all_eligible_657,terrain_landcover,987,992,0.9949596774193549,335,335,1.0
all_eligible_657,terrain_landcover,988,992,0.9959677419354839,335,335,1.0
all_eligible_657,terrain_landcover,989,992,0.9969758064516129,335,335,1.0
all_eligible_657,terrain_landcover,990,992,0.9979838709677419,335,335,1.0
all_eligible_657,terrain_landcover,991,992,0.998991935483871,335,335,1.0
all_eligible_657,terrain_landcover,992,992,1.0,335,335,1.0
all_eligible_657,terrain_landcover_ae,0,992,0.0,0,335,0.0
all_eligible_657,terrain_landcover_ae,1,992,0.0010080645161290322,1,335,0.0029850746268656717
all_eligible_657,terrain_landcover_ae,2,992,0.0020161290322580645,2,335,0.005970149253731343
all_eligible_657,terrain_landcover_ae,3,992,0.0030241935483870967,3,335,0.008955223880597015
all_eligible_657,terrain_landcover_ae,4,992,0.004032258064516129,4,335,0.011940298507462687
all_eligible_657,terrain_landcover_ae,5,992,0.005040322580645161,5,335,0.014925373134328358
all_eligible_657,terrain_landcover_ae,6,992,0.006048387096774193,6,335,0.01791044776119403
all_eligible_657,terrain_landcover_ae,7,992,0.007056451612903226,7,335,0.020895522388059702
all_eligible_657,terrain_landcover_ae,8,992,0.008064516129032258,8,335,0.023880597014925373
all_eligible_657,terrain_landcover_ae,9,992,0.009072580645161291,9,335,0.026865671641791045
all_eligible_657,terrain_landcover_ae,10,992,0.010080645161290322,10,335,0.029850746268656716
all_eligible_657,terrain_landcover_ae,11,992,0.011088709677419355,11,335,0.03283582089552239
all_eligible_657,terrain_landcover_ae,12,992,0.012096774193548387,12,335,0.03582089552238806
all_eligible_657,terrain_landcover_ae,13,992,0.01310483870967742,13,335,0.03880597014925373
all_eligible_657,terrain_landcover_ae,14,992,0.014112903225806451,14,335,0.041791044776119404
all_eligible_657,terrain_landcover_ae,15,992,0.015120967741935484,15,335,0.04477611940298507
all_eligible_657,terrain_landcover_ae,16,992,0.016129032258064516,16,335,0.04776119402985075
all_eligible_657,terrain_landcover_ae,17,992,0.017137096774193547,17,335,0.050746268656716415
all_eligible_657,terrain_landcover_ae,18,992,0.018145161290322582,18,335,0.05373134328358209
all_eligible_657,terrain_landcover_ae,19,992,0.019153225806451613,18,335,0.05373134328358209
all_eligible_657,terrain_landcover_ae,20,992,0.020161290322580645,18,335,0.05373134328358209
all_eligible_657,terrain_landcover_ae,21,992,0.021169354838709676,19,335,0.056716417910447764
all_eligible_657,terrain_landcover_ae,22,992,0.02217741935483871,20,335,0.05970149253731343
all_eligible_657,terrain_landcover_ae,23,992,0.023185483870967742,21,335,0.0626865671641791
all_eligible_657,terrain_landcover_ae,24,992,0.024193548387096774,22,335,0.06567164179104477
all_eligible_657,terrain_landcover_ae,25,992,0.025201612903225805,23,335,0.06865671641791045
all_eligible_657,terrain_landcover_ae,26,992,0.02620967741935484,24,335,0.07164179104477612
all_eligible_657,terrain_landcover_ae,27,992,0.02721774193548387,25,335,0.07462686567164178
all_eligible_657,terrain_landcover_ae,28,992,0.028225806451612902,26,335,0.07761194029850746
all_eligible_657,terrain_landcover_ae,29,992,0.029233870967741934,27,335,0.08059701492537313
all_eligible_657,terrain_landcover_ae,30,992,0.03024193548387097,27,335,0.08059701492537313
all_eligible_657,terrain_landcover_ae,31,992,0.03125,28,335,0.08358208955223881
all_eligible_657,terrain_landcover_ae,32,992,0.03225806451612903,29,335,0.08656716417910448
all_eligible_657,terrain_landcover_ae,33,992,0.03326612903225806,30,335,0.08955223880597014
all_eligible_657,terrain_landcover_ae,34,992,0.034274193548387094,31,335,0.09253731343283582
all_eligible_657,terrain_landcover_ae,35,992,0.03528225806451613,32,335,0.0955223880597015
all_eligible_657,terrain_landcover_ae,36,992,0.036290322580645164,33,335,0.09850746268656717
all_eligible_657,terrain_landcover_ae,37,992,0.037298387096774195,34,335,0.10149253731343283
all_eligible_657,terrain_landcover_ae,38,992,0.038306451612903226,34,335,0.10149253731343283
all_eligible_657,terrain_landcover_ae,39,992,0.03931451612903226,35,335,0.1044776119402985
all_eligible_657,terrain_landcover_ae,40,992,0.04032258064516129,36,335,0.10746268656716418
all_eligible_657,terrain_landcover_ae,41,992,0.04133064516129032,37,335,0.11044776119402985
all_eligible_657,terrain_landcover_ae,42,992,0.04233870967741935,38,335,0.11343283582089553
all_eligible_657,terrain_landcover_ae,43,992,0.04334677419354839,39,335,0.11641791044776119
all_eligible_657,terrain_landcover_ae,44,992,0.04435483870967742,40,335,0.11940298507462686
all_eligible_657,terrain_landcover_ae,45,992,0.04536290322580645,41,335,0.12238805970149254
all_eligible_657,terrain_landcover_ae,46,992,0.046370967741935484,41,335,0.12238805970149254
all_eligible_657,terrain_landcover_ae,47,992,0.047379032258064516,42,335,0.1253731343283582
all_eligible_657,terrain_landcover_ae,48,992,0.04838709677419355,43,335,0.12835820895522387
all_eligible_657,terrain_landcover_ae,49,992,0.04939516129032258,44,335,0.13134328358208955
all_eligible_657,terrain_landcover_ae,50,992,0.05040322580645161,45,335,0.13432835820895522
all_eligible_657,terrain_landcover_ae,51,992,0.05141129032258065,46,335,0.1373134328358209
all_eligible_657,terrain_landcover_ae,52,992,0.05241935483870968,47,335,0.14029850746268657
all_eligible_657,terrain_landcover_ae,53,992,0.05342741935483871,48,335,0.14328358208955225
all_eligible_657,terrain_landcover_ae,54,992,0.05443548387096774,49,335,0.14626865671641792
all_eligible_657,terrain_landcover_ae,55,992,0.055443548387096774,50,335,0.14925373134328357
all_eligible_657,terrain_landcover_ae,56,992,0.056451612903225805,51,335,0.15223880597014924
all_eligible_657,terrain_landcover_ae,57,992,0.057459677419354836,52,335,0.15522388059701492
all_eligible_657,terrain_landcover_ae,58,992,0.05846774193548387,53,335,0.1582089552238806
all_eligible_657,terrain_landcover_ae,59,992,0.059475806451612906,54,335,0.16119402985074627
all_eligible_657,terrain_landcover_ae,60,992,0.06048387096774194,54,335,0.16119402985074627
all_eligible_657,terrain_landcover_ae,61,992,0.06149193548387097,55,335,0.16417910447761194
all_eligible_657,terrain_landcover_ae,62,992,0.0625,56,335,0.16716417910447762
all_eligible_657,terrain_landcover_ae,63,992,0.06350806451612903,57,335,0.1701492537313433
all_eligible_657,terrain_landcover_ae,64,992,0.06451612903225806,57,335,0.1701492537313433
all_eligible_657,terrain_landcover_ae,65,992,0.0655241935483871,58,335,0.17313432835820897
all_eligible_657,terrain_landcover_ae,66,992,0.06653225806451613,59,335,0.1761194029850746
all_eligible_657,terrain_landcover_ae,67,992,0.06754032258064516,60,335,0.1791044776119403
all_eligible_657,terrain_landcover_ae,68,992,0.06854838709677419,61,335,0.18208955223880596
all_eligible_657,terrain_landcover_ae,69,992,0.06955645161290322,62,335,0.18507462686567164
all_eligible_657,terrain_landcover_ae,70,992,0.07056451612903226,63,335,0.1880597014925373
all_eligible_657,terrain_landcover_ae,71,992,0.0715725806451613,64,335,0.191044776119403
all_eligible_657,terrain_landcover_ae,72,992,0.07258064516129033,64,335,0.191044776119403
all_eligible_657,terrain_landcover_ae,73,992,0.07358870967741936,65,335,0.19402985074626866
all_eligible_657,terrain_landcover_ae,74,992,0.07459677419354839,66,335,0.19701492537313434
all_eligible_657,terrain_landcover_ae,75,992,0.07560483870967742,67,335,0.2
all_eligible_657,terrain_landcover_ae,76,992,0.07661290322580645,68,335,0.20298507462686566
all_eligible_657,terrain_landcover_ae,77,992,0.07762096774193548,69,335,0.20597014925373133
all_eligible_657,terrain_landcover_ae,78,992,0.07862903225806452,70,335,0.208955223880597
all_eligible_657,terrain_landcover_ae,79,992,0.07963709677419355,71,335,0.21194029850746268
all_eligible_657,terrain_landcover_ae,80,992,0.08064516129032258,72,335,0.21492537313432836
all_eligible_657,terrain_landcover_ae,81,992,0.08165322580645161,72,335,0.21492537313432836
all_eligible_657,terrain_landcover_ae,82,992,0.08266129032258064,73,335,0.21791044776119403
all_eligible_657,terrain_landcover_ae,83,992,0.08366935483870967,74,335,0.2208955223880597
all_eligible_657,terrain_landcover_ae,84,992,0.0846774193548387,75,335,0.22388059701492538
all_eligible_657,terrain_landcover_ae,85,992,0.08568548387096774,76,335,0.22686567164179106
all_eligible_657,terrain_landcover_ae,86,992,0.08669354838709678,77,335,0.2298507462686567
all_eligible_657,terrain_landcover_ae,87,992,0.08770161290322581,78,335,0.23283582089552238
all_eligible_657,terrain_landcover_ae,88,992,0.08870967741935484,79,335,0.23582089552238805
all_eligible_657,terrain_landcover_ae,89,992,0.08971774193548387,80,335,0.23880597014925373
all_eligible_657,terrain_landcover_ae,90,992,0.0907258064516129,81,335,0.2417910447761194
all_eligible_657,terrain_landcover_ae,91,992,0.09173387096774194,82,335,0.24477611940298508
all_eligible_657,terrain_landcover_ae,92,992,0.09274193548387097,83,335,0.24776119402985075
all_eligible_657,terrain_landcover_ae,93,992,0.09375,84,335,0.2507462686567164
all_eligible_657,terrain_landcover_ae,94,992,0.09475806451612903,85,335,0.2537313432835821
all_eligible_657,terrain_landcover_ae,95,992,0.09576612903225806,86,335,0.25671641791044775
all_eligible_657,terrain_landcover_ae,96,992,0.0967741935483871,87,335,0.25970149253731345
all_eligible_657,terrain_landcover_ae,97,992,0.09778225806451613,88,335,0.2626865671641791
all_eligible_657,terrain_landcover_ae,98,992,0.09879032258064516,89,335,0.2656716417910448
all_eligible_657,terrain_landcover_ae,99,992,0.09979838709677419,90,335,0.26865671641791045
all_eligible_657,terrain_landcover_ae,100,992,0.10080645161290322,91,335,0.2716417910447761
all_eligible_657,terrain_landcover_ae,101,992,0.10181451612903226,92,335,0.2746268656716418
all_eligible_657,terrain_landcover_ae,102,992,0.1028225806451613,93,335,0.27761194029850744
all_eligible_657,terrain_landcover_ae,103,992,0.10383064516129033,94,335,0.28059701492537314
all_eligible_657,terrain_landcover_ae,104,992,0.10483870967741936,95,335,0.2835820895522388
all_eligible_657,terrain_landcover_ae,105,992,0.10584677419354839,96,335,0.2865671641791045
all_eligible_657,terrain_landcover_ae,106,992,0.10685483870967742,97,335,0.28955223880597014
all_eligible_657,terrain_landcover_ae,107,992,0.10786290322580645,98,335,0.29253731343283584
all_eligible_657,terrain_landcover_ae,108,992,0.10887096774193548,99,335,0.2955223880597015
all_eligible_657,terrain_landcover_ae,109,992,0.10987903225806452,100,335,0.29850746268656714
all_eligible_657,terrain_landcover_ae,110,992,0.11088709677419355,101,335,0.30149253731343284
all_eligible_657,terrain_landcover_ae,111,992,0.11189516129032258,102,335,0.3044776119402985
all_eligible_657,terrain_landcover_ae,112,992,0.11290322580645161,103,335,0.3074626865671642
all_eligible_657,terrain_landcover_ae,113,992,0.11391129032258064,104,335,0.31044776119402984
all_eligible_657,terrain_landcover_ae,114,992,0.11491935483870967,105,335,0.31343283582089554
all_eligible_657,terrain_landcover_ae,115,992,0.1159274193548387,106,335,0.3164179104477612
all_eligible_657,terrain_landcover_ae,116,992,0.11693548387096774,106,335,0.3164179104477612
all_eligible_657,terrain_landcover_ae,117,992,0.11794354838709678,107,335,0.3194029850746269
all_eligible_657,terrain_landcover_ae,118,992,0.11895161290322581,108,335,0.32238805970149254
all_eligible_657,terrain_landcover_ae,119,992,0.11995967741935484,109,335,0.3253731343283582
all_eligible_657,terrain_landcover_ae,120,992,0.12096774193548387,110,335,0.3283582089552239
all_eligible_657,terrain_landcover_ae,121,992,0.1219758064516129,111,335,0.33134328358208953
all_eligible_657,terrain_landcover_ae,122,992,0.12298387096774194,112,335,0.33432835820895523
all_eligible_657,terrain_landcover_ae,123,992,0.12399193548387097,113,335,0.3373134328358209
all_eligible_657,terrain_landcover_ae,124,992,0.125,114,335,0.3402985074626866
all_eligible_657,terrain_landcover_ae,125,992,0.12600806451612903,114,335,0.3402985074626866
all_eligible_657,terrain_landcover_ae,126,992,0.12701612903225806,115,335,0.34328358208955223
all_eligible_657,terrain_landcover_ae,127,992,0.1280241935483871,116,335,0.34626865671641793
all_eligible_657,terrain_landcover_ae,128,992,0.12903225806451613,117,335,0.3492537313432836
all_eligible_657,terrain_landcover_ae,129,992,0.13004032258064516,118,335,0.3522388059701492
all_eligible_657,terrain_landcover_ae,130,992,0.1310483870967742,119,335,0.35522388059701493
all_eligible_657,terrain_landcover_ae,131,992,0.13205645161290322,120,335,0.3582089552238806
all_eligible_657,terrain_landcover_ae,132,992,0.13306451612903225,121,335,0.3611940298507463
all_eligible_657,terrain_landcover_ae,133,992,0.13407258064516128,122,335,0.3641791044776119
all_eligible_657,terrain_landcover_ae,134,992,0.1350806451612903,123,335,0.36716417910447763
all_eligible_657,terrain_landcover_ae,135,992,0.13608870967741934,124,335,0.3701492537313433
all_eligible_657,terrain_landcover_ae,136,992,0.13709677419354838,125,335,0.373134328358209
all_eligible_657,terrain_landcover_ae,137,992,0.1381048387096774,126,335,0.3761194029850746
all_eligible_657,terrain_landcover_ae,138,992,0.13911290322580644,127,335,0.37910447761194027
all_eligible_657,terrain_landcover_ae,139,992,0.14012096774193547,127,335,0.37910447761194027
all_eligible_657,terrain_landcover_ae,140,992,0.14112903225806453,128,335,0.382089552238806
all_eligible_657,terrain_landcover_ae,141,992,0.14213709677419356,129,335,0.3850746268656716
all_eligible_657,terrain_landcover_ae,142,992,0.1431451612903226,130,335,0.3880597014925373
all_eligible_657,terrain_landcover_ae,143,992,0.14415322580645162,131,335,0.39104477611940297
all_eligible_657,terrain_landcover_ae,144,992,0.14516129032258066,132,335,0.3940298507462687
all_eligible_657,terrain_landcover_ae,145,992,0.1461693548387097,133,335,0.3970149253731343
all_eligible_657,terrain_landcover_ae,146,992,0.14717741935483872,134,335,0.4
all_eligible_657,terrain_landcover_ae,147,992,0.14818548387096775,135,335,0.40298507462686567
all_eligible_657,terrain_landcover_ae,148,992,0.14919354838709678,135,335,0.40298507462686567
all_eligible_657,terrain_landcover_ae,149,992,0.1502016129032258,136,335,0.4059701492537313
all_eligible_657,terrain_landcover_ae,150,992,0.15120967741935484,136,335,0.4059701492537313
all_eligible_657,terrain_landcover_ae,151,992,0.15221774193548387,137,335,0.408955223880597
all_eligible_657,terrain_landcover_ae,152,992,0.1532258064516129,138,335,0.41194029850746267
all_eligible_657,terrain_landcover_ae,153,992,0.15423387096774194,138,335,0.41194029850746267
all_eligible_657,terrain_landcover_ae,154,992,0.15524193548387097,138,335,0.41194029850746267
all_eligible_657,terrain_landcover_ae,155,992,0.15625,139,335,0.41492537313432837
all_eligible_657,terrain_landcover_ae,156,992,0.15725806451612903,139,335,0.41492537313432837
all_eligible_657,terrain_landcover_ae,157,992,0.15826612903225806,140,335,0.417910447761194
all_eligible_657,terrain_landcover_ae,158,992,0.1592741935483871,141,335,0.4208955223880597
all_eligible_657,terrain_landcover_ae,159,992,0.16028225806451613,142,335,0.42388059701492536
all_eligible_657,terrain_landcover_ae,160,992,0.16129032258064516,143,335,0.42686567164179107
all_eligible_657,terrain_landcover_ae,161,992,0.1622983870967742,144,335,0.4298507462686567
all_eligible_657,terrain_landcover_ae,162,992,0.16330645161290322,145,335,0.43283582089552236
all_eligible_657,terrain_landcover_ae,163,992,0.16431451612903225,146,335,0.43582089552238806
all_eligible_657,terrain_landcover_ae,164,992,0.16532258064516128,147,335,0.4388059701492537
all_eligible_657,terrain_landcover_ae,165,992,0.1663306451612903,147,335,0.4388059701492537
all_eligible_657,terrain_landcover_ae,166,992,0.16733870967741934,148,335,0.4417910447761194
all_eligible_657,terrain_landcover_ae,167,992,0.16834677419354838,149,335,0.44477611940298506
all_eligible_657,terrain_landcover_ae,168,992,0.1693548387096774,149,335,0.44477611940298506
all_eligible_657,terrain_landcover_ae,169,992,0.17036290322580644,150,335,0.44776119402985076
all_eligible_657,terrain_landcover_ae,170,992,0.17137096774193547,150,335,0.44776119402985076
all_eligible_657,terrain_landcover_ae,171,992,0.17237903225806453,150,335,0.44776119402985076
all_eligible_657,terrain_landcover_ae,172,992,0.17338709677419356,150,335,0.44776119402985076
all_eligible_657,terrain_landcover_ae,173,992,0.1743951612903226,150,335,0.44776119402985076
all_eligible_657,terrain_landcover_ae,174,992,0.17540322580645162,151,335,0.4507462686567164
all_eligible_657,terrain_landcover_ae,175,992,0.17641129032258066,152,335,0.4537313432835821
all_eligible_657,terrain_landcover_ae,176,992,0.1774193548387097,153,335,0.45671641791044776
all_eligible_657,terrain_landcover_ae,177,992,0.17842741935483872,154,335,0.4597014925373134
all_eligible_657,terrain_landcover_ae,178,992,0.17943548387096775,155,335,0.4626865671641791
all_eligible_657,terrain_landcover_ae,179,992,0.18044354838709678,156,335,0.46567164179104475
all_eligible_657,terrain_landcover_ae,180,992,0.1814516129032258,157,335,0.46865671641791046
all_eligible_657,terrain_landcover_ae,181,992,0.18245967741935484,158,335,0.4716417910447761
all_eligible_657,terrain_landcover_ae,182,992,0.18346774193548387,159,335,0.4746268656716418
all_eligible_657,terrain_landcover_ae,183,992,0.1844758064516129,159,335,0.4746268656716418
all_eligible_657,terrain_landcover_ae,184,992,0.18548387096774194,160,335,0.47761194029850745
all_eligible_657,terrain_landcover_ae,185,992,0.18649193548387097,161,335,0.48059701492537316
all_eligible_657,terrain_landcover_ae,186,992,0.1875,161,335,0.48059701492537316
all_eligible_657,terrain_landcover_ae,187,992,0.18850806451612903,162,335,0.4835820895522388
all_eligible_657,terrain_landcover_ae,188,992,0.18951612903225806,163,335,0.48656716417910445
all_eligible_657,terrain_landcover_ae,189,992,0.1905241935483871,164,335,0.48955223880597015
all_eligible_657,terrain_landcover_ae,190,992,0.19153225806451613,165,335,0.4925373134328358
all_eligible_657,terrain_landcover_ae,191,992,0.19254032258064516,166,335,0.4955223880597015
all_eligible_657,terrain_landcover_ae,192,992,0.1935483870967742,167,335,0.49850746268656715
all_eligible_657,terrain_landcover_ae,193,992,0.19455645161290322,168,335,0.5014925373134328
all_eligible_657,terrain_landcover_ae,194,992,0.19556451612903225,169,335,0.5044776119402985
all_eligible_657,terrain_landcover_ae,195,992,0.19657258064516128,170,335,0.5074626865671642
all_eligible_657,terrain_landcover_ae,196,992,0.1975806451612903,170,335,0.5074626865671642
all_eligible_657,terrain_landcover_ae,197,992,0.19858870967741934,171,335,0.5104477611940299
all_eligible_657,terrain_landcover_ae,198,992,0.19959677419354838,171,335,0.5104477611940299
all_eligible_657,terrain_landcover_ae,199,992,0.2006048387096774,172,335,0.5134328358208955
all_eligible_657,terrain_landcover_ae,200,992,0.20161290322580644,172,335,0.5134328358208955
all_eligible_657,terrain_landcover_ae,201,992,0.20262096774193547,173,335,0.5164179104477612
all_eligible_657,terrain_landcover_ae,202,992,0.20362903225806453,173,335,0.5164179104477612
all_eligible_657,terrain_landcover_ae,203,992,0.20463709677419356,174,335,0.5194029850746269
all_eligible_657,terrain_landcover_ae,204,992,0.2056451612903226,174,335,0.5194029850746269
all_eligible_657,terrain_landcover_ae,205,992,0.20665322580645162,175,335,0.5223880597014925
all_eligible_657,terrain_landcover_ae,206,992,0.20766129032258066,176,335,0.5253731343283582
all_eligible_657,terrain_landcover_ae,207,992,0.2086693548387097,177,335,0.5283582089552239
all_eligible_657,terrain_landcover_ae,208,992,0.20967741935483872,177,335,0.5283582089552239
all_eligible_657,terrain_landcover_ae,209,992,0.21068548387096775,178,335,0.5313432835820896
all_eligible_657,terrain_landcover_ae,210,992,0.21169354838709678,178,335,0.5313432835820896
all_eligible_657,terrain_landcover_ae,211,992,0.2127016129032258,179,335,0.5343283582089552
all_eligible_657,terrain_landcover_ae,212,992,0.21370967741935484,180,335,0.5373134328358209
all_eligible_657,terrain_landcover_ae,213,992,0.21471774193548387,181,335,0.5402985074626866
all_eligible_657,terrain_landcover_ae,214,992,0.2157258064516129,181,335,0.5402985074626866
all_eligible_657,terrain_landcover_ae,215,992,0.21673387096774194,182,335,0.5432835820895522
all_eligible_657,terrain_landcover_ae,216,992,0.21774193548387097,183,335,0.5462686567164179
all_eligible_657,terrain_landcover_ae,217,992,0.21875,184,335,0.5492537313432836
all_eligible_657,terrain_landcover_ae,218,992,0.21975806451612903,185,335,0.5522388059701493
all_eligible_657,terrain_landcover_ae,219,992,0.22076612903225806,186,335,0.5552238805970149
all_eligible_657,terrain_landcover_ae,220,992,0.2217741935483871,187,335,0.5582089552238806
all_eligible_657,terrain_landcover_ae,221,992,0.22278225806451613,188,335,0.5611940298507463
all_eligible_657,terrain_landcover_ae,222,992,0.22379032258064516,189,335,0.564179104477612
all_eligible_657,terrain_landcover_ae,223,992,0.2247983870967742,190,335,0.5671641791044776
all_eligible_657,terrain_landcover_ae,224,992,0.22580645161290322,190,335,0.5671641791044776
all_eligible_657,terrain_landcover_ae,225,992,0.22681451612903225,191,335,0.5701492537313433
all_eligible_657,terrain_landcover_ae,226,992,0.22782258064516128,191,335,0.5701492537313433
all_eligible_657,terrain_landcover_ae,227,992,0.2288306451612903,192,335,0.573134328358209
all_eligible_657,terrain_landcover_ae,228,992,0.22983870967741934,193,335,0.5761194029850746
all_eligible_657,terrain_landcover_ae,229,992,0.23084677419354838,194,335,0.5791044776119403
all_eligible_657,terrain_landcover_ae,230,992,0.2318548387096774,195,335,0.582089552238806
all_eligible_657,terrain_landcover_ae,231,992,0.23286290322580644,196,335,0.5850746268656717
all_eligible_657,terrain_landcover_ae,232,992,0.23387096774193547,196,335,0.5850746268656717
all_eligible_657,terrain_landcover_ae,233,992,0.23487903225806453,197,335,0.5880597014925373
all_eligible_657,terrain_landcover_ae,234,992,0.23588709677419356,198,335,0.591044776119403
all_eligible_657,terrain_landcover_ae,235,992,0.2368951612903226,198,335,0.591044776119403
all_eligible_657,terrain_landcover_ae,236,992,0.23790322580645162,199,335,0.5940298507462687
all_eligible_657,terrain_landcover_ae,237,992,0.23891129032258066,199,335,0.5940298507462687
all_eligible_657,terrain_landcover_ae,238,992,0.2399193548387097,200,335,0.5970149253731343
all_eligible_657,terrain_landcover_ae,239,992,0.24092741935483872,200,335,0.5970149253731343
all_eligible_657,terrain_landcover_ae,240,992,0.24193548387096775,200,335,0.5970149253731343
all_eligible_657,terrain_landcover_ae,241,992,0.24294354838709678,201,335,0.6
all_eligible_657,terrain_landcover_ae,242,992,0.2439516129032258,202,335,0.6029850746268657
all_eligible_657,terrain_landcover_ae,243,992,0.24495967741935484,202,335,0.6029850746268657
all_eligible_657,terrain_landcover_ae,244,992,0.24596774193548387,202,335,0.6029850746268657
all_eligible_657,terrain_landcover_ae,245,992,0.2469758064516129,203,335,0.6059701492537314
all_eligible_657,terrain_landcover_ae,246,992,0.24798387096774194,203,335,0.6059701492537314
all_eligible_657,terrain_landcover_ae,247,992,0.24899193548387097,204,335,0.608955223880597
all_eligible_657,terrain_landcover_ae,248,992,0.25,205,335,0.6119402985074627
all_eligible_657,terrain_landcover_ae,249,992,0.25100806451612906,206,335,0.6149253731343284
all_eligible_657,terrain_landcover_ae,250,992,0.25201612903225806,207,335,0.6179104477611941
all_eligible_657,terrain_landcover_ae,251,992,0.2530241935483871,208,335,0.6208955223880597
all_eligible_657,terrain_landcover_ae,252,992,0.2540322580645161,209,335,0.6238805970149254
all_eligible_657,terrain_landcover_ae,253,992,0.2550403225806452,209,335,0.6238805970149254
all_eligible_657,terrain_landcover_ae,254,992,0.2560483870967742,210,335,0.6268656716417911
all_eligible_657,terrain_landcover_ae,255,992,0.25705645161290325,211,335,0.6298507462686567
all_eligible_657,terrain_landcover_ae,256,992,0.25806451612903225,212,335,0.6328358208955224
all_eligible_657,terrain_landcover_ae,257,992,0.2590725806451613,213,335,0.6358208955223881
all_eligible_657,terrain_landcover_ae,258,992,0.2600806451612903,213,335,0.6358208955223881
all_eligible_657,terrain_landcover_ae,259,992,0.2610887096774194,214,335,0.6388059701492538
all_eligible_657,terrain_landcover_ae,260,992,0.2620967741935484,215,335,0.6417910447761194
all_eligible_657,terrain_landcover_ae,261,992,0.26310483870967744,215,335,0.6417910447761194
all_eligible_657,terrain_landcover_ae,262,992,0.26411290322580644,216,335,0.6447761194029851
all_eligible_657,terrain_landcover_ae,263,992,0.2651209677419355,217,335,0.6477611940298508
all_eligible_657,terrain_landcover_ae,264,992,0.2661290322580645,217,335,0.6477611940298508
all_eligible_657,terrain_landcover_ae,265,992,0.26713709677419356,218,335,0.6507462686567164
all_eligible_657,terrain_landcover_ae,266,992,0.26814516129032256,218,335,0.6507462686567164
all_eligible_657,terrain_landcover_ae,267,992,0.2691532258064516,219,335,0.6537313432835821
all_eligible_657,terrain_landcover_ae,268,992,0.2701612903225806,220,335,0.6567164179104478
all_eligible_657,terrain_landcover_ae,269,992,0.2711693548387097,221,335,0.6597014925373135
all_eligible_657,terrain_landcover_ae,270,992,0.2721774193548387,222,335,0.6626865671641791
all_eligible_657,terrain_landcover_ae,271,992,0.27318548387096775,223,335,0.6656716417910448
all_eligible_657,terrain_landcover_ae,272,992,0.27419354838709675,223,335,0.6656716417910448
all_eligible_657,terrain_landcover_ae,273,992,0.2752016129032258,223,335,0.6656716417910448
all_eligible_657,terrain_landcover_ae,274,992,0.2762096774193548,224,335,0.6686567164179105
all_eligible_657,terrain_landcover_ae,275,992,0.2772177419354839,225,335,0.6716417910447762
all_eligible_657,terrain_landcover_ae,276,992,0.2782258064516129,226,335,0.6746268656716418
all_eligible_657,terrain_landcover_ae,277,992,0.27923387096774194,227,335,0.6776119402985075
all_eligible_657,terrain_landcover_ae,278,992,0.28024193548387094,228,335,0.6805970149253732
all_eligible_657,terrain_landcover_ae,279,992,0.28125,229,335,0.6835820895522388
all_eligible_657,terrain_landcover_ae,280,992,0.28225806451612906,229,335,0.6835820895522388
all_eligible_657,terrain_landcover_ae,281,992,0.28326612903225806,230,335,0.6865671641791045
all_eligible_657,terrain_landcover_ae,282,992,0.2842741935483871,231,335,0.6895522388059702
all_eligible_657,terrain_landcover_ae,283,992,0.2852822580645161,231,335,0.6895522388059702
all_eligible_657,terrain_landcover_ae,284,992,0.2862903225806452,232,335,0.6925373134328359
all_eligible_657,terrain_landcover_ae,285,992,0.2872983870967742,233,335,0.6955223880597015
all_eligible_657,terrain_landcover_ae,286,992,0.28830645161290325,234,335,0.6985074626865672
all_eligible_657,terrain_landcover_ae,287,992,0.28931451612903225,235,335,0.7014925373134329
all_eligible_657,terrain_landcover_ae,288,992,0.2903225806451613,236,335,0.7044776119402985
all_eligible_657,terrain_landcover_ae,289,992,0.2913306451612903,236,335,0.7044776119402985
all_eligible_657,terrain_landcover_ae,290,992,0.2923387096774194,236,335,0.7044776119402985
all_eligible_657,terrain_landcover_ae,291,992,0.2933467741935484,237,335,0.7074626865671642
all_eligible_657,terrain_landcover_ae,292,992,0.29435483870967744,238,335,0.7104477611940299
all_eligible_657,terrain_landcover_ae,293,992,0.29536290322580644,238,335,0.7104477611940299
all_eligible_657,terrain_landcover_ae,294,992,0.2963709677419355,239,335,0.7134328358208956
all_eligible_657,terrain_landcover_ae,295,992,0.2973790322580645,239,335,0.7134328358208956
all_eligible_657,terrain_landcover_ae,296,992,0.29838709677419356,240,335,0.7164179104477612
all_eligible_657,terrain_landcover_ae,297,992,0.29939516129032256,241,335,0.7194029850746269
all_eligible_657,terrain_landcover_ae,298,992,0.3004032258064516,242,335,0.7223880597014926
all_eligible_657,terrain_landcover_ae,299,992,0.3014112903225806,243,335,0.7253731343283583
all_eligible_657,terrain_landcover_ae,300,992,0.3024193548387097,244,335,0.7283582089552239
all_eligible_657,terrain_landcover_ae,301,992,0.3034274193548387,244,335,0.7283582089552239
all_eligible_657,terrain_landcover_ae,302,992,0.30443548387096775,245,335,0.7313432835820896
all_eligible_657,terrain_landcover_ae,303,992,0.30544354838709675,246,335,0.7343283582089553
all_eligible_657,terrain_landcover_ae,304,992,0.3064516129032258,247,335,0.7373134328358208
all_eligible_657,terrain_landcover_ae,305,992,0.3074596774193548,247,335,0.7373134328358208
all_eligible_657,terrain_landcover_ae,306,992,0.3084677419354839,248,335,0.7402985074626866
all_eligible_657,terrain_landcover_ae,307,992,0.3094758064516129,248,335,0.7402985074626866
all_eligible_657,terrain_landcover_ae,308,992,0.31048387096774194,248,335,0.7402985074626866
all_eligible_657,terrain_landcover_ae,309,992,0.31149193548387094,249,335,0.7432835820895523
all_eligible_657,terrain_landcover_ae,310,992,0.3125,250,335,0.746268656716418
all_eligible_657,terrain_landcover_ae,311,992,0.31350806451612906,250,335,0.746268656716418
all_eligible_657,terrain_landcover_ae,312,992,0.31451612903225806,250,335,0.746268656716418
all_eligible_657,terrain_landcover_ae,313,992,0.3155241935483871,251,335,0.7492537313432835
all_eligible_657,terrain_landcover_ae,314,992,0.3165322580645161,251,335,0.7492537313432835
all_eligible_657,terrain_landcover_ae,315,992,0.3175403225806452,252,335,0.7522388059701492
all_eligible_657,terrain_landcover_ae,316,992,0.3185483870967742,252,335,0.7522388059701492
all_eligible_657,terrain_landcover_ae,317,992,0.31955645161290325,252,335,0.7522388059701492
all_eligible_657,terrain_landcover_ae,318,992,0.32056451612903225,252,335,0.7522388059701492
all_eligible_657,terrain_landcover_ae,319,992,0.3215725806451613,253,335,0.755223880597015
all_eligible_657,terrain_landcover_ae,320,992,0.3225806451612903,254,335,0.7582089552238805
all_eligible_657,terrain_landcover_ae,321,992,0.3235887096774194,255,335,0.7611940298507462
all_eligible_657,terrain_landcover_ae,322,992,0.3245967741935484,256,335,0.764179104477612
all_eligible_657,terrain_landcover_ae,323,992,0.32560483870967744,256,335,0.764179104477612
all_eligible_657,terrain_landcover_ae,324,992,0.32661290322580644,256,335,0.764179104477612
all_eligible_657,terrain_landcover_ae,325,992,0.3276209677419355,257,335,0.7671641791044777
all_eligible_657,terrain_landcover_ae,326,992,0.3286290322580645,258,335,0.7701492537313432
all_eligible_657,terrain_landcover_ae,327,992,0.32963709677419356,259,335,0.7731343283582089
all_eligible_657,terrain_landcover_ae,328,992,0.33064516129032256,259,335,0.7731343283582089
all_eligible_657,terrain_landcover_ae,329,992,0.3316532258064516,259,335,0.7731343283582089
all_eligible_657,terrain_landcover_ae,330,992,0.3326612903225806,259,335,0.7731343283582089
all_eligible_657,terrain_landcover_ae,331,992,0.3336693548387097,260,335,0.7761194029850746
all_eligible_657,terrain_landcover_ae,332,992,0.3346774193548387,261,335,0.7791044776119403
all_eligible_657,terrain_landcover_ae,333,992,0.33568548387096775,261,335,0.7791044776119403
all_eligible_657,terrain_landcover_ae,334,992,0.33669354838709675,261,335,0.7791044776119403
all_eligible_657,terrain_landcover_ae,335,992,0.3377016129032258,262,335,0.7820895522388059
all_eligible_657,terrain_landcover_ae,336,992,0.3387096774193548,263,335,0.7850746268656716
all_eligible_657,terrain_landcover_ae,337,992,0.3397177419354839,264,335,0.7880597014925373
all_eligible_657,terrain_landcover_ae,338,992,0.3407258064516129,264,335,0.7880597014925373
all_eligible_657,terrain_landcover_ae,339,992,0.34173387096774194,264,335,0.7880597014925373
all_eligible_657,terrain_landcover_ae,340,992,0.34274193548387094,264,335,0.7880597014925373
all_eligible_657,terrain_landcover_ae,341,992,0.34375,264,335,0.7880597014925373
all_eligible_657,terrain_landcover_ae,342,992,0.34475806451612906,265,335,0.7910447761194029
all_eligible_657,terrain_landcover_ae,343,992,0.34576612903225806,265,335,0.7910447761194029
all_eligible_657,terrain_landcover_ae,344,992,0.3467741935483871,265,335,0.7910447761194029
all_eligible_657,terrain_landcover_ae,345,992,0.3477822580645161,265,335,0.7910447761194029
all_eligible_657,terrain_landcover_ae,346,992,0.3487903225806452,265,335,0.7910447761194029
all_eligible_657,terrain_landcover_ae,347,992,0.3497983870967742,265,335,0.7910447761194029
all_eligible_657,terrain_landcover_ae,348,992,0.35080645161290325,265,335,0.7910447761194029
all_eligible_657,terrain_landcover_ae,349,992,0.35181451612903225,266,335,0.7940298507462686
all_eligible_657,terrain_landcover_ae,350,992,0.3528225806451613,266,335,0.7940298507462686
all_eligible_657,terrain_landcover_ae,351,992,0.3538306451612903,266,335,0.7940298507462686
all_eligible_657,terrain_landcover_ae,352,992,0.3548387096774194,266,335,0.7940298507462686
all_eligible_657,terrain_landcover_ae,353,992,0.3558467741935484,266,335,0.7940298507462686
all_eligible_657,terrain_landcover_ae,354,992,0.35685483870967744,267,335,0.7970149253731343
all_eligible_657,terrain_landcover_ae,355,992,0.35786290322580644,267,335,0.7970149253731343
all_eligible_657,terrain_landcover_ae,356,992,0.3588709677419355,268,335,0.8
all_eligible_657,terrain_landcover_ae,357,992,0.3598790322580645,268,335,0.8
all_eligible_657,terrain_landcover_ae,358,992,0.36088709677419356,268,335,0.8
all_eligible_657,terrain_landcover_ae,359,992,0.36189516129032256,268,335,0.8
all_eligible_657,terrain_landcover_ae,360,992,0.3629032258064516,269,335,0.8029850746268656
all_eligible_657,terrain_landcover_ae,361,992,0.3639112903225806,269,335,0.8029850746268656
all_eligible_657,terrain_landcover_ae,362,992,0.3649193548387097,269,335,0.8029850746268656
all_eligible_657,terrain_landcover_ae,363,992,0.3659274193548387,270,335,0.8059701492537313
all_eligible_657,terrain_landcover_ae,364,992,0.36693548387096775,270,335,0.8059701492537313
all_eligible_657,terrain_landcover_ae,365,992,0.36794354838709675,270,335,0.8059701492537313
all_eligible_657,terrain_landcover_ae,366,992,0.3689516129032258,270,335,0.8059701492537313
all_eligible_657,terrain_landcover_ae,367,992,0.3699596774193548,270,335,0.8059701492537313
all_eligible_657,terrain_landcover_ae,368,992,0.3709677419354839,271,335,0.808955223880597
all_eligible_657,terrain_landcover_ae,369,992,0.3719758064516129,271,335,0.808955223880597
all_eligible_657,terrain_landcover_ae,370,992,0.37298387096774194,272,335,0.8119402985074626
all_eligible_657,terrain_landcover_ae,371,992,0.37399193548387094,273,335,0.8149253731343283
all_eligible_657,terrain_landcover_ae,372,992,0.375,274,335,0.817910447761194
all_eligible_657,terrain_landcover_ae,373,992,0.37600806451612906,274,335,0.817910447761194
all_eligible_657,terrain_landcover_ae,374,992,0.37701612903225806,274,335,0.817910447761194
all_eligible_657,terrain_landcover_ae,375,992,0.3780241935483871,274,335,0.817910447761194
all_eligible_657,terrain_landcover_ae,376,992,0.3790322580645161,274,335,0.817910447761194
all_eligible_657,terrain_landcover_ae,377,992,0.3800403225806452,274,335,0.817910447761194
all_eligible_657,terrain_landcover_ae,378,992,0.3810483870967742,274,335,0.817910447761194
all_eligible_657,terrain_landcover_ae,379,992,0.38205645161290325,274,335,0.817910447761194
all_eligible_657,terrain_landcover_ae,380,992,0.38306451612903225,274,335,0.817910447761194
all_eligible_657,terrain_landcover_ae,381,992,0.3840725806451613,274,335,0.817910447761194
all_eligible_657,terrain_landcover_ae,382,992,0.3850806451612903,274,335,0.817910447761194
all_eligible_657,terrain_landcover_ae,383,992,0.3860887096774194,275,335,0.8208955223880597
all_eligible_657,terrain_landcover_ae,384,992,0.3870967741935484,276,335,0.8238805970149253
all_eligible_657,terrain_landcover_ae,385,992,0.38810483870967744,277,335,0.826865671641791
all_eligible_657,terrain_landcover_ae,386,992,0.38911290322580644,278,335,0.8298507462686567
all_eligible_657,terrain_landcover_ae,387,992,0.3901209677419355,278,335,0.8298507462686567
all_eligible_657,terrain_landcover_ae,388,992,0.3911290322580645,279,335,0.8328358208955224
all_eligible_657,terrain_landcover_ae,389,992,0.39213709677419356,279,335,0.8328358208955224
all_eligible_657,terrain_landcover_ae,390,992,0.39314516129032256,280,335,0.835820895522388
all_eligible_657,terrain_landcover_ae,391,992,0.3941532258064516,281,335,0.8388059701492537
all_eligible_657,terrain_landcover_ae,392,992,0.3951612903225806,281,335,0.8388059701492537
all_eligible_657,terrain_landcover_ae,393,992,0.3961693548387097,281,335,0.8388059701492537
all_eligible_657,terrain_landcover_ae,394,992,0.3971774193548387,281,335,0.8388059701492537
all_eligible_657,terrain_landcover_ae,395,992,0.39818548387096775,281,335,0.8388059701492537
all_eligible_657,terrain_landcover_ae,396,992,0.39919354838709675,282,335,0.8417910447761194
all_eligible_657,terrain_landcover_ae,397,992,0.4002016129032258,282,335,0.8417910447761194
all_eligible_657,terrain_landcover_ae,398,992,0.4012096774193548,283,335,0.844776119402985
all_eligible_657,terrain_landcover_ae,399,992,0.4022177419354839,284,335,0.8477611940298507
all_eligible_657,terrain_landcover_ae,400,992,0.4032258064516129,285,335,0.8507462686567164
all_eligible_657,terrain_landcover_ae,401,992,0.40423387096774194,285,335,0.8507462686567164
all_eligible_657,terrain_landcover_ae,402,992,0.40524193548387094,285,335,0.8507462686567164
all_eligible_657,terrain_landcover_ae,403,992,0.40625,285,335,0.8507462686567164
all_eligible_657,terrain_landcover_ae,404,992,0.40725806451612906,285,335,0.8507462686567164
all_eligible_657,terrain_landcover_ae,405,992,0.40826612903225806,285,335,0.8507462686567164
all_eligible_657,terrain_landcover_ae,406,992,0.4092741935483871,286,335,0.8537313432835821
all_eligible_657,terrain_landcover_ae,407,992,0.4102822580645161,287,335,0.8567164179104477
all_eligible_657,terrain_landcover_ae,408,992,0.4112903225806452,287,335,0.8567164179104477
all_eligible_657,terrain_landcover_ae,409,992,0.4122983870967742,287,335,0.8567164179104477
all_eligible_657,terrain_landcover_ae,410,992,0.41330645161290325,288,335,0.8597014925373134
all_eligible_657,terrain_landcover_ae,411,992,0.41431451612903225,288,335,0.8597014925373134
all_eligible_657,terrain_landcover_ae,412,992,0.4153225806451613,288,335,0.8597014925373134
all_eligible_657,terrain_landcover_ae,413,992,0.4163306451612903,289,335,0.8626865671641791
all_eligible_657,terrain_landcover_ae,414,992,0.4173387096774194,289,335,0.8626865671641791
all_eligible_657,terrain_landcover_ae,415,992,0.4183467741935484,290,335,0.8656716417910447
all_eligible_657,terrain_landcover_ae,416,992,0.41935483870967744,290,335,0.8656716417910447
all_eligible_657,terrain_landcover_ae,417,992,0.42036290322580644,290,335,0.8656716417910447
all_eligible_657,terrain_landcover_ae,418,992,0.4213709677419355,290,335,0.8656716417910447
all_eligible_657,terrain_landcover_ae,419,992,0.4223790322580645,291,335,0.8686567164179104
all_eligible_657,terrain_landcover_ae,420,992,0.42338709677419356,291,335,0.8686567164179104
all_eligible_657,terrain_landcover_ae,421,992,0.42439516129032256,291,335,0.8686567164179104
all_eligible_657,terrain_landcover_ae,422,992,0.4254032258064516,291,335,0.8686567164179104
all_eligible_657,terrain_landcover_ae,423,992,0.4264112903225806,291,335,0.8686567164179104
all_eligible_657,terrain_landcover_ae,424,992,0.4274193548387097,292,335,0.8716417910447761
all_eligible_657,terrain_landcover_ae,425,992,0.4284274193548387,292,335,0.8716417910447761
all_eligible_657,terrain_landcover_ae,426,992,0.42943548387096775,292,335,0.8716417910447761
all_eligible_657,terrain_landcover_ae,427,992,0.43044354838709675,292,335,0.8716417910447761
all_eligible_657,terrain_landcover_ae,428,992,0.4314516129032258,292,335,0.8716417910447761
all_eligible_657,terrain_landcover_ae,429,992,0.4324596774193548,292,335,0.8716417910447761
all_eligible_657,terrain_landcover_ae,430,992,0.4334677419354839,292,335,0.8716417910447761
all_eligible_657,terrain_landcover_ae,431,992,0.4344758064516129,292,335,0.8716417910447761
all_eligible_657,terrain_landcover_ae,432,992,0.43548387096774194,292,335,0.8716417910447761
all_eligible_657,terrain_landcover_ae,433,992,0.43649193548387094,292,335,0.8716417910447761
all_eligible_657,terrain_landcover_ae,434,992,0.4375,292,335,0.8716417910447761
all_eligible_657,terrain_landcover_ae,435,992,0.43850806451612906,292,335,0.8716417910447761
all_eligible_657,terrain_landcover_ae,436,992,0.43951612903225806,293,335,0.8746268656716418
all_eligible_657,terrain_landcover_ae,437,992,0.4405241935483871,294,335,0.8776119402985074
all_eligible_657,terrain_landcover_ae,438,992,0.4415322580645161,294,335,0.8776119402985074
all_eligible_657,terrain_landcover_ae,439,992,0.4425403225806452,294,335,0.8776119402985074
all_eligible_657,terrain_landcover_ae,440,992,0.4435483870967742,294,335,0.8776119402985074
all_eligible_657,terrain_landcover_ae,441,992,0.44455645161290325,294,335,0.8776119402985074
all_eligible_657,terrain_landcover_ae,442,992,0.44556451612903225,294,335,0.8776119402985074
all_eligible_657,terrain_landcover_ae,443,992,0.4465725806451613,294,335,0.8776119402985074
all_eligible_657,terrain_landcover_ae,444,992,0.4475806451612903,294,335,0.8776119402985074
all_eligible_657,terrain_landcover_ae,445,992,0.4485887096774194,294,335,0.8776119402985074
all_eligible_657,terrain_landcover_ae,446,992,0.4495967741935484,295,335,0.8805970149253731
all_eligible_657,terrain_landcover_ae,447,992,0.45060483870967744,295,335,0.8805970149253731
all_eligible_657,terrain_landcover_ae,448,992,0.45161290322580644,295,335,0.8805970149253731
all_eligible_657,terrain_landcover_ae,449,992,0.4526209677419355,295,335,0.8805970149253731
all_eligible_657,terrain_landcover_ae,450,992,0.4536290322580645,295,335,0.8805970149253731
all_eligible_657,terrain_landcover_ae,451,992,0.45463709677419356,296,335,0.8835820895522388
all_eligible_657,terrain_landcover_ae,452,992,0.45564516129032256,296,335,0.8835820895522388
all_eligible_657,terrain_landcover_ae,453,992,0.4566532258064516,296,335,0.8835820895522388
all_eligible_657,terrain_landcover_ae,454,992,0.4576612903225806,296,335,0.8835820895522388
all_eligible_657,terrain_landcover_ae,455,992,0.4586693548387097,296,335,0.8835820895522388
all_eligible_657,terrain_landcover_ae,456,992,0.4596774193548387,297,335,0.8865671641791045
all_eligible_657,terrain_landcover_ae,457,992,0.46068548387096775,298,335,0.8895522388059701
all_eligible_657,terrain_landcover_ae,458,992,0.46169354838709675,298,335,0.8895522388059701
all_eligible_657,terrain_landcover_ae,459,992,0.4627016129032258,298,335,0.8895522388059701
all_eligible_657,terrain_landcover_ae,460,992,0.4637096774193548,298,335,0.8895522388059701
all_eligible_657,terrain_landcover_ae,461,992,0.4647177419354839,298,335,0.8895522388059701
all_eligible_657,terrain_landcover_ae,462,992,0.4657258064516129,299,335,0.8925373134328358
all_eligible_657,terrain_landcover_ae,463,992,0.46673387096774194,299,335,0.8925373134328358
all_eligible_657,terrain_landcover_ae,464,992,0.46774193548387094,299,335,0.8925373134328358
all_eligible_657,terrain_landcover_ae,465,992,0.46875,299,335,0.8925373134328358
all_eligible_657,terrain_landcover_ae,466,992,0.46975806451612906,300,335,0.8955223880597015
all_eligible_657,terrain_landcover_ae,467,992,0.47076612903225806,300,335,0.8955223880597015
all_eligible_657,terrain_landcover_ae,468,992,0.4717741935483871,301,335,0.8985074626865671
all_eligible_657,terrain_landcover_ae,469,992,0.4727822580645161,301,335,0.8985074626865671
all_eligible_657,terrain_landcover_ae,470,992,0.4737903225806452,301,335,0.8985074626865671
all_eligible_657,terrain_landcover_ae,471,992,0.4747983870967742,301,335,0.8985074626865671
all_eligible_657,terrain_landcover_ae,472,992,0.47580645161290325,301,335,0.8985074626865671
all_eligible_657,terrain_landcover_ae,473,992,0.47681451612903225,301,335,0.8985074626865671
all_eligible_657,terrain_landcover_ae,474,992,0.4778225806451613,301,335,0.8985074626865671
all_eligible_657,terrain_landcover_ae,475,992,0.4788306451612903,301,335,0.8985074626865671
all_eligible_657,terrain_landcover_ae,476,992,0.4798387096774194,301,335,0.8985074626865671
all_eligible_657,terrain_landcover_ae,477,992,0.4808467741935484,302,335,0.9014925373134328
all_eligible_657,terrain_landcover_ae,478,992,0.48185483870967744,302,335,0.9014925373134328
all_eligible_657,terrain_landcover_ae,479,992,0.48286290322580644,302,335,0.9014925373134328
all_eligible_657,terrain_landcover_ae,480,992,0.4838709677419355,302,335,0.9014925373134328
all_eligible_657,terrain_landcover_ae,481,992,0.4848790322580645,303,335,0.9044776119402985
all_eligible_657,terrain_landcover_ae,482,992,0.48588709677419356,304,335,0.9074626865671642
all_eligible_657,terrain_landcover_ae,483,992,0.48689516129032256,305,335,0.9104477611940298
all_eligible_657,terrain_landcover_ae,484,992,0.4879032258064516,305,335,0.9104477611940298
all_eligible_657,terrain_landcover_ae,485,992,0.4889112903225806,305,335,0.9104477611940298
all_eligible_657,terrain_landcover_ae,486,992,0.4899193548387097,306,335,0.9134328358208955
all_eligible_657,terrain_landcover_ae,487,992,0.4909274193548387,306,335,0.9134328358208955
all_eligible_657,terrain_landcover_ae,488,992,0.49193548387096775,307,335,0.9164179104477612
all_eligible_657,terrain_landcover_ae,489,992,0.49294354838709675,307,335,0.9164179104477612
all_eligible_657,terrain_landcover_ae,490,992,0.4939516129032258,307,335,0.9164179104477612
all_eligible_657,terrain_landcover_ae,491,992,0.4949596774193548,307,335,0.9164179104477612
all_eligible_657,terrain_landcover_ae,492,992,0.4959677419354839,307,335,0.9164179104477612
all_eligible_657,terrain_landcover_ae,493,992,0.4969758064516129,307,335,0.9164179104477612
all_eligible_657,terrain_landcover_ae,494,992,0.49798387096774194,307,335,0.9164179104477612
all_eligible_657,terrain_landcover_ae,495,992,0.49899193548387094,307,335,0.9164179104477612
all_eligible_657,terrain_landcover_ae,496,992,0.5,308,335,0.9194029850746268
all_eligible_657,terrain_landcover_ae,497,992,0.501008064516129,309,335,0.9223880597014925
all_eligible_657,terrain_landcover_ae,498,992,0.5020161290322581,309,335,0.9223880597014925
all_eligible_657,terrain_landcover_ae,499,992,0.5030241935483871,309,335,0.9223880597014925
all_eligible_657,terrain_landcover_ae,500,992,0.5040322580645161,309,335,0.9223880597014925
all_eligible_657,terrain_landcover_ae,501,992,0.5050403225806451,309,335,0.9223880597014925
all_eligible_657,terrain_landcover_ae,502,992,0.5060483870967742,309,335,0.9223880597014925
all_eligible_657,terrain_landcover_ae,503,992,0.5070564516129032,309,335,0.9223880597014925
all_eligible_657,terrain_landcover_ae,504,992,0.5080645161290323,309,335,0.9223880597014925
all_eligible_657,terrain_landcover_ae,505,992,0.5090725806451613,309,335,0.9223880597014925
all_eligible_657,terrain_landcover_ae,506,992,0.5100806451612904,310,335,0.9253731343283582
all_eligible_657,terrain_landcover_ae,507,992,0.5110887096774194,310,335,0.9253731343283582
all_eligible_657,terrain_landcover_ae,508,992,0.5120967741935484,311,335,0.9283582089552239
all_eligible_657,terrain_landcover_ae,509,992,0.5131048387096774,312,335,0.9313432835820895
all_eligible_657,terrain_landcover_ae,510,992,0.5141129032258065,312,335,0.9313432835820895
all_eligible_657,terrain_landcover_ae,511,992,0.5151209677419355,312,335,0.9313432835820895
all_eligible_657,terrain_landcover_ae,512,992,0.5161290322580645,312,335,0.9313432835820895
all_eligible_657,terrain_landcover_ae,513,992,0.5171370967741935,312,335,0.9313432835820895
all_eligible_657,terrain_landcover_ae,514,992,0.5181451612903226,312,335,0.9313432835820895
all_eligible_657,terrain_landcover_ae,515,992,0.5191532258064516,313,335,0.9343283582089552
all_eligible_657,terrain_landcover_ae,516,992,0.5201612903225806,313,335,0.9343283582089552
all_eligible_657,terrain_landcover_ae,517,992,0.5211693548387096,313,335,0.9343283582089552
all_eligible_657,terrain_landcover_ae,518,992,0.5221774193548387,314,335,0.9373134328358209
all_eligible_657,terrain_landcover_ae,519,992,0.5231854838709677,314,335,0.9373134328358209
all_eligible_657,terrain_landcover_ae,520,992,0.5241935483870968,314,335,0.9373134328358209
all_eligible_657,terrain_landcover_ae,521,992,0.5252016129032258,314,335,0.9373134328358209
all_eligible_657,terrain_landcover_ae,522,992,0.5262096774193549,314,335,0.9373134328358209
all_eligible_657,terrain_landcover_ae,523,992,0.5272177419354839,314,335,0.9373134328358209
all_eligible_657,terrain_landcover_ae,524,992,0.5282258064516129,314,335,0.9373134328358209
all_eligible_657,terrain_landcover_ae,525,992,0.5292338709677419,314,335,0.9373134328358209
all_eligible_657,terrain_landcover_ae,526,992,0.530241935483871,314,335,0.9373134328358209
all_eligible_657,terrain_landcover_ae,527,992,0.53125,314,335,0.9373134328358209
all_eligible_657,terrain_landcover_ae,528,992,0.532258064516129,314,335,0.9373134328358209
all_eligible_657,terrain_landcover_ae,529,992,0.5332661290322581,314,335,0.9373134328358209
all_eligible_657,terrain_landcover_ae,530,992,0.5342741935483871,314,335,0.9373134328358209
all_eligible_657,terrain_landcover_ae,531,992,0.5352822580645161,314,335,0.9373134328358209
all_eligible_657,terrain_landcover_ae,532,992,0.5362903225806451,314,335,0.9373134328358209
all_eligible_657,terrain_landcover_ae,533,992,0.5372983870967742,314,335,0.9373134328358209
all_eligible_657,terrain_landcover_ae,534,992,0.5383064516129032,315,335,0.9402985074626866
all_eligible_657,terrain_landcover_ae,535,992,0.5393145161290323,315,335,0.9402985074626866
all_eligible_657,terrain_landcover_ae,536,992,0.5403225806451613,316,335,0.9432835820895522
all_eligible_657,terrain_landcover_ae,537,992,0.5413306451612904,316,335,0.9432835820895522
all_eligible_657,terrain_landcover_ae,538,992,0.5423387096774194,316,335,0.9432835820895522
all_eligible_657,terrain_landcover_ae,539,992,0.5433467741935484,317,335,0.9462686567164179
all_eligible_657,terrain_landcover_ae,540,992,0.5443548387096774,317,335,0.9462686567164179
all_eligible_657,terrain_landcover_ae,541,992,0.5453629032258065,318,335,0.9492537313432836
all_eligible_657,terrain_landcover_ae,542,992,0.5463709677419355,318,335,0.9492537313432836
all_eligible_657,terrain_landcover_ae,543,992,0.5473790322580645,319,335,0.9522388059701492
all_eligible_657,terrain_landcover_ae,544,992,0.5483870967741935,319,335,0.9522388059701492
all_eligible_657,terrain_landcover_ae,545,992,0.5493951612903226,319,335,0.9522388059701492
all_eligible_657,terrain_landcover_ae,546,992,0.5504032258064516,320,335,0.9552238805970149
all_eligible_657,terrain_landcover_ae,547,992,0.5514112903225806,320,335,0.9552238805970149
all_eligible_657,terrain_landcover_ae,548,992,0.5524193548387096,320,335,0.9552238805970149
all_eligible_657,terrain_landcover_ae,549,992,0.5534274193548387,320,335,0.9552238805970149
all_eligible_657,terrain_landcover_ae,550,992,0.5544354838709677,320,335,0.9552238805970149
all_eligible_657,terrain_landcover_ae,551,992,0.5554435483870968,321,335,0.9582089552238806
all_eligible_657,terrain_landcover_ae,552,992,0.5564516129032258,321,335,0.9582089552238806
all_eligible_657,terrain_landcover_ae,553,992,0.5574596774193549,321,335,0.9582089552238806
all_eligible_657,terrain_landcover_ae,554,992,0.5584677419354839,321,335,0.9582089552238806
all_eligible_657,terrain_landcover_ae,555,992,0.5594758064516129,321,335,0.9582089552238806
all_eligible_657,terrain_landcover_ae,556,992,0.5604838709677419,321,335,0.9582089552238806
all_eligible_657,terrain_landcover_ae,557,992,0.561491935483871,321,335,0.9582089552238806
all_eligible_657,terrain_landcover_ae,558,992,0.5625,321,335,0.9582089552238806
all_eligible_657,terrain_landcover_ae,559,992,0.563508064516129,321,335,0.9582089552238806
all_eligible_657,terrain_landcover_ae,560,992,0.5645161290322581,321,335,0.9582089552238806
all_eligible_657,terrain_landcover_ae,561,992,0.5655241935483871,321,335,0.9582089552238806
all_eligible_657,terrain_landcover_ae,562,992,0.5665322580645161,321,335,0.9582089552238806
all_eligible_657,terrain_landcover_ae,563,992,0.5675403225806451,321,335,0.9582089552238806
all_eligible_657,terrain_landcover_ae,564,992,0.5685483870967742,321,335,0.9582089552238806
all_eligible_657,terrain_landcover_ae,565,992,0.5695564516129032,321,335,0.9582089552238806
all_eligible_657,terrain_landcover_ae,566,992,0.5705645161290323,322,335,0.9611940298507463
all_eligible_657,terrain_landcover_ae,567,992,0.5715725806451613,322,335,0.9611940298507463
all_eligible_657,terrain_landcover_ae,568,992,0.5725806451612904,322,335,0.9611940298507463
all_eligible_657,terrain_landcover_ae,569,992,0.5735887096774194,322,335,0.9611940298507463
all_eligible_657,terrain_landcover_ae,570,992,0.5745967741935484,322,335,0.9611940298507463
all_eligible_657,terrain_landcover_ae,571,992,0.5756048387096774,322,335,0.9611940298507463
all_eligible_657,terrain_landcover_ae,572,992,0.5766129032258065,322,335,0.9611940298507463
all_eligible_657,terrain_landcover_ae,573,992,0.5776209677419355,322,335,0.9611940298507463
all_eligible_657,terrain_landcover_ae,574,992,0.5786290322580645,322,335,0.9611940298507463
all_eligible_657,terrain_landcover_ae,575,992,0.5796370967741935,322,335,0.9611940298507463
all_eligible_657,terrain_landcover_ae,576,992,0.5806451612903226,322,335,0.9611940298507463
all_eligible_657,terrain_landcover_ae,577,992,0.5816532258064516,322,335,0.9611940298507463
all_eligible_657,terrain_landcover_ae,578,992,0.5826612903225806,322,335,0.9611940298507463
all_eligible_657,terrain_landcover_ae,579,992,0.5836693548387096,322,335,0.9611940298507463
all_eligible_657,terrain_landcover_ae,580,992,0.5846774193548387,322,335,0.9611940298507463
all_eligible_657,terrain_landcover_ae,581,992,0.5856854838709677,322,335,0.9611940298507463
all_eligible_657,terrain_landcover_ae,582,992,0.5866935483870968,322,335,0.9611940298507463
all_eligible_657,terrain_landcover_ae,583,992,0.5877016129032258,322,335,0.9611940298507463
all_eligible_657,terrain_landcover_ae,584,992,0.5887096774193549,322,335,0.9611940298507463
all_eligible_657,terrain_landcover_ae,585,992,0.5897177419354839,323,335,0.9641791044776119
all_eligible_657,terrain_landcover_ae,586,992,0.5907258064516129,323,335,0.9641791044776119
all_eligible_657,terrain_landcover_ae,587,992,0.5917338709677419,323,335,0.9641791044776119
all_eligible_657,terrain_landcover_ae,588,992,0.592741935483871,323,335,0.9641791044776119
all_eligible_657,terrain_landcover_ae,589,992,0.59375,323,335,0.9641791044776119
all_eligible_657,terrain_landcover_ae,590,992,0.594758064516129,323,335,0.9641791044776119
all_eligible_657,terrain_landcover_ae,591,992,0.5957661290322581,323,335,0.9641791044776119
all_eligible_657,terrain_landcover_ae,592,992,0.5967741935483871,323,335,0.9641791044776119
all_eligible_657,terrain_landcover_ae,593,992,0.5977822580645161,323,335,0.9641791044776119
all_eligible_657,terrain_landcover_ae,594,992,0.5987903225806451,323,335,0.9641791044776119
all_eligible_657,terrain_landcover_ae,595,992,0.5997983870967742,324,335,0.9671641791044776
all_eligible_657,terrain_landcover_ae,596,992,0.6008064516129032,324,335,0.9671641791044776
all_eligible_657,terrain_landcover_ae,597,992,0.6018145161290323,324,335,0.9671641791044776
all_eligible_657,terrain_landcover_ae,598,992,0.6028225806451613,324,335,0.9671641791044776
all_eligible_657,terrain_landcover_ae,599,992,0.6038306451612904,325,335,0.9701492537313433
all_eligible_657,terrain_landcover_ae,600,992,0.6048387096774194,326,335,0.9731343283582089
all_eligible_657,terrain_landcover_ae,601,992,0.6058467741935484,326,335,0.9731343283582089
all_eligible_657,terrain_landcover_ae,602,992,0.6068548387096774,326,335,0.9731343283582089
all_eligible_657,terrain_landcover_ae,603,992,0.6078629032258065,326,335,0.9731343283582089
all_eligible_657,terrain_landcover_ae,604,992,0.6088709677419355,326,335,0.9731343283582089
all_eligible_657,terrain_landcover_ae,605,992,0.6098790322580645,326,335,0.9731343283582089
all_eligible_657,terrain_landcover_ae,606,992,0.6108870967741935,326,335,0.9731343283582089
all_eligible_657,terrain_landcover_ae,607,992,0.6118951612903226,326,335,0.9731343283582089
all_eligible_657,terrain_landcover_ae,608,992,0.6129032258064516,326,335,0.9731343283582089
all_eligible_657,terrain_landcover_ae,609,992,0.6139112903225806,326,335,0.9731343283582089
all_eligible_657,terrain_landcover_ae,610,992,0.6149193548387096,326,335,0.9731343283582089
all_eligible_657,terrain_landcover_ae,611,992,0.6159274193548387,326,335,0.9731343283582089
all_eligible_657,terrain_landcover_ae,612,992,0.6169354838709677,326,335,0.9731343283582089
all_eligible_657,terrain_landcover_ae,613,992,0.6179435483870968,326,335,0.9731343283582089
all_eligible_657,terrain_landcover_ae,614,992,0.6189516129032258,326,335,0.9731343283582089
all_eligible_657,terrain_landcover_ae,615,992,0.6199596774193549,326,335,0.9731343283582089
all_eligible_657,terrain_landcover_ae,616,992,0.6209677419354839,326,335,0.9731343283582089
all_eligible_657,terrain_landcover_ae,617,992,0.6219758064516129,326,335,0.9731343283582089
all_eligible_657,terrain_landcover_ae,618,992,0.6229838709677419,326,335,0.9731343283582089
all_eligible_657,terrain_landcover_ae,619,992,0.623991935483871,326,335,0.9731343283582089
all_eligible_657,terrain_landcover_ae,620,992,0.625,326,335,0.9731343283582089
all_eligible_657,terrain_landcover_ae,621,992,0.626008064516129,327,335,0.9761194029850746
all_eligible_657,terrain_landcover_ae,622,992,0.6270161290322581,327,335,0.9761194029850746
all_eligible_657,terrain_landcover_ae,623,992,0.6280241935483871,327,335,0.9761194029850746
all_eligible_657,terrain_landcover_ae,624,992,0.6290322580645161,327,335,0.9761194029850746
all_eligible_657,terrain_landcover_ae,625,992,0.6300403225806451,327,335,0.9761194029850746
all_eligible_657,terrain_landcover_ae,626,992,0.6310483870967742,327,335,0.9761194029850746
all_eligible_657,terrain_landcover_ae,627,992,0.6320564516129032,327,335,0.9761194029850746
all_eligible_657,terrain_landcover_ae,628,992,0.6330645161290323,327,335,0.9761194029850746
all_eligible_657,terrain_landcover_ae,629,992,0.6340725806451613,327,335,0.9761194029850746
all_eligible_657,terrain_landcover_ae,630,992,0.6350806451612904,327,335,0.9761194029850746
all_eligible_657,terrain_landcover_ae,631,992,0.6360887096774194,327,335,0.9761194029850746
all_eligible_657,terrain_landcover_ae,632,992,0.6370967741935484,327,335,0.9761194029850746
all_eligible_657,terrain_landcover_ae,633,992,0.6381048387096774,327,335,0.9761194029850746
all_eligible_657,terrain_landcover_ae,634,992,0.6391129032258065,327,335,0.9761194029850746
all_eligible_657,terrain_landcover_ae,635,992,0.6401209677419355,327,335,0.9761194029850746
all_eligible_657,terrain_landcover_ae,636,992,0.6411290322580645,327,335,0.9761194029850746
all_eligible_657,terrain_landcover_ae,637,992,0.6421370967741935,327,335,0.9761194029850746
all_eligible_657,terrain_landcover_ae,638,992,0.6431451612903226,327,335,0.9761194029850746
all_eligible_657,terrain_landcover_ae,639,992,0.6441532258064516,327,335,0.9761194029850746
all_eligible_657,terrain_landcover_ae,640,992,0.6451612903225806,327,335,0.9761194029850746
all_eligible_657,terrain_landcover_ae,641,992,0.6461693548387096,328,335,0.9791044776119403
all_eligible_657,terrain_landcover_ae,642,992,0.6471774193548387,328,335,0.9791044776119403
all_eligible_657,terrain_landcover_ae,643,992,0.6481854838709677,328,335,0.9791044776119403
all_eligible_657,terrain_landcover_ae,644,992,0.6491935483870968,328,335,0.9791044776119403
all_eligible_657,terrain_landcover_ae,645,992,0.6502016129032258,329,335,0.982089552238806
all_eligible_657,terrain_landcover_ae,646,992,0.6512096774193549,329,335,0.982089552238806
all_eligible_657,terrain_landcover_ae,647,992,0.6522177419354839,329,335,0.982089552238806
all_eligible_657,terrain_landcover_ae,648,992,0.6532258064516129,329,335,0.982089552238806
all_eligible_657,terrain_landcover_ae,649,992,0.6542338709677419,329,335,0.982089552238806
all_eligible_657,terrain_landcover_ae,650,992,0.655241935483871,329,335,0.982089552238806
all_eligible_657,terrain_landcover_ae,651,992,0.65625,329,335,0.982089552238806
all_eligible_657,terrain_landcover_ae,652,992,0.657258064516129,329,335,0.982089552238806
all_eligible_657,terrain_landcover_ae,653,992,0.6582661290322581,329,335,0.982089552238806
all_eligible_657,terrain_landcover_ae,654,992,0.6592741935483871,329,335,0.982089552238806
all_eligible_657,terrain_landcover_ae,655,992,0.6602822580645161,329,335,0.982089552238806
all_eligible_657,terrain_landcover_ae,656,992,0.6612903225806451,329,335,0.982089552238806
all_eligible_657,terrain_landcover_ae,657,992,0.6622983870967742,329,335,0.982089552238806
all_eligible_657,terrain_landcover_ae,658,992,0.6633064516129032,329,335,0.982089552238806
all_eligible_657,terrain_landcover_ae,659,992,0.6643145161290323,329,335,0.982089552238806
all_eligible_657,terrain_landcover_ae,660,992,0.6653225806451613,329,335,0.982089552238806
all_eligible_657,terrain_landcover_ae,661,992,0.6663306451612904,330,335,0.9850746268656716
all_eligible_657,terrain_landcover_ae,662,992,0.6673387096774194,330,335,0.9850746268656716
all_eligible_657,terrain_landcover_ae,663,992,0.6683467741935484,330,335,0.9850746268656716
all_eligible_657,terrain_landcover_ae,664,992,0.6693548387096774,330,335,0.9850746268656716
all_eligible_657,terrain_landcover_ae,665,992,0.6703629032258065,330,335,0.9850746268656716
all_eligible_657,terrain_landcover_ae,666,992,0.6713709677419355,330,335,0.9850746268656716
all_eligible_657,terrain_landcover_ae,667,992,0.6723790322580645,330,335,0.9850746268656716
all_eligible_657,terrain_landcover_ae,668,992,0.6733870967741935,330,335,0.9850746268656716
all_eligible_657,terrain_landcover_ae,669,992,0.6743951612903226,330,335,0.9850746268656716
all_eligible_657,terrain_landcover_ae,670,992,0.6754032258064516,330,335,0.9850746268656716
all_eligible_657,terrain_landcover_ae,671,992,0.6764112903225806,331,335,0.9880597014925373
all_eligible_657,terrain_landcover_ae,672,992,0.6774193548387096,331,335,0.9880597014925373
all_eligible_657,terrain_landcover_ae,673,992,0.6784274193548387,331,335,0.9880597014925373
all_eligible_657,terrain_landcover_ae,674,992,0.6794354838709677,331,335,0.9880597014925373
all_eligible_657,terrain_landcover_ae,675,992,0.6804435483870968,331,335,0.9880597014925373
all_eligible_657,terrain_landcover_ae,676,992,0.6814516129032258,331,335,0.9880597014925373
all_eligible_657,terrain_landcover_ae,677,992,0.6824596774193549,331,335,0.9880597014925373
all_eligible_657,terrain_landcover_ae,678,992,0.6834677419354839,331,335,0.9880597014925373
all_eligible_657,terrain_landcover_ae,679,992,0.6844758064516129,331,335,0.9880597014925373
all_eligible_657,terrain_landcover_ae,680,992,0.6854838709677419,331,335,0.9880597014925373
all_eligible_657,terrain_landcover_ae,681,992,0.686491935483871,331,335,0.9880597014925373
all_eligible_657,terrain_landcover_ae,682,992,0.6875,331,335,0.9880597014925373
all_eligible_657,terrain_landcover_ae,683,992,0.688508064516129,331,335,0.9880597014925373
all_eligible_657,terrain_landcover_ae,684,992,0.6895161290322581,331,335,0.9880597014925373
all_eligible_657,terrain_landcover_ae,685,992,0.6905241935483871,331,335,0.9880597014925373
all_eligible_657,terrain_landcover_ae,686,992,0.6915322580645161,331,335,0.9880597014925373
all_eligible_657,terrain_landcover_ae,687,992,0.6925403225806451,331,335,0.9880597014925373
all_eligible_657,terrain_landcover_ae,688,992,0.6935483870967742,331,335,0.9880597014925373
all_eligible_657,terrain_landcover_ae,689,992,0.6945564516129032,331,335,0.9880597014925373
all_eligible_657,terrain_landcover_ae,690,992,0.6955645161290323,331,335,0.9880597014925373
all_eligible_657,terrain_landcover_ae,691,992,0.6965725806451613,331,335,0.9880597014925373
all_eligible_657,terrain_landcover_ae,692,992,0.6975806451612904,331,335,0.9880597014925373
all_eligible_657,terrain_landcover_ae,693,992,0.6985887096774194,331,335,0.9880597014925373
all_eligible_657,terrain_landcover_ae,694,992,0.6995967741935484,331,335,0.9880597014925373
all_eligible_657,terrain_landcover_ae,695,992,0.7006048387096774,331,335,0.9880597014925373
all_eligible_657,terrain_landcover_ae,696,992,0.7016129032258065,331,335,0.9880597014925373
all_eligible_657,terrain_landcover_ae,697,992,0.7026209677419355,331,335,0.9880597014925373
all_eligible_657,terrain_landcover_ae,698,992,0.7036290322580645,331,335,0.9880597014925373
all_eligible_657,terrain_landcover_ae,699,992,0.7046370967741935,331,335,0.9880597014925373
all_eligible_657,terrain_landcover_ae,700,992,0.7056451612903226,331,335,0.9880597014925373
all_eligible_657,terrain_landcover_ae,701,992,0.7066532258064516,331,335,0.9880597014925373
all_eligible_657,terrain_landcover_ae,702,992,0.7076612903225806,331,335,0.9880597014925373
all_eligible_657,terrain_landcover_ae,703,992,0.7086693548387096,331,335,0.9880597014925373
all_eligible_657,terrain_landcover_ae,704,992,0.7096774193548387,331,335,0.9880597014925373
all_eligible_657,terrain_landcover_ae,705,992,0.7106854838709677,331,335,0.9880597014925373
all_eligible_657,terrain_landcover_ae,706,992,0.7116935483870968,331,335,0.9880597014925373
all_eligible_657,terrain_landcover_ae,707,992,0.7127016129032258,331,335,0.9880597014925373
all_eligible_657,terrain_landcover_ae,708,992,0.7137096774193549,331,335,0.9880597014925373
all_eligible_657,terrain_landcover_ae,709,992,0.7147177419354839,331,335,0.9880597014925373
all_eligible_657,terrain_landcover_ae,710,992,0.7157258064516129,331,335,0.9880597014925373
all_eligible_657,terrain_landcover_ae,711,992,0.7167338709677419,331,335,0.9880597014925373
all_eligible_657,terrain_landcover_ae,712,992,0.717741935483871,331,335,0.9880597014925373
all_eligible_657,terrain_landcover_ae,713,992,0.71875,331,335,0.9880597014925373
all_eligible_657,terrain_landcover_ae,714,992,0.719758064516129,331,335,0.9880597014925373
all_eligible_657,terrain_landcover_ae,715,992,0.7207661290322581,331,335,0.9880597014925373
all_eligible_657,terrain_landcover_ae,716,992,0.7217741935483871,331,335,0.9880597014925373
all_eligible_657,terrain_landcover_ae,717,992,0.7227822580645161,331,335,0.9880597014925373
all_eligible_657,terrain_landcover_ae,718,992,0.7237903225806451,332,335,0.991044776119403
all_eligible_657,terrain_landcover_ae,719,992,0.7247983870967742,332,335,0.991044776119403
all_eligible_657,terrain_landcover_ae,720,992,0.7258064516129032,332,335,0.991044776119403
all_eligible_657,terrain_landcover_ae,721,992,0.7268145161290323,332,335,0.991044776119403
all_eligible_657,terrain_landcover_ae,722,992,0.7278225806451613,332,335,0.991044776119403
all_eligible_657,terrain_landcover_ae,723,992,0.7288306451612904,332,335,0.991044776119403
all_eligible_657,terrain_landcover_ae,724,992,0.7298387096774194,332,335,0.991044776119403
all_eligible_657,terrain_landcover_ae,725,992,0.7308467741935484,332,335,0.991044776119403
all_eligible_657,terrain_landcover_ae,726,992,0.7318548387096774,332,335,0.991044776119403
all_eligible_657,terrain_landcover_ae,727,992,0.7328629032258065,332,335,0.991044776119403
all_eligible_657,terrain_landcover_ae,728,992,0.7338709677419355,333,335,0.9940298507462687
all_eligible_657,terrain_landcover_ae,729,992,0.7348790322580645,333,335,0.9940298507462687
all_eligible_657,terrain_landcover_ae,730,992,0.7358870967741935,333,335,0.9940298507462687
all_eligible_657,terrain_landcover_ae,731,992,0.7368951612903226,333,335,0.9940298507462687
all_eligible_657,terrain_landcover_ae,732,992,0.7379032258064516,333,335,0.9940298507462687
all_eligible_657,terrain_landcover_ae,733,992,0.7389112903225806,333,335,0.9940298507462687
all_eligible_657,terrain_landcover_ae,734,992,0.7399193548387096,333,335,0.9940298507462687
all_eligible_657,terrain_landcover_ae,735,992,0.7409274193548387,333,335,0.9940298507462687
all_eligible_657,terrain_landcover_ae,736,992,0.7419354838709677,333,335,0.9940298507462687
all_eligible_657,terrain_landcover_ae,737,992,0.7429435483870968,333,335,0.9940298507462687
all_eligible_657,terrain_landcover_ae,738,992,0.7439516129032258,333,335,0.9940298507462687
all_eligible_657,terrain_landcover_ae,739,992,0.7449596774193549,333,335,0.9940298507462687
all_eligible_657,terrain_landcover_ae,740,992,0.7459677419354839,333,335,0.9940298507462687
all_eligible_657,terrain_landcover_ae,741,992,0.7469758064516129,333,335,0.9940298507462687
all_eligible_657,terrain_landcover_ae,742,992,0.7479838709677419,333,335,0.9940298507462687
all_eligible_657,terrain_landcover_ae,743,992,0.748991935483871,333,335,0.9940298507462687
all_eligible_657,terrain_landcover_ae,744,992,0.75,333,335,0.9940298507462687
all_eligible_657,terrain_landcover_ae,745,992,0.751008064516129,333,335,0.9940298507462687
all_eligible_657,terrain_landcover_ae,746,992,0.7520161290322581,333,335,0.9940298507462687
all_eligible_657,terrain_landcover_ae,747,992,0.7530241935483871,333,335,0.9940298507462687
all_eligible_657,terrain_landcover_ae,748,992,0.7540322580645161,333,335,0.9940298507462687
all_eligible_657,terrain_landcover_ae,749,992,0.7550403225806451,333,335,0.9940298507462687
all_eligible_657,terrain_landcover_ae,750,992,0.7560483870967742,333,335,0.9940298507462687
all_eligible_657,terrain_landcover_ae,751,992,0.7570564516129032,333,335,0.9940298507462687
all_eligible_657,terrain_landcover_ae,752,992,0.7580645161290323,333,335,0.9940298507462687
all_eligible_657,terrain_landcover_ae,753,992,0.7590725806451613,333,335,0.9940298507462687
all_eligible_657,terrain_landcover_ae,754,992,0.7600806451612904,333,335,0.9940298507462687
all_eligible_657,terrain_landcover_ae,755,992,0.7610887096774194,333,335,0.9940298507462687
all_eligible_657,terrain_landcover_ae,756,992,0.7620967741935484,333,335,0.9940298507462687
all_eligible_657,terrain_landcover_ae,757,992,0.7631048387096774,333,335,0.9940298507462687
all_eligible_657,terrain_landcover_ae,758,992,0.7641129032258065,333,335,0.9940298507462687
all_eligible_657,terrain_landcover_ae,759,992,0.7651209677419355,333,335,0.9940298507462687
all_eligible_657,terrain_landcover_ae,760,992,0.7661290322580645,333,335,0.9940298507462687
all_eligible_657,terrain_landcover_ae,761,992,0.7671370967741935,333,335,0.9940298507462687
all_eligible_657,terrain_landcover_ae,762,992,0.7681451612903226,333,335,0.9940298507462687
all_eligible_657,terrain_landcover_ae,763,992,0.7691532258064516,333,335,0.9940298507462687
all_eligible_657,terrain_landcover_ae,764,992,0.7701612903225806,333,335,0.9940298507462687
all_eligible_657,terrain_landcover_ae,765,992,0.7711693548387096,333,335,0.9940298507462687
all_eligible_657,terrain_landcover_ae,766,992,0.7721774193548387,333,335,0.9940298507462687
all_eligible_657,terrain_landcover_ae,767,992,0.7731854838709677,333,335,0.9940298507462687
all_eligible_657,terrain_landcover_ae,768,992,0.7741935483870968,333,335,0.9940298507462687
all_eligible_657,terrain_landcover_ae,769,992,0.7752016129032258,333,335,0.9940298507462687
all_eligible_657,terrain_landcover_ae,770,992,0.7762096774193549,333,335,0.9940298507462687
all_eligible_657,terrain_landcover_ae,771,992,0.7772177419354839,333,335,0.9940298507462687
all_eligible_657,terrain_landcover_ae,772,992,0.7782258064516129,333,335,0.9940298507462687
all_eligible_657,terrain_landcover_ae,773,992,0.7792338709677419,333,335,0.9940298507462687
all_eligible_657,terrain_landcover_ae,774,992,0.780241935483871,333,335,0.9940298507462687
all_eligible_657,terrain_landcover_ae,775,992,0.78125,333,335,0.9940298507462687
all_eligible_657,terrain_landcover_ae,776,992,0.782258064516129,333,335,0.9940298507462687
all_eligible_657,terrain_landcover_ae,777,992,0.7832661290322581,333,335,0.9940298507462687
all_eligible_657,terrain_landcover_ae,778,992,0.7842741935483871,333,335,0.9940298507462687
all_eligible_657,terrain_landcover_ae,779,992,0.7852822580645161,333,335,0.9940298507462687
all_eligible_657,terrain_landcover_ae,780,992,0.7862903225806451,333,335,0.9940298507462687
all_eligible_657,terrain_landcover_ae,781,992,0.7872983870967742,333,335,0.9940298507462687
all_eligible_657,terrain_landcover_ae,782,992,0.7883064516129032,333,335,0.9940298507462687
all_eligible_657,terrain_landcover_ae,783,992,0.7893145161290323,333,335,0.9940298507462687
all_eligible_657,terrain_landcover_ae,784,992,0.7903225806451613,333,335,0.9940298507462687
all_eligible_657,terrain_landcover_ae,785,992,0.7913306451612904,333,335,0.9940298507462687
all_eligible_657,terrain_landcover_ae,786,992,0.7923387096774194,333,335,0.9940298507462687
all_eligible_657,terrain_landcover_ae,787,992,0.7933467741935484,333,335,0.9940298507462687
all_eligible_657,terrain_landcover_ae,788,992,0.7943548387096774,333,335,0.9940298507462687
all_eligible_657,terrain_landcover_ae,789,992,0.7953629032258065,333,335,0.9940298507462687
all_eligible_657,terrain_landcover_ae,790,992,0.7963709677419355,333,335,0.9940298507462687
all_eligible_657,terrain_landcover_ae,791,992,0.7973790322580645,333,335,0.9940298507462687
all_eligible_657,terrain_landcover_ae,792,992,0.7983870967741935,333,335,0.9940298507462687
all_eligible_657,terrain_landcover_ae,793,992,0.7993951612903226,333,335,0.9940298507462687
all_eligible_657,terrain_landcover_ae,794,992,0.8004032258064516,333,335,0.9940298507462687
all_eligible_657,terrain_landcover_ae,795,992,0.8014112903225806,333,335,0.9940298507462687
all_eligible_657,terrain_landcover_ae,796,992,0.8024193548387096,333,335,0.9940298507462687
all_eligible_657,terrain_landcover_ae,797,992,0.8034274193548387,333,335,0.9940298507462687
all_eligible_657,terrain_landcover_ae,798,992,0.8044354838709677,333,335,0.9940298507462687
all_eligible_657,terrain_landcover_ae,799,992,0.8054435483870968,333,335,0.9940298507462687
all_eligible_657,terrain_landcover_ae,800,992,0.8064516129032258,333,335,0.9940298507462687
all_eligible_657,terrain_landcover_ae,801,992,0.8074596774193549,333,335,0.9940298507462687
all_eligible_657,terrain_landcover_ae,802,992,0.8084677419354839,333,335,0.9940298507462687
all_eligible_657,terrain_landcover_ae,803,992,0.8094758064516129,333,335,0.9940298507462687
all_eligible_657,terrain_landcover_ae,804,992,0.8104838709677419,333,335,0.9940298507462687
all_eligible_657,terrain_landcover_ae,805,992,0.811491935483871,333,335,0.9940298507462687
all_eligible_657,terrain_landcover_ae,806,992,0.8125,333,335,0.9940298507462687
all_eligible_657,terrain_landcover_ae,807,992,0.813508064516129,333,335,0.9940298507462687
all_eligible_657,terrain_landcover_ae,808,992,0.8145161290322581,333,335,0.9940298507462687
all_eligible_657,terrain_landcover_ae,809,992,0.8155241935483871,333,335,0.9940298507462687
all_eligible_657,terrain_landcover_ae,810,992,0.8165322580645161,333,335,0.9940298507462687
all_eligible_657,terrain_landcover_ae,811,992,0.8175403225806451,333,335,0.9940298507462687
all_eligible_657,terrain_landcover_ae,812,992,0.8185483870967742,333,335,0.9940298507462687
all_eligible_657,terrain_landcover_ae,813,992,0.8195564516129032,333,335,0.9940298507462687
all_eligible_657,terrain_landcover_ae,814,992,0.8205645161290323,333,335,0.9940298507462687
all_eligible_657,terrain_landcover_ae,815,992,0.8215725806451613,333,335,0.9940298507462687
all_eligible_657,terrain_landcover_ae,816,992,0.8225806451612904,333,335,0.9940298507462687
all_eligible_657,terrain_landcover_ae,817,992,0.8235887096774194,333,335,0.9940298507462687
all_eligible_657,terrain_landcover_ae,818,992,0.8245967741935484,333,335,0.9940298507462687
all_eligible_657,terrain_landcover_ae,819,992,0.8256048387096774,333,335,0.9940298507462687
all_eligible_657,terrain_landcover_ae,820,992,0.8266129032258065,333,335,0.9940298507462687
all_eligible_657,terrain_landcover_ae,821,992,0.8276209677419355,333,335,0.9940298507462687
all_eligible_657,terrain_landcover_ae,822,992,0.8286290322580645,333,335,0.9940298507462687
all_eligible_657,terrain_landcover_ae,823,992,0.8296370967741935,333,335,0.9940298507462687
all_eligible_657,terrain_landcover_ae,824,992,0.8306451612903226,333,335,0.9940298507462687
all_eligible_657,terrain_landcover_ae,825,992,0.8316532258064516,333,335,0.9940298507462687
all_eligible_657,terrain_landcover_ae,826,992,0.8326612903225806,333,335,0.9940298507462687
all_eligible_657,terrain_landcover_ae,827,992,0.8336693548387096,333,335,0.9940298507462687
all_eligible_657,terrain_landcover_ae,828,992,0.8346774193548387,333,335,0.9940298507462687
all_eligible_657,terrain_landcover_ae,829,992,0.8356854838709677,333,335,0.9940298507462687
all_eligible_657,terrain_landcover_ae,830,992,0.8366935483870968,333,335,0.9940298507462687
all_eligible_657,terrain_landcover_ae,831,992,0.8377016129032258,333,335,0.9940298507462687
all_eligible_657,terrain_landcover_ae,832,992,0.8387096774193549,333,335,0.9940298507462687
all_eligible_657,terrain_landcover_ae,833,992,0.8397177419354839,333,335,0.9940298507462687
all_eligible_657,terrain_landcover_ae,834,992,0.8407258064516129,333,335,0.9940298507462687
all_eligible_657,terrain_landcover_ae,835,992,0.8417338709677419,333,335,0.9940298507462687
all_eligible_657,terrain_landcover_ae,836,992,0.842741935483871,333,335,0.9940298507462687
all_eligible_657,terrain_landcover_ae,837,992,0.84375,333,335,0.9940298507462687
all_eligible_657,terrain_landcover_ae,838,992,0.844758064516129,333,335,0.9940298507462687
all_eligible_657,terrain_landcover_ae,839,992,0.8457661290322581,333,335,0.9940298507462687
all_eligible_657,terrain_landcover_ae,840,992,0.8467741935483871,333,335,0.9940298507462687
all_eligible_657,terrain_landcover_ae,841,992,0.8477822580645161,333,335,0.9940298507462687
all_eligible_657,terrain_landcover_ae,842,992,0.8487903225806451,333,335,0.9940298507462687
all_eligible_657,terrain_landcover_ae,843,992,0.8497983870967742,333,335,0.9940298507462687
all_eligible_657,terrain_landcover_ae,844,992,0.8508064516129032,333,335,0.9940298507462687
all_eligible_657,terrain_landcover_ae,845,992,0.8518145161290323,333,335,0.9940298507462687
all_eligible_657,terrain_landcover_ae,846,992,0.8528225806451613,333,335,0.9940298507462687
all_eligible_657,terrain_landcover_ae,847,992,0.8538306451612904,333,335,0.9940298507462687
all_eligible_657,terrain_landcover_ae,848,992,0.8548387096774194,333,335,0.9940298507462687
all_eligible_657,terrain_landcover_ae,849,992,0.8558467741935484,333,335,0.9940298507462687
all_eligible_657,terrain_landcover_ae,850,992,0.8568548387096774,333,335,0.9940298507462687
all_eligible_657,terrain_landcover_ae,851,992,0.8578629032258065,333,335,0.9940298507462687
all_eligible_657,terrain_landcover_ae,852,992,0.8588709677419355,333,335,0.9940298507462687
all_eligible_657,terrain_landcover_ae,853,992,0.8598790322580645,333,335,0.9940298507462687
all_eligible_657,terrain_landcover_ae,854,992,0.8608870967741935,333,335,0.9940298507462687
all_eligible_657,terrain_landcover_ae,855,992,0.8618951612903226,333,335,0.9940298507462687
all_eligible_657,terrain_landcover_ae,856,992,0.8629032258064516,333,335,0.9940298507462687
all_eligible_657,terrain_landcover_ae,857,992,0.8639112903225806,333,335,0.9940298507462687
all_eligible_657,terrain_landcover_ae,858,992,0.8649193548387096,333,335,0.9940298507462687
all_eligible_657,terrain_landcover_ae,859,992,0.8659274193548387,333,335,0.9940298507462687
all_eligible_657,terrain_landcover_ae,860,992,0.8669354838709677,333,335,0.9940298507462687
all_eligible_657,terrain_landcover_ae,861,992,0.8679435483870968,333,335,0.9940298507462687
all_eligible_657,terrain_landcover_ae,862,992,0.8689516129032258,333,335,0.9940298507462687
all_eligible_657,terrain_landcover_ae,863,992,0.8699596774193549,333,335,0.9940298507462687
all_eligible_657,terrain_landcover_ae,864,992,0.8709677419354839,333,335,0.9940298507462687
all_eligible_657,terrain_landcover_ae,865,992,0.8719758064516129,333,335,0.9940298507462687
all_eligible_657,terrain_landcover_ae,866,992,0.8729838709677419,333,335,0.9940298507462687
all_eligible_657,terrain_landcover_ae,867,992,0.873991935483871,333,335,0.9940298507462687
all_eligible_657,terrain_landcover_ae,868,992,0.875,333,335,0.9940298507462687
all_eligible_657,terrain_landcover_ae,869,992,0.876008064516129,333,335,0.9940298507462687
all_eligible_657,terrain_landcover_ae,870,992,0.8770161290322581,333,335,0.9940298507462687
all_eligible_657,terrain_landcover_ae,871,992,0.8780241935483871,333,335,0.9940298507462687
all_eligible_657,terrain_landcover_ae,872,992,0.8790322580645161,333,335,0.9940298507462687
all_eligible_657,terrain_landcover_ae,873,992,0.8800403225806451,333,335,0.9940298507462687
all_eligible_657,terrain_landcover_ae,874,992,0.8810483870967742,333,335,0.9940298507462687
all_eligible_657,terrain_landcover_ae,875,992,0.8820564516129032,333,335,0.9940298507462687
all_eligible_657,terrain_landcover_ae,876,992,0.8830645161290323,333,335,0.9940298507462687
all_eligible_657,terrain_landcover_ae,877,992,0.8840725806451613,333,335,0.9940298507462687
all_eligible_657,terrain_landcover_ae,878,992,0.8850806451612904,333,335,0.9940298507462687
all_eligible_657,terrain_landcover_ae,879,992,0.8860887096774194,333,335,0.9940298507462687
all_eligible_657,terrain_landcover_ae,880,992,0.8870967741935484,333,335,0.9940298507462687
all_eligible_657,terrain_landcover_ae,881,992,0.8881048387096774,333,335,0.9940298507462687
all_eligible_657,terrain_landcover_ae,882,992,0.8891129032258065,333,335,0.9940298507462687
all_eligible_657,terrain_landcover_ae,883,992,0.8901209677419355,333,335,0.9940298507462687
all_eligible_657,terrain_landcover_ae,884,992,0.8911290322580645,333,335,0.9940298507462687
all_eligible_657,terrain_landcover_ae,885,992,0.8921370967741935,333,335,0.9940298507462687
all_eligible_657,terrain_landcover_ae,886,992,0.8931451612903226,333,335,0.9940298507462687
all_eligible_657,terrain_landcover_ae,887,992,0.8941532258064516,333,335,0.9940298507462687
all_eligible_657,terrain_landcover_ae,888,992,0.8951612903225806,333,335,0.9940298507462687
all_eligible_657,terrain_landcover_ae,889,992,0.8961693548387096,333,335,0.9940298507462687
all_eligible_657,terrain_landcover_ae,890,992,0.8971774193548387,333,335,0.9940298507462687
all_eligible_657,terrain_landcover_ae,891,992,0.8981854838709677,333,335,0.9940298507462687
all_eligible_657,terrain_landcover_ae,892,992,0.8991935483870968,333,335,0.9940298507462687
all_eligible_657,terrain_landcover_ae,893,992,0.9002016129032258,333,335,0.9940298507462687
all_eligible_657,terrain_landcover_ae,894,992,0.9012096774193549,333,335,0.9940298507462687
all_eligible_657,terrain_landcover_ae,895,992,0.9022177419354839,333,335,0.9940298507462687
all_eligible_657,terrain_landcover_ae,896,992,0.9032258064516129,333,335,0.9940298507462687
all_eligible_657,terrain_landcover_ae,897,992,0.9042338709677419,333,335,0.9940298507462687
all_eligible_657,terrain_landcover_ae,898,992,0.905241935483871,333,335,0.9940298507462687
all_eligible_657,terrain_landcover_ae,899,992,0.90625,333,335,0.9940298507462687
all_eligible_657,terrain_landcover_ae,900,992,0.907258064516129,333,335,0.9940298507462687
all_eligible_657,terrain_landcover_ae,901,992,0.9082661290322581,333,335,0.9940298507462687
all_eligible_657,terrain_landcover_ae,902,992,0.9092741935483871,333,335,0.9940298507462687
all_eligible_657,terrain_landcover_ae,903,992,0.9102822580645161,333,335,0.9940298507462687
all_eligible_657,terrain_landcover_ae,904,992,0.9112903225806451,333,335,0.9940298507462687
all_eligible_657,terrain_landcover_ae,905,992,0.9122983870967742,334,335,0.9970149253731343
all_eligible_657,terrain_landcover_ae,906,992,0.9133064516129032,334,335,0.9970149253731343
all_eligible_657,terrain_landcover_ae,907,992,0.9143145161290323,334,335,0.9970149253731343
all_eligible_657,terrain_landcover_ae,908,992,0.9153225806451613,334,335,0.9970149253731343
all_eligible_657,terrain_landcover_ae,909,992,0.9163306451612904,334,335,0.9970149253731343
all_eligible_657,terrain_landcover_ae,910,992,0.9173387096774194,334,335,0.9970149253731343
all_eligible_657,terrain_landcover_ae,911,992,0.9183467741935484,334,335,0.9970149253731343
all_eligible_657,terrain_landcover_ae,912,992,0.9193548387096774,334,335,0.9970149253731343
all_eligible_657,terrain_landcover_ae,913,992,0.9203629032258065,334,335,0.9970149253731343
all_eligible_657,terrain_landcover_ae,914,992,0.9213709677419355,334,335,0.9970149253731343
all_eligible_657,terrain_landcover_ae,915,992,0.9223790322580645,334,335,0.9970149253731343
all_eligible_657,terrain_landcover_ae,916,992,0.9233870967741935,334,335,0.9970149253731343
all_eligible_657,terrain_landcover_ae,917,992,0.9243951612903226,334,335,0.9970149253731343
all_eligible_657,terrain_landcover_ae,918,992,0.9254032258064516,334,335,0.9970149253731343
all_eligible_657,terrain_landcover_ae,919,992,0.9264112903225806,334,335,0.9970149253731343
all_eligible_657,terrain_landcover_ae,920,992,0.9274193548387096,334,335,0.9970149253731343
all_eligible_657,terrain_landcover_ae,921,992,0.9284274193548387,334,335,0.9970149253731343
all_eligible_657,terrain_landcover_ae,922,992,0.9294354838709677,334,335,0.9970149253731343
all_eligible_657,terrain_landcover_ae,923,992,0.9304435483870968,334,335,0.9970149253731343
all_eligible_657,terrain_landcover_ae,924,992,0.9314516129032258,334,335,0.9970149253731343
all_eligible_657,terrain_landcover_ae,925,992,0.9324596774193549,334,335,0.9970149253731343
all_eligible_657,terrain_landcover_ae,926,992,0.9334677419354839,334,335,0.9970149253731343
all_eligible_657,terrain_landcover_ae,927,992,0.9344758064516129,334,335,0.9970149253731343
all_eligible_657,terrain_landcover_ae,928,992,0.9354838709677419,334,335,0.9970149253731343
all_eligible_657,terrain_landcover_ae,929,992,0.936491935483871,334,335,0.9970149253731343
all_eligible_657,terrain_landcover_ae,930,992,0.9375,334,335,0.9970149253731343
all_eligible_657,terrain_landcover_ae,931,992,0.938508064516129,334,335,0.9970149253731343
all_eligible_657,terrain_landcover_ae,932,992,0.9395161290322581,334,335,0.9970149253731343
all_eligible_657,terrain_landcover_ae,933,992,0.9405241935483871,334,335,0.9970149253731343
all_eligible_657,terrain_landcover_ae,934,992,0.9415322580645161,334,335,0.9970149253731343
all_eligible_657,terrain_landcover_ae,935,992,0.9425403225806451,334,335,0.9970149253731343
all_eligible_657,terrain_landcover_ae,936,992,0.9435483870967742,334,335,0.9970149253731343
all_eligible_657,terrain_landcover_ae,937,992,0.9445564516129032,334,335,0.9970149253731343
all_eligible_657,terrain_landcover_ae,938,992,0.9455645161290323,334,335,0.9970149253731343
all_eligible_657,terrain_landcover_ae,939,992,0.9465725806451613,334,335,0.9970149253731343
all_eligible_657,terrain_landcover_ae,940,992,0.9475806451612904,334,335,0.9970149253731343
all_eligible_657,terrain_landcover_ae,941,992,0.9485887096774194,334,335,0.9970149253731343
all_eligible_657,terrain_landcover_ae,942,992,0.9495967741935484,334,335,0.9970149253731343
all_eligible_657,terrain_landcover_ae,943,992,0.9506048387096774,334,335,0.9970149253731343
all_eligible_657,terrain_landcover_ae,944,992,0.9516129032258065,334,335,0.9970149253731343
all_eligible_657,terrain_landcover_ae,945,992,0.9526209677419355,334,335,0.9970149253731343
all_eligible_657,terrain_landcover_ae,946,992,0.9536290322580645,334,335,0.9970149253731343
all_eligible_657,terrain_landcover_ae,947,992,0.9546370967741935,334,335,0.9970149253731343
all_eligible_657,terrain_landcover_ae,948,992,0.9556451612903226,334,335,0.9970149253731343
all_eligible_657,terrain_landcover_ae,949,992,0.9566532258064516,334,335,0.9970149253731343
all_eligible_657,terrain_landcover_ae,950,992,0.9576612903225806,334,335,0.9970149253731343
all_eligible_657,terrain_landcover_ae,951,992,0.9586693548387096,334,335,0.9970149253731343
all_eligible_657,terrain_landcover_ae,952,992,0.9596774193548387,334,335,0.9970149253731343
all_eligible_657,terrain_landcover_ae,953,992,0.9606854838709677,334,335,0.9970149253731343
all_eligible_657,terrain_landcover_ae,954,992,0.9616935483870968,334,335,0.9970149253731343
all_eligible_657,terrain_landcover_ae,955,992,0.9627016129032258,334,335,0.9970149253731343
all_eligible_657,terrain_landcover_ae,956,992,0.9637096774193549,334,335,0.9970149253731343
all_eligible_657,terrain_landcover_ae,957,992,0.9647177419354839,334,335,0.9970149253731343
all_eligible_657,terrain_landcover_ae,958,992,0.9657258064516129,334,335,0.9970149253731343
all_eligible_657,terrain_landcover_ae,959,992,0.9667338709677419,334,335,0.9970149253731343
all_eligible_657,terrain_landcover_ae,960,992,0.967741935483871,334,335,0.9970149253731343
all_eligible_657,terrain_landcover_ae,961,992,0.96875,334,335,0.9970149253731343
all_eligible_657,terrain_landcover_ae,962,992,0.969758064516129,334,335,0.9970149253731343
all_eligible_657,terrain_landcover_ae,963,992,0.9707661290322581,334,335,0.9970149253731343
all_eligible_657,terrain_landcover_ae,964,992,0.9717741935483871,334,335,0.9970149253731343
all_eligible_657,terrain_landcover_ae,965,992,0.9727822580645161,334,335,0.9970149253731343
all_eligible_657,terrain_landcover_ae,966,992,0.9737903225806451,334,335,0.9970149253731343
all_eligible_657,terrain_landcover_ae,967,992,0.9747983870967742,334,335,0.9970149253731343
all_eligible_657,terrain_landcover_ae,968,992,0.9758064516129032,334,335,0.9970149253731343
all_eligible_657,terrain_landcover_ae,969,992,0.9768145161290323,334,335,0.9970149253731343
all_eligible_657,terrain_landcover_ae,970,992,0.9778225806451613,334,335,0.9970149253731343
all_eligible_657,terrain_landcover_ae,971,992,0.9788306451612904,334,335,0.9970149253731343
all_eligible_657,terrain_landcover_ae,972,992,0.9798387096774194,334,335,0.9970149253731343
all_eligible_657,terrain_landcover_ae,973,992,0.9808467741935484,334,335,0.9970149253731343
all_eligible_657,terrain_landcover_ae,974,992,0.9818548387096774,334,335,0.9970149253731343
all_eligible_657,terrain_landcover_ae,975,992,0.9828629032258065,334,335,0.9970149253731343
all_eligible_657,terrain_landcover_ae,976,992,0.9838709677419355,334,335,0.9970149253731343
all_eligible_657,terrain_landcover_ae,977,992,0.9848790322580645,334,335,0.9970149253731343
all_eligible_657,terrain_landcover_ae,978,992,0.9858870967741935,334,335,0.9970149253731343
all_eligible_657,terrain_landcover_ae,979,992,0.9868951612903226,334,335,0.9970149253731343
all_eligible_657,terrain_landcover_ae,980,992,0.9879032258064516,334,335,0.9970149253731343
all_eligible_657,terrain_landcover_ae,981,992,0.9889112903225806,334,335,0.9970149253731343
all_eligible_657,terrain_landcover_ae,982,992,0.9899193548387096,334,335,0.9970149253731343
all_eligible_657,terrain_landcover_ae,983,992,0.9909274193548387,334,335,0.9970149253731343
all_eligible_657,terrain_landcover_ae,984,992,0.9919354838709677,334,335,0.9970149253731343
all_eligible_657,terrain_landcover_ae,985,992,0.9929435483870968,334,335,0.9970149253731343
all_eligible_657,terrain_landcover_ae,986,992,0.9939516129032258,335,335,1.0
all_eligible_657,terrain_landcover_ae,987,992,0.9949596774193549,335,335,1.0
all_eligible_657,terrain_landcover_ae,988,992,0.9959677419354839,335,335,1.0
all_eligible_657,terrain_landcover_ae,989,992,0.9969758064516129,335,335,1.0
all_eligible_657,terrain_landcover_ae,990,992,0.9979838709677419,335,335,1.0
all_eligible_657,terrain_landcover_ae,991,992,0.998991935483871,335,335,1.0
all_eligible_657,terrain_landcover_ae,992,992,1.0,335,335,1.0
