sample_id,label,event_year,site_id,fold_id,variant,terrain_landcover,terrain_landcover_ae
seoul_flood_2017_00000,1,2017,c67d0a76533a86d6e0122a7c533e36060a44ef2a7bc6f82fea66e43653ea239d,site_fold_3,all_eligible_657,0.678923124303168,0.8610498075886361
seoul_flood_2017_00010,1,2017,525ac3fe6bc355be717c564c7a0943e5b0ee311a83c1ba07813b27c375cb06fa,site_fold_4,all_eligible_657,0.13386654511516577,0.9570895633356666
seoul_flood_2017_00001,1,2017,f545ec5c53a8352d945a65d157b57a604a4007bbee9f9c19c24dff9164307436,site_fold_4,all_eligible_657,0.3201718590417959,0.5370214860228312
seoul_flood_2017_00011,1,2017,a50f2bf3fc30ea76e20427361b426a6ded4e88d9863e7f964425d00ef5b2310d,site_fold_1,all_eligible_657,0.4564992974329054,0.5078937682588041
seoul_flood_2017_00002,1,2017,0e4eacdbfcc6bedfe67478f3daf6e16a67e46e688a63ba43aa9a300ece3140d9,site_fold_2,all_eligible_657,0.9818301956127529,0.9080810324249532
seoul_flood_2017_00012,1,2017,9a3d7636f108b6f95ab83df3a66933e0503e10a5087d855f579395415887caa4,site_fold_0,all_eligible_657,0.44955402961303415,0.951198380838994
seoul_flood_2017_00003,1,2017,c3a62ff0321f77edb5805e2e223f028151df838106f344ff7ad2df1e9ccab0d4,site_fold_3,all_eligible_657,0.8394926521819281,0.5359889420155605
seoul_flood_2017_00004,1,2017,f22bb39bd4796b34ca39d2e5cb8a53193f4dcb0ed6e763583a65558a232a723a,site_fold_4,all_eligible_657,0.9754205955382623,0.9959066392891982
seoul_flood_2017_00005,1,2017,00f7abed28ee6da04c8963479f5ed7040342a1c8ec40f36e74fae0258aa8ed82,site_fold_3,all_eligible_657,0.9363552349944494,0.9185376937029229
seoul_flood_2017_00006,1,2017,20ce218e01cf2f77d159f237f605e9549c4305fae34adb0c253cdc67b7f86470,site_fold_2,all_eligible_657,0.5646709190764547,0.8855198913399361
seoul_flood_2017_00007,1,2017,b219ab5ae8913d32375632f6109b09c84f177543da505670ae46e9c08117413d,site_fold_0,all_eligible_657,0.351187767803739,0.9936429142443343
seoul_flood_2017_00008,1,2017,138f9834a140c30fe1cb1013f09b6df844aff508584439948cb9fc3ecb933306,site_fold_0,all_eligible_657,0.13939084544312463,0.2928535715445715
seoul_flood_2017_00009,1,2017,2a253fe034b3cfb7f6f21e8bf095bddac53d7e9cb7ac1fbdf3823ec075bfe16c,site_fold_0,all_eligible_657,0.2388109440668492,0.009306029347838984
seoul_flood_2018_00324,1,2018,a1b1fca44bc1ff34acebce1d2dec2893d4eccf3bfe1ad7734248e10fe47f54c7,site_fold_1,all_eligible_657,0.694557274300761,0.956509413764852
seoul_flood_2018_00005,1,2018,e88f89ee8b1977d499627aace65949860075e37faa7075fb202f3b9c70914306,site_fold_2,all_eligible_657,0.7885076619322648,0.8452486487012618
seoul_flood_2018_00723,1,2018,f792ca6fa3b7966d7fa888f7aba498b9357ec720fd74b0d523038cf5741af0bd,site_fold_2,all_eligible_657,0.9389306790787889,0.9077780731093141
seoul_flood_2018_00741,1,2018,0c53dcd495b829b20efb3cd45350dae6ad9e1f288bc99042e9b015befbc96aea,site_fold_2,all_eligible_657,0.6713683989101191,0.9017653273930947
seoul_flood_2018_00325,1,2018,a83737b63d9a503d7d831fb52ed8b58f380bae7bb9a6ea2c93390c680f809ee1,site_fold_3,all_eligible_657,0.8772134215729027,0.9832335381498041
seoul_flood_2018_00006,1,2018,ac7d7cf118db0102628ab6d0633c011aa5b6a76e06adea19ae1b020a71924fb9,site_fold_2,all_eligible_657,0.7114018752887115,0.9637657442196954
seoul_flood_2018_00724,1,2018,cd69195557cdbdaf5ce455c634a40f8ef2384631b031d6bf23b3bfbf753d27c3,site_fold_0,all_eligible_657,0.8788387452387049,0.9822007993261074
seoul_flood_2018_00742,1,2018,281ee18e6f6caaecbe9a202ceb6e7b72f1f1c841efc7b7cee1fc3c5652f3683d,site_fold_2,all_eligible_657,0.7332422847993224,0.9352608811458094
seoul_flood_2018_00326,1,2018,0b759919b089a0a22e2f525d49ab414e3f532557f3abde425e5117e4866d8812,site_fold_2,all_eligible_657,0.6960180729812295,0.9601026559463585
seoul_flood_2018_00011,1,2018,1d041d03fe3492d616ef2e8ff830888228eb12026dc49e31cce9a305e5ed7e06,site_fold_3,all_eligible_657,0.6169673612126679,0.7950768194453932
seoul_flood_2018_00725,1,2018,016fdce57ee065cde1e7a7d9c7335988a9c8740d99386001979a8db655fe94fd,site_fold_4,all_eligible_657,0.9825667360102786,0.9892541864309744
seoul_flood_2018_00743,1,2018,7620be273e51d04036dd429b1780df3112895de3b62b1d436d4774dbb49c4d76,site_fold_4,all_eligible_657,0.6950743123008414,0.9497883717475915
seoul_flood_2018_00327,1,2018,053d6f8c081d5d4514368aeca0fcac700fbe7e896de8295fc6772f272a3546f3,site_fold_2,all_eligible_657,0.7756147841423642,0.9052315154430176
seoul_flood_2018_00012,1,2018,9df6541a039a93123871f9d79f5b8006457ed47b9ce2268ed5d86a5099fcbcc7,site_fold_2,all_eligible_657,0.833076160238961,0.9196736106403509
seoul_flood_2018_00726,1,2018,b7cfe4f3036b3920a9c0cea41a0880e97030fd6eba18c0725e204f88cfc566dc,site_fold_0,all_eligible_657,0.8289641108056259,0.6670916527348025
seoul_flood_2018_00744,1,2018,3a238d50e2af219ba4ec25c647463d9ea7d1f63a9a1d239c41f91c75c557643a,site_fold_4,all_eligible_657,0.5133620016442381,0.9444140692697934
seoul_flood_2018_00328,1,2018,c350b7a0650780eee86eed1205b21bc8e309f3758943c1e32321cec0af94c026,site_fold_1,all_eligible_657,0.7846495482784483,0.9922267592713024
seoul_flood_2018_00020,1,2018,388a682307c61eec5c4cc5e96e9adecbf7434ab3669180ed93edde5abf56ec24,site_fold_3,all_eligible_657,0.5385703578872438,0.9647654770131051
seoul_flood_2018_00727,1,2018,c750d53cddbd6712ab9b87d84b0fa4436f78f820dbb071fee232eebeb0c9dc63,site_fold_4,all_eligible_657,0.31452237211241085,0.3933691652863221
seoul_flood_2018_00745,1,2018,3522d53dc7424cb162deeb350bf2fbeaae2820630dafe096b0b77802e2cb3cc5,site_fold_3,all_eligible_657,0.6001830588810364,0.9151996818137809
seoul_flood_2018_00329,1,2018,918ba9f59e992e22e19d2a2a57747a530407ff0a2caaae7081813c50b7096c64,site_fold_2,all_eligible_657,0.806536317709378,0.9789630819508035
seoul_flood_2018_00021,1,2018,3b97d95dd112fb934e3360de60c479a157c794139261e92b084fedd6f79a6971,site_fold_3,all_eligible_657,0.43940283307740224,0.7843822529749925
seoul_flood_2018_00728,1,2018,1567ff21af4f0e60ece05b1b1f97f6688f3122fa285400a649e9f6911f4eb7d8,site_fold_3,all_eligible_657,0.8380640772461688,0.9294165306961064
seoul_flood_2018_00746,1,2018,f2cba0d9a3d3f61556a8daef88c437a1b6ffdb591f7f34d3bd05083858f871d0,site_fold_2,all_eligible_657,0.5580993358221198,0.8224193716269446
seoul_flood_2018_00330,1,2018,ccc187526c6e506022a98020a10e694ebed7f9288bcab382e7573d1639ce746f,site_fold_3,all_eligible_657,0.757678767820897,0.9753914371624508
seoul_flood_2018_00022,1,2018,37ac8c59899fdee8a996aecc0b960138157b4d540236c004fac05624e9a802dd,site_fold_4,all_eligible_657,0.7494800194960614,0.99587922716232
seoul_flood_2018_00729,1,2018,c52b915e27b4091750b43512b670caee102702467a59260cb6dc9389b90583f9,site_fold_0,all_eligible_657,0.7439335536015844,0.6379183064593208
seoul_flood_2018_00747,1,2018,c7edb11248be6812169ef801e912dbf2da345059d9f63db27f0a5fa68b0be9c7,site_fold_0,all_eligible_657,0.7941057832422606,0.9941537882179657
seoul_flood_2018_00331,1,2018,1d35c36c5c8376735746df76324bd49ab4a065010f8d30d93d79cb28dc3150e4,site_fold_4,all_eligible_657,0.8445132828464368,0.9823067910695149
seoul_flood_2018_00025,1,2018,53a24fef9ef8807e2cc28e2f06874c151ec3c800b1fc78566a38dfc78c97939f,site_fold_4,all_eligible_657,0.568551743112178,0.9131729578639436
seoul_flood_2018_00730,1,2018,2188fc31bf1b87a414d865159779d5c75063bd89ee3bba3de439f0c8935be81b,site_fold_1,all_eligible_657,0.8836957225218129,0.9789328941099867
seoul_flood_2018_00748,1,2018,efa5830a13132042247e314874bb44bc8008ea34483223557638b3c466ae6d7b,site_fold_3,all_eligible_657,0.7436438385577293,0.9833498761651396
seoul_flood_2018_00332,1,2018,381acfff536f180dba5bf633c798bf56cbb21042110d410ba141294bbb24c97e,site_fold_1,all_eligible_657,0.8049200051228114,0.9806306478345344
seoul_flood_2018_00040,1,2018,659d244386f4866b404465faceec6356e38de3adfd161893e5fd8ef2a036df9f,site_fold_4,all_eligible_657,0.9654377948467006,0.9908652765553765
seoul_flood_2018_00749,1,2018,6d7587c462684477b7bfd3915ed0660269aefa70ae2fb0556af7aa5c82ac789c,site_fold_4,all_eligible_657,0.6760131671066493,0.8982624761646717
seoul_flood_2018_00333,1,2018,605ee8a54d1aaa4b9701f183e63067ac88aacf7d6bda1ef075ab1637bfd92de5,site_fold_0,all_eligible_657,0.7907315527881774,0.9648483109492255
seoul_flood_2018_00043,1,2018,cda8b7236e56129d5f1016fb65a3cb4103a46fdbfd7644c4b4c8f1aa856ea226,site_fold_1,all_eligible_657,0.84382927954011,0.9864328130702339
seoul_flood_2018_00750,1,2018,3813ecb1452f6add0e764ae12869927bdd31ead5da2599a59a4786f1c1d338fb,site_fold_4,all_eligible_657,0.6476452839139839,0.7838708689833357
seoul_flood_2018_00334,1,2018,c8a1f2ad0894e015f83443c9267b0394232ddbc3070594550ee0c906ef8fb4d8,site_fold_3,all_eligible_657,0.7631015421804043,0.9185424388599156
seoul_flood_2018_00044,1,2018,b85e697ac2a50ccb96d372f5cc922136a327bc212ce3ef91b6d535dd5a1433cc,site_fold_0,all_eligible_657,0.6053317878596549,0.9958801980747364
seoul_flood_2018_00751,1,2018,1d014c0252c9d1e801cd15c8ef78f472bea4869776885c791bbf25c842eca006,site_fold_1,all_eligible_657,0.6283042317434886,0.8328259810211376
seoul_flood_2018_00335,1,2018,b2f2b60c254e7490190f41b9c16af5d8de91579749b3fd585287c90ddc3a9f8c,site_fold_1,all_eligible_657,0.8798540646513465,0.9301928838093699
seoul_flood_2018_00050,1,2018,79f8b2c51da51d091269b8226eaa9c01c48c24aea78c15bf3cdc5ce731a6e3af,site_fold_3,all_eligible_657,0.7230033304704349,0.9841061281182878
seoul_flood_2018_00752,1,2018,4299d7148be312faca910ed1a45c3f59ab862b0ae0e28fb46a59d325163411e8,site_fold_3,all_eligible_657,0.6788012436704134,0.9121712822947147
seoul_flood_2018_00336,1,2018,58dcf847e10eb5935155f8eaf1b4d1599acff4602e20f9ba360e9e0b5f450524,site_fold_0,all_eligible_657,0.8696670683820676,0.8572969961795642
seoul_flood_2018_00053,1,2018,624e10d71a7f47b984636b6edb8bdaeb5b127bfda9d61227a0b41f3151c86416,site_fold_0,all_eligible_657,0.8160127265953221,0.9976907162082578
seoul_flood_2018_00753,1,2018,326d3e32f81727903e6e38e8d66e8f45c0f49a83fd1d55dc4bf18b1596746aaf,site_fold_0,all_eligible_657,0.7488303633329452,0.9356290859251941
seoul_flood_2018_00731,1,2018,7e27002406c970b9f0ad3eef70363e745220a81e62d98ccc076ed94360476b50,site_fold_0,all_eligible_657,0.6233922152362529,0.856103090679676
seoul_flood_2018_00056,1,2018,48b35a72390e799e3ddeeb233e3c32a9ac9aaddacb845ae849a8bcb07b4e71f4,site_fold_3,all_eligible_657,0.9413296500274204,0.9837976823148417
seoul_flood_2018_00754,1,2018,97789c0161bd76a063a56684677dbb07715ff06ff30edbf9dd137f6c3b398409,site_fold_1,all_eligible_657,0.7449910392458087,0.9001049618598346
seoul_flood_2018_00732,1,2018,e5fa1ea429c64ce2505d006be1fb818f4d0046e475d298ccb992113713754a16,site_fold_1,all_eligible_657,0.7453873722647526,0.9689435296150574
seoul_flood_2018_00057,1,2018,21e378c1bde8ed37fbd884d8f7bf3aa6571b63b171072ae0243436ac2a33da03,site_fold_1,all_eligible_657,0.6127717351173739,0.9940581197318065
seoul_flood_2018_00755,1,2018,f7652aa85c77cbc87997e2756749f15c92d172deeefd4982fdea8e0c0e1ecc05,site_fold_2,all_eligible_657,0.5581089064886781,0.8197538691678063
seoul_flood_2018_00733,1,2018,1a260a4112fa78b379fdd3363e95fb3f2dab1c04edc8b1adb13fd6674ef65186,site_fold_4,all_eligible_657,0.8115999141756384,0.9725815368403645
seoul_flood_2018_00061,1,2018,dad1c77fbc783427bafba867dc3676e700063a0f8bf0cba6999b50341c608236,site_fold_3,all_eligible_657,0.8239110186811227,0.9198392100705628
seoul_flood_2018_00756,1,2018,d820383513b0930310149682bf4fa107808fe3139631b684f8cddbf29663c7a1,site_fold_1,all_eligible_657,0.6235153301118109,0.8365984972234985
seoul_flood_2018_00734,1,2018,41db34bc751872c31e82c1435d7851e06d4acbddc1fe6a1b119b517cb9da914e,site_fold_3,all_eligible_657,0.7094906346335051,0.9769520790091226
seoul_flood_2018_00062,1,2018,9f7481cc4bd4e573144e61fce0fa90b22b1866ba41db60d60147951b6a558950,site_fold_0,all_eligible_657,0.2908671261694263,0.9307425032604665
seoul_flood_2018_00757,1,2018,8bf60aa3320ff1085bdb260f4de4d79abcec85d2751865de7bc81c6e7f5c9230,site_fold_2,all_eligible_657,0.6269267961152994,0.8590045715102277
seoul_flood_2018_00735,1,2018,9a2a6d96d61b642accdc67fe6199408ae6318794974446f6e6849d5d9b096ab1,site_fold_4,all_eligible_657,0.6406961960929928,0.3266670071067268
seoul_flood_2018_00064,1,2018,ee0fed5c78b685055fd38ef69d86e32bb9b0540bd39afaa2454136cc247e7709,site_fold_2,all_eligible_657,0.45357719211322695,0.9978565429664773
seoul_flood_2018_00758,1,2018,705e49ec80245d662e9cf4181ff34571db06dfe1e4d68d6be85d478bb8638e6d,site_fold_1,all_eligible_657,0.6255486234236399,0.8165164980912394
seoul_flood_2018_00736,1,2018,3a631fbb8ea1590814892f1b2dbb54dd3a3d627eee72ad04c6730da37e0c1d54,site_fold_3,all_eligible_657,0.7016496026101814,0.9797896363264201
seoul_flood_2018_00065,1,2018,8eab2f8b57512faca1a4b9278339274fb6f1b87d275b8d9d89afaa1fa7b1bef5,site_fold_2,all_eligible_657,0.7940961827568608,0.04209434336864965
seoul_flood_2018_00759,1,2018,3079dfeaba1faf9d566c7050ff2ec5201d3799d5b4bc7d5fc23a1983a3885e4a,site_fold_3,all_eligible_657,0.7448582586417077,0.9201795721039967
seoul_flood_2018_00737,1,2018,112344c4987a5f696346382e2b12cbf7f30d7e84fa4b1a4e4543ad0e8ded311a,site_fold_4,all_eligible_657,0.35311523099016123,0.9855782609371582
seoul_flood_2018_00069,1,2018,2b3e5e6e494b7fe4dad6a6696e4750401a2405216cf6320548ed8ca7ad9d4225,site_fold_0,all_eligible_657,0.574587420955077,0.8240313833880063
seoul_flood_2018_00760,1,2018,d19d4648cf65ca6ea86331157fa9bf7b652de1ccb3a2155cabc6bf5f2b500ff2,site_fold_4,all_eligible_657,0.8165722010465327,0.9877167406196835
seoul_flood_2018_00738,1,2018,b219ab5ae8913d32375632f6109b09c84f177543da505670ae46e9c08117413d,site_fold_0,all_eligible_657,0.4505904664859178,0.9945058411104507
seoul_flood_2018_00071,1,2018,7adaa6b8000bc42a464e78f70fa2d413bbf039dd656438fd0e5654cd9ae0975f,site_fold_1,all_eligible_657,0.5310822851982238,0.8880598997532311
seoul_flood_2018_00761,1,2018,649a028f0cab3f8dce663c2991f00eb3df881d64269eedcbdf1a0f16a1ac86ad,site_fold_0,all_eligible_657,0.7169747302102547,0.9962641503566108
seoul_flood_2018_00739,1,2018,d1408d944ffa98ee9c0008881a700f860a827354ea90fa56a5140e08bc15ca6f,site_fold_2,all_eligible_657,0.80589048542779,0.9084625312869254
seoul_flood_2018_00074,1,2018,275e9fc1dbbb45fea3e5c12324184c1afc46cc59e56490e9b814a413a9db3ce2,site_fold_1,all_eligible_657,0.5785006212269674,0.9961727886390339
seoul_flood_2018_00762,1,2018,51e73d067106dedd680d04080ccf46f7803895ebabffcad1563ccaf312909474,site_fold_2,all_eligible_657,0.9689821116118907,0.995181151560312
seoul_flood_2018_00740,1,2018,138f9834a140c30fe1cb1013f09b6df844aff508584439948cb9fc3ecb933306,site_fold_0,all_eligible_657,0.16229469426374918,0.4878010844536529
seoul_flood_2018_00080,1,2018,5b18f1a9783d4518a71dc4dcda4a948cc51404a72c5c09734ee122e18d3f95ef,site_fold_4,all_eligible_657,0.9411336681233172,0.9825672411816284
seoul_flood_2018_00763,1,2018,2ec78c588853f99c32d1ede1fa1ac3ddfaf067a1b750ed949481cb32e682495f,site_fold_3,all_eligible_657,0.7035007610130773,0.8833871196259698
seoul_flood_2018_00083,1,2018,53f21c0284ddea8549b752d3c5ff3be611c28804d4f6564a5f13a1ff0a5b11bd,site_fold_3,all_eligible_657,0.7318499285430178,0.9776548734161782
seoul_flood_2018_00764,1,2018,05d3f478e28ca860362a10d492fa9a67f8c033caa6ab9ca380f53048b367b481,site_fold_0,all_eligible_657,0.61001361862254,0.4453924872663228
seoul_flood_2018_00085,1,2018,0765f22659ab1c730be3c132151cb333cb8e887f92fc902404be8b7a4e4d42d8,site_fold_1,all_eligible_657,0.6618774991164096,0.992692136272329
seoul_flood_2019_00001,1,2019,fcb0a15bb5a2205a02887417432d9ab19ce9374453c6aa345161e4520f3b6176,site_fold_0,all_eligible_657,0.9193333843781352,0.9982485583060188
seoul_flood_2019_00002,1,2019,5fd8b087336a389f8364b4a246a938ed21be409b952c86585a9f54ddd749638b,site_fold_3,all_eligible_657,0.684736657572025,0.2537125938043803
seoul_flood_2019_00004,1,2019,54cd0bb8ec5fe2848ec2ecae95098289bd76d30ee662d04ac03f69be0465d9d9,site_fold_2,all_eligible_657,0.6236959357253794,0.0946242903416495
seoul_flood_2019_00003,1,2019,547e2d01ac7557cf394ed69c6db6d5d02025d9fe473ef3bf7490e9270bc0d793,site_fold_1,all_eligible_657,0.5423130548962519,0.3043338611671111
seoul_flood_2019_00005,1,2019,fd65d6658f5c8b220975c11acba4fd65d878d6713aff553ae1f91f6159a3afc7,site_fold_2,all_eligible_657,0.5404881947236083,0.32378917818384917
seoul_flood_2020_00031,1,2020,60cd8eda4cf981487d922b2bc9e94f935b3640c72165ca20371285f105bfbc4f,site_fold_4,all_eligible_657,0.7565453954175686,0.9381106118362804
seoul_flood_2018_00087,1,2020,3c515eb667611eba105aabdc662f06d42cc067b6a4d35327bb2f79d1c65ea40e,site_fold_0,all_eligible_657,0.8181871897786364,0.9988652445885097
seoul_flood_2020_00161,1,2020,c90712fd2ef2d9873c9b89acd3eeca11a6a7a57e145395af8d2a70433783d621,site_fold_0,all_eligible_657,0.5989008949755062,0.32575476443411383
seoul_flood_2020_00038,1,2020,7222b0a726b4d6c589b7367aa03cd95be294d02ac9a05538f65edde4b0fec905,site_fold_1,all_eligible_657,0.7731002307623127,0.037830356357529994
seoul_flood_2020_00032,1,2020,cb715ed173479e77ef2d6ac026302a54a58d9972f9db28988c05158b74d71cf0,site_fold_3,all_eligible_657,0.41694888038917194,0.3419750780619722
seoul_flood_2020_00008,1,2020,18a42675611639157295738f87f0005ce33c610aa2b3bc131d1c81844bbf3344,site_fold_2,all_eligible_657,0.2359594034678394,0.03065078556220532
seoul_flood_2020_00162,1,2020,18934a7e51159b2f8bb68012fdb6bd5b0f75ef97656072bd5eef4b836fad42ac,site_fold_2,all_eligible_657,0.897676871020377,0.9554116978344245
seoul_flood_2020_00041,1,2020,20f45fbd0cd6c1b2391ffe209cca7f6998b68037228bc730a5c77074aaf53eb2,site_fold_0,all_eligible_657,0.48635446393067705,0.7262411349802937
seoul_flood_2020_00033,1,2020,ef6b220ac91c0f350535c2927f95ad072f275f16ff047695c8ca1b82121c76c4,site_fold_0,all_eligible_657,0.5204055303644443,0.8975337611997111
seoul_flood_2020_00016,1,2020,e10a1d4b0b322dbb7542eab7927bf9f8e9d224d52e55caa6bac671aeb120f13f,site_fold_2,all_eligible_657,0.7520261422502994,0.7651661913940421
seoul_flood_2020_00163,1,2020,262d20d84cc21b6ee00c5d5c466254ab88ec02c9f15fc316248a69cd528083f8,site_fold_0,all_eligible_657,0.5454402768949971,0.22268768042121231
seoul_flood_2020_00155,1,2020,f4b457f52bf5d3e32988f5e0f4e9e9ab2afcfa6bfbde1a658ba24fdee3240d98,site_fold_1,all_eligible_657,0.5744026719492562,0.9681202576703277
seoul_flood_2020_00034,1,2020,10c46e4c62d7fdf5ed72a30e7772ba427dc77d249e30d5db3813c87d6a25358d,site_fold_2,all_eligible_657,0.8890197515213172,0.9644973826804978
seoul_flood_2020_00017,1,2020,75b5b3fdff7bad158fcf1d9e2521788292a2fdd529262e14a8c3c7e1065b5167,site_fold_0,all_eligible_657,0.9157780691848926,0.947111938548964
seoul_flood_2020_00164,1,2020,d38c663073cd86f011cced4de194b87e1b9d16bb8b5389e5ccf62d2aa8ebad41,site_fold_2,all_eligible_657,0.5321785504824329,0.40792354406291553
seoul_flood_2020_00156,1,2020,3555de32ff588ee5c192166c9fc69526e5cdb8a175dba83f459952df5027364b,site_fold_0,all_eligible_657,0.5174123802833209,0.8742334913381512
seoul_flood_2020_00035,1,2020,7e6c491cfb15eceaaa54161669de732ec9dde775dd0633a75e28ff537399fb74,site_fold_0,all_eligible_657,0.9066488950415816,0.9638378991457102
seoul_flood_2020_00024,1,2020,08886a1567bf070a2898b735962da5b5637940828754011bfd419b9efba0e6fb,site_fold_0,all_eligible_657,0.7219365343817681,0.38949298732829823
seoul_flood_2020_00165,1,2020,40392281aeb3adb0c0778c84507c484136bcf21550dc3461d47533208cc16d0d,site_fold_0,all_eligible_657,0.9173107413311055,0.9845040179792042
seoul_flood_2020_00157,1,2020,7b2db85225e0120ee8866f4d1af9bd2aa38f479e3462310696a9b7979bf3c97c,site_fold_1,all_eligible_657,0.6914371518181804,0.9995676360308775
seoul_flood_2020_00036,1,2020,a40d0bba62c999d879457048f04d7b8deff936b8ce065f1b93ed9f9b9add1779,site_fold_3,all_eligible_657,0.6561192521445163,0.36873899957894335
seoul_flood_2020_00026,1,2020,60c400e61de242770e7da27016af5b1594a883cf59b9a9d86a72b9faa255f301,site_fold_3,all_eligible_657,0.8290732270046107,0.9539071851717679
seoul_flood_2020_00158,1,2020,0ebe6e4adbc9b4123af967a249ff6160cb782d1ce30ef79fdfebfa0de565d9e2,site_fold_2,all_eligible_657,8.28379760599552e-12,1.4637050061754358e-11
seoul_flood_2020_00037,1,2020,68064bd8597c3a2f5dcea7760664869c422926f714498f30c771c4ac7d10c12c,site_fold_3,all_eligible_657,0.5778006504846886,0.23824896931263048
seoul_flood_2020_00027,1,2020,159756d275658a6eea185326c1c8b8bdf783cb6ed665eec07e2c6cfd1f90fd46,site_fold_1,all_eligible_657,0.9873475635964951,0.9998213563606683
seoul_flood_2020_00159,1,2020,19c1885565e56c290d21634561050e4e1cc121630fe7468379a765458fc7dd94,site_fold_0,all_eligible_657,0.7072886056130333,0.9959978254178677
seoul_flood_2020_00052,1,2020,8f04d29a85b032d3db48171fa74a0e015c47781d33e5eb50b4beb7c8e972e2d5,site_fold_3,all_eligible_657,0.9892731096523484,0.9950525926417092
seoul_flood_2020_00028,1,2020,e311ebab0d1322dd22364ea30cd114fc805926a72b5d28893510e9a4da436f4d,site_fold_0,all_eligible_657,0.9908562363002449,0.999456856534267
seoul_flood_2020_00160,1,2020,456d2ad59c7004e996a1bb2640f7a4c7791206f398afcf1712627e80ebbe03d5,site_fold_3,all_eligible_657,0.5621267501732388,0.24345336388972877
seoul_flood_2020_00053,1,2020,e92a42c30861ff8dd3c05bd15d469cecd2a4a795eabff79eb9735e228dfa1377,site_fold_4,all_eligible_657,0.9460527795741177,0.9438108297448087
seoul_flood_2020_00029,1,2020,e54e33160a2670c6606515444b193b0c29f0b4c0ce102243371879c9fa07af70,site_fold_3,all_eligible_657,0.6509801169543693,0.9953203467594459
seoul_flood_2020_00054,1,2020,903fe509e1173017f2664fdb60235e5c0fecf5698740e6cbaf813caacf9bafe2,site_fold_4,all_eligible_657,0.8126179664027535,0.8805446257881244
seoul_flood_2020_00030,1,2020,4892c95f9d4be5fe6e9e807cecd47c952f44a5088c5322e9a089f89958183f58,site_fold_1,all_eligible_657,0.7768323396963094,0.9881978671032764
seoul_flood_2020_00055,1,2020,4da29f2b0d9cdcc836f9470f506600c4a9c7d272b3e99196aaf402c8da14efe6,site_fold_1,all_eligible_657,0.6924078888770112,0.8303777816269259
seoul_flood_2020_00049,1,2020,11883d7fa62f924dcca67e6b71805e13ffe7284cfa99d3aab7e71251afc42871,site_fold_3,all_eligible_657,0.5408195845489518,0.7118573670418191
seoul_flood_2020_00056,1,2020,fe81cdb1e697e8d9d4e8a80b1d37984835eaf1d7832d50438399759015467427,site_fold_1,all_eligible_657,0.6960638424389095,0.6734065246847334
seoul_flood_2020_00050,1,2020,c16f2de5175ab6c9c3347be190453bea3fbc24fe1f20f10b5b6eed4088860d86,site_fold_1,all_eligible_657,0.4873018826537443,0.9059828969758258
seoul_flood_2020_00057,1,2020,85a1a4d286c1a53ca36fa8ceeca235ad1b2f583d127de7ab084cc0882321ff74,site_fold_4,all_eligible_657,0.6697880700479545,0.8414713412149545
seoul_flood_2020_00051,1,2020,01b405d8db875779338248b392bebddac1a9f6fb16604928d371454ee69e0204,site_fold_4,all_eligible_657,0.4727878790765487,0.5986542133276179
seoul_flood_2020_00058,1,2020,6d3dd7eae848fa7d6717b0f8ee7631b0158b96c9cd6f237d2c2e4c179d9af571,site_fold_2,all_eligible_657,0.8904639525627299,0.71295720729909
seoul_flood_2020_00059,1,2020,e5b2c0eae5350cbd21ab8dc75a8db32c3f296c350d962b4a4bf95ca07aa71bb7,site_fold_2,all_eligible_657,0.5166811981153838,0.7938571616255944
seoul_flood_2020_00060,1,2020,dc52b7037a37162ca7aeba0c259fcd2d421b8bf018e5cc39e00ec8d22374ef17,site_fold_1,all_eligible_657,0.8998761319241686,0.9792179898250053
seoul_flood_2020_00061,1,2020,63766b2550ac2953f858ddfec3231520fd87d6dfca7d9e0ac9c396ec7684e38b,site_fold_1,all_eligible_657,0.8995466292512585,0.9831852003591129
seoul_flood_2020_00062,1,2020,8266c76f416d89566523a98da79764c403297610b0a135f5a5ebe1be9695c216,site_fold_3,all_eligible_657,0.7479944455950289,0.951518159824116
seoul_flood_2020_00063,1,2020,df5c84717faba2883b1eaff076e8fb3415343781d918d34433bbca08fcd8e080,site_fold_0,all_eligible_657,0.8801882593971124,0.9496668456201296
seoul_flood_2020_00064,1,2020,e99e51efa4aad35446fd6eeed904db223ad457aabb180255994303345c8ed2a4,site_fold_4,all_eligible_657,0.9150237519609261,0.988949327723059
seoul_flood_2020_00065,1,2020,03f72303926d55a23a3475a8ba15ff8d5fbd5acd435609a29c889cc220ab2047,site_fold_3,all_eligible_657,0.8787501920313172,0.9837400294793915
seoul_flood_2020_00066,1,2020,8346ac8e8c0e93102650b8a71656bdbaac4d11ea774826e6cd08a89d08ea03c1,site_fold_4,all_eligible_657,0.9112215327602424,0.988672557924036
seoul_flood_2020_00067,1,2020,058fbbcdcf0d4578013e341b772cf94f2a02c13400f39a0c2c101529bad541b0,site_fold_2,all_eligible_657,0.9643709933503829,0.9933761433110001
seoul_flood_2020_00068,1,2020,d42b20bbd4e6bc379486f37ee4112e847759b2099f5dedb9a751a364e5621901,site_fold_0,all_eligible_657,0.8958296842973,0.9830932774872632
seoul_flood_2020_00069,1,2020,ca563eafd2455af056608fba6c9ac053308d757ff5046eab790cb80c2a839fc5,site_fold_1,all_eligible_657,0.8870248387875496,0.9615151583005874
seoul_flood_2020_00070,1,2020,aa4fc57098b6444a72f7e54fad0bd94f7d13e0ed964d0da4f74baa4a28879a81,site_fold_0,all_eligible_657,0.8951308167153936,0.9712585749777752
seoul_flood_2020_00071,1,2020,eb16dd72df019be8aaed131448ff14d6fa2e90652a14ac21d8168900287d1771,site_fold_3,all_eligible_657,0.9408161609653156,0.744531748870168
seoul_flood_2020_00072,1,2020,ddd0ee00f74b24696844c4bf71e040308c72a4828d9cf64169a64e13cdfe5cf1,site_fold_1,all_eligible_657,0.8886032829834589,0.9973587064502498
seoul_flood_2020_00073,1,2020,df6af837ab1e8ab5974dbc7660158495b8788ed4c013bde7047e1bd168e85eb4,site_fold_0,all_eligible_657,0.7185506768197034,0.8794937897883573
seoul_flood_2020_00074,1,2020,2cf7023a2041036172a96ac21f090d9cd58b1730cc9f9e95a6c212caec306f78,site_fold_3,all_eligible_657,0.7565256732346909,0.5889139466140342
seoul_flood_2020_00075,1,2020,e798af31805b93f2a373a142b3747c8dd0ae6e681f2c5a7759cddd703fd2d4b9,site_fold_2,all_eligible_657,0.7903864684091592,0.8493634671463306
seoul_flood_2020_00076,1,2020,847fee03f196da88ca147fdf7626ad98f52286f7ea498dd829ca73fc6754a405,site_fold_1,all_eligible_657,0.8672040994813096,0.9610418665938429
seoul_flood_2020_00077,1,2020,ec99fd509b9e2467c4e1ceff5f845246f9e79dccf916d6cc7264606f24baa3eb,site_fold_2,all_eligible_657,0.8112384408747564,0.9724903662336097
seoul_flood_2020_00078,1,2020,2a970bd1e5da9c66f6c1d11324148b0c4aa0e7d91fd8c59caeed1de1c30ab379,site_fold_4,all_eligible_657,0.9650073177490639,0.9608607195172559
seoul_flood_2020_00079,1,2020,5aa2d66777c3e62df2fdb8eba1789b466006935c4c7891a25a62d120eb0a99c4,site_fold_1,all_eligible_657,0.8450413639530955,0.9035963962367589
seoul_flood_2020_00080,1,2020,ea0d9b27de5b3a497afb216d359db965021e8cc09be25f62cdbc2de869da116a,site_fold_3,all_eligible_657,0.713090325930649,0.9809476131589641
seoul_flood_2020_00081,1,2020,f013ca10ef383f71858c29d3fb13140635d86a1ce3ec15fd5b0453fdb37c02f3,site_fold_1,all_eligible_657,0.5468067691423716,0.9339282617435266
seoul_flood_2020_00082,1,2020,b89594e6b2febff01ff6a0c0643adc8e4dc82e340c686e371c14308620dd0fea,site_fold_4,all_eligible_657,0.7693386060917621,0.681122911940451
seoul_flood_2020_00083,1,2020,713f69f5010d35e7e66d51cf3ba9fe812d012df85bfad7f672554d4ac92faaf3,site_fold_1,all_eligible_657,0.7370277011853587,0.8870652947000983
seoul_flood_2020_00084,1,2020,a6975803fcd9ed59082319f235a19be9cc856dc8e8022bbd04605b4189502d25,site_fold_2,all_eligible_657,0.710161650077846,0.260330453422711
seoul_flood_2020_00085,1,2020,c20bab6ce4577490838ddb71db53f4891556cc2f04806b8d6cb43622ce57bbfd,site_fold_4,all_eligible_657,0.9958227932151952,0.992351284603704
seoul_flood_2020_00086,1,2020,4e19ce88d34fe87d0a2a5e11416f6eb85c46b0fcf2e107a638f171186779bbd6,site_fold_2,all_eligible_657,0.9199834094656393,0.9829672016493278
seoul_flood_2020_00087,1,2020,3ea925bf459597c5b9524d19ac3179165e43e6bc3969bfcf1a837070522a3fbf,site_fold_3,all_eligible_657,0.7409224512366381,0.8461003501898856
seoul_flood_2020_00088,1,2020,0513a2f379edeebf9f8641c008b9c7e1dfa57ea729522adafb9c73da30072a3e,site_fold_3,all_eligible_657,0.7818086071448164,0.8248392960987718
seoul_flood_2020_00089,1,2020,884e85d417bfc975175cd72cbd65f4c35646555ee12ee3400d790f91665881ec,site_fold_1,all_eligible_657,0.6557641860278842,0.9467790601608852
seoul_flood_2020_00090,1,2020,02b5a35da5c0d1c7b55d751771925c966c8fa2149315a4ea571297a2e00589d4,site_fold_0,all_eligible_657,0.601085372834698,0.9817213214216413
seoul_flood_2020_00091,1,2020,2f940a2629c365a7b9e2443e66b0475548e1e3c806287a3668631816edb4c76a,site_fold_2,all_eligible_657,0.9982856600794515,0.998288340667369
seoul_flood_2020_00092,1,2020,ee1c8e078be4900323ab65b222f58829af044f35e5a1a009b24b1e855719d373,site_fold_3,all_eligible_657,0.8816602309695458,0.9979540110011887
seoul_flood_2020_00093,1,2020,632b8e96246333277e4d39daadf7dababa6b4157490016c2140a055401220e2e,site_fold_4,all_eligible_657,0.5449801405238516,0.9010731417810929
seoul_flood_2020_00094,1,2020,27b3be534d925c2e739b1225e7178079f898526288912aa01fe40a8ea9d9f566,site_fold_3,all_eligible_657,0.7343491941932181,0.962966190289003
seoul_flood_2020_00095,1,2020,0d59208c254d5ba3ef1452a38666a492dd0a7bc57c585d5d69901544caa14cbf,site_fold_2,all_eligible_657,0.9934294293309046,0.9958432928850689
seoul_flood_2020_00096,1,2020,2f638be1e5a53380c3c0717fb1c4cd1b049457fa6ebfab2e672087a582e741ad,site_fold_0,all_eligible_657,0.9704636832293396,0.985010469467035
seoul_flood_2020_00097,1,2020,0659d1fe4562f7d74b5948a58a76afab170728df7447d0ef6dcf6d4c783bb660,site_fold_2,all_eligible_657,0.4026619763131969,0.4736235343851514
seoul_flood_2020_00098,1,2020,ca3b181429a7329124cce9f9f2b96cb34be7cf2b024ec1f7414d8ce713bb9465,site_fold_4,all_eligible_657,0.9991594333768926,0.996287127322464
seoul_flood_2023_00010,1,2023,cdac98a48f34f783458e25bb71bec50a9941f951adda2ef1ed119a8d4a0828ec,site_fold_3,all_eligible_657,0.6598254088265529,0.9601755765133176
seoul_flood_2023_00002,1,2023,56194f3b0d4ef83211b9500e873a993b7c4872605ad975779d5bd2204e40cc9c,site_fold_0,all_eligible_657,0.4909978182022807,0.06747627735270535
seoul_flood_2023_00043,1,2023,248fd4f18691def34c6601546f753c06d11ae98cf78256a042219048350a4848,site_fold_4,all_eligible_657,0.914325305264531,0.9738420924802991
seoul_flood_2023_00044,1,2023,2936fe9484566290154a4a78f1271b029cc6c88fdef60a4f432e5bf00e8a5520,site_fold_3,all_eligible_657,0.6725408770567052,0.6186119978599296
seoul_flood_2023_00248,1,2023,b2b9daa097bd03ac3b1154ab1efb93273c2ad4ec5b9113697c086a095b80910d,site_fold_1,all_eligible_657,0.9057354760937754,0.9956990045858287
seoul_flood_2023_00004,1,2023,d3a0fe4a01296db4593fc36df0fde0ff144cc7a56203125c74004378d0a06b99,site_fold_4,all_eligible_657,0.6473940471484598,0.8801117935010586
seoul_flood_2023_00070,1,2023,e02228460eb8c581c0556701b02567d9bef77a390613b7e41616f20628f49750,site_fold_1,all_eligible_657,0.6215711114132412,0.9991475894894342
seoul_flood_2023_00047,1,2023,b4a159bd3df0eaa57b55ef4da2c655abebf1329fc1a2c1f4e393a61eb888fd51,site_fold_0,all_eligible_657,0.813358903658749,0.8205639170829335
seoul_flood_2023_00009,1,2023,70157f5482cb159b3b68e48336c450e93766506e243cdf9eb03590b5bc45596f,site_fold_2,all_eligible_657,0.5544704969403252,0.9464616207571883
seoul_flood_2023_00071,1,2023,017ade65ff0240adecf03eb0741307ea502590ae6c0ef638e6e9f384025b1f8c,site_fold_2,all_eligible_657,0.8707197492635695,0.9978493893105831
seoul_flood_2023_00059,1,2023,51c0f0b21f81c1e61262409620f2b3be9b562fa300bbdcdd2dd94f5aacccfb02,site_fold_4,all_eligible_657,0.530022756295047,0.9433164702264472
seoul_flood_2023_00012,1,2023,667e30e9a3f7fb988cd90180a9d904755fa591265581c0609b8d81e4deb93970,site_fold_1,all_eligible_657,0.646956421116079,0.6245952616152849
seoul_flood_2023_00225,1,2023,4ea0938144a26214fc7cd3a870d4a3879c6bc8a8b7a1be7254dce6517520b228,site_fold_4,all_eligible_657,0.8461068519761571,0.9655143936505746
seoul_flood_2023_00067,1,2023,2b039c27036068493acf6918e3daa9e63f32629a1a6faca59390d100614c1013,site_fold_1,all_eligible_657,0.6106660832205283,0.71780696620021
seoul_flood_2023_00013,1,2023,80a618b88b8e6324b97cbe64c342ff6711e3161d146da345ab6070b95880e439,site_fold_4,all_eligible_657,0.8141202371327242,0.9264146276050189
seoul_flood_2023_00227,1,2023,f5de86b449cb8e2ee3e8157a80068b892f7e3c9b0db6a16fe8637184ef8663d6,site_fold_3,all_eligible_657,0.6896459023609746,0.9077649091616488
seoul_flood_2023_00068,1,2023,fd65d6658f5c8b220975c11acba4fd65d878d6713aff553ae1f91f6159a3afc7,site_fold_2,all_eligible_657,0.40747580039258874,0.6288803966644334
seoul_flood_2023_00015,1,2023,18b4b2fdda6fc69634d44ecb3f1034bd1fc1bd99100a1cfcf3b83fafa76d9cf8,site_fold_0,all_eligible_657,0.2582088923840236,0.9192272200493635
seoul_flood_2023_00228,1,2023,48006a51e30c32762694ec18747d1425bb4b974c56c4c0c98d57886cadd0c783,site_fold_4,all_eligible_657,0.6882292084246502,0.9526765214170165
seoul_flood_2023_00072,1,2023,2afb0fa8a1f0cc6a7ed67c17008f75bd42461bd0ba6df7c3c3d887904196895d,site_fold_3,all_eligible_657,0.6442669278717562,0.09814882711618468
seoul_flood_2023_00016,1,2023,9449d82b55823a2b21e722445146dd58f28c2892847ebd7d9d3528a705c333d7,site_fold_0,all_eligible_657,0.34612151832372046,0.8548564892677558
seoul_flood_2023_00243,1,2023,1ef45c1f3265d27b162d2e8ed4381ef427bdf586c45963e44e4392b26ba86b72,site_fold_4,all_eligible_657,0.9473027469273895,0.9790428262194574
seoul_flood_2023_00074,1,2023,b9bc2f927ed11bd524706f6d4967f92b59403bf3a4c2f3c470a8c815fd79e460,site_fold_2,all_eligible_657,0.5981839572811644,0.9213770408186787
seoul_flood_2023_00017,1,2023,c14d98d5e804cded4ef08ae8cdf0707ca6178666fe17dbc79d181d4cc9dee14b,site_fold_3,all_eligible_657,0.6962253852200079,0.9909368321198968
seoul_flood_2023_00250,1,2023,2c7709566a2e9c494198b62a00ef526dfe6053df3b61476d6f3474d3a092eeb5,site_fold_3,all_eligible_657,0.8158835537020973,0.6398889871380982
seoul_flood_2023_00075,1,2023,ac6920819be8e420a3aac9974fb430eca317f55a0609b05ff32e884b1c75beaf,site_fold_4,all_eligible_657,0.631881690673568,0.9645231851879584
seoul_flood_2023_00018,1,2023,611ef7d2bb8f2df5e6108e65595a9a37b583dbd4323706a0ec255f8e960d2ddb,site_fold_2,all_eligible_657,0.6839932839270297,0.9540843425493049
seoul_flood_2023_00277,1,2023,2e908b9152c52096e61faa554d5ff494fdeeb050209f5fc14355fe66b5e5d4d4,site_fold_3,all_eligible_657,0.6358868831271098,0.7310996452859675
seoul_flood_2023_00076,1,2023,0059d2a4c367d474476bdb36e5406db4c952a2a967b25e3c6166b8b6fc181976,site_fold_0,all_eligible_657,0.6154592760610662,0.8680641512588484
seoul_flood_2023_00021,1,2023,e6acf5cf32b2d0c5cb627acd0c05f96bfb50942c86e13eeac0f97655bb35bf64,site_fold_2,all_eligible_657,0.8031303793416015,0.9825312594784749
seoul_flood_2023_00077,1,2023,ac006ae8566252eae229f3cdf08285ec62948465438fa1fd37525350f732bb46,site_fold_0,all_eligible_657,0.6423000005810091,0.9402778070928389
seoul_flood_2023_00022,1,2023,2ccee39efbee54552c27ec5f3380e8b6db91ab9da3255a83fc493c1d1767d3f3,site_fold_1,all_eligible_657,0.5751300668293046,0.9742719849160424
seoul_flood_2023_00078,1,2023,54043b91c4a304d4c675985edfa95ef876b138ff57a6389bfd28818074d39fc1,site_fold_4,all_eligible_657,0.5916456835255115,0.7137302599552572
seoul_flood_2023_00028,1,2023,ab9d5a9c105349411f7c92c7845f7e8ec24f10552a9a484d7dd02c0c9d6df2e1,site_fold_3,all_eligible_657,0.6953461409335193,0.7800496542696911
seoul_flood_2023_00079,1,2023,a825d29c20ca2db6c0b5bf5ccb6ee269beedc5bda085fce5a584b3d600c91af2,site_fold_2,all_eligible_657,0.5613985623292657,0.8920299324055817
seoul_flood_2023_00030,1,2023,109d39d58c882b2875c711bbb1fbdc53ae3234b9f7c2e321096d7429e46331b6,site_fold_3,all_eligible_657,0.9471221453037532,0.9946265262137046
seoul_flood_2023_00080,1,2023,516a51b5f7484840c5b87649d04bf5f7fe7b3f5a641c45cc08cdca8b66f74a9a,site_fold_1,all_eligible_657,0.6370869550248622,0.7724040946902986
seoul_flood_2023_00032,1,2023,0b4d4f8312fd79b55496cf1cff09a958a968eae46e135c54724bebedf54d8400,site_fold_2,all_eligible_657,0.6878703528850144,0.5765987703479375
seoul_flood_2023_00081,1,2023,80dacb840448896f846147086fb6904aace095c7ed082be2f6978ab4a65d9d17,site_fold_4,all_eligible_657,0.5804666590680444,0.7542488645716869
seoul_flood_2023_00036,1,2023,824b284c7bf45801707ed1a0e35648f2949764c72352ac38100d99cb94e7ed05,site_fold_4,all_eligible_657,0.9456437687282746,0.9685513366911874
seoul_flood_2023_00082,1,2023,b45c216bee7e0d6ee0455f8bf2899fb0637e6409ddda7e861dc355e9dcf32559,site_fold_0,all_eligible_657,0.606672603174898,0.928118564722066
seoul_flood_2023_00045,1,2023,047a0479a6796b37ba99d6e6577b3ffb20aab618b478d303de927d6a6faca3a4,site_fold_4,all_eligible_657,0.7068076713921857,0.8776826017413193
seoul_flood_2023_00083,1,2023,8cc3386043fed7e4a08a2bc9dc0aa45a181ba89b153abc9f991119c15c99e48f,site_fold_3,all_eligible_657,0.5714152719509001,0.8556533809580708
seoul_flood_2023_00046,1,2023,c1467d5c72e32f7e65ab4237818f35148a9e8e89d62f6c485f6e3282213122d6,site_fold_0,all_eligible_657,0.7425522096151543,0.9976085843368097
seoul_flood_2023_00084,1,2023,227a0397ded397793104e4c0dd13029ed0f9025afe13bbec3f057cea4e5a725e,site_fold_2,all_eligible_657,0.6136725651645222,0.9697122791903346
seoul_flood_2023_00222,1,2023,c65581d8bf8cf915e9fe2ca51b089e97441ac2f57272bc2cdb231ee83f757ae0,site_fold_4,all_eligible_657,0.5410545177138664,0.9842067343799196
seoul_flood_2023_00085,1,2023,5c52fa5b830c2d85cb3619fa6dd7b6c3c4fa0ae339105571c5aacfadc1f57dca,site_fold_0,all_eligible_657,0.6739050738199528,0.9718299600028553
seoul_flood_2023_00223,1,2023,a3396b1b87eceeedee47469b37f3882ca3efbef67a922173e8c25c4bc7457491,site_fold_0,all_eligible_657,0.40892370026657315,0.8088610785212033
seoul_flood_2023_00086,1,2023,a23e42946ff072eac7708b41013273d24b29f25c3b2a68f2fd71cd5555db568f,site_fold_3,all_eligible_657,0.6310466065454337,0.4739615011962753
seoul_flood_2023_00224,1,2023,6b1bebc088f54a96e550aaa77b7c7dc8a68bdb509ee5100ddb911beae78c5051,site_fold_3,all_eligible_657,0.9282497146456102,0.8720223711381873
seoul_flood_2023_00087,1,2023,c806eda7ed36cd9e6ecf80572678e5580be30156dc628686a27b057e82be7f05,site_fold_1,all_eligible_657,0.5971646720703041,0.9519111549191104
seoul_flood_2023_00226,1,2023,5b4e991e2eaf736f1ecc63796633bf37e2674c5669ccae29f43454531101f031,site_fold_1,all_eligible_657,0.777359139158583,0.9503997714898486
seoul_flood_2023_00088,1,2023,5d84a21238eb09a213a6a5e8c5a2d41c6f70decc00617b93e8dda58c2d7a235f,site_fold_3,all_eligible_657,0.5534949735145218,0.9026779466088545
seoul_flood_2023_00229,1,2023,972f0a0ebf5383f911b746160b79c88b8b0c7aa70e1b9861ff6abfa2392f939d,site_fold_3,all_eligible_657,0.8374351465189865,0.9173726150989107
seoul_flood_2023_00089,1,2023,8e255f9a86ec3588ecf56d040b65bc4fbebed179e07431fc842ce550145b9863,site_fold_1,all_eligible_657,0.5755895085115376,0.9293608606141932
seoul_flood_2023_00230,1,2023,351930c74ba2930ac78f71a4e59d24ec3a9c408c09f4bddcf7fa3699bf8a21fe,site_fold_2,all_eligible_657,0.8114315273861499,0.941432432252437
seoul_flood_2023_00090,1,2023,fd6f0f91e6250a60b21fd97b70f686db535df935a8841de34f4bfbb09aa0efb0,site_fold_0,all_eligible_657,0.6823716197829152,0.9794524077329699
seoul_flood_2023_00231,1,2023,c78427527ae5ed46cec266bf7f5102da2f65c62f603b3c800e26eace25a5c839,site_fold_4,all_eligible_657,0.17332316349491844,0.026103079742084114
seoul_flood_2023_00091,1,2023,ccb2187c465a4a42452f6d96c6ecd61471e4bd6347f569f84a47b5683742fac9,site_fold_2,all_eligible_657,0.6096394799008649,0.967711403765316
seoul_flood_2023_00232,1,2023,5336135f67660856ece6ad6d54f733a34080d27dfbe335858b52eb42facdced4,site_fold_2,all_eligible_657,0.6915285364808036,0.9582896263523272
seoul_flood_2023_00092,1,2023,8eac4c0475636dabe754422f418c76eb191e9b3e663e31e296fb69f7a6fb8cc8,site_fold_1,all_eligible_657,0.6537017262875128,0.7342395896078683
seoul_flood_2023_00233,1,2023,e55963a41e664f031359274c8576c1cb5d6c9c2998192b355445bbfe50c138ba,site_fold_4,all_eligible_657,0.3681126554823935,0.40254845920202936
seoul_flood_2023_00093,1,2023,dc728f9adfc11d8c5c2ec698fb1df3af31c3b43457a9a69377f3e7a04f506468,site_fold_1,all_eligible_657,0.6405345671887972,0.9858074523604367
seoul_flood_2023_00234,1,2023,d44f553eb4a78c3e8e73f10a2584e2b08c855f4d7d091ed0bda77b9ebca91d2e,site_fold_0,all_eligible_657,0.8643522268789254,0.9989001260389343
seoul_flood_2023_00094,1,2023,8c06fb30ac6a96f25e4c0adbd324b5185f5468e1f2512e1480789b99a603de36,site_fold_3,all_eligible_657,0.6116950312000922,0.9880255153980403
seoul_flood_2023_00235,1,2023,e635dda0a74d3988c04c4e76a855e983d6033e5538e0b291c2a7d019a42df52f,site_fold_1,all_eligible_657,0.45825600104256303,0.9362118757046133
seoul_flood_2023_00095,1,2023,bcd669daed0897a45b8903b79c40b7cc6b1c557b0e8708071442ee549f83e05b,site_fold_4,all_eligible_657,0.5743993758257938,0.9907795392250249
seoul_flood_2023_00236,1,2023,3806182b64eb41706f3328e741dcc36e0a6617e9349746b3fda442906e5bc7e3,site_fold_2,all_eligible_657,0.3476926200005846,0.9672341087331905
seoul_flood_2023_00096,1,2023,3c90eac0010785df62fd85c83633074dccd90c84ba9e27d4f2c28c78b4f0d5d6,site_fold_4,all_eligible_657,0.5968404602958252,0.9841722090679434
seoul_flood_2023_00237,1,2023,1b36675e1d11fd325a672ec04ac67bd989594417a5729df4f870059fa87b9d1a,site_fold_4,all_eligible_657,0.26560274059913025,0.9492447184042818
seoul_flood_2023_00097,1,2023,72f61518a84c9a55b3352cbb5023921cad60474d413e7b72f69c74dcf2d72799,site_fold_0,all_eligible_657,0.6450944905200403,0.43268472999290936
seoul_flood_2023_00238,1,2023,6bb5e3a1d3d33c5db48aeb2feb9ba125ac0daeeca2d842b2e02d5875228b2034,site_fold_0,all_eligible_657,0.34307115417835377,0.8925899899031992
seoul_flood_2023_00098,1,2023,69999efddf274f8271d36927d9ec9541d3c52ecbcda9f4fd5d4e4576776c0f81,site_fold_2,all_eligible_657,0.6095965796297133,0.8233483839879746
seoul_flood_2023_00239,1,2023,2d536fc8f243ee74cda2625ce6b41f0808c1a746c242a68cc049153db304cec3,site_fold_4,all_eligible_657,0.7808323514333206,0.9741673872579273
seoul_flood_2023_00099,1,2023,f20722d01f05a742b8dec71af1e8e07cd63b8a6c64dabe657c23086f84b1cc72,site_fold_4,all_eligible_657,0.659754650814332,0.847110434307786
seoul_flood_2023_00240,1,2023,3ad5a64b1adf89e718a6b754a2a9d66bb8b911be81bf90bc31007aa5e3b55b65,site_fold_1,all_eligible_657,0.8109346862762684,0.9861122240003334
seoul_flood_2023_00100,1,2023,45e322c42efd83690f4dfb0ff1d1bbb111f8a340eead50dd2d0b80db07f8e193,site_fold_0,all_eligible_657,0.6299810070075779,0.8015191495342165
seoul_flood_2023_00241,1,2023,fd9b2055defb5a8b5d9a6ad4ec71b2866a897478c50ac25e466cf2ebb31972b3,site_fold_2,all_eligible_657,0.8124552123594436,0.9782825991758898
seoul_flood_2023_00101,1,2023,cde4ea100a86579780194fd2a9211067fff3ec841acaf671446c7e1a10100140,site_fold_2,all_eligible_657,0.610105565137154,0.8508814795027103
seoul_flood_2023_00244,1,2023,45eade17eef3d54e8ae3d65c6c2fe09751b2504861f44169da0daab75d8028e3,site_fold_4,all_eligible_657,0.40559738710323895,0.37395523577952905
seoul_flood_2024_00041,1,2024,437d4e1375e418c1898eaf0ae2743a3a3897e3504fcb93ac4cb1d44ca1794e2d,site_fold_1,all_eligible_657,0.5662302672587162,0.23382909899762278
seoul_flood_2024_00007,1,2024,bb4ef8ec9e43272a080f1429baad8954fb44bfba666cbe0407e5a401a7cbe57c,site_fold_1,all_eligible_657,0.5417681621045324,0.6546159487697149
seoul_flood_2024_00061,1,2024,fcc88c7839e8fbf3b46125b0962e2d83e51fa121fb2ad474578c0205a69158a3,site_fold_1,all_eligible_657,0.815326584789546,0.9091085954669476
seoul_flood_2024_00043,1,2024,123bf2caaf4935a556e8202150c1fa202134ea1b2f1300bbcd7d8c0eaeec8db2,site_fold_3,all_eligible_657,0.739813779409998,0.9894624795765509
seoul_flood_2024_00008,1,2024,f81340838ca8d98e7a73bb0e3af78d74d80c528b295742e4fb99440aaed665fe,site_fold_2,all_eligible_657,0.13577547246852165,0.15769646909719578
seoul_flood_2024_00062,1,2024,2936fe9484566290154a4a78f1271b029cc6c88fdef60a4f432e5bf00e8a5520,site_fold_3,all_eligible_657,0.532991247211744,0.9387084114342857
seoul_flood_2024_00044,1,2024,a740d451ba6b1561554cb9fcec4fafe896119054b664fa3843f905be77b05322,site_fold_4,all_eligible_657,0.7074695378632178,0.8854226789436729
seoul_flood_2024_00009,1,2024,e511340b55220ca5cd74855047a854ce0e58734aaa0e70dd27409a906657097c,site_fold_3,all_eligible_657,0.32289819617535487,0.4561734140676865
seoul_flood_2024_00046,1,2024,29c21a43454c116be3b275e72bea1085c7e3a46b402c40cbecd77815d561a6c4,site_fold_4,all_eligible_657,0.6477963384200682,0.6668381006359335
seoul_flood_2024_00010,1,2024,00796b29fe88d57e702ccb4f39268f140294a0ccce5940d0e9de2cd48648f6e3,site_fold_2,all_eligible_657,0.3927960000458895,0.8214941446197123
seoul_flood_2024_00048,1,2024,7202cf9a0478f75db97858316a56aae958a1fe3a3a300fdd8c9f15c8d98b8795,site_fold_3,all_eligible_657,0.8818059759610087,0.9724607034954635
seoul_flood_2024_00011,1,2024,ffbf9e54cd41025956746859bd5ec126cd181dc76ec068864b593b2c72ce3cfa,site_fold_3,all_eligible_657,0.36537989776973046,0.6485444920851621
seoul_flood_2024_00055,1,2024,b73912d269b006bf961cd5418321dbc3a3ddd9e0782ae7fc2e87b7201c11b4b3,site_fold_0,all_eligible_657,0.817263086661806,0.7939549777133401
seoul_flood_2024_00012,1,2024,80a618b88b8e6324b97cbe64c342ff6711e3161d146da345ab6070b95880e439,site_fold_4,all_eligible_657,0.7799576003417753,0.9657637033752545
seoul_flood_2024_00063,1,2024,bd1b8d0105f1dc87aa3d99df0e4cec2c47adbd7400d6c185bd25421ba23dde1e,site_fold_3,all_eligible_657,0.8087140602015923,0.802978782765229
seoul_flood_2024_00013,1,2024,757a23417a3e32f5178c71d73aa0af81284864b4cea9764741e4edab5aa5daef,site_fold_0,all_eligible_657,0.307023057722306,0.00017249607178148276
seoul_flood_2024_00067,1,2024,948d2d09df15eb7f7191ace14981ba5c0ab110c09fcefb90834aab93c7c078bd,site_fold_0,all_eligible_657,0.7900609463290847,0.8375226481879183
seoul_flood_2024_00014,1,2024,9d2e0e628256e0e8794e82426aa235d02ec76a3dc6aad4e9ac3c5a814f9829d1,site_fold_2,all_eligible_657,0.7647860320951805,0.9601532747691561
seoul_flood_2024_00068,1,2024,0cd3a852ecf4dc5dfeeccb70c7c7c9ef166021c2b5eab3853b7473d5589777a4,site_fold_3,all_eligible_657,0.821336060312533,0.8117209567002638
seoul_flood_2024_00015,1,2024,971f5541f6195b192b925d8efefffbeca88d01c4a9f0a60d74dde196ee0c86d1,site_fold_2,all_eligible_657,0.8900230637948259,0.9780905963120526
seoul_flood_2024_00069,1,2024,7ab3d273ca7380c8698814a0811a1fe680f9d78ab49ee0d92911a4c107de8238,site_fold_2,all_eligible_657,0.8321031302254182,0.9708593438436752
seoul_flood_2024_00016,1,2024,e3e50f5e44035dce95e5b6d8138e134698d49eee758b5eec26535a51bde85df7,site_fold_0,all_eligible_657,0.6155753868361626,0.34609498573803604
seoul_flood_2024_00070,1,2024,e803b0ddd0c957cf8b860f04d63d206bc58c4a7e216618b57c60191c479923d1,site_fold_1,all_eligible_657,0.8148914368559508,0.8273138123196982
seoul_flood_2024_00017,1,2024,70760aecf195bae192f5baf7428743d230db64ee9aa273bad54777a29fa61d56,site_fold_1,all_eligible_657,0.6660989141609984,0.9941964310824422
seoul_flood_2024_00093,1,2024,63766b2550ac2953f858ddfec3231520fd87d6dfca7d9e0ac9c396ec7684e38b,site_fold_1,all_eligible_657,0.9030134117796665,0.9657085274517521
seoul_flood_2024_00018,1,2024,3693df7f5d8484c40a64e5edfe29168feaab0a3d8ad2d5ef780c0be6f0e46a79,site_fold_0,all_eligible_657,0.4883267671680963,0.9609264030819706
seoul_flood_2024_00094,1,2024,604a183e9f44726cdef3c553ac7408e85ae4b02ccd41506423055ce6ebe1b7d3,site_fold_2,all_eligible_657,0.1658630355662175,0.7853453326564274
seoul_flood_2024_00019,1,2024,5a25b979c2422917f17db7df5dd87a2297c474a9b3d62c792bff7d427ea669bf,site_fold_2,all_eligible_657,0.7751767095635217,0.9875663820238748
seoul_flood_2024_00096,1,2024,79e0a2a000dd61aa37a52001d61342cb8a1c5d1e016976766fc295b4c94b56cc,site_fold_0,all_eligible_657,0.830050024253636,0.9244227721089429
seoul_flood_2024_00020,1,2024,13ddeac8fe6671414275b639d61a07e9c672c7476e5ccdf793402e7aaeb515d8,site_fold_2,all_eligible_657,0.8761305270394786,0.903241516937076
seoul_flood_2024_00097,1,2024,2f886984eaa4246f0d5b4af68316375d1b6bdd3583792bcce78bba0fee5cbef1,site_fold_0,all_eligible_657,0.6222372521148832,0.8198948155486367
seoul_flood_2024_00021,1,2024,e124f13166523cb7b6c4c8e441002a9277718c2ebd4cbf13029b4f79c18ecc01,site_fold_0,all_eligible_657,0.49531285444137013,0.849228224535797
seoul_flood_2024_00098,1,2024,02b5a35da5c0d1c7b55d751771925c966c8fa2149315a4ea571297a2e00589d4,site_fold_0,all_eligible_657,0.5855614639238391,0.875231243934424
seoul_flood_2024_00022,1,2024,9273fd03db09618bb97fc47b4ab967ad480bfc45f45e026bbdb076e81845adc8,site_fold_1,all_eligible_657,0.5861003169885078,0.09541073204785283
seoul_flood_2024_00099,1,2024,28444bca6837218bf4d704ba4f93934ae8e92a43af99913e4cec692d5abd5c9f,site_fold_0,all_eligible_657,0.1432994424836328,0.01107106632717366
seoul_flood_2024_00023,1,2024,9632c60e0ed4c6223ae3b937ce22f1876fb6cdeb28c7f55bc33e2ce939b58e6d,site_fold_4,all_eligible_657,0.8325359665762772,0.9890211654881422
seoul_flood_2024_00100,1,2024,847fee03f196da88ca147fdf7626ad98f52286f7ea498dd829ca73fc6754a405,site_fold_1,all_eligible_657,0.8314493839121609,0.9693620896913957
seoul_flood_2024_00025,1,2024,c819cede6995ea40f0f68f04316d2019be37ac994dd418a0cbdec1c843dea159,site_fold_1,all_eligible_657,0.4892813149695593,0.9259620807524763
seoul_flood_2024_00101,1,2024,b29f3a9d05c34c68522b01fe2640595e685f4c88f5d8e969f08db1a8e186643c,site_fold_2,all_eligible_657,0.9071554161655339,0.967780060805459
seoul_flood_2024_00026,1,2024,5601cfe0dafd37c847a7491e472fc4c99c05a8f729d671a071c556aa12d1cc69,site_fold_2,all_eligible_657,0.8360614246986483,0.9675510352714398
seoul_flood_2024_00102,1,2024,77738368915709589f9285d3dbfbdc93e438bffdbe2b754c7ab44d8cbb4dac84,site_fold_0,all_eligible_657,0.8951184164725902,0.8407271525842289
seoul_flood_2024_00027,1,2024,420e8c48ebc7ccbf83d2395b4da0611b4c8dc5279fe949942775ff2ccb1f5fee,site_fold_2,all_eligible_657,0.08862325226589521,0.6042555510273402
seoul_flood_2024_00103,1,2024,99026cbc6581e1dda7853aac956f2790cb89367aded1a3bc771ebbde0df131e3,site_fold_1,all_eligible_657,0.8768038098455009,0.9926031772903965
seoul_flood_2024_00028,1,2024,4ba93dbfdb004cedc56f5c631fad8150f58d482ea512ef4108dc18ece34c55a6,site_fold_0,all_eligible_657,0.8666767956234083,0.7932374932715323
seoul_flood_2024_00104,1,2024,8d7f23048bda7bb098f76ccf0fe517f0812889d3669924c1d3df7a7c3beb466e,site_fold_4,all_eligible_657,0.9765356334393431,0.9992545206094505
seoul_flood_2024_00029,1,2024,3e44220d47bea9d8726118dbc011d3073c17208543dc34617d2426bd0b013376,site_fold_3,all_eligible_657,0.7514627314291813,0.9897894153344545
seoul_flood_2024_00105,1,2024,b070070fb490cb378ac75ab72a1cdec8f99ca298a47ea83535ff462f4218a566,site_fold_0,all_eligible_657,0.9305273068798653,0.9654690635193882
seoul_flood_2024_00030,1,2024,03119c1c5c1adcbae5fd24c55ada049a8f1452bfcfcd3e573fa9bebf91752bb0,site_fold_3,all_eligible_657,0.4214454360192611,0.9369860038399047
seoul_flood_2024_00106,1,2024,8a10ba040bee51a4dfb38952aa2bf48f827db9c60619fd3afaf104dd06491a34,site_fold_2,all_eligible_657,0.7409157318414622,0.9784889987594884
seoul_flood_2024_00031,1,2024,13147c272b4c57eb35511cf391e997f00dc7d10b3a1f309bf6f9a86e80bd6d98,site_fold_0,all_eligible_657,0.543202160025736,0.9861997930286485
seoul_flood_2024_00107,1,2024,168cd363d196b4cea35e3fbd5c31a32fe30f602e59fd2e486239d28906f9d02d,site_fold_1,all_eligible_657,0.8508237843602984,0.8870218059697971
seoul_flood_2024_00032,1,2024,580ebce2e64ba8e209c7b1cebf7178a8945d8200b9c28e17ef913090e1016c84,site_fold_1,all_eligible_657,0.6445083876508837,0.9523570891229535
seoul_flood_2024_00108,1,2024,642d2d7d6191dca8abc1ab275b94fdac98c447af754257111014110d2816b94b,site_fold_2,all_eligible_657,0.5563211785397665,0.886438027986708
seoul_flood_2024_00033,1,2024,825340dcf23951f2d8e47a605ed2e1b965b6967c54812a042734b3eda4bc5c96,site_fold_0,all_eligible_657,0.7958677810825078,0.7675953328439037
seoul_flood_2024_00109,1,2024,1a5ac1cf0c6d290a58dd20ffa384cfc5a1c391aa45217ea6646abf4d6d3cd048,site_fold_0,all_eligible_657,0.7556493547791641,0.9733139729893406
seoul_flood_2024_00034,1,2024,e5b6ce851537198eb60726302c43334dbe511f11228c46cc6fe4387bcb048678,site_fold_1,all_eligible_657,0.6352269180459852,0.9635925123009274
seoul_flood_2024_00110,1,2024,e06015435d8e64d0e545abf7950cc1a141c6e072d8a8bc68d033a5d44da502c7,site_fold_4,all_eligible_657,0.7453310023985181,0.9690323407308667
seoul_flood_2024_00038,1,2024,38da3f8f9cf16edf6f767e063dbcce4cd45bf9964614ea38636c127bfd87bf07,site_fold_0,all_eligible_657,0.7645709523858605,0.9426492811607855
seoul_flood_2024_00111,1,2024,39bb7133a5a101fdedcd7174962b3f0100428b3745479f0cd22475a6ec2e451e,site_fold_0,all_eligible_657,0.9401864753199329,0.9992823043555871
seoul_flood_2024_00039,1,2024,83e08aa3e97db1d52d86474b863a153e2cc9377b044e7cac80a279df233b1119,site_fold_3,all_eligible_657,0.5871298528660154,0.7656456067252357
seoul_flood_2024_00112,1,2024,976afaf01c54fedf9ff44d35ddf4ab9dd2ec59cd6f6522f18ed8ec0bb0a0420f,site_fold_2,all_eligible_657,0.10699416926448514,0.9604115193059903
seoul_flood_2024_00040,1,2024,571c211904d10956955b5efb4fa653d8e5f9f7eb62867184c400a15c68241389,site_fold_2,all_eligible_657,0.7163446511980303,0.9842239863851618
seoul_flood_2024_00113,1,2024,fbcf72bad940a495b5c781c0dacec95037e2444e074e00b823baaff2a70a2897,site_fold_0,all_eligible_657,0.2036375286635577,0.11574450684431419
seoul_flood_2024_00047,1,2024,17f667ebdcf62fddc91ad9b0250bb9b2adc97cb183d86891c48fee18be6e5cef,site_fold_1,all_eligible_657,0.48367481173182153,0.22989887679871154
seoul_flood_2024_00114,1,2024,6aed3ebb380da99b9ee22cdafb43ad80499c1bff6c3499d470dc7ee07d89c849,site_fold_2,all_eligible_657,0.19074695995658436,0.6761444107740903
seoul_flood_2024_00050,1,2024,45e0d39429832b452a4c887bb71b185d61412763fa2b471282d7f26b4d5b2a6d,site_fold_4,all_eligible_657,0.6214048680574985,0.6776551091841758
seoul_flood_2024_00115,1,2024,7738cfb0acdc52887fd9690f1d5b486d23901783ababf94e5884b74aebb7b7a6,site_fold_4,all_eligible_657,0.7240514138942952,0.96909295945526
seoul_flood_2024_00066,1,2024,3249f0c73043197204ff8e0eb2de32de25359d1a88ab3e65135ed05df3e17632,site_fold_4,all_eligible_657,0.7525977038611478,0.971477023619453
seoul_flood_2024_00116,1,2024,7d0ace58f1bf6a48eed8c62e46a71a458d0fecfa8f511947d46a0167e6837f9c,site_fold_2,all_eligible_657,0.14417925489178132,0.7272300006058304
seoul_flood_2024_00073,1,2024,287234d601433e40a271d9ddd26ead9f9308af2b1677c85e3834012d64e6e7d2,site_fold_3,all_eligible_657,0.5543388094810676,0.686102435347581
seoul_flood_2024_00117,1,2024,96bfd72b61bf954f2785d404c928759454d7b17f1b9112b500e5bef0de66965f,site_fold_3,all_eligible_657,0.8897180763911894,0.8503668001484092
seoul_flood_2024_00085,1,2024,3becba3274152e21c153ada0da15bb1d8f5a0a5aa386ebae6fe6064d468e125d,site_fold_4,all_eligible_657,0.6486314697240099,0.9983532000216684
seoul_flood_2024_00118,1,2024,08e8ba1a5228798be26cec1295ab372eef931328d892df9a0a6f83f388090f1f,site_fold_1,all_eligible_657,0.7479159866756648,0.8408465193410989
seoul_flood_2024_00087,1,2024,038885154917f49461b2bd823ed84f168eb6f07b4247e762aa3785177bf2f1a8,site_fold_4,all_eligible_657,0.7520197747827948,0.9740051021535083
seoul_flood_2024_00090,1,2024,e2021107777c58ae4753e65b214bcf759eb5dade508d589c0faa3ecf220f7db4,site_fold_0,all_eligible_657,0.5202340180428057,0.9995654637603445
seoul_flood_2024_00092,1,2024,9a1836775b51d543b83e763701479475aa2241ddd6420af60260e1c2994536b2,site_fold_0,all_eligible_657,0.7295108454046446,0.9732708762316311
seoul_flood_2024_00095,1,2024,5609876fb475b5f8749245964924f472f2921b55d27942248654e089174fcb3d,site_fold_3,all_eligible_657,0.7778989931420461,0.8482601761787638
bg_2017_0008,0,2017,e01f18c6157377aa8fea34d0849ee57ba81780ea6b458a684b38b58c1f249aa7,site_fold_1,all_eligible_657,0.0036343774891868766,0.011483286205575273
bg_2017_0012,0,2017,031f604ccd8decf0bc0c0f1b46d764f67618a666286b5ef046ba714fd32ce319,site_fold_2,all_eligible_657,0.0004743747179853446,0.0002149789397460562
bg_2017_0014,0,2017,96f4653cba9c5b8fffc448302fa973dfcae2a21030235ce4f086544c824fafd7,site_fold_0,all_eligible_657,0.00026542799992558926,0.00045601419812940874
bg_2017_0016,0,2017,b567922b1a6e50fee3cb576e2441824a9c83fd4dd5fac5d1c44c98d81360cfb7,site_fold_1,all_eligible_657,0.020246526227866563,0.09765614312294112
bg_2017_0019,0,2017,6edce6b5be5a6297cfc6785fe6eb1f9255b7a66545fc3bea508c64d379a86f22,site_fold_4,all_eligible_657,4.600469072429777e-06,1.5664622020421577e-06
bg_2017_0021,0,2017,a74f251b2c3000fafc6ffa15b42a8c8767d1d7f96385ec57c9a92bad2775d4d8,site_fold_2,all_eligible_657,1.1922394612151785e-05,0.01876544981350535
bg_2017_0023,0,2017,707cefe99fb18e837868489d84317ae20f18934da0f4afa2a1f2b42c41ecaec8,site_fold_1,all_eligible_657,0.00555265891497878,7.774450019239291e-05
bg_2017_0025,0,2017,7c6261366bf8edda64089f460e853aeaeda958dee0f29ba57605120c552ce3ad,site_fold_2,all_eligible_657,0.3830278402459831,0.0024688158818873644
bg_2017_0027,0,2017,07e4e2986cc515ff4959416c897bb00877a6b5e8b3b13ea6b922aa271b685181,site_fold_1,all_eligible_657,0.018581562857879493,0.001023473501959433
bg_2017_0029,0,2017,d85443019e270af275d8e6dd883eb545895d895bb3302685db5c485b48671cbe,site_fold_4,all_eligible_657,0.014316105307411542,0.22626060238744627
bg_2017_0031,0,2017,294277d42644ddf4e441a0ce7c53aca2bfa06820f022b5f34069e9a8a30356b2,site_fold_4,all_eligible_657,0.000537221765222073,0.00043242353973334296
bg_2017_0033,0,2017,21e62fc153d7c067a581956f9285d808728d0fbcc3f743972121ab385b7f240d,site_fold_3,all_eligible_657,0.44384581998516676,0.07630065609119839
bg_2017_0035,0,2017,84e4269b50220afc54cd94d366ce19c65299d35df850ceaee93eadc2d1fba7df,site_fold_2,all_eligible_657,0.0006644679265486901,0.13098083846322314
bg_2017_0037,0,2017,ec12ead14120d4fd24d16cabbbd241eb1d0fe9c16ad943805a4312845283d462,site_fold_4,all_eligible_657,0.23584596971768407,0.000248968124731072
bg_2017_0040,0,2017,b8e6d522bdee72713691c7fcf5a63989a868dfd95bd2cab5437e22511b06187d,site_fold_1,all_eligible_657,0.03952810414647396,0.00033089790999203927
bg_2017_0041,0,2017,2fd1ce506e821d00b2c7dc4f3c74578abf6a9aa737fc9b17501c9a890c7b32f4,site_fold_2,all_eligible_657,0.2169799342059786,0.0028537641716207818
bg_2017_0042,0,2017,c5c162e440897a82f0cf5001e5831e1ef3a67dfe6bf07a591a79a43cc3ff74f5,site_fold_1,all_eligible_657,0.01658058169680868,9.503590254176572e-05
bg_2017_0043,0,2017,3dc07fb46bf80b6eecd3b849850467fc614be95e21cbda76c3c7cdf7a7106cf4,site_fold_2,all_eligible_657,3.078237849464353e-05,1.2017184433291276e-05
bg_2017_0045,0,2017,5abac985a6deaa808eecb6a2742d5a724388c8f6c7ad871704b78b4066e386dc,site_fold_1,all_eligible_657,0.7770646003783264,0.34778116319324176
bg_2017_0047,0,2017,9b143e553b172de0a0dbcd667fcc44ff4424a8f9c8019d9c4a4518f7420b41af,site_fold_0,all_eligible_657,0.00013037347282064335,0.0010725964259536494
bg_2017_0049,0,2017,1a44f043ff970d264d22e596a5e8bcb7dd2eeaed1035fc9b3d7de0c36349a6e3,site_fold_3,all_eligible_657,0.5140548875088998,0.2621032329450629
bg_2017_0051,0,2017,748d2b899e4eb3beab4800bc94e8ff516e34ed0db3aef051813bec260a8670ce,site_fold_2,all_eligible_657,0.06697039512744865,0.024002687440552093
bg_2017_0052,0,2017,dcd99ae5f275a0be2458b09742536127a22d13b902bd53e5ac740a04f46f77f3,site_fold_3,all_eligible_657,0.1855702427099266,0.03042007322036305
bg_2017_0053,0,2017,ef5548ab378a0d6f1136921f787bedefcf308b5bf6f03841ab384a58392a796f,site_fold_3,all_eligible_657,0.0016882944756679227,3.2527700306251975e-06
bg_2017_0054,0,2017,8b97daeee954f5cf8ce99941964f6b69aafbd08ff670db5383f686bb16668c44,site_fold_1,all_eligible_657,0.061607377823703534,9.932333855194777e-05
bg_2017_0056,0,2017,dc2c073fab33fa44d4232f769c5e6003d6870f75c7967861a7b52e38d7c69572,site_fold_4,all_eligible_657,0.01316266750607418,0.2732091190378049
bg_2017_0057,0,2017,d40effa8069de0fc26ed37d2c749ab608986996e969ab3f7db4ee96472d380dc,site_fold_1,all_eligible_657,0.6467108249046782,0.28650407309208803
bg_2017_0058,0,2017,203ddd064d80fc0d4e7bff11a0776d9e93419a3a6037aa9adc2c7505290a1813,site_fold_4,all_eligible_657,0.04284967763016283,0.4746995341153196
bg_2017_0059,0,2017,f9a9ec68c6f1d2a1231e5e83d38745b60d61290ff74ac936aa8f0683822eb8eb,site_fold_0,all_eligible_657,0.5052981267961397,0.019185877817997424
bg_2017_0061,0,2017,320a5b870363bc27bd783e6d2b485a8d3972cfc67854a5a58639a25fc374f980,site_fold_0,all_eligible_657,1.7829114882510116e-05,9.220026515486885e-09
bg_2017_0062,0,2017,b72bc3515d6491d4fb990553794908030b77eceda6076312844c64f5685529fc,site_fold_4,all_eligible_657,0.35626845230982634,0.014124663467416297
bg_2017_0064,0,2017,7cf777b87c15c35cb12a26b7d8ad0f56654c2b75b6447578107c0cef8bdd2e29,site_fold_1,all_eligible_657,0.5784440714437085,0.5188317000753494
bg_2017_0065,0,2017,2ae3e4a48561eae2ac17dd839dccd2bfa7997585727481cf2cc5ad1a544cbb29,site_fold_3,all_eligible_657,0.0017789929475798402,0.002067067288587842
bg_2017_0066,0,2017,a5a2dc9c1dbe6d7af6f51645bd09cb467e8f7c186eb7d91b2a155cea8ae622ed,site_fold_3,all_eligible_657,0.05534819367381231,0.00018326000776399426
bg_2017_0067,0,2017,b687a30ed837278ff4dadcfdef30f40b2986a06c7c79ed57693b3e6b2b1a9d33,site_fold_4,all_eligible_657,0.6031131267544857,0.7508394517813262
bg_2017_0071,0,2017,48da3e414015f3351b42e87e9218a6ceaedce537a926ba13d8759590bdad9d81,site_fold_3,all_eligible_657,0.5710844559229769,0.5660857758989667
bg_2017_0072,0,2017,ea2e9240baa8efb8641cef5f652b1f430fd03b8bb6bdcae03cd85c7be7d79e6c,site_fold_1,all_eligible_657,0.39782854947854207,0.0044460319207610035
bg_2017_0073,0,2017,eb67dc3c4a6302c161ea7c937485d56e520ac962c08ed97fcd8cb6d32e101eed,site_fold_1,all_eligible_657,0.5546079425027008,0.03094481980173378
bg_2017_0074,0,2017,0661378a425c8a66c4aa539a6016f77d94444565f19a404c200d8da71d881e6f,site_fold_0,all_eligible_657,0.20911270090932765,0.0004951054972358056
bg_2017_0076,0,2017,b0bb5e94bbb58bef0707986a0b214f4618e10f100ec3660f7f792c139b83b7bf,site_fold_3,all_eligible_657,0.7967229348218721,0.008647664931751141
bg_2017_0078,0,2017,a5ca7d8f214e2cdbd499bf191e3ef82542d8fc7c4eb63c250906aecb6d052776,site_fold_1,all_eligible_657,0.02088596911329188,0.0003647386877931669
bg_2017_0079,0,2017,387293de0a4d2562776968a4c928898f0c153e19c243293da6f2314332ce8e09,site_fold_0,all_eligible_657,0.5953447218920658,0.00495162674819548
bg_2017_0081,0,2017,a79ec02ce4ac7963f73a96c80a4ea1fc557a0747a742e20e54654266ddade15f,site_fold_4,all_eligible_657,0.8129432437153612,0.9255541286084352
bg_2017_0082,0,2017,5535d9eaa37e4d1a7b852f0870d6bc9cf8d44c2c849c46b6e3bc123aea922f98,site_fold_0,all_eligible_657,0.9758634423790649,0.0013400732755685979
bg_2017_0083,0,2017,fe080c2d9abb132cc64d5557983b111ff97e3f58f287666fd5faa26bdb192287,site_fold_2,all_eligible_657,0.6619912794532199,0.15792499169606847
bg_2017_0085,0,2017,f3ce6092bb24123a060a0495483d50073de4e4ee953fe58bd28e219e1a83baa1,site_fold_3,all_eligible_657,0.008893989546510153,0.017627191022801053
bg_2017_0086,0,2017,2f8d0c0da0be361972dcf84753d6a3e08b6dad88a520b7d1a92b86f9b38320ac,site_fold_1,all_eligible_657,0.13606303977877032,0.009703522925362357
bg_2017_0088,0,2017,d948566b5d11292ec582eb153178eebb116e8d9e510bbbb560baf1319dcb07ea,site_fold_4,all_eligible_657,0.287639109783182,0.014058344955789621
bg_2017_0089,0,2017,30e0262a5079f27f544cfa11a50c2dac7696a1223e31b6a5743a25b88178f3f9,site_fold_1,all_eligible_657,0.5408245726020879,0.0881437470456722
bg_2017_0090,0,2017,0ea0ea06867904ade6f0cc97d06bcc3a15a536e081b0765ae05da45dd08c935e,site_fold_3,all_eligible_657,0.45852721596389817,0.27121295116994093
bg_2017_0091,0,2017,982618d21af830b045f8c249c93b9fe8c0ca46e8eef0f38a41b858d40f182133,site_fold_1,all_eligible_657,0.5395038632263541,0.29901374740397485
bg_2017_0092,0,2017,1329ca34dd0aa22bba0143275ea656df9883ad433541073bcd4a263e3256d123,site_fold_3,all_eligible_657,0.3144366433881616,0.2764828245599516
bg_2017_0093,0,2017,39af272ed4011f905c7675ca8e5251a45ad8be334a928f57454f06824c57b67d,site_fold_1,all_eligible_657,0.4393980408659262,0.0114711791532691
bg_2017_0098,0,2017,09cec87c34c3457792131d98f4e5ea7c0de72227cb164719da0895a2dd49e29f,site_fold_4,all_eligible_657,0.013532144087693898,0.21255619325608013
bg_2017_0099,0,2017,eab8096d803acb18cc201f6ace31bbda179073d5e6a99e0d73d2ec05bccdf772,site_fold_0,all_eligible_657,0.06831086916989274,0.00045747242704472256
bg_2017_0101,0,2017,0e3e2e1f0d7500e89ab5386ac3395e82b86d098339e82b63a4f96b3de677403b,site_fold_4,all_eligible_657,0.182521775326418,0.00406046462993889
bg_2017_0102,0,2017,d083f6498d7fbd2e9d25a6ad0b6797fb6e2c24cc6ad3d7ca5f9713008c86dd50,site_fold_1,all_eligible_657,0.0373818642234252,4.9211971348494816e-05
bg_2017_0103,0,2017,094fe38ba748a64e5efdec7fb8286b4be6aadc362ada39934354d5551a5da3d0,site_fold_3,all_eligible_657,0.11798848257611327,0.010500552813231078
bg_2017_0104,0,2017,381d18bd61e34cf882bdfdf6012481b10927e35d12e6647db1266ea9a179de4a,site_fold_0,all_eligible_657,0.0009641116051560553,0.027717975941581867
bg_2017_0105,0,2017,5bb0f3030646a3eca15b3c715c0a2cc5c67d8a64036f4b26e788799479fcac9b,site_fold_4,all_eligible_657,0.6588262727264983,0.07671789756584793
bg_2017_0107,0,2017,121ca7306a2ae0103033e3004279ef3e80366ab277effbd7df933cd44df93378,site_fold_4,all_eligible_657,0.888347607397307,0.35356604434130445
bg_2017_0110,0,2017,fe94a8a6361778f583248af09d52d2f8beaeed2c3a1047494990e54232abf263,site_fold_3,all_eligible_657,0.49734209388194256,0.5100758792248917
bg_2017_0112,0,2017,9b8cfb8dd01fd7117ec530b8b1be50f430e0bba381744f956eee96179adeacee,site_fold_1,all_eligible_657,0.880586568646544,0.9490137045391064
bg_2017_0113,0,2017,574a670bce4623563698b796be6af8072c206bfd8806e5f36ff822a332eff57b,site_fold_2,all_eligible_657,0.12897654251558793,0.4897961898404423
bg_2017_0114,0,2017,cbf698a2629e0c40badff8fdce66678097136d982ad6e328f5e174702db1ac72,site_fold_1,all_eligible_657,0.08479886430409125,1.0604199255090528e-05
bg_2017_0115,0,2017,48ba22de3d6960040834837c9f93bad7da1ff9aa12c70c28cf23329daa5556b9,site_fold_0,all_eligible_657,0.2746562139071363,0.0012308710607277801
bg_2017_0116,0,2017,b89dc14cbabd117f4baa55fee005974d32ebb678421d282b6faf5919d4c5513d,site_fold_0,all_eligible_657,0.012691129415711731,0.03506472994955219
bg_2017_0117,0,2017,259d5e4e331efc426e8d5cb37d174767fad44812d9c8aac2673f920f15e78ad6,site_fold_0,all_eligible_657,0.573673735976193,5.801045041148485e-05
bg_2017_0118,0,2017,8e82547d47b9be467e201fcc7a5aecc54c71aded64e0ac980099b8678439acd8,site_fold_4,all_eligible_657,0.4634138645993034,0.0005184863788800072
bg_2017_0120,0,2017,1cdab643d1b940b0693fcbf08e8a99e52473b61131de923eb8b284c32f00c4d4,site_fold_3,all_eligible_657,0.32731269025548904,0.007857132238553725
bg_2017_0122,0,2017,bf6cb7c3b436132579c4c247e107989902b49e1a3a297a787f54b840578a302e,site_fold_3,all_eligible_657,0.13399681835578234,0.00020756938135060168
bg_2017_0124,0,2017,74a593ab813090c62b6028480a668a3959fb4e059bcc73876ed08db88d30bda2,site_fold_1,all_eligible_657,0.01287082255584154,0.006428247201744925
bg_2017_0125,0,2017,669228cb6311c26fa81b0cc72a9f043cf099e2aec5da6174c5343570362b53f9,site_fold_4,all_eligible_657,0.0014327409409005635,0.5955037732417434
bg_2017_0129,0,2017,9d517f55ae5613be7e9c1f546afa3a8453196835262a2da69354022e181623af,site_fold_1,all_eligible_657,0.5717895630555799,0.13937220842621798
bg_2017_0130,0,2017,30fc7f1fd06b41eaa1cbfba3302ccf7b637fb6b97d364777008dcc7203e27e88,site_fold_3,all_eligible_657,0.5556172375997736,0.939305090583528
bg_2017_0131,0,2017,c70088b5f5ed553ac8d54c56b48c1be5b90a722246b8993e86f8ab252abee2b8,site_fold_2,all_eligible_657,0.5732151333614728,0.6320508536212439
bg_2017_0133,0,2017,f4be26be42aa63779b31705fdb787991f04b62cc376f4011ad45d4e46a90aadc,site_fold_3,all_eligible_657,0.7839450503071467,0.0039513101435899155
bg_2017_0135,0,2017,d4a9a61f6e816b947950df9ce5dcf1ba5199c097b89c4e2ff3146444ea11cb5e,site_fold_0,all_eligible_657,0.2696400095646784,0.5633603973866332
bg_2017_0137,0,2017,b1c60d3479151c265d732f1691c8965b5045f9f996bc435e7cc5093bbabaa7ca,site_fold_0,all_eligible_657,0.4081735970096625,5.775505729020525e-06
bg_2017_0138,0,2017,8c4da60d1d75cffc9bd0bb476c0dc48b8024afb93b7ec5dce86a348e4a515c7e,site_fold_1,all_eligible_657,0.0011466602760222336,0.06980227918654026
bg_2017_0140,0,2017,25491912f96991025541d5f5da5a1ed06d902fbef16223d74ebe72a74b2706c0,site_fold_0,all_eligible_657,0.18090942485380476,0.032634297933388935
bg_2017_0142,0,2017,27cf11d64439127707db65caff07bd9f503a61a6427d56ac8b3df0c792261c04,site_fold_2,all_eligible_657,1.7640754914414263e-19,5.931599371588285e-25
bg_2017_0144,0,2017,48a8d4b27be3f5a3d567610c033ac715c6277500103c9ec2d712f0b3bd427f0b,site_fold_4,all_eligible_657,0.6808064567329454,0.5025879510119059
bg_2017_0146,0,2017,e889077796f75a8bf06a0218348506ff1aa58361a026a2158158d33545d8f8e8,site_fold_4,all_eligible_657,0.610903672354177,0.2718968309589161
bg_2017_0148,0,2017,7e9ec81c8ea1517e7c97d3f130bd8da15eded8367199dea08912d7fec27678bc,site_fold_4,all_eligible_657,0.7874988140683432,0.26079621435102557
bg_2017_0150,0,2017,2d514b854a9419024c44d135af3eff0d5ec793684c36bece8e6471bba25f3d4b,site_fold_2,all_eligible_657,0.0018907478230428968,0.012108122604892505
bg_2017_0152,0,2017,ce81223ed4abc36fdbbc236f8ffb7d0ee9ea969f12ac8750196c90345354cd48,site_fold_1,all_eligible_657,0.014183900276609608,7.572207684687438e-05
bg_2017_0154,0,2017,eaa88e45dc34bbc37c2c1c462247981c702e40fc4de264f8bfd709abb71da6d3,site_fold_2,all_eligible_657,0.05895637440543461,0.14683226000999225
bg_2017_0155,0,2017,37a1b32ea4828c6949829c840f5a2c1015383861dcde49e417670a4242964123,site_fold_1,all_eligible_657,0.05908797597987149,4.363772790432091e-05
bg_2017_0157,0,2017,10931396412cd75603aea0d3abeeaa86eab99d3b921d1b092b41bbab3e6b3ef3,site_fold_3,all_eligible_657,0.580254401370081,0.0012631591253416464
bg_2017_0161,0,2017,d49b5fbc9ceb41ca0416f4cdb698a4166b7a68f5b61831b3c486481ab9266d59,site_fold_0,all_eligible_657,0.6146190423429965,0.3302209500147314
bg_2017_0163,0,2017,aa4923f93f3935d9017a178e2e2a00c39f8bda9e0d5768ff25899acb453cfe4f,site_fold_4,all_eligible_657,0.6192415551638686,0.3521353856523133
bg_2017_0165,0,2017,d2fe77c5494009de82c48b234cc00ce5e962100afef8729763eebcde1fdb3ee6,site_fold_4,all_eligible_657,0.5161457372527819,0.0011233844234980258
bg_2017_0167,0,2017,4a3e32b2592c4bca0306e12810e632bbc064edd22a18e37cda46c14b345b44bb,site_fold_3,all_eligible_657,0.017155751563627933,0.00028465357292668586
bg_2017_0176,0,2017,f2237c29d27bd0b5346f0be444cdf4b5a741aa2fba630c9086b59654a04a210f,site_fold_2,all_eligible_657,0.1985609041699378,0.00018412149950606388
bg_2017_0178,0,2017,e61f9b395ebe806bb4173411398360588d9e72421527f2deafa2fdbbbb195b65,site_fold_4,all_eligible_657,0.35437948703524674,0.665417852651924
bg_2017_0180,0,2017,a113ed2181e2dafdd3bd4c517c782ea37e2fc64120cbcccfd433bc0ea0d1188c,site_fold_2,all_eligible_657,0.001616888021844778,0.00012160132552977752
bg_2017_0182,0,2017,338e23f9b352e3105dbde6ef929db218b89c42bef0ff3192ba71868dc1c03e11,site_fold_1,all_eligible_657,0.49384469452861224,0.1615427963594261
bg_2017_0191,0,2017,cbc1c3c2479947688ce7ff97d13516aff256f9ff10811bac671aee0b4c32337a,site_fold_4,all_eligible_657,0.0020013262904187137,0.0012515793494437503
bg_2017_0193,0,2017,61dbfdd28521f9308c90c25b11338b8d4a84bcf61abdb389858a2ac8ee611700,site_fold_3,all_eligible_657,0.4002447121572714,0.13766890303517218
bg_2017_0195,0,2017,84ed77966a29277f09a9d25467f5d8ab0f66d8e58892bfa6b237ad9a9a82cd74,site_fold_2,all_eligible_657,0.0002789476068828089,0.06518320270578203
bg_2017_0197,0,2017,085eb8211e0d2e935d23d26841e01d26a6fd4d394c7185918f5965368be91c14,site_fold_4,all_eligible_657,0.9418959325739982,0.7520252852234298
bg_2017_0199,0,2017,83039e54e1fa37ee25521fbe29d0a288ee1d48abb96cc75dc80796ea6e46a80e,site_fold_3,all_eligible_657,0.016820003797267943,0.004517793730475944
bg_2017_0208,0,2017,7fcd19c49f8ef373af77d30b6ea657701de171b59c2cc99c492381c7fa79eb53,site_fold_2,all_eligible_657,0.0007346010337036826,3.396684333242298e-08
bg_2017_0210,0,2017,81ecec5ea53df338cb8dec8a3d93efdf89b240e40ceb46e53c9c62deeb7134ad,site_fold_4,all_eligible_657,0.45054331028029,0.550840078294179
bg_2017_0212,0,2017,d62a426cec03061a92b4b16ff9276a42c85c45c9bef3ede5653bbbd82d16c4a6,site_fold_1,all_eligible_657,0.24032644502138556,0.0001233894140712553
bg_2017_0214,0,2017,adcf989dc565c016087934f1ab4ba3b574fbe4b87d6ce6c4c0efac4ac2994595,site_fold_3,all_eligible_657,0.7208362636152847,0.7910057393215187
bg_2017_0227,0,2017,f6e58d1a82b10079ee37183b7cf9cacaf6d4a553dd204c84c7040b1b90f871aa,site_fold_3,all_eligible_657,7.871508345325346e-05,5.267731268320121e-06
bg_2017_0229,0,2017,571d300f79ea95c93212637680e248e7f42521541f8f5180c48bc4344a8082b1,site_fold_1,all_eligible_657,0.0025592692881526574,0.0008741284979170658
bg_2018_0008,0,2018,e01f18c6157377aa8fea34d0849ee57ba81780ea6b458a684b38b58c1f249aa7,site_fold_1,all_eligible_657,0.002182364457397969,0.013367756581579095
bg_2018_0012,0,2018,031f604ccd8decf0bc0c0f1b46d764f67618a666286b5ef046ba714fd32ce319,site_fold_2,all_eligible_657,0.0003736336306008092,0.0001407212318179341
bg_2018_0014,0,2018,96f4653cba9c5b8fffc448302fa973dfcae2a21030235ce4f086544c824fafd7,site_fold_0,all_eligible_657,0.00016793740999748163,0.00018115053503725448
bg_2018_0016,0,2018,b567922b1a6e50fee3cb576e2441824a9c83fd4dd5fac5d1c44c98d81360cfb7,site_fold_1,all_eligible_657,0.00944663414337659,0.09790420269891878
bg_2018_0019,0,2018,6edce6b5be5a6297cfc6785fe6eb1f9255b7a66545fc3bea508c64d379a86f22,site_fold_4,all_eligible_657,2.8462593530191506e-06,1.2742576605045114e-06
bg_2018_0021,0,2018,a74f251b2c3000fafc6ffa15b42a8c8767d1d7f96385ec57c9a92bad2775d4d8,site_fold_2,all_eligible_657,3.2091767470746956e-05,0.0020151570510742144
bg_2018_0023,0,2018,707cefe99fb18e837868489d84317ae20f18934da0f4afa2a1f2b42c41ecaec8,site_fold_1,all_eligible_657,0.0013701329208911962,4.223713117574028e-06
bg_2018_0025,0,2018,7c6261366bf8edda64089f460e853aeaeda958dee0f29ba57605120c552ce3ad,site_fold_2,all_eligible_657,0.2775822110839197,0.03359706900027303
bg_2018_0027,0,2018,07e4e2986cc515ff4959416c897bb00877a6b5e8b3b13ea6b922aa271b685181,site_fold_1,all_eligible_657,0.012944265022671103,0.0009274868292098725
bg_2018_0029,0,2018,d85443019e270af275d8e6dd883eb545895d895bb3302685db5c485b48671cbe,site_fold_4,all_eligible_657,0.01019282053118402,0.3198614603338922
bg_2018_0031,0,2018,294277d42644ddf4e441a0ce7c53aca2bfa06820f022b5f34069e9a8a30356b2,site_fold_4,all_eligible_657,0.00025670856993856907,0.00023919488882310062
bg_2018_0033,0,2018,21e62fc153d7c067a581956f9285d808728d0fbcc3f743972121ab385b7f240d,site_fold_3,all_eligible_657,0.5248692759200356,0.03977464479620226
bg_2018_0035,0,2018,84e4269b50220afc54cd94d366ce19c65299d35df850ceaee93eadc2d1fba7df,site_fold_2,all_eligible_657,0.00030119999727232504,0.0041944568200376516
bg_2018_0037,0,2018,ec12ead14120d4fd24d16cabbbd241eb1d0fe9c16ad943805a4312845283d462,site_fold_4,all_eligible_657,0.25563113589011166,0.0007671801400856671
bg_2018_0040,0,2018,b8e6d522bdee72713691c7fcf5a63989a868dfd95bd2cab5437e22511b06187d,site_fold_1,all_eligible_657,0.10079270513431489,0.004416031291669587
bg_2018_0041,0,2018,2fd1ce506e821d00b2c7dc4f3c74578abf6a9aa737fc9b17501c9a890c7b32f4,site_fold_2,all_eligible_657,0.24708407797456752,0.011940331483397001
bg_2018_0042,0,2018,c5c162e440897a82f0cf5001e5831e1ef3a67dfe6bf07a591a79a43cc3ff74f5,site_fold_1,all_eligible_657,0.20635656644459396,0.0013467324758849471
bg_2018_0043,0,2018,3dc07fb46bf80b6eecd3b849850467fc614be95e21cbda76c3c7cdf7a7106cf4,site_fold_2,all_eligible_657,1.1439935736241977e-05,6.122968202008198e-06
bg_2018_0045,0,2018,5abac985a6deaa808eecb6a2742d5a724388c8f6c7ad871704b78b4066e386dc,site_fold_1,all_eligible_657,0.7342214214486871,0.48317380043201325
bg_2018_0047,0,2018,9b143e553b172de0a0dbcd667fcc44ff4424a8f9c8019d9c4a4518f7420b41af,site_fold_0,all_eligible_657,0.0006754909653212606,0.003614970737395595
bg_2018_0049,0,2018,1a44f043ff970d264d22e596a5e8bcb7dd2eeaed1035fc9b3d7de0c36349a6e3,site_fold_3,all_eligible_657,0.401674413942553,0.47471857961356345
bg_2018_0051,0,2018,748d2b899e4eb3beab4800bc94e8ff516e34ed0db3aef051813bec260a8670ce,site_fold_2,all_eligible_657,0.10289182263662097,0.07621939271227042
bg_2018_0052,0,2018,dcd99ae5f275a0be2458b09742536127a22d13b902bd53e5ac740a04f46f77f3,site_fold_3,all_eligible_657,0.2517877451410375,0.05721608126550573
bg_2018_0053,0,2018,ef5548ab378a0d6f1136921f787bedefcf308b5bf6f03841ab384a58392a796f,site_fold_3,all_eligible_657,0.0020246101682495025,2.2563504903010293e-07
bg_2018_0054,0,2018,8b97daeee954f5cf8ce99941964f6b69aafbd08ff670db5383f686bb16668c44,site_fold_1,all_eligible_657,0.22303240241095276,0.009744196004039335
bg_2018_0056,0,2018,dc2c073fab33fa44d4232f769c5e6003d6870f75c7967861a7b52e38d7c69572,site_fold_4,all_eligible_657,0.017435646181323206,0.7254495092158371
bg_2018_0057,0,2018,d40effa8069de0fc26ed37d2c749ab608986996e969ab3f7db4ee96472d380dc,site_fold_1,all_eligible_657,0.445015837209717,0.3343672008454726
bg_2018_0058,0,2018,203ddd064d80fc0d4e7bff11a0776d9e93419a3a6037aa9adc2c7505290a1813,site_fold_4,all_eligible_657,0.06594749353813224,0.566944477018934
bg_2018_0059,0,2018,f9a9ec68c6f1d2a1231e5e83d38745b60d61290ff74ac936aa8f0683822eb8eb,site_fold_0,all_eligible_657,0.5345165591420779,0.22349990914048753
bg_2018_0061,0,2018,320a5b870363bc27bd783e6d2b485a8d3972cfc67854a5a58639a25fc374f980,site_fold_0,all_eligible_657,3.022940892616677e-05,1.28813861897035e-06
bg_2018_0062,0,2018,b72bc3515d6491d4fb990553794908030b77eceda6076312844c64f5685529fc,site_fold_4,all_eligible_657,0.4046693591032924,0.05134839591455288
bg_2018_0064,0,2018,7cf777b87c15c35cb12a26b7d8ad0f56654c2b75b6447578107c0cef8bdd2e29,site_fold_1,all_eligible_657,0.6002218968916254,0.7439691007776507
bg_2018_0065,0,2018,2ae3e4a48561eae2ac17dd839dccd2bfa7997585727481cf2cc5ad1a544cbb29,site_fold_3,all_eligible_657,0.0007432365235537432,0.0002256026208486439
bg_2018_0066,0,2018,a5a2dc9c1dbe6d7af6f51645bd09cb467e8f7c186eb7d91b2a155cea8ae622ed,site_fold_3,all_eligible_657,0.11288971333355352,0.00029261954986999674
bg_2018_0067,0,2018,b687a30ed837278ff4dadcfdef30f40b2986a06c7c79ed57693b3e6b2b1a9d33,site_fold_4,all_eligible_657,0.5958378877785275,0.7221162879639885
bg_2018_0069,0,2018,19b54b72bdde6c4bd3cbe2546f3414a4ff56cd60d6a2bcdf3d6f1f199e8b9a7a,site_fold_2,all_eligible_657,0.32866923823731137,0.008009677117942551
bg_2018_0071,0,2018,48da3e414015f3351b42e87e9218a6ceaedce537a926ba13d8759590bdad9d81,site_fold_3,all_eligible_657,0.7200114960145765,0.7504267352310512
bg_2018_0072,0,2018,ea2e9240baa8efb8641cef5f652b1f430fd03b8bb6bdcae03cd85c7be7d79e6c,site_fold_1,all_eligible_657,0.42566180423483735,0.0043693868446078995
bg_2018_0073,0,2018,eb67dc3c4a6302c161ea7c937485d56e520ac962c08ed97fcd8cb6d32e101eed,site_fold_1,all_eligible_657,0.6069808283422895,0.2458175277969564
bg_2018_0074,0,2018,0661378a425c8a66c4aa539a6016f77d94444565f19a404c200d8da71d881e6f,site_fold_0,all_eligible_657,0.2662097809256086,0.00506400257367817
bg_2018_0075,0,2018,c1f90f1983b063e2d466b9b1bebe90d7fc37a3d7d52615c416a054934dc3850f,site_fold_4,all_eligible_657,0.723269770751522,0.13606095395673487
bg_2018_0076,0,2018,b0bb5e94bbb58bef0707986a0b214f4618e10f100ec3660f7f792c139b83b7bf,site_fold_3,all_eligible_657,0.727672096566933,0.006379672394789817
bg_2018_0078,0,2018,a5ca7d8f214e2cdbd499bf191e3ef82542d8fc7c4eb63c250906aecb6d052776,site_fold_1,all_eligible_657,0.013360942016790011,1.4562594079988928e-05
bg_2018_0079,0,2018,387293de0a4d2562776968a4c928898f0c153e19c243293da6f2314332ce8e09,site_fold_0,all_eligible_657,0.6142044700235517,0.005155819681419147
bg_2018_0080,0,2018,e647221675ed4239c7ecfb607d39fbe04e5956323af3be0aa98f0d64ac923420,site_fold_2,all_eligible_657,0.8362171295963516,0.0504189173431655
bg_2018_0081,0,2018,a79ec02ce4ac7963f73a96c80a4ea1fc557a0747a742e20e54654266ddade15f,site_fold_4,all_eligible_657,0.8057707682175319,0.6098389952529707
bg_2018_0082,0,2018,5535d9eaa37e4d1a7b852f0870d6bc9cf8d44c2c849c46b6e3bc123aea922f98,site_fold_0,all_eligible_657,0.9687814900574773,0.0024811661365094356
bg_2018_0083,0,2018,fe080c2d9abb132cc64d5557983b111ff97e3f58f287666fd5faa26bdb192287,site_fold_2,all_eligible_657,0.6891318022211637,0.045320464206293265
bg_2018_0085,0,2018,f3ce6092bb24123a060a0495483d50073de4e4ee953fe58bd28e219e1a83baa1,site_fold_3,all_eligible_657,0.007629431941132869,0.009830963816765577
bg_2018_0086,0,2018,2f8d0c0da0be361972dcf84753d6a3e08b6dad88a520b7d1a92b86f9b38320ac,site_fold_1,all_eligible_657,0.22490814028032913,0.002954317904650679
bg_2018_0088,0,2018,d948566b5d11292ec582eb153178eebb116e8d9e510bbbb560baf1319dcb07ea,site_fold_4,all_eligible_657,0.26373602232715243,0.030287254630547683
bg_2018_0089,0,2018,30e0262a5079f27f544cfa11a50c2dac7696a1223e31b6a5743a25b88178f3f9,site_fold_1,all_eligible_657,0.5682423058472722,0.029680252027655715
bg_2018_0090,0,2018,0ea0ea06867904ade6f0cc97d06bcc3a15a536e081b0765ae05da45dd08c935e,site_fold_3,all_eligible_657,0.5271603668663578,0.3567176640389894
bg_2018_0091,0,2018,982618d21af830b045f8c249c93b9fe8c0ca46e8eef0f38a41b858d40f182133,site_fold_1,all_eligible_657,0.5656202802228906,0.7240259542979702
bg_2018_0092,0,2018,1329ca34dd0aa22bba0143275ea656df9883ad433541073bcd4a263e3256d123,site_fold_3,all_eligible_657,0.3023178468240163,0.3737698931229938
bg_2018_0093,0,2018,39af272ed4011f905c7675ca8e5251a45ad8be334a928f57454f06824c57b67d,site_fold_1,all_eligible_657,0.6490224330052062,0.35714442592211537
bg_2018_0098,0,2018,09cec87c34c3457792131d98f4e5ea7c0de72227cb164719da0895a2dd49e29f,site_fold_4,all_eligible_657,0.013700166657141903,0.16988499881734329
bg_2018_0099,0,2018,eab8096d803acb18cc201f6ace31bbda179073d5e6a99e0d73d2ec05bccdf772,site_fold_0,all_eligible_657,0.09605672071397843,0.00044989708369894073
bg_2018_0101,0,2018,0e3e2e1f0d7500e89ab5386ac3395e82b86d098339e82b63a4f96b3de677403b,site_fold_4,all_eligible_657,0.1846143209996629,0.00861592431395172
bg_2018_0102,0,2018,d083f6498d7fbd2e9d25a6ad0b6797fb6e2c24cc6ad3d7ca5f9713008c86dd50,site_fold_1,all_eligible_657,0.033805908276332786,5.743177550525093e-05
bg_2018_0103,0,2018,094fe38ba748a64e5efdec7fb8286b4be6aadc362ada39934354d5551a5da3d0,site_fold_3,all_eligible_657,0.17742752348039548,0.06177797589727467
bg_2018_0104,0,2018,381d18bd61e34cf882bdfdf6012481b10927e35d12e6647db1266ea9a179de4a,site_fold_0,all_eligible_657,0.0008710290400244186,0.006199333849126373
bg_2018_0105,0,2018,5bb0f3030646a3eca15b3c715c0a2cc5c67d8a64036f4b26e788799479fcac9b,site_fold_4,all_eligible_657,0.6571079505295169,0.21021389010680647
bg_2018_0107,0,2018,121ca7306a2ae0103033e3004279ef3e80366ab277effbd7df933cd44df93378,site_fold_4,all_eligible_657,0.75562774692026,0.3671497913856698
bg_2018_0110,0,2018,fe94a8a6361778f583248af09d52d2f8beaeed2c3a1047494990e54232abf263,site_fold_3,all_eligible_657,0.5084617748508579,0.43245952025887713
bg_2018_0112,0,2018,9b8cfb8dd01fd7117ec530b8b1be50f430e0bba381744f956eee96179adeacee,site_fold_1,all_eligible_657,0.80121741149076,0.9621060855600141
bg_2018_0113,0,2018,574a670bce4623563698b796be6af8072c206bfd8806e5f36ff822a332eff57b,site_fold_2,all_eligible_657,0.13574920835727286,0.8524606174954049
bg_2018_0114,0,2018,cbf698a2629e0c40badff8fdce66678097136d982ad6e328f5e174702db1ac72,site_fold_1,all_eligible_657,0.11289521428834025,0.0001517861850615191
bg_2018_0115,0,2018,48ba22de3d6960040834837c9f93bad7da1ff9aa12c70c28cf23329daa5556b9,site_fold_0,all_eligible_657,0.3725754147299414,0.017485880659957164
bg_2018_0116,0,2018,b89dc14cbabd117f4baa55fee005974d32ebb678421d282b6faf5919d4c5513d,site_fold_0,all_eligible_657,0.07937608846339403,0.6131917020730835
bg_2018_0117,0,2018,259d5e4e331efc426e8d5cb37d174767fad44812d9c8aac2673f920f15e78ad6,site_fold_0,all_eligible_657,0.6241418289129811,0.00021962069503199814
bg_2018_0118,0,2018,8e82547d47b9be467e201fcc7a5aecc54c71aded64e0ac980099b8678439acd8,site_fold_4,all_eligible_657,0.4409062417658108,0.0019587600645849393
bg_2018_0120,0,2018,1cdab643d1b940b0693fcbf08e8a99e52473b61131de923eb8b284c32f00c4d4,site_fold_3,all_eligible_657,0.3175180173691401,0.1359091470847318
bg_2018_0122,0,2018,bf6cb7c3b436132579c4c247e107989902b49e1a3a297a787f54b840578a302e,site_fold_3,all_eligible_657,0.1674894674798462,0.0007300181722250234
bg_2018_0124,0,2018,74a593ab813090c62b6028480a668a3959fb4e059bcc73876ed08db88d30bda2,site_fold_1,all_eligible_657,0.007854495489161067,0.0012780668679273947
bg_2018_0125,0,2018,669228cb6311c26fa81b0cc72a9f043cf099e2aec5da6174c5343570362b53f9,site_fold_4,all_eligible_657,0.0014618899598012726,0.5289955527737691
bg_2018_0129,0,2018,9d517f55ae5613be7e9c1f546afa3a8453196835262a2da69354022e181623af,site_fold_1,all_eligible_657,0.6367020649057303,0.3333686377150016
bg_2018_0130,0,2018,30fc7f1fd06b41eaa1cbfba3302ccf7b637fb6b97d364777008dcc7203e27e88,site_fold_3,all_eligible_657,0.5662639510654546,0.8436761531074988
bg_2018_0131,0,2018,c70088b5f5ed553ac8d54c56b48c1be5b90a722246b8993e86f8ab252abee2b8,site_fold_2,all_eligible_657,0.634664958864498,0.9284246417930067
bg_2018_0133,0,2018,f4be26be42aa63779b31705fdb787991f04b62cc376f4011ad45d4e46a90aadc,site_fold_3,all_eligible_657,0.7362980389661391,0.015074082565795977
bg_2018_0135,0,2018,d4a9a61f6e816b947950df9ce5dcf1ba5199c097b89c4e2ff3146444ea11cb5e,site_fold_0,all_eligible_657,0.2322344130310548,0.7988534393699911
bg_2018_0137,0,2018,b1c60d3479151c265d732f1691c8965b5045f9f996bc435e7cc5093bbabaa7ca,site_fold_0,all_eligible_657,0.4414457876053921,4.208332157177645e-05
bg_2018_0138,0,2018,8c4da60d1d75cffc9bd0bb476c0dc48b8024afb93b7ec5dce86a348e4a515c7e,site_fold_1,all_eligible_657,0.0005410005639044714,0.006900806582330029
bg_2018_0140,0,2018,25491912f96991025541d5f5da5a1ed06d902fbef16223d74ebe72a74b2706c0,site_fold_0,all_eligible_657,0.2974909074893093,0.2305529624017235
bg_2018_0142,0,2018,27cf11d64439127707db65caff07bd9f503a61a6427d56ac8b3df0c792261c04,site_fold_2,all_eligible_657,2.2406537518361434e-19,6.066299082519305e-23
bg_2018_0144,0,2018,48a8d4b27be3f5a3d567610c033ac715c6277500103c9ec2d712f0b3bd427f0b,site_fold_4,all_eligible_657,0.788030995687399,0.8020497421374503
bg_2018_0146,0,2018,e889077796f75a8bf06a0218348506ff1aa58361a026a2158158d33545d8f8e8,site_fold_4,all_eligible_657,0.7378210362265039,0.6186156459781996
bg_2018_0148,0,2018,7e9ec81c8ea1517e7c97d3f130bd8da15eded8367199dea08912d7fec27678bc,site_fold_4,all_eligible_657,0.8119030041438005,0.6557455869291166
bg_2018_0150,0,2018,2d514b854a9419024c44d135af3eff0d5ec793684c36bece8e6471bba25f3d4b,site_fold_2,all_eligible_657,0.001183196010832562,0.00048355123151106984
bg_2018_0152,0,2018,ce81223ed4abc36fdbbc236f8ffb7d0ee9ea969f12ac8750196c90345354cd48,site_fold_1,all_eligible_657,0.007701195986862227,2.914383187949472e-05
bg_2018_0154,0,2018,eaa88e45dc34bbc37c2c1c462247981c702e40fc4de264f8bfd709abb71da6d3,site_fold_2,all_eligible_657,0.10233904142272356,0.4253462855006252
bg_2018_0155,0,2018,37a1b32ea4828c6949829c840f5a2c1015383861dcde49e417670a4242964123,site_fold_1,all_eligible_657,0.04342203188405849,0.00020035072304340536
bg_2018_0157,0,2018,10931396412cd75603aea0d3abeeaa86eab99d3b921d1b092b41bbab3e6b3ef3,site_fold_3,all_eligible_657,0.6302903512456428,0.0027812120585282464
bg_2018_0161,0,2018,d49b5fbc9ceb41ca0416f4cdb698a4166b7a68f5b61831b3c486481ab9266d59,site_fold_0,all_eligible_657,0.7403977776233672,0.9471275148218125
bg_2018_0163,0,2018,aa4923f93f3935d9017a178e2e2a00c39f8bda9e0d5768ff25899acb453cfe4f,site_fold_4,all_eligible_657,0.6554702911673358,0.6909733190595339
bg_2018_0165,0,2018,d2fe77c5494009de82c48b234cc00ce5e962100afef8729763eebcde1fdb3ee6,site_fold_4,all_eligible_657,0.5393522689341279,0.01202338904542367
bg_2018_0167,0,2018,4a3e32b2592c4bca0306e12810e632bbc064edd22a18e37cda46c14b345b44bb,site_fold_3,all_eligible_657,0.003953129252783869,0.00011862093289915002
bg_2018_0176,0,2018,f2237c29d27bd0b5346f0be444cdf4b5a741aa2fba630c9086b59654a04a210f,site_fold_2,all_eligible_657,0.10941500080760701,0.004412942436149561
bg_2018_0178,0,2018,e61f9b395ebe806bb4173411398360588d9e72421527f2deafa2fdbbbb195b65,site_fold_4,all_eligible_657,0.47725247053152015,0.9179710923779809
bg_2018_0180,0,2018,a113ed2181e2dafdd3bd4c517c782ea37e2fc64120cbcccfd433bc0ea0d1188c,site_fold_2,all_eligible_657,0.0015077972837127163,0.00019600153267993552
bg_2018_0182,0,2018,338e23f9b352e3105dbde6ef929db218b89c42bef0ff3192ba71868dc1c03e11,site_fold_1,all_eligible_657,0.5018042080118165,0.26510524739482116
bg_2018_0191,0,2018,cbc1c3c2479947688ce7ff97d13516aff256f9ff10811bac671aee0b4c32337a,site_fold_4,all_eligible_657,0.0010785174568756569,0.0035342627461789292
bg_2018_0193,0,2018,61dbfdd28521f9308c90c25b11338b8d4a84bcf61abdb389858a2ac8ee611700,site_fold_3,all_eligible_657,0.35949588663877446,0.44633523120548874
bg_2018_0195,0,2018,84ed77966a29277f09a9d25467f5d8ab0f66d8e58892bfa6b237ad9a9a82cd74,site_fold_2,all_eligible_657,0.00015276301855241453,0.0077346438582743616
bg_2018_0197,0,2018,085eb8211e0d2e935d23d26841e01d26a6fd4d394c7185918f5965368be91c14,site_fold_4,all_eligible_657,0.8836928069828807,0.926364539449703
bg_2018_0199,0,2018,83039e54e1fa37ee25521fbe29d0a288ee1d48abb96cc75dc80796ea6e46a80e,site_fold_3,all_eligible_657,0.014816554188452935,0.0017778172566661164
bg_2018_0208,0,2018,7fcd19c49f8ef373af77d30b6ea657701de171b59c2cc99c492381c7fa79eb53,site_fold_2,all_eligible_657,0.000320876978738976,1.1883999804596602e-07
bg_2018_0210,0,2018,81ecec5ea53df338cb8dec8a3d93efdf89b240e40ceb46e53c9c62deeb7134ad,site_fold_4,all_eligible_657,0.655350404756759,0.7581735552235213
bg_2018_0212,0,2018,d62a426cec03061a92b4b16ff9276a42c85c45c9bef3ede5653bbbd82d16c4a6,site_fold_1,all_eligible_657,0.5123430185622603,0.006167536103718075
bg_2018_0214,0,2018,adcf989dc565c016087934f1ab4ba3b574fbe4b87d6ce6c4c0efac4ac2994595,site_fold_3,all_eligible_657,0.6911235191395102,0.9829260229666277
bg_2018_0227,0,2018,f6e58d1a82b10079ee37183b7cf9cacaf6d4a553dd204c84c7040b1b90f871aa,site_fold_3,all_eligible_657,0.00015913823840470938,3.115000516106814e-05
bg_2018_0229,0,2018,571d300f79ea95c93212637680e248e7f42521541f8f5180c48bc4344a8082b1,site_fold_1,all_eligible_657,0.00231687920065136,0.0011663598222389805
bg_2019_0008,0,2019,e01f18c6157377aa8fea34d0849ee57ba81780ea6b458a684b38b58c1f249aa7,site_fold_1,all_eligible_657,0.00498288468467498,0.0006475683727051974
bg_2019_0012,0,2019,031f604ccd8decf0bc0c0f1b46d764f67618a666286b5ef046ba714fd32ce319,site_fold_2,all_eligible_657,0.004515659548357876,0.00014747875374652045
bg_2019_0014,0,2019,96f4653cba9c5b8fffc448302fa973dfcae2a21030235ce4f086544c824fafd7,site_fold_0,all_eligible_657,0.0004416131179945971,0.00010957807116609835
bg_2019_0016,0,2019,b567922b1a6e50fee3cb576e2441824a9c83fd4dd5fac5d1c44c98d81360cfb7,site_fold_1,all_eligible_657,0.07428244475656536,0.11464932774792287
bg_2019_0019,0,2019,6edce6b5be5a6297cfc6785fe6eb1f9255b7a66545fc3bea508c64d379a86f22,site_fold_4,all_eligible_657,2.7005771960415714e-06,8.600159824510196e-08
bg_2019_0021,0,2019,a74f251b2c3000fafc6ffa15b42a8c8767d1d7f96385ec57c9a92bad2775d4d8,site_fold_2,all_eligible_657,2.9993133688101563e-05,0.0003632642824907057
bg_2019_0023,0,2019,707cefe99fb18e837868489d84317ae20f18934da0f4afa2a1f2b42c41ecaec8,site_fold_1,all_eligible_657,0.003905645142505046,1.0784416829236675e-05
bg_2019_0025,0,2019,7c6261366bf8edda64089f460e853aeaeda958dee0f29ba57605120c552ce3ad,site_fold_2,all_eligible_657,0.35287943882367495,0.0016576663920696403
bg_2019_0027,0,2019,07e4e2986cc515ff4959416c897bb00877a6b5e8b3b13ea6b922aa271b685181,site_fold_1,all_eligible_657,0.02951962360567423,0.00016955849510812872
bg_2019_0029,0,2019,d85443019e270af275d8e6dd883eb545895d895bb3302685db5c485b48671cbe,site_fold_4,all_eligible_657,0.026135641875156036,0.007951631728665616
bg_2019_0031,0,2019,294277d42644ddf4e441a0ce7c53aca2bfa06820f022b5f34069e9a8a30356b2,site_fold_4,all_eligible_657,0.0006581701600701891,7.936905525788137e-05
bg_2019_0033,0,2019,21e62fc153d7c067a581956f9285d808728d0fbcc3f743972121ab385b7f240d,site_fold_3,all_eligible_657,0.5171421048859031,0.020165062383073626
bg_2019_0035,0,2019,84e4269b50220afc54cd94d366ce19c65299d35df850ceaee93eadc2d1fba7df,site_fold_2,all_eligible_657,0.0011818120666298837,0.0011864730602233213
bg_2019_0037,0,2019,ec12ead14120d4fd24d16cabbbd241eb1d0fe9c16ad943805a4312845283d462,site_fold_4,all_eligible_657,0.3801340652963125,0.000152199005475692
bg_2019_0040,0,2019,b8e6d522bdee72713691c7fcf5a63989a868dfd95bd2cab5437e22511b06187d,site_fold_1,all_eligible_657,0.012097775403935534,4.268916181509082e-05
bg_2019_0041,0,2019,2fd1ce506e821d00b2c7dc4f3c74578abf6a9aa737fc9b17501c9a890c7b32f4,site_fold_2,all_eligible_657,0.3695374020015837,0.00222412802895321
bg_2019_0042,0,2019,c5c162e440897a82f0cf5001e5831e1ef3a67dfe6bf07a591a79a43cc3ff74f5,site_fold_1,all_eligible_657,0.16421526002948994,0.00013987896181265417
bg_2019_0043,0,2019,3dc07fb46bf80b6eecd3b849850467fc614be95e21cbda76c3c7cdf7a7106cf4,site_fold_2,all_eligible_657,7.732855359338144e-05,3.7276843141509357e-06
bg_2019_0045,0,2019,5abac985a6deaa808eecb6a2742d5a724388c8f6c7ad871704b78b4066e386dc,site_fold_1,all_eligible_657,0.8440026737161898,0.30919744641785424
bg_2019_0047,0,2019,9b143e553b172de0a0dbcd667fcc44ff4424a8f9c8019d9c4a4518f7420b41af,site_fold_0,all_eligible_657,0.0008773123427887242,0.00042620923616022406
bg_2019_0049,0,2019,1a44f043ff970d264d22e596a5e8bcb7dd2eeaed1035fc9b3d7de0c36349a6e3,site_fold_3,all_eligible_657,0.5591092413396053,0.15724321720722625
bg_2019_0051,0,2019,748d2b899e4eb3beab4800bc94e8ff516e34ed0db3aef051813bec260a8670ce,site_fold_2,all_eligible_657,0.09594151662743977,0.020549867187541034
bg_2019_0052,0,2019,dcd99ae5f275a0be2458b09742536127a22d13b902bd53e5ac740a04f46f77f3,site_fold_3,all_eligible_657,0.419112064561951,0.022349498969167953
bg_2019_0053,0,2019,ef5548ab378a0d6f1136921f787bedefcf308b5bf6f03841ab384a58392a796f,site_fold_3,all_eligible_657,0.0009451515839369288,2.6304280222663716e-06
bg_2019_0054,0,2019,8b97daeee954f5cf8ce99941964f6b69aafbd08ff670db5383f686bb16668c44,site_fold_1,all_eligible_657,0.217435484900589,0.0006057031629821386
bg_2019_0056,0,2019,dc2c073fab33fa44d4232f769c5e6003d6870f75c7967861a7b52e38d7c69572,site_fold_4,all_eligible_657,0.09477824794621159,0.5302512610938344
bg_2019_0057,0,2019,d40effa8069de0fc26ed37d2c749ab608986996e969ab3f7db4ee96472d380dc,site_fold_1,all_eligible_657,0.7064911885514168,0.5079448428404831
bg_2019_0058,0,2019,203ddd064d80fc0d4e7bff11a0776d9e93419a3a6037aa9adc2c7505290a1813,site_fold_4,all_eligible_657,0.10836671014830826,0.23304358490003294
bg_2019_0059,0,2019,f9a9ec68c6f1d2a1231e5e83d38745b60d61290ff74ac936aa8f0683822eb8eb,site_fold_0,all_eligible_657,0.7228642313695866,0.12211852879775842
bg_2019_0061,0,2019,320a5b870363bc27bd783e6d2b485a8d3972cfc67854a5a58639a25fc374f980,site_fold_0,all_eligible_657,1.8707809977081346e-05,1.0257654148851019e-06
bg_2019_0062,0,2019,b72bc3515d6491d4fb990553794908030b77eceda6076312844c64f5685529fc,site_fold_4,all_eligible_657,0.5891971015276505,0.014795860260175974
bg_2019_0064,0,2019,7cf777b87c15c35cb12a26b7d8ad0f56654c2b75b6447578107c0cef8bdd2e29,site_fold_1,all_eligible_657,0.6378985448683037,0.4045044517587375
bg_2019_0065,0,2019,2ae3e4a48561eae2ac17dd839dccd2bfa7997585727481cf2cc5ad1a544cbb29,site_fold_3,all_eligible_657,0.00195799414161733,0.00021368300913602564
bg_2019_0066,0,2019,a5a2dc9c1dbe6d7af6f51645bd09cb467e8f7c186eb7d91b2a155cea8ae622ed,site_fold_3,all_eligible_657,0.09537847257893603,1.1281403484367937e-05
bg_2019_0067,0,2019,b687a30ed837278ff4dadcfdef30f40b2986a06c7c79ed57693b3e6b2b1a9d33,site_fold_4,all_eligible_657,0.6875142411832367,0.6499464363797227
bg_2019_0069,0,2019,19b54b72bdde6c4bd3cbe2546f3414a4ff56cd60d6a2bcdf3d6f1f199e8b9a7a,site_fold_2,all_eligible_657,0.5476084681427388,0.0026362889990549734
bg_2019_0071,0,2019,48da3e414015f3351b42e87e9218a6ceaedce537a926ba13d8759590bdad9d81,site_fold_3,all_eligible_657,0.6834459707986551,0.6329367464578091
bg_2019_0072,0,2019,ea2e9240baa8efb8641cef5f652b1f430fd03b8bb6bdcae03cd85c7be7d79e6c,site_fold_1,all_eligible_657,0.43553257272792534,0.0012372485026094842
bg_2019_0073,0,2019,eb67dc3c4a6302c161ea7c937485d56e520ac962c08ed97fcd8cb6d32e101eed,site_fold_1,all_eligible_657,0.6783905667876984,0.2253372496570833
bg_2019_0074,0,2019,0661378a425c8a66c4aa539a6016f77d94444565f19a404c200d8da71d881e6f,site_fold_0,all_eligible_657,0.29977617847233895,0.0016052222850909475
bg_2019_0076,0,2019,b0bb5e94bbb58bef0707986a0b214f4618e10f100ec3660f7f792c139b83b7bf,site_fold_3,all_eligible_657,0.8098425365275677,0.0020708166498694005
bg_2019_0078,0,2019,a5ca7d8f214e2cdbd499bf191e3ef82542d8fc7c4eb63c250906aecb6d052776,site_fold_1,all_eligible_657,0.018875255334705045,8.457314042657318e-05
bg_2019_0079,0,2019,387293de0a4d2562776968a4c928898f0c153e19c243293da6f2314332ce8e09,site_fold_0,all_eligible_657,0.6329831328361576,0.0026871097005440403
bg_2019_0081,0,2019,a79ec02ce4ac7963f73a96c80a4ea1fc557a0747a742e20e54654266ddade15f,site_fold_4,all_eligible_657,0.8515231708054031,0.5898830808805499
bg_2019_0082,0,2019,5535d9eaa37e4d1a7b852f0870d6bc9cf8d44c2c849c46b6e3bc123aea922f98,site_fold_0,all_eligible_657,0.9530181639839346,0.0032319590527869714
bg_2019_0083,0,2019,fe080c2d9abb132cc64d5557983b111ff97e3f58f287666fd5faa26bdb192287,site_fold_2,all_eligible_657,0.7260331100282946,0.032165371659384275
bg_2019_0085,0,2019,f3ce6092bb24123a060a0495483d50073de4e4ee953fe58bd28e219e1a83baa1,site_fold_3,all_eligible_657,0.015980945060271475,0.004810925951955886
bg_2019_0086,0,2019,2f8d0c0da0be361972dcf84753d6a3e08b6dad88a520b7d1a92b86f9b38320ac,site_fold_1,all_eligible_657,0.2781624357603558,0.0013388511908084934
bg_2019_0088,0,2019,d948566b5d11292ec582eb153178eebb116e8d9e510bbbb560baf1319dcb07ea,site_fold_4,all_eligible_657,0.44290817846609204,0.020444117410986107
bg_2019_0089,0,2019,30e0262a5079f27f544cfa11a50c2dac7696a1223e31b6a5743a25b88178f3f9,site_fold_1,all_eligible_657,0.6535241846790472,0.004088455387026192
bg_2019_0090,0,2019,0ea0ea06867904ade6f0cc97d06bcc3a15a536e081b0765ae05da45dd08c935e,site_fold_3,all_eligible_657,0.5979481925476525,0.15635680464369908
bg_2019_0091,0,2019,982618d21af830b045f8c249c93b9fe8c0ca46e8eef0f38a41b858d40f182133,site_fold_1,all_eligible_657,0.5670052840712922,0.5001575041783067
bg_2019_0092,0,2019,1329ca34dd0aa22bba0143275ea656df9883ad433541073bcd4a263e3256d123,site_fold_3,all_eligible_657,0.5247818903133068,0.1771871861987985
bg_2019_0093,0,2019,39af272ed4011f905c7675ca8e5251a45ad8be334a928f57454f06824c57b67d,site_fold_1,all_eligible_657,0.5983833629569374,0.009800394837434306
bg_2019_0098,0,2019,09cec87c34c3457792131d98f4e5ea7c0de72227cb164719da0895a2dd49e29f,site_fold_4,all_eligible_657,0.04626856629950789,0.333088487209786
bg_2019_0099,0,2019,eab8096d803acb18cc201f6ace31bbda179073d5e6a99e0d73d2ec05bccdf772,site_fold_0,all_eligible_657,0.1452135773630254,0.00020483210469430044
bg_2019_0101,0,2019,0e3e2e1f0d7500e89ab5386ac3395e82b86d098339e82b63a4f96b3de677403b,site_fold_4,all_eligible_657,0.2760130111378073,0.0007647428507746854
bg_2019_0102,0,2019,d083f6498d7fbd2e9d25a6ad0b6797fb6e2c24cc6ad3d7ca5f9713008c86dd50,site_fold_1,all_eligible_657,0.03768243185575417,1.996683970127045e-06
bg_2019_0103,0,2019,094fe38ba748a64e5efdec7fb8286b4be6aadc362ada39934354d5551a5da3d0,site_fold_3,all_eligible_657,0.1963374270319247,0.016984058775075073
bg_2019_0104,0,2019,381d18bd61e34cf882bdfdf6012481b10927e35d12e6647db1266ea9a179de4a,site_fold_0,all_eligible_657,0.00041183750047650715,0.002191351569565634
bg_2019_0105,0,2019,5bb0f3030646a3eca15b3c715c0a2cc5c67d8a64036f4b26e788799479fcac9b,site_fold_4,all_eligible_657,0.7124859692215141,0.08515365638299567
bg_2019_0107,0,2019,121ca7306a2ae0103033e3004279ef3e80366ab277effbd7df933cd44df93378,site_fold_4,all_eligible_657,0.85659711085831,0.200950658925278
bg_2019_0110,0,2019,fe94a8a6361778f583248af09d52d2f8beaeed2c3a1047494990e54232abf263,site_fold_3,all_eligible_657,0.5822611611742475,0.22672299944842633
bg_2019_0112,0,2019,9b8cfb8dd01fd7117ec530b8b1be50f430e0bba381744f956eee96179adeacee,site_fold_1,all_eligible_657,0.9342991205988969,0.6359381146596444
bg_2019_0113,0,2019,574a670bce4623563698b796be6af8072c206bfd8806e5f36ff822a332eff57b,site_fold_2,all_eligible_657,0.11864549881647285,0.7280048031807042
bg_2019_0114,0,2019,cbf698a2629e0c40badff8fdce66678097136d982ad6e328f5e174702db1ac72,site_fold_1,all_eligible_657,0.12116707193109885,0.000824391379536482
bg_2019_0115,0,2019,48ba22de3d6960040834837c9f93bad7da1ff9aa12c70c28cf23329daa5556b9,site_fold_0,all_eligible_657,0.5065975921964071,0.014971187067255868
bg_2019_0116,0,2019,b89dc14cbabd117f4baa55fee005974d32ebb678421d282b6faf5919d4c5513d,site_fold_0,all_eligible_657,0.11725192076390599,0.5378495322797288
bg_2019_0117,0,2019,259d5e4e331efc426e8d5cb37d174767fad44812d9c8aac2673f920f15e78ad6,site_fold_0,all_eligible_657,0.5679897340298007,0.00026530895993761775
bg_2019_0118,0,2019,8e82547d47b9be467e201fcc7a5aecc54c71aded64e0ac980099b8678439acd8,site_fold_4,all_eligible_657,0.5429379838662565,0.0005078421248406666
bg_2019_0120,0,2019,1cdab643d1b940b0693fcbf08e8a99e52473b61131de923eb8b284c32f00c4d4,site_fold_3,all_eligible_657,0.4225724498704417,0.019309266825290515
bg_2019_0122,0,2019,bf6cb7c3b436132579c4c247e107989902b49e1a3a297a787f54b840578a302e,site_fold_3,all_eligible_657,0.2400430135367468,0.000327885977900838
bg_2019_0124,0,2019,74a593ab813090c62b6028480a668a3959fb4e059bcc73876ed08db88d30bda2,site_fold_1,all_eligible_657,0.02732634518654431,0.004066121333333022
bg_2019_0125,0,2019,669228cb6311c26fa81b0cc72a9f043cf099e2aec5da6174c5343570362b53f9,site_fold_4,all_eligible_657,0.004149075498179852,0.0760885269944165
bg_2019_0129,0,2019,9d517f55ae5613be7e9c1f546afa3a8453196835262a2da69354022e181623af,site_fold_1,all_eligible_657,0.6482482923057822,0.05416224084631132
bg_2019_0130,0,2019,30fc7f1fd06b41eaa1cbfba3302ccf7b637fb6b97d364777008dcc7203e27e88,site_fold_3,all_eligible_657,0.6279004738406185,0.6926212507593191
bg_2019_0131,0,2019,c70088b5f5ed553ac8d54c56b48c1be5b90a722246b8993e86f8ab252abee2b8,site_fold_2,all_eligible_657,0.6802380114247751,0.4240758909268469
bg_2019_0135,0,2019,d4a9a61f6e816b947950df9ce5dcf1ba5199c097b89c4e2ff3146444ea11cb5e,site_fold_0,all_eligible_657,0.35676678136410483,0.758625329966881
bg_2019_0137,0,2019,b1c60d3479151c265d732f1691c8965b5045f9f996bc435e7cc5093bbabaa7ca,site_fold_0,all_eligible_657,0.44258822982140994,0.02661635010616311
bg_2019_0138,0,2019,8c4da60d1d75cffc9bd0bb476c0dc48b8024afb93b7ec5dce86a348e4a515c7e,site_fold_1,all_eligible_657,0.0006498314829934415,0.0002555415367942377
bg_2019_0140,0,2019,25491912f96991025541d5f5da5a1ed06d902fbef16223d74ebe72a74b2706c0,site_fold_0,all_eligible_657,0.36161736339053224,0.0545150588823241
bg_2019_0142,0,2019,27cf11d64439127707db65caff07bd9f503a61a6427d56ac8b3df0c792261c04,site_fold_2,all_eligible_657,1.0597257443539285e-18,1.348059175376853e-23
bg_2019_0144,0,2019,48a8d4b27be3f5a3d567610c033ac715c6277500103c9ec2d712f0b3bd427f0b,site_fold_4,all_eligible_657,0.8201208211768855,0.27618552054936363
bg_2019_0146,0,2019,e889077796f75a8bf06a0218348506ff1aa58361a026a2158158d33545d8f8e8,site_fold_4,all_eligible_657,0.8176965761852474,0.27408333871512713
bg_2019_0148,0,2019,7e9ec81c8ea1517e7c97d3f130bd8da15eded8367199dea08912d7fec27678bc,site_fold_4,all_eligible_657,0.8769153994774798,0.0864748548352714
bg_2019_0150,0,2019,2d514b854a9419024c44d135af3eff0d5ec793684c36bece8e6471bba25f3d4b,site_fold_2,all_eligible_657,0.0035394702677119384,5.020182037170979e-05
bg_2019_0152,0,2019,ce81223ed4abc36fdbbc236f8ffb7d0ee9ea969f12ac8750196c90345354cd48,site_fold_1,all_eligible_657,0.05540191851728997,8.590918567661652e-05
bg_2019_0154,0,2019,eaa88e45dc34bbc37c2c1c462247981c702e40fc4de264f8bfd709abb71da6d3,site_fold_2,all_eligible_657,0.07638188925688899,0.18523136137675025
bg_2019_0155,0,2019,37a1b32ea4828c6949829c840f5a2c1015383861dcde49e417670a4242964123,site_fold_1,all_eligible_657,0.07980944115119483,8.644400535313953e-06
bg_2019_0157,0,2019,10931396412cd75603aea0d3abeeaa86eab99d3b921d1b092b41bbab3e6b3ef3,site_fold_3,all_eligible_657,0.7235818436934934,0.00426511476311928
bg_2019_0161,0,2019,d49b5fbc9ceb41ca0416f4cdb698a4166b7a68f5b61831b3c486481ab9266d59,site_fold_0,all_eligible_657,0.8521470577463571,0.8355952977277892
bg_2019_0163,0,2019,aa4923f93f3935d9017a178e2e2a00c39f8bda9e0d5768ff25899acb453cfe4f,site_fold_4,all_eligible_657,0.637563968983583,0.00035505644067657544
bg_2019_0165,0,2019,d2fe77c5494009de82c48b234cc00ce5e962100afef8729763eebcde1fdb3ee6,site_fold_4,all_eligible_657,0.6047574583867437,4.477338814692485e-05
bg_2019_0167,0,2019,4a3e32b2592c4bca0306e12810e632bbc064edd22a18e37cda46c14b345b44bb,site_fold_3,all_eligible_657,0.08366709369438051,6.803146523686703e-05
bg_2019_0176,0,2019,f2237c29d27bd0b5346f0be444cdf4b5a741aa2fba630c9086b59654a04a210f,site_fold_2,all_eligible_657,0.31184855673159095,0.0002410293602656443
bg_2019_0178,0,2019,e61f9b395ebe806bb4173411398360588d9e72421527f2deafa2fdbbbb195b65,site_fold_4,all_eligible_657,0.6879219079098776,0.40721390474928965
bg_2019_0180,0,2019,a113ed2181e2dafdd3bd4c517c782ea37e2fc64120cbcccfd433bc0ea0d1188c,site_fold_2,all_eligible_657,0.027668827515842712,0.0001994305142139064
bg_2019_0182,0,2019,338e23f9b352e3105dbde6ef929db218b89c42bef0ff3192ba71868dc1c03e11,site_fold_1,all_eligible_657,0.5928780257449398,0.05474372966039665
bg_2019_0191,0,2019,cbc1c3c2479947688ce7ff97d13516aff256f9ff10811bac671aee0b4c32337a,site_fold_4,all_eligible_657,0.004783689180369085,0.0012426093653063743
bg_2019_0193,0,2019,61dbfdd28521f9308c90c25b11338b8d4a84bcf61abdb389858a2ac8ee611700,site_fold_3,all_eligible_657,0.40106209378805535,0.019596573525707747
bg_2019_0195,0,2019,84ed77966a29277f09a9d25467f5d8ab0f66d8e58892bfa6b237ad9a9a82cd74,site_fold_2,all_eligible_657,0.000143522707274225,0.0013346256533599164
bg_2019_0197,0,2019,085eb8211e0d2e935d23d26841e01d26a6fd4d394c7185918f5965368be91c14,site_fold_4,all_eligible_657,0.9571325269711554,0.9012256679677562
bg_2019_0199,0,2019,83039e54e1fa37ee25521fbe29d0a288ee1d48abb96cc75dc80796ea6e46a80e,site_fold_3,all_eligible_657,0.03132944188742817,0.00020923997370190736
bg_2019_0208,0,2019,7fcd19c49f8ef373af77d30b6ea657701de171b59c2cc99c492381c7fa79eb53,site_fold_2,all_eligible_657,0.0012113990700610483,3.848730363285288e-08
bg_2019_0210,0,2019,81ecec5ea53df338cb8dec8a3d93efdf89b240e40ceb46e53c9c62deeb7134ad,site_fold_4,all_eligible_657,0.7025057310852513,0.40911303160582774
bg_2019_0212,0,2019,d62a426cec03061a92b4b16ff9276a42c85c45c9bef3ede5653bbbd82d16c4a6,site_fold_1,all_eligible_657,0.42146598117298006,0.0001771796883952922
bg_2019_0214,0,2019,adcf989dc565c016087934f1ab4ba3b574fbe4b87d6ce6c4c0efac4ac2994595,site_fold_3,all_eligible_657,0.7345814814812226,0.3263582938270205
bg_2019_0227,0,2019,f6e58d1a82b10079ee37183b7cf9cacaf6d4a553dd204c84c7040b1b90f871aa,site_fold_3,all_eligible_657,0.00011368497613393775,1.6404447755422273e-07
bg_2019_0229,0,2019,571d300f79ea95c93212637680e248e7f42521541f8f5180c48bc4344a8082b1,site_fold_1,all_eligible_657,0.005976502322058505,0.0005993578192801098
bg_2020_0008,0,2020,e01f18c6157377aa8fea34d0849ee57ba81780ea6b458a684b38b58c1f249aa7,site_fold_1,all_eligible_657,0.004513785144964563,0.0010389397822169015
bg_2020_0012,0,2020,031f604ccd8decf0bc0c0f1b46d764f67618a666286b5ef046ba714fd32ce319,site_fold_2,all_eligible_657,0.002189857819531937,0.0019485143501723704
bg_2020_0014,0,2020,96f4653cba9c5b8fffc448302fa973dfcae2a21030235ce4f086544c824fafd7,site_fold_0,all_eligible_657,0.00020153207654196993,0.0003813484932405874
bg_2020_0016,0,2020,b567922b1a6e50fee3cb576e2441824a9c83fd4dd5fac5d1c44c98d81360cfb7,site_fold_1,all_eligible_657,0.06515066189166305,0.30565108275086433
bg_2020_0019,0,2020,6edce6b5be5a6297cfc6785fe6eb1f9255b7a66545fc3bea508c64d379a86f22,site_fold_4,all_eligible_657,4.075527156451606e-06,3.1902164151956543e-07
bg_2020_0021,0,2020,a74f251b2c3000fafc6ffa15b42a8c8767d1d7f96385ec57c9a92bad2775d4d8,site_fold_2,all_eligible_657,3.022185736683739e-05,0.004743914490415488
bg_2020_0023,0,2020,707cefe99fb18e837868489d84317ae20f18934da0f4afa2a1f2b42c41ecaec8,site_fold_1,all_eligible_657,0.007148710730015028,9.545618369285889e-05
bg_2020_0025,0,2020,7c6261366bf8edda64089f460e853aeaeda958dee0f29ba57605120c552ce3ad,site_fold_2,all_eligible_657,0.3365209265435494,0.049035550017503454
bg_2020_0027,0,2020,07e4e2986cc515ff4959416c897bb00877a6b5e8b3b13ea6b922aa271b685181,site_fold_1,all_eligible_657,0.07507766980592985,0.016228513582494726
bg_2020_0029,0,2020,d85443019e270af275d8e6dd883eb545895d895bb3302685db5c485b48671cbe,site_fold_4,all_eligible_657,0.042199273871290674,0.3397011140559937
bg_2020_0031,0,2020,294277d42644ddf4e441a0ce7c53aca2bfa06820f022b5f34069e9a8a30356b2,site_fold_4,all_eligible_657,0.0008708889670783996,0.0021630161010917455
bg_2020_0033,0,2020,21e62fc153d7c067a581956f9285d808728d0fbcc3f743972121ab385b7f240d,site_fold_3,all_eligible_657,0.5742746113110001,0.06373083404890087
bg_2020_0035,0,2020,84e4269b50220afc54cd94d366ce19c65299d35df850ceaee93eadc2d1fba7df,site_fold_2,all_eligible_657,0.0012896098702478791,0.031166441504152903
bg_2020_0037,0,2020,ec12ead14120d4fd24d16cabbbd241eb1d0fe9c16ad943805a4312845283d462,site_fold_4,all_eligible_657,0.3686600707084177,0.007676779641749136
bg_2020_0040,0,2020,b8e6d522bdee72713691c7fcf5a63989a868dfd95bd2cab5437e22511b06187d,site_fold_1,all_eligible_657,0.031199240636087183,0.0015995232690465828
bg_2020_0041,0,2020,2fd1ce506e821d00b2c7dc4f3c74578abf6a9aa737fc9b17501c9a890c7b32f4,site_fold_2,all_eligible_657,0.2996516825591332,0.019509697380630513
bg_2020_0042,0,2020,c5c162e440897a82f0cf5001e5831e1ef3a67dfe6bf07a591a79a43cc3ff74f5,site_fold_1,all_eligible_657,0.08245881727582274,0.0012459519608648678
bg_2020_0043,0,2020,3dc07fb46bf80b6eecd3b849850467fc614be95e21cbda76c3c7cdf7a7106cf4,site_fold_2,all_eligible_657,9.883338489675799e-05,7.303541355934497e-05
bg_2020_0045,0,2020,5abac985a6deaa808eecb6a2742d5a724388c8f6c7ad871704b78b4066e386dc,site_fold_1,all_eligible_657,0.7571158418370035,0.6595073948720104
bg_2020_0047,0,2020,9b143e553b172de0a0dbcd667fcc44ff4424a8f9c8019d9c4a4518f7420b41af,site_fold_0,all_eligible_657,0.00018366844716644737,0.00433855438154368
bg_2020_0049,0,2020,1a44f043ff970d264d22e596a5e8bcb7dd2eeaed1035fc9b3d7de0c36349a6e3,site_fold_3,all_eligible_657,0.6642845189462517,0.749602627511217
bg_2020_0051,0,2020,748d2b899e4eb3beab4800bc94e8ff516e34ed0db3aef051813bec260a8670ce,site_fold_2,all_eligible_657,0.13273283681216586,0.07744448683751218
bg_2020_0052,0,2020,dcd99ae5f275a0be2458b09742536127a22d13b902bd53e5ac740a04f46f77f3,site_fold_3,all_eligible_657,0.3986487486609999,0.1817737718196717
bg_2020_0053,0,2020,ef5548ab378a0d6f1136921f787bedefcf308b5bf6f03841ab384a58392a796f,site_fold_3,all_eligible_657,0.01907912495064044,0.00043578194120195946
bg_2020_0054,0,2020,8b97daeee954f5cf8ce99941964f6b69aafbd08ff670db5383f686bb16668c44,site_fold_1,all_eligible_657,0.20978379368763425,0.00982538684951154
bg_2020_0056,0,2020,dc2c073fab33fa44d4232f769c5e6003d6870f75c7967861a7b52e38d7c69572,site_fold_4,all_eligible_657,0.32361776880483034,0.9841455436618346
bg_2020_0057,0,2020,d40effa8069de0fc26ed37d2c749ab608986996e969ab3f7db4ee96472d380dc,site_fold_1,all_eligible_657,0.6325134303950714,0.7266616063611431
bg_2020_0058,0,2020,203ddd064d80fc0d4e7bff11a0776d9e93419a3a6037aa9adc2c7505290a1813,site_fold_4,all_eligible_657,0.07084006147220441,0.4197927538843873
bg_2020_0059,0,2020,f9a9ec68c6f1d2a1231e5e83d38745b60d61290ff74ac936aa8f0683822eb8eb,site_fold_0,all_eligible_657,0.7815663237853936,0.7834515928567966
bg_2020_0061,0,2020,320a5b870363bc27bd783e6d2b485a8d3972cfc67854a5a58639a25fc374f980,site_fold_0,all_eligible_657,4.755140362357844e-06,1.949800522044899e-06
bg_2020_0062,0,2020,b72bc3515d6491d4fb990553794908030b77eceda6076312844c64f5685529fc,site_fold_4,all_eligible_657,0.5363151079838132,0.10366046360339662
bg_2020_0064,0,2020,7cf777b87c15c35cb12a26b7d8ad0f56654c2b75b6447578107c0cef8bdd2e29,site_fold_1,all_eligible_657,0.7256742273889379,0.7825316817238933
bg_2020_0065,0,2020,2ae3e4a48561eae2ac17dd839dccd2bfa7997585727481cf2cc5ad1a544cbb29,site_fold_3,all_eligible_657,0.001950062923064039,0.002566570984944227
bg_2020_0066,0,2020,a5a2dc9c1dbe6d7af6f51645bd09cb467e8f7c186eb7d91b2a155cea8ae622ed,site_fold_3,all_eligible_657,0.14517011940513533,0.0003407189207959524
bg_2020_0067,0,2020,b687a30ed837278ff4dadcfdef30f40b2986a06c7c79ed57693b3e6b2b1a9d33,site_fold_4,all_eligible_657,0.6629260294216699,0.9584652988127812
bg_2020_0069,0,2020,19b54b72bdde6c4bd3cbe2546f3414a4ff56cd60d6a2bcdf3d6f1f199e8b9a7a,site_fold_2,all_eligible_657,0.41131806061639375,9.908044106530939e-05
bg_2020_0071,0,2020,48da3e414015f3351b42e87e9218a6ceaedce537a926ba13d8759590bdad9d81,site_fold_3,all_eligible_657,0.6727528420383851,0.761245261561712
bg_2020_0072,0,2020,ea2e9240baa8efb8641cef5f652b1f430fd03b8bb6bdcae03cd85c7be7d79e6c,site_fold_1,all_eligible_657,0.477866451779332,0.011448196328199002
bg_2020_0073,0,2020,eb67dc3c4a6302c161ea7c937485d56e520ac962c08ed97fcd8cb6d32e101eed,site_fold_1,all_eligible_657,0.7450588558120341,0.767895051278508
bg_2020_0074,0,2020,0661378a425c8a66c4aa539a6016f77d94444565f19a404c200d8da71d881e6f,site_fold_0,all_eligible_657,0.2789103426536014,0.0036483954410318886
bg_2020_0076,0,2020,b0bb5e94bbb58bef0707986a0b214f4618e10f100ec3660f7f792c139b83b7bf,site_fold_3,all_eligible_657,0.7408181856222965,0.0371612707724934
bg_2020_0078,0,2020,a5ca7d8f214e2cdbd499bf191e3ef82542d8fc7c4eb63c250906aecb6d052776,site_fold_1,all_eligible_657,0.09657340028877325,0.0051487044324651015
bg_2020_0079,0,2020,387293de0a4d2562776968a4c928898f0c153e19c243293da6f2314332ce8e09,site_fold_0,all_eligible_657,0.5976590843457869,0.004063836247315129
bg_2020_0081,0,2020,a79ec02ce4ac7963f73a96c80a4ea1fc557a0747a742e20e54654266ddade15f,site_fold_4,all_eligible_657,0.8502851342982702,0.8981987461779327
bg_2020_0082,0,2020,5535d9eaa37e4d1a7b852f0870d6bc9cf8d44c2c849c46b6e3bc123aea922f98,site_fold_0,all_eligible_657,0.9566056161747184,0.03385718658836645
bg_2020_0083,0,2020,fe080c2d9abb132cc64d5557983b111ff97e3f58f287666fd5faa26bdb192287,site_fold_2,all_eligible_657,0.7269419709368043,0.24103681463519036
bg_2020_0085,0,2020,f3ce6092bb24123a060a0495483d50073de4e4ee953fe58bd28e219e1a83baa1,site_fold_3,all_eligible_657,0.023510410349892968,0.008878855923729525
bg_2020_0086,0,2020,2f8d0c0da0be361972dcf84753d6a3e08b6dad88a520b7d1a92b86f9b38320ac,site_fold_1,all_eligible_657,0.23057779770105621,0.03310725316186454
bg_2020_0088,0,2020,d948566b5d11292ec582eb153178eebb116e8d9e510bbbb560baf1319dcb07ea,site_fold_4,all_eligible_657,0.35974052818635444,0.08021215013556741
bg_2020_0089,0,2020,30e0262a5079f27f544cfa11a50c2dac7696a1223e31b6a5743a25b88178f3f9,site_fold_1,all_eligible_657,0.6209526819547515,0.0431383591858663
bg_2020_0090,0,2020,0ea0ea06867904ade6f0cc97d06bcc3a15a536e081b0765ae05da45dd08c935e,site_fold_3,all_eligible_657,0.617413536384093,0.7277395825976107
bg_2020_0091,0,2020,982618d21af830b045f8c249c93b9fe8c0ca46e8eef0f38a41b858d40f182133,site_fold_1,all_eligible_657,0.5416551470814088,0.9379009155946586
bg_2020_0092,0,2020,1329ca34dd0aa22bba0143275ea656df9883ad433541073bcd4a263e3256d123,site_fold_3,all_eligible_657,0.5316679050417652,0.6905480076055022
bg_2020_0093,0,2020,39af272ed4011f905c7675ca8e5251a45ad8be334a928f57454f06824c57b67d,site_fold_1,all_eligible_657,0.616668652353098,0.3370663577943952
bg_2020_0098,0,2020,09cec87c34c3457792131d98f4e5ea7c0de72227cb164719da0895a2dd49e29f,site_fold_4,all_eligible_657,0.0540253033888484,0.9490639793896464
bg_2020_0099,0,2020,eab8096d803acb18cc201f6ace31bbda179073d5e6a99e0d73d2ec05bccdf772,site_fold_0,all_eligible_657,0.10034701853829701,0.005596299912737796
bg_2020_0101,0,2020,0e3e2e1f0d7500e89ab5386ac3395e82b86d098339e82b63a4f96b3de677403b,site_fold_4,all_eligible_657,0.21176195386303157,0.025735709548044775
bg_2020_0102,0,2020,d083f6498d7fbd2e9d25a6ad0b6797fb6e2c24cc6ad3d7ca5f9713008c86dd50,site_fold_1,all_eligible_657,0.04582968340276784,0.00012312093452373322
bg_2020_0103,0,2020,094fe38ba748a64e5efdec7fb8286b4be6aadc362ada39934354d5551a5da3d0,site_fold_3,all_eligible_657,0.1817371094605929,0.12829370021353845
bg_2020_0104,0,2020,381d18bd61e34cf882bdfdf6012481b10927e35d12e6647db1266ea9a179de4a,site_fold_0,all_eligible_657,0.0011117296053696612,0.05940919775170916
bg_2020_0105,0,2020,5bb0f3030646a3eca15b3c715c0a2cc5c67d8a64036f4b26e788799479fcac9b,site_fold_4,all_eligible_657,0.7150487632578638,0.673781900279045
bg_2020_0107,0,2020,121ca7306a2ae0103033e3004279ef3e80366ab277effbd7df933cd44df93378,site_fold_4,all_eligible_657,0.8343544020269917,0.6346300769913225
bg_2020_0110,0,2020,fe94a8a6361778f583248af09d52d2f8beaeed2c3a1047494990e54232abf263,site_fold_3,all_eligible_657,0.5231587901038467,0.7103602338994423
bg_2020_0112,0,2020,9b8cfb8dd01fd7117ec530b8b1be50f430e0bba381744f956eee96179adeacee,site_fold_1,all_eligible_657,0.886295539063764,0.9866348212276328
bg_2020_0114,0,2020,cbf698a2629e0c40badff8fdce66678097136d982ad6e328f5e174702db1ac72,site_fold_1,all_eligible_657,0.17100742054380885,0.013438817523398728
bg_2020_0115,0,2020,48ba22de3d6960040834837c9f93bad7da1ff9aa12c70c28cf23329daa5556b9,site_fold_0,all_eligible_657,0.4690860503946489,0.10648022652796048
bg_2020_0116,0,2020,b89dc14cbabd117f4baa55fee005974d32ebb678421d282b6faf5919d4c5513d,site_fold_0,all_eligible_657,0.07573565082662873,0.8067646802217767
bg_2020_0117,0,2020,259d5e4e331efc426e8d5cb37d174767fad44812d9c8aac2673f920f15e78ad6,site_fold_0,all_eligible_657,0.6203494044722675,0.00209047160931427
bg_2020_0118,0,2020,8e82547d47b9be467e201fcc7a5aecc54c71aded64e0ac980099b8678439acd8,site_fold_4,all_eligible_657,0.5497534302636347,0.012132369065717578
bg_2020_0120,0,2020,1cdab643d1b940b0693fcbf08e8a99e52473b61131de923eb8b284c32f00c4d4,site_fold_3,all_eligible_657,0.4046871219678922,0.15921377982401153
bg_2020_0122,0,2020,bf6cb7c3b436132579c4c247e107989902b49e1a3a297a787f54b840578a302e,site_fold_3,all_eligible_657,0.24682589300573626,0.0028942700026151477
bg_2020_0124,0,2020,74a593ab813090c62b6028480a668a3959fb4e059bcc73876ed08db88d30bda2,site_fold_1,all_eligible_657,0.019359594161540324,0.05335519420496947
bg_2020_0125,0,2020,669228cb6311c26fa81b0cc72a9f043cf099e2aec5da6174c5343570362b53f9,site_fold_4,all_eligible_657,0.002547372873496216,0.3582361530786892
bg_2020_0129,0,2020,9d517f55ae5613be7e9c1f546afa3a8453196835262a2da69354022e181623af,site_fold_1,all_eligible_657,0.5598430461626264,0.4590703021640814
bg_2020_0130,0,2020,30fc7f1fd06b41eaa1cbfba3302ccf7b637fb6b97d364777008dcc7203e27e88,site_fold_3,all_eligible_657,0.567532397760658,0.9072948039080792
bg_2020_0131,0,2020,c70088b5f5ed553ac8d54c56b48c1be5b90a722246b8993e86f8ab252abee2b8,site_fold_2,all_eligible_657,0.7221330452365693,0.9197740370702033
bg_2020_0133,0,2020,f4be26be42aa63779b31705fdb787991f04b62cc376f4011ad45d4e46a90aadc,site_fold_3,all_eligible_657,0.841897070439895,0.035683312738906174
bg_2020_0135,0,2020,d4a9a61f6e816b947950df9ce5dcf1ba5199c097b89c4e2ff3146444ea11cb5e,site_fold_0,all_eligible_657,0.28646869989068474,0.8953839658161615
bg_2020_0137,0,2020,b1c60d3479151c265d732f1691c8965b5045f9f996bc435e7cc5093bbabaa7ca,site_fold_0,all_eligible_657,0.3563805860984098,0.007263704289103086
bg_2020_0138,0,2020,8c4da60d1d75cffc9bd0bb476c0dc48b8024afb93b7ec5dce86a348e4a515c7e,site_fold_1,all_eligible_657,0.0008871075996283688,0.003186478369048518
bg_2020_0140,0,2020,25491912f96991025541d5f5da5a1ed06d902fbef16223d74ebe72a74b2706c0,site_fold_0,all_eligible_657,0.27886969654619226,0.26910211104887877
bg_2020_0142,0,2020,27cf11d64439127707db65caff07bd9f503a61a6427d56ac8b3df0c792261c04,site_fold_2,all_eligible_657,1.4743176162503558e-18,7.59027691752522e-22
bg_2020_0144,0,2020,48a8d4b27be3f5a3d567610c033ac715c6277500103c9ec2d712f0b3bd427f0b,site_fold_4,all_eligible_657,0.8075233590445842,0.8806063734760515
bg_2020_0146,0,2020,e889077796f75a8bf06a0218348506ff1aa58361a026a2158158d33545d8f8e8,site_fold_4,all_eligible_657,0.7522850469586854,0.7356762052851947
bg_2020_0148,0,2020,7e9ec81c8ea1517e7c97d3f130bd8da15eded8367199dea08912d7fec27678bc,site_fold_4,all_eligible_657,0.8735530714503028,0.583134036251213
bg_2020_0150,0,2020,2d514b854a9419024c44d135af3eff0d5ec793684c36bece8e6471bba25f3d4b,site_fold_2,all_eligible_657,0.0022533164666057146,0.0019282401537165028
bg_2020_0152,0,2020,ce81223ed4abc36fdbbc236f8ffb7d0ee9ea969f12ac8750196c90345354cd48,site_fold_1,all_eligible_657,0.024738218546769882,0.00024604367868185615
bg_2020_0154,0,2020,eaa88e45dc34bbc37c2c1c462247981c702e40fc4de264f8bfd709abb71da6d3,site_fold_2,all_eligible_657,0.06587525934928902,0.5909474998167599
bg_2020_0155,0,2020,37a1b32ea4828c6949829c840f5a2c1015383861dcde49e417670a4242964123,site_fold_1,all_eligible_657,0.12466242254849709,0.00016934227285653075
bg_2020_0157,0,2020,10931396412cd75603aea0d3abeeaa86eab99d3b921d1b092b41bbab3e6b3ef3,site_fold_3,all_eligible_657,0.7133994348512358,0.0899318315524608
bg_2020_0161,0,2020,d49b5fbc9ceb41ca0416f4cdb698a4166b7a68f5b61831b3c486481ab9266d59,site_fold_0,all_eligible_657,0.8154177640310606,0.9482401653567812
bg_2020_0163,0,2020,aa4923f93f3935d9017a178e2e2a00c39f8bda9e0d5768ff25899acb453cfe4f,site_fold_4,all_eligible_657,0.5992819638267448,0.4818472464582155
bg_2020_0165,0,2020,d2fe77c5494009de82c48b234cc00ce5e962100afef8729763eebcde1fdb3ee6,site_fold_4,all_eligible_657,0.6406744556197175,0.001177453724099876
bg_2020_0167,0,2020,4a3e32b2592c4bca0306e12810e632bbc064edd22a18e37cda46c14b345b44bb,site_fold_3,all_eligible_657,0.057825480940478007,0.0013419580724550438
bg_2020_0176,0,2020,f2237c29d27bd0b5346f0be444cdf4b5a741aa2fba630c9086b59654a04a210f,site_fold_2,all_eligible_657,0.43703083997009795,0.03878610485886152
bg_2020_0178,0,2020,e61f9b395ebe806bb4173411398360588d9e72421527f2deafa2fdbbbb195b65,site_fold_4,all_eligible_657,0.6068394627041969,0.9214886246461121
bg_2020_0180,0,2020,a113ed2181e2dafdd3bd4c517c782ea37e2fc64120cbcccfd433bc0ea0d1188c,site_fold_2,all_eligible_657,0.014146568974522527,0.0016820573886054614
bg_2020_0182,0,2020,338e23f9b352e3105dbde6ef929db218b89c42bef0ff3192ba71868dc1c03e11,site_fold_1,all_eligible_657,0.6296198726188691,0.5862576542303067
bg_2020_0191,0,2020,cbc1c3c2479947688ce7ff97d13516aff256f9ff10811bac671aee0b4c32337a,site_fold_4,all_eligible_657,0.009747595206453337,0.006718983146179559
bg_2020_0193,0,2020,61dbfdd28521f9308c90c25b11338b8d4a84bcf61abdb389858a2ac8ee611700,site_fold_3,all_eligible_657,0.44053715460382725,0.3833453484428758
bg_2020_0195,0,2020,84ed77966a29277f09a9d25467f5d8ab0f66d8e58892bfa6b237ad9a9a82cd74,site_fold_2,all_eligible_657,0.00024317554556009698,0.027013438375090532
bg_2020_0197,0,2020,085eb8211e0d2e935d23d26841e01d26a6fd4d394c7185918f5965368be91c14,site_fold_4,all_eligible_657,0.9682978881144779,0.9941211616033984
bg_2020_0199,0,2020,83039e54e1fa37ee25521fbe29d0a288ee1d48abb96cc75dc80796ea6e46a80e,site_fold_3,all_eligible_657,0.042737585194472155,0.005000307191426603
bg_2020_0208,0,2020,7fcd19c49f8ef373af77d30b6ea657701de171b59c2cc99c492381c7fa79eb53,site_fold_2,all_eligible_657,0.00046182873520896593,1.2321553450788994e-07
bg_2020_0210,0,2020,81ecec5ea53df338cb8dec8a3d93efdf89b240e40ceb46e53c9c62deeb7134ad,site_fold_4,all_eligible_657,0.7331295720317421,0.8259775683200803
bg_2020_0212,0,2020,d62a426cec03061a92b4b16ff9276a42c85c45c9bef3ede5653bbbd82d16c4a6,site_fold_1,all_eligible_657,0.3262588140971554,0.009896490588836961
bg_2020_0214,0,2020,adcf989dc565c016087934f1ab4ba3b574fbe4b87d6ce6c4c0efac4ac2994595,site_fold_3,all_eligible_657,0.760119759644118,0.8912369317256675
bg_2020_0227,0,2020,f6e58d1a82b10079ee37183b7cf9cacaf6d4a553dd204c84c7040b1b90f871aa,site_fold_3,all_eligible_657,8.01077725477751e-05,7.863371298429593e-06
bg_2020_0229,0,2020,571d300f79ea95c93212637680e248e7f42521541f8f5180c48bc4344a8082b1,site_fold_1,all_eligible_657,0.008279699733229144,0.001545681602562628
bg_2023_0008,0,2023,e01f18c6157377aa8fea34d0849ee57ba81780ea6b458a684b38b58c1f249aa7,site_fold_1,all_eligible_657,0.03835363878712181,0.234817047361072
bg_2023_0012,0,2023,031f604ccd8decf0bc0c0f1b46d764f67618a666286b5ef046ba714fd32ce319,site_fold_2,all_eligible_657,0.004213586498150474,0.002845965145362171
bg_2023_0014,0,2023,96f4653cba9c5b8fffc448302fa973dfcae2a21030235ce4f086544c824fafd7,site_fold_0,all_eligible_657,0.0004696492340095948,0.009236890076877427
bg_2023_0016,0,2023,b567922b1a6e50fee3cb576e2441824a9c83fd4dd5fac5d1c44c98d81360cfb7,site_fold_1,all_eligible_657,0.07049493392881431,0.7012142599005698
bg_2023_0019,0,2023,6edce6b5be5a6297cfc6785fe6eb1f9255b7a66545fc3bea508c64d379a86f22,site_fold_4,all_eligible_657,1.4786844417158874e-05,8.556258401194007e-07
bg_2023_0021,0,2023,a74f251b2c3000fafc6ffa15b42a8c8767d1d7f96385ec57c9a92bad2775d4d8,site_fold_2,all_eligible_657,4.346648255512761e-05,0.006533481172869192
bg_2023_0023,0,2023,707cefe99fb18e837868489d84317ae20f18934da0f4afa2a1f2b42c41ecaec8,site_fold_1,all_eligible_657,0.006361227377417763,4.092501106042691e-05
bg_2023_0025,0,2023,7c6261366bf8edda64089f460e853aeaeda958dee0f29ba57605120c552ce3ad,site_fold_2,all_eligible_657,0.4044965445212515,0.118617901347568
bg_2023_0027,0,2023,07e4e2986cc515ff4959416c897bb00877a6b5e8b3b13ea6b922aa271b685181,site_fold_1,all_eligible_657,0.08932030984281489,0.09897707154740805
bg_2023_0029,0,2023,d85443019e270af275d8e6dd883eb545895d895bb3302685db5c485b48671cbe,site_fold_4,all_eligible_657,0.029411668011050898,0.4517889850783944
bg_2023_0031,0,2023,294277d42644ddf4e441a0ce7c53aca2bfa06820f022b5f34069e9a8a30356b2,site_fold_4,all_eligible_657,0.0009926173380903447,0.0009772588789166514
bg_2023_0033,0,2023,21e62fc153d7c067a581956f9285d808728d0fbcc3f743972121ab385b7f240d,site_fold_3,all_eligible_657,0.5803057426161057,0.2849392807414855
bg_2023_0035,0,2023,84e4269b50220afc54cd94d366ce19c65299d35df850ceaee93eadc2d1fba7df,site_fold_2,all_eligible_657,0.0017271714395113767,0.11859605443816269
bg_2023_0037,0,2023,ec12ead14120d4fd24d16cabbbd241eb1d0fe9c16ad943805a4312845283d462,site_fold_4,all_eligible_657,0.33769234889048416,0.01827214841091319
bg_2023_0040,0,2023,b8e6d522bdee72713691c7fcf5a63989a868dfd95bd2cab5437e22511b06187d,site_fold_1,all_eligible_657,0.35337141190227894,0.0002311136281141012
bg_2023_0041,0,2023,2fd1ce506e821d00b2c7dc4f3c74578abf6a9aa737fc9b17501c9a890c7b32f4,site_fold_2,all_eligible_657,0.39108683746461814,0.40322739612846503
bg_2023_0042,0,2023,c5c162e440897a82f0cf5001e5831e1ef3a67dfe6bf07a591a79a43cc3ff74f5,site_fold_1,all_eligible_657,0.19644952629831547,0.01896965555645658
bg_2023_0043,0,2023,3dc07fb46bf80b6eecd3b849850467fc614be95e21cbda76c3c7cdf7a7106cf4,site_fold_2,all_eligible_657,0.0001243355628437538,4.690338904943991e-05
bg_2023_0045,0,2023,5abac985a6deaa808eecb6a2742d5a724388c8f6c7ad871704b78b4066e386dc,site_fold_1,all_eligible_657,0.47031498169868824,0.6041186151211543
bg_2023_0047,0,2023,9b143e553b172de0a0dbcd667fcc44ff4424a8f9c8019d9c4a4518f7420b41af,site_fold_0,all_eligible_657,0.0017012408353647133,0.0742903085313821
bg_2023_0049,0,2023,1a44f043ff970d264d22e596a5e8bcb7dd2eeaed1035fc9b3d7de0c36349a6e3,site_fold_3,all_eligible_657,0.6153980473139211,0.8509449619045981
bg_2023_0051,0,2023,748d2b899e4eb3beab4800bc94e8ff516e34ed0db3aef051813bec260a8670ce,site_fold_2,all_eligible_657,0.09887181288684344,0.4640850820704352
bg_2023_0052,0,2023,dcd99ae5f275a0be2458b09742536127a22d13b902bd53e5ac740a04f46f77f3,site_fold_3,all_eligible_657,0.39335218627353763,0.049636672768583
bg_2023_0053,0,2023,ef5548ab378a0d6f1136921f787bedefcf308b5bf6f03841ab384a58392a796f,site_fold_3,all_eligible_657,0.04616345959117085,8.149444290138888e-05
bg_2023_0054,0,2023,8b97daeee954f5cf8ce99941964f6b69aafbd08ff670db5383f686bb16668c44,site_fold_1,all_eligible_657,0.4401801820764887,0.002344110569757707
bg_2023_0056,0,2023,dc2c073fab33fa44d4232f769c5e6003d6870f75c7967861a7b52e38d7c69572,site_fold_4,all_eligible_657,0.42647782449150173,0.14408290933950232
bg_2023_0057,0,2023,d40effa8069de0fc26ed37d2c749ab608986996e969ab3f7db4ee96472d380dc,site_fold_1,all_eligible_657,0.7349184606000749,0.6332516050039052
bg_2023_0058,0,2023,203ddd064d80fc0d4e7bff11a0776d9e93419a3a6037aa9adc2c7505290a1813,site_fold_4,all_eligible_657,0.17693809577429395,0.18287080582465803
bg_2023_0059,0,2023,f9a9ec68c6f1d2a1231e5e83d38745b60d61290ff74ac936aa8f0683822eb8eb,site_fold_0,all_eligible_657,0.7087343035966251,0.8646975243909839
bg_2023_0061,0,2023,320a5b870363bc27bd783e6d2b485a8d3972cfc67854a5a58639a25fc374f980,site_fold_0,all_eligible_657,0.0006132242794783598,0.0001324614364378189
bg_2023_0062,0,2023,b72bc3515d6491d4fb990553794908030b77eceda6076312844c64f5685529fc,site_fold_4,all_eligible_657,0.5982188362670134,0.03324772235528545
bg_2023_0064,0,2023,7cf777b87c15c35cb12a26b7d8ad0f56654c2b75b6447578107c0cef8bdd2e29,site_fold_1,all_eligible_657,0.6596615637471444,0.46285477362392935
bg_2023_0065,0,2023,2ae3e4a48561eae2ac17dd839dccd2bfa7997585727481cf2cc5ad1a544cbb29,site_fold_3,all_eligible_657,0.004301569736398934,0.002235995488009028
bg_2023_0066,0,2023,a5a2dc9c1dbe6d7af6f51645bd09cb467e8f7c186eb7d91b2a155cea8ae622ed,site_fold_3,all_eligible_657,0.14691263822634512,0.00014607516284780773
bg_2023_0067,0,2023,b687a30ed837278ff4dadcfdef30f40b2986a06c7c79ed57693b3e6b2b1a9d33,site_fold_4,all_eligible_657,0.5432216102821363,0.8118198465555378
bg_2023_0069,0,2023,19b54b72bdde6c4bd3cbe2546f3414a4ff56cd60d6a2bcdf3d6f1f199e8b9a7a,site_fold_2,all_eligible_657,0.4438475516260369,0.3286971149984619
bg_2023_0071,0,2023,48da3e414015f3351b42e87e9218a6ceaedce537a926ba13d8759590bdad9d81,site_fold_3,all_eligible_657,0.6777801916660685,0.4495014472205442
bg_2023_0072,0,2023,ea2e9240baa8efb8641cef5f652b1f430fd03b8bb6bdcae03cd85c7be7d79e6c,site_fold_1,all_eligible_657,0.5370665606280501,0.007023112820281272
bg_2023_0073,0,2023,eb67dc3c4a6302c161ea7c937485d56e520ac962c08ed97fcd8cb6d32e101eed,site_fold_1,all_eligible_657,0.753692973074261,0.42932296173737483
bg_2023_0074,0,2023,0661378a425c8a66c4aa539a6016f77d94444565f19a404c200d8da71d881e6f,site_fold_0,all_eligible_657,0.3581197563792336,0.10281297691261869
bg_2023_0076,0,2023,b0bb5e94bbb58bef0707986a0b214f4618e10f100ec3660f7f792c139b83b7bf,site_fold_3,all_eligible_657,0.7280193075156043,0.1131693548931782
bg_2023_0078,0,2023,a5ca7d8f214e2cdbd499bf191e3ef82542d8fc7c4eb63c250906aecb6d052776,site_fold_1,all_eligible_657,0.22505598728613702,0.004384787169036749
bg_2023_0079,0,2023,387293de0a4d2562776968a4c928898f0c153e19c243293da6f2314332ce8e09,site_fold_0,all_eligible_657,0.5607800739119574,0.004125370271595426
bg_2023_0081,0,2023,a79ec02ce4ac7963f73a96c80a4ea1fc557a0747a742e20e54654266ddade15f,site_fold_4,all_eligible_657,0.85602026129823,0.5400086754671738
bg_2023_0082,0,2023,5535d9eaa37e4d1a7b852f0870d6bc9cf8d44c2c849c46b6e3bc123aea922f98,site_fold_0,all_eligible_657,0.9783495015501555,0.3366733854169683
bg_2023_0083,0,2023,fe080c2d9abb132cc64d5557983b111ff97e3f58f287666fd5faa26bdb192287,site_fold_2,all_eligible_657,0.6606620173591035,0.025697462509282225
bg_2023_0085,0,2023,f3ce6092bb24123a060a0495483d50073de4e4ee953fe58bd28e219e1a83baa1,site_fold_3,all_eligible_657,0.008547429836902695,0.0026860107130496484
bg_2023_0086,0,2023,2f8d0c0da0be361972dcf84753d6a3e08b6dad88a520b7d1a92b86f9b38320ac,site_fold_1,all_eligible_657,0.2833686367670424,0.020053066838381695
bg_2023_0088,0,2023,d948566b5d11292ec582eb153178eebb116e8d9e510bbbb560baf1319dcb07ea,site_fold_4,all_eligible_657,0.22152657344784177,0.09322154532334306
bg_2023_0089,0,2023,30e0262a5079f27f544cfa11a50c2dac7696a1223e31b6a5743a25b88178f3f9,site_fold_1,all_eligible_657,0.6444917491470449,0.09384679983400568
bg_2023_0090,0,2023,0ea0ea06867904ade6f0cc97d06bcc3a15a536e081b0765ae05da45dd08c935e,site_fold_3,all_eligible_657,0.7565391781694044,0.6921754571622144
bg_2023_0091,0,2023,982618d21af830b045f8c249c93b9fe8c0ca46e8eef0f38a41b858d40f182133,site_fold_1,all_eligible_657,0.6071738030316051,0.7109258265426261
bg_2023_0092,0,2023,1329ca34dd0aa22bba0143275ea656df9883ad433541073bcd4a263e3256d123,site_fold_3,all_eligible_657,0.6015839021032922,0.5712121108923224
bg_2023_0093,0,2023,39af272ed4011f905c7675ca8e5251a45ad8be334a928f57454f06824c57b67d,site_fold_1,all_eligible_657,0.7394616689273726,0.07350341152350266
bg_2023_0098,0,2023,09cec87c34c3457792131d98f4e5ea7c0de72227cb164719da0895a2dd49e29f,site_fold_4,all_eligible_657,0.09981798032601365,0.7963774563578654
bg_2023_0099,0,2023,eab8096d803acb18cc201f6ace31bbda179073d5e6a99e0d73d2ec05bccdf772,site_fold_0,all_eligible_657,0.11679776180191852,0.0037457612801841925
bg_2023_0101,0,2023,0e3e2e1f0d7500e89ab5386ac3395e82b86d098339e82b63a4f96b3de677403b,site_fold_4,all_eligible_657,0.19705767367234348,0.008877204738781095
bg_2023_0102,0,2023,d083f6498d7fbd2e9d25a6ad0b6797fb6e2c24cc6ad3d7ca5f9713008c86dd50,site_fold_1,all_eligible_657,0.09505926882432751,2.9484586379909514e-05
bg_2023_0103,0,2023,094fe38ba748a64e5efdec7fb8286b4be6aadc362ada39934354d5551a5da3d0,site_fold_3,all_eligible_657,0.3231326083147835,0.06314794525838205
bg_2023_0104,0,2023,381d18bd61e34cf882bdfdf6012481b10927e35d12e6647db1266ea9a179de4a,site_fold_0,all_eligible_657,0.004837773282057209,0.011015178068427046
bg_2023_0105,0,2023,5bb0f3030646a3eca15b3c715c0a2cc5c67d8a64036f4b26e788799479fcac9b,site_fold_4,all_eligible_657,0.7418720213153505,0.6209038884273366
bg_2023_0107,0,2023,121ca7306a2ae0103033e3004279ef3e80366ab277effbd7df933cd44df93378,site_fold_4,all_eligible_657,0.8074701418617529,0.5478084591724609
bg_2023_0110,0,2023,fe94a8a6361778f583248af09d52d2f8beaeed2c3a1047494990e54232abf263,site_fold_3,all_eligible_657,0.5929279918527546,0.7433768516636307
bg_2023_0112,0,2023,9b8cfb8dd01fd7117ec530b8b1be50f430e0bba381744f956eee96179adeacee,site_fold_1,all_eligible_657,0.8255788942666415,0.9674192601397583
bg_2023_0114,0,2023,cbf698a2629e0c40badff8fdce66678097136d982ad6e328f5e174702db1ac72,site_fold_1,all_eligible_657,0.05279703755550874,0.0018458206950587323
bg_2023_0115,0,2023,48ba22de3d6960040834837c9f93bad7da1ff9aa12c70c28cf23329daa5556b9,site_fold_0,all_eligible_657,0.5119952225884596,0.0899232917037493
bg_2023_0116,0,2023,b89dc14cbabd117f4baa55fee005974d32ebb678421d282b6faf5919d4c5513d,site_fold_0,all_eligible_657,0.2405634414703963,0.919555992277809
bg_2023_0117,0,2023,259d5e4e331efc426e8d5cb37d174767fad44812d9c8aac2673f920f15e78ad6,site_fold_0,all_eligible_657,0.574728345822395,0.0005800682905806752
bg_2023_0118,0,2023,8e82547d47b9be467e201fcc7a5aecc54c71aded64e0ac980099b8678439acd8,site_fold_4,all_eligible_657,0.5468584591410918,0.01847443274451976
bg_2023_0120,0,2023,1cdab643d1b940b0693fcbf08e8a99e52473b61131de923eb8b284c32f00c4d4,site_fold_3,all_eligible_657,0.3774604200965435,0.01807634240988804
bg_2023_0122,0,2023,bf6cb7c3b436132579c4c247e107989902b49e1a3a297a787f54b840578a302e,site_fold_3,all_eligible_657,0.19845943347228864,0.0023042854718873596
bg_2023_0124,0,2023,74a593ab813090c62b6028480a668a3959fb4e059bcc73876ed08db88d30bda2,site_fold_1,all_eligible_657,0.028469945425441946,0.006630066322677324
bg_2023_0125,0,2023,669228cb6311c26fa81b0cc72a9f043cf099e2aec5da6174c5343570362b53f9,site_fold_4,all_eligible_657,0.001454123585803283,0.6961699845821687
bg_2023_0129,0,2023,9d517f55ae5613be7e9c1f546afa3a8453196835262a2da69354022e181623af,site_fold_1,all_eligible_657,0.705123712660159,0.7470058666986026
bg_2023_0130,0,2023,30fc7f1fd06b41eaa1cbfba3302ccf7b637fb6b97d364777008dcc7203e27e88,site_fold_3,all_eligible_657,0.6232487697396203,0.8184019316137677
bg_2023_0131,0,2023,c70088b5f5ed553ac8d54c56b48c1be5b90a722246b8993e86f8ab252abee2b8,site_fold_2,all_eligible_657,0.760637856508811,0.8160479145684919
bg_2023_0133,0,2023,f4be26be42aa63779b31705fdb787991f04b62cc376f4011ad45d4e46a90aadc,site_fold_3,all_eligible_657,0.7534966433586474,0.1912321815387449
bg_2023_0135,0,2023,d4a9a61f6e816b947950df9ce5dcf1ba5199c097b89c4e2ff3146444ea11cb5e,site_fold_0,all_eligible_657,0.38745190923394307,0.9054411532208559
bg_2023_0137,0,2023,b1c60d3479151c265d732f1691c8965b5045f9f996bc435e7cc5093bbabaa7ca,site_fold_0,all_eligible_657,0.4098557651008372,0.27841835802683795
bg_2023_0138,0,2023,8c4da60d1d75cffc9bd0bb476c0dc48b8024afb93b7ec5dce86a348e4a515c7e,site_fold_1,all_eligible_657,0.0022817290443747167,0.011600027159512357
bg_2023_0140,0,2023,25491912f96991025541d5f5da5a1ed06d902fbef16223d74ebe72a74b2706c0,site_fold_0,all_eligible_657,0.43722573325389663,0.43374323531872155
bg_2023_0142,0,2023,27cf11d64439127707db65caff07bd9f503a61a6427d56ac8b3df0c792261c04,site_fold_2,all_eligible_657,2.253655237809745e-18,7.690092090705437e-21
bg_2023_0144,0,2023,48a8d4b27be3f5a3d567610c033ac715c6277500103c9ec2d712f0b3bd427f0b,site_fold_4,all_eligible_657,0.8053045427960134,0.41739764721764966
bg_2023_0146,0,2023,e889077796f75a8bf06a0218348506ff1aa58361a026a2158158d33545d8f8e8,site_fold_4,all_eligible_657,0.7425640331332081,0.7431030784937536
bg_2023_0148,0,2023,7e9ec81c8ea1517e7c97d3f130bd8da15eded8367199dea08912d7fec27678bc,site_fold_4,all_eligible_657,0.8837532765291976,0.7149362417224199
bg_2023_0150,0,2023,2d514b854a9419024c44d135af3eff0d5ec793684c36bece8e6471bba25f3d4b,site_fold_2,all_eligible_657,0.0032757650065143086,0.004970132423521405
bg_2023_0152,0,2023,ce81223ed4abc36fdbbc236f8ffb7d0ee9ea969f12ac8750196c90345354cd48,site_fold_1,all_eligible_657,0.030956650227383396,0.0008664847847517985
bg_2023_0154,0,2023,eaa88e45dc34bbc37c2c1c462247981c702e40fc4de264f8bfd709abb71da6d3,site_fold_2,all_eligible_657,0.03800028703608554,0.7686456525821245
bg_2023_0155,0,2023,37a1b32ea4828c6949829c840f5a2c1015383861dcde49e417670a4242964123,site_fold_1,all_eligible_657,0.2551071696386218,8.459333158703307e-05
bg_2023_0157,0,2023,10931396412cd75603aea0d3abeeaa86eab99d3b921d1b092b41bbab3e6b3ef3,site_fold_3,all_eligible_657,0.7169121108837253,0.0371201073305816
bg_2023_0161,0,2023,d49b5fbc9ceb41ca0416f4cdb698a4166b7a68f5b61831b3c486481ab9266d59,site_fold_0,all_eligible_657,0.7272789361200214,0.9271350044370936
bg_2023_0163,0,2023,aa4923f93f3935d9017a178e2e2a00c39f8bda9e0d5768ff25899acb453cfe4f,site_fold_4,all_eligible_657,0.6372115688759201,0.321978068657438
bg_2023_0165,0,2023,d2fe77c5494009de82c48b234cc00ce5e962100afef8729763eebcde1fdb3ee6,site_fold_4,all_eligible_657,0.5692942003439213,0.005514738000423052
bg_2023_0167,0,2023,4a3e32b2592c4bca0306e12810e632bbc064edd22a18e37cda46c14b345b44bb,site_fold_3,all_eligible_657,0.03342360936051333,0.001252887383609531
bg_2023_0176,0,2023,f2237c29d27bd0b5346f0be444cdf4b5a741aa2fba630c9086b59654a04a210f,site_fold_2,all_eligible_657,0.15814822384465016,0.0111714401499114
bg_2023_0178,0,2023,e61f9b395ebe806bb4173411398360588d9e72421527f2deafa2fdbbbb195b65,site_fold_4,all_eligible_657,0.7233320723240224,0.8084430410955322
bg_2023_0180,0,2023,a113ed2181e2dafdd3bd4c517c782ea37e2fc64120cbcccfd433bc0ea0d1188c,site_fold_2,all_eligible_657,0.04369500735549608,0.006893726187614951
bg_2023_0182,0,2023,338e23f9b352e3105dbde6ef929db218b89c42bef0ff3192ba71868dc1c03e11,site_fold_1,all_eligible_657,0.5002808081591771,0.7557991441896118
bg_2023_0191,0,2023,cbc1c3c2479947688ce7ff97d13516aff256f9ff10811bac671aee0b4c32337a,site_fold_4,all_eligible_657,0.025700246925091992,0.3040550393822787
bg_2023_0193,0,2023,61dbfdd28521f9308c90c25b11338b8d4a84bcf61abdb389858a2ac8ee611700,site_fold_3,all_eligible_657,0.37346629627221084,0.08430983707086454
bg_2023_0195,0,2023,84ed77966a29277f09a9d25467f5d8ab0f66d8e58892bfa6b237ad9a9a82cd74,site_fold_2,all_eligible_657,0.0010282565082674372,0.13760339394954377
bg_2023_0197,0,2023,085eb8211e0d2e935d23d26841e01d26a6fd4d394c7185918f5965368be91c14,site_fold_4,all_eligible_657,0.9571178791188443,0.9973244283334618
bg_2023_0199,0,2023,83039e54e1fa37ee25521fbe29d0a288ee1d48abb96cc75dc80796ea6e46a80e,site_fold_3,all_eligible_657,0.15196993837358352,0.03885850146832405
bg_2023_0208,0,2023,7fcd19c49f8ef373af77d30b6ea657701de171b59c2cc99c492381c7fa79eb53,site_fold_2,all_eligible_657,0.0004903944543582483,2.3298694373419617e-07
bg_2023_0210,0,2023,81ecec5ea53df338cb8dec8a3d93efdf89b240e40ceb46e53c9c62deeb7134ad,site_fold_4,all_eligible_657,0.6576331020597017,0.8947925820372976
bg_2023_0212,0,2023,d62a426cec03061a92b4b16ff9276a42c85c45c9bef3ede5653bbbd82d16c4a6,site_fold_1,all_eligible_657,0.7210374801771811,0.1107930314189838
bg_2023_0214,0,2023,adcf989dc565c016087934f1ab4ba3b574fbe4b87d6ce6c4c0efac4ac2994595,site_fold_3,all_eligible_657,0.6104603919297614,0.9555924921682373
bg_2023_0227,0,2023,f6e58d1a82b10079ee37183b7cf9cacaf6d4a553dd204c84c7040b1b90f871aa,site_fold_3,all_eligible_657,0.0001260462226151895,2.54327450310237e-06
bg_2023_0229,0,2023,571d300f79ea95c93212637680e248e7f42521541f8f5180c48bc4344a8082b1,site_fold_1,all_eligible_657,0.0102446683637547,0.0010332172432722143
bg_2024_0008,0,2024,e01f18c6157377aa8fea34d0849ee57ba81780ea6b458a684b38b58c1f249aa7,site_fold_1,all_eligible_657,0.002969421467320512,0.027039384022661598
bg_2024_0012,0,2024,031f604ccd8decf0bc0c0f1b46d764f67618a666286b5ef046ba714fd32ce319,site_fold_2,all_eligible_657,0.0010541538450215336,0.0022498730479702713
bg_2024_0014,0,2024,96f4653cba9c5b8fffc448302fa973dfcae2a21030235ce4f086544c824fafd7,site_fold_0,all_eligible_657,0.00016708717456019592,0.006907502199378435
bg_2024_0016,0,2024,b567922b1a6e50fee3cb576e2441824a9c83fd4dd5fac5d1c44c98d81360cfb7,site_fold_1,all_eligible_657,0.038120633416581506,0.723863677317671
bg_2024_0019,0,2024,6edce6b5be5a6297cfc6785fe6eb1f9255b7a66545fc3bea508c64d379a86f22,site_fold_4,all_eligible_657,5.2562825920442045e-06,1.5812035913460543e-05
bg_2024_0021,0,2024,a74f251b2c3000fafc6ffa15b42a8c8767d1d7f96385ec57c9a92bad2775d4d8,site_fold_2,all_eligible_657,9.122258441261169e-05,0.010266304394906077
bg_2024_0023,0,2024,707cefe99fb18e837868489d84317ae20f18934da0f4afa2a1f2b42c41ecaec8,site_fold_1,all_eligible_657,0.0021758498023166533,1.1235854923654309e-05
bg_2024_0025,0,2024,7c6261366bf8edda64089f460e853aeaeda958dee0f29ba57605120c552ce3ad,site_fold_2,all_eligible_657,0.3913726891135931,0.14771086376274908
bg_2024_0027,0,2024,07e4e2986cc515ff4959416c897bb00877a6b5e8b3b13ea6b922aa271b685181,site_fold_1,all_eligible_657,0.011134706071129782,0.012160655044631076
bg_2024_0029,0,2024,d85443019e270af275d8e6dd883eb545895d895bb3302685db5c485b48671cbe,site_fold_4,all_eligible_657,0.012160049402347568,0.488140406569837
bg_2024_0031,0,2024,294277d42644ddf4e441a0ce7c53aca2bfa06820f022b5f34069e9a8a30356b2,site_fold_4,all_eligible_657,0.0006922708610159281,0.002286501894810133
bg_2024_0033,0,2024,21e62fc153d7c067a581956f9285d808728d0fbcc3f743972121ab385b7f240d,site_fold_3,all_eligible_657,0.5193405990647331,0.12920442678093777
bg_2024_0035,0,2024,84e4269b50220afc54cd94d366ce19c65299d35df850ceaee93eadc2d1fba7df,site_fold_2,all_eligible_657,0.0008508551588714556,0.021314201475230936
bg_2024_0037,0,2024,ec12ead14120d4fd24d16cabbbd241eb1d0fe9c16ad943805a4312845283d462,site_fold_4,all_eligible_657,0.31635606737226635,0.050316537162350225
bg_2024_0040,0,2024,b8e6d522bdee72713691c7fcf5a63989a868dfd95bd2cab5437e22511b06187d,site_fold_1,all_eligible_657,0.517677927846218,0.0054552821127610155
bg_2024_0041,0,2024,2fd1ce506e821d00b2c7dc4f3c74578abf6a9aa737fc9b17501c9a890c7b32f4,site_fold_2,all_eligible_657,0.39785774372932253,0.2618352670669252
bg_2024_0042,0,2024,c5c162e440897a82f0cf5001e5831e1ef3a67dfe6bf07a591a79a43cc3ff74f5,site_fold_1,all_eligible_657,0.5366406232943536,0.5381104494387214
bg_2024_0043,0,2024,3dc07fb46bf80b6eecd3b849850467fc614be95e21cbda76c3c7cdf7a7106cf4,site_fold_2,all_eligible_657,7.691812426132897e-05,5.455264338335776e-05
bg_2024_0045,0,2024,5abac985a6deaa808eecb6a2742d5a724388c8f6c7ad871704b78b4066e386dc,site_fold_1,all_eligible_657,0.4211437767660969,0.38236056800766616
bg_2024_0047,0,2024,9b143e553b172de0a0dbcd667fcc44ff4424a8f9c8019d9c4a4518f7420b41af,site_fold_0,all_eligible_657,0.0011899847515799923,0.012090468258612654
bg_2024_0049,0,2024,1a44f043ff970d264d22e596a5e8bcb7dd2eeaed1035fc9b3d7de0c36349a6e3,site_fold_3,all_eligible_657,0.5008509660657879,0.8990975374245598
bg_2024_0051,0,2024,748d2b899e4eb3beab4800bc94e8ff516e34ed0db3aef051813bec260a8670ce,site_fold_2,all_eligible_657,0.1223095194143472,0.6733789530177294
bg_2024_0052,0,2024,dcd99ae5f275a0be2458b09742536127a22d13b902bd53e5ac740a04f46f77f3,site_fold_3,all_eligible_657,0.3775831684417838,0.0267118521917419
bg_2024_0053,0,2024,ef5548ab378a0d6f1136921f787bedefcf308b5bf6f03841ab384a58392a796f,site_fold_3,all_eligible_657,0.1316388010938151,0.000123226059113248
bg_2024_0054,0,2024,8b97daeee954f5cf8ce99941964f6b69aafbd08ff670db5383f686bb16668c44,site_fold_1,all_eligible_657,0.30997776587769316,0.007411358446382113
bg_2024_0056,0,2024,dc2c073fab33fa44d4232f769c5e6003d6870f75c7967861a7b52e38d7c69572,site_fold_4,all_eligible_657,0.34874909630385537,0.5790778587791572
bg_2024_0057,0,2024,d40effa8069de0fc26ed37d2c749ab608986996e969ab3f7db4ee96472d380dc,site_fold_1,all_eligible_657,0.7715339204111253,0.8900311957605955
bg_2024_0058,0,2024,203ddd064d80fc0d4e7bff11a0776d9e93419a3a6037aa9adc2c7505290a1813,site_fold_4,all_eligible_657,0.1962668238639788,0.5166194395398146
bg_2024_0059,0,2024,f9a9ec68c6f1d2a1231e5e83d38745b60d61290ff74ac936aa8f0683822eb8eb,site_fold_0,all_eligible_657,0.5814476352549373,0.8205958360810657
bg_2024_0061,0,2024,320a5b870363bc27bd783e6d2b485a8d3972cfc67854a5a58639a25fc374f980,site_fold_0,all_eligible_657,2.40411013353516e-05,0.00017747032524965164
bg_2024_0062,0,2024,b72bc3515d6491d4fb990553794908030b77eceda6076312844c64f5685529fc,site_fold_4,all_eligible_657,0.5249275996132988,0.10357029658068227
bg_2024_0064,0,2024,7cf777b87c15c35cb12a26b7d8ad0f56654c2b75b6447578107c0cef8bdd2e29,site_fold_1,all_eligible_657,0.6308607151994715,0.26653444449199964
bg_2024_0065,0,2024,2ae3e4a48561eae2ac17dd839dccd2bfa7997585727481cf2cc5ad1a544cbb29,site_fold_3,all_eligible_657,0.0024956280896453287,0.004875567229537127
bg_2024_0066,0,2024,a5a2dc9c1dbe6d7af6f51645bd09cb467e8f7c186eb7d91b2a155cea8ae622ed,site_fold_3,all_eligible_657,0.25869043939726927,0.0057735714464005605
bg_2024_0067,0,2024,b687a30ed837278ff4dadcfdef30f40b2986a06c7c79ed57693b3e6b2b1a9d33,site_fold_4,all_eligible_657,0.5884037936220119,0.8879037583207114
bg_2024_0069,0,2024,19b54b72bdde6c4bd3cbe2546f3414a4ff56cd60d6a2bcdf3d6f1f199e8b9a7a,site_fold_2,all_eligible_657,0.3786790894916737,0.25185881058330334
bg_2024_0071,0,2024,48da3e414015f3351b42e87e9218a6ceaedce537a926ba13d8759590bdad9d81,site_fold_3,all_eligible_657,0.7110721791230011,0.5608289918586032
bg_2024_0072,0,2024,ea2e9240baa8efb8641cef5f652b1f430fd03b8bb6bdcae03cd85c7be7d79e6c,site_fold_1,all_eligible_657,0.5054397726022276,0.04341628676571115
bg_2024_0073,0,2024,eb67dc3c4a6302c161ea7c937485d56e520ac962c08ed97fcd8cb6d32e101eed,site_fold_1,all_eligible_657,0.8054087452049798,0.5374395694933269
bg_2024_0074,0,2024,0661378a425c8a66c4aa539a6016f77d94444565f19a404c200d8da71d881e6f,site_fold_0,all_eligible_657,0.373963549968194,0.02025206034845669
bg_2024_0076,0,2024,b0bb5e94bbb58bef0707986a0b214f4618e10f100ec3660f7f792c139b83b7bf,site_fold_3,all_eligible_657,0.7835268676516343,0.1590630911264532
bg_2024_0078,0,2024,a5ca7d8f214e2cdbd499bf191e3ef82542d8fc7c4eb63c250906aecb6d052776,site_fold_1,all_eligible_657,0.013302112167544788,0.0007968490178382339
bg_2024_0079,0,2024,387293de0a4d2562776968a4c928898f0c153e19c243293da6f2314332ce8e09,site_fold_0,all_eligible_657,0.5645095320673058,0.02182616827905693
bg_2024_0081,0,2024,a79ec02ce4ac7963f73a96c80a4ea1fc557a0747a742e20e54654266ddade15f,site_fold_4,all_eligible_657,0.8209402728795601,0.9860862198269557
bg_2024_0082,0,2024,5535d9eaa37e4d1a7b852f0870d6bc9cf8d44c2c849c46b6e3bc123aea922f98,site_fold_0,all_eligible_657,0.966153732460189,0.5265817406617412
bg_2024_0083,0,2024,fe080c2d9abb132cc64d5557983b111ff97e3f58f287666fd5faa26bdb192287,site_fold_2,all_eligible_657,0.5880956305249884,0.10108808021212408
bg_2024_0085,0,2024,f3ce6092bb24123a060a0495483d50073de4e4ee953fe58bd28e219e1a83baa1,site_fold_3,all_eligible_657,0.0040881573983372575,0.0033383419541556623
bg_2024_0086,0,2024,2f8d0c0da0be361972dcf84753d6a3e08b6dad88a520b7d1a92b86f9b38320ac,site_fold_1,all_eligible_657,0.2291836650656419,0.03501111651538374
bg_2024_0088,0,2024,d948566b5d11292ec582eb153178eebb116e8d9e510bbbb560baf1319dcb07ea,site_fold_4,all_eligible_657,0.29414252420784937,0.11710049735858154
bg_2024_0089,0,2024,30e0262a5079f27f544cfa11a50c2dac7696a1223e31b6a5743a25b88178f3f9,site_fold_1,all_eligible_657,0.7943006721576397,0.792396946219303
bg_2024_0090,0,2024,0ea0ea06867904ade6f0cc97d06bcc3a15a536e081b0765ae05da45dd08c935e,site_fold_3,all_eligible_657,0.7213088203527459,0.6630029268775143
bg_2024_0091,0,2024,982618d21af830b045f8c249c93b9fe8c0ca46e8eef0f38a41b858d40f182133,site_fold_1,all_eligible_657,0.5862796557377984,0.9551591999606572
bg_2024_0092,0,2024,1329ca34dd0aa22bba0143275ea656df9883ad433541073bcd4a263e3256d123,site_fold_3,all_eligible_657,0.47143156961909866,0.7481401253164766
bg_2024_0093,0,2024,39af272ed4011f905c7675ca8e5251a45ad8be334a928f57454f06824c57b67d,site_fold_1,all_eligible_657,0.5357797479493103,0.18243300605772722
bg_2024_0098,0,2024,09cec87c34c3457792131d98f4e5ea7c0de72227cb164719da0895a2dd49e29f,site_fold_4,all_eligible_657,0.025545808981542472,0.9956358400251344
bg_2024_0099,0,2024,eab8096d803acb18cc201f6ace31bbda179073d5e6a99e0d73d2ec05bccdf772,site_fold_0,all_eligible_657,0.08408768037574584,0.0009047125992805771
bg_2024_0101,0,2024,0e3e2e1f0d7500e89ab5386ac3395e82b86d098339e82b63a4f96b3de677403b,site_fold_4,all_eligible_657,0.12140204428918899,0.013822605131435349
bg_2024_0102,0,2024,d083f6498d7fbd2e9d25a6ad0b6797fb6e2c24cc6ad3d7ca5f9713008c86dd50,site_fold_1,all_eligible_657,0.08596044681245023,0.00033885513645500777
bg_2024_0103,0,2024,094fe38ba748a64e5efdec7fb8286b4be6aadc362ada39934354d5551a5da3d0,site_fold_3,all_eligible_657,0.31952478520762406,0.0745363071180641
bg_2024_0104,0,2024,381d18bd61e34cf882bdfdf6012481b10927e35d12e6647db1266ea9a179de4a,site_fold_0,all_eligible_657,0.0018921377654248618,0.019267462506821837
bg_2024_0105,0,2024,5bb0f3030646a3eca15b3c715c0a2cc5c67d8a64036f4b26e788799479fcac9b,site_fold_4,all_eligible_657,0.5575564935676043,0.7326191295070037
bg_2024_0107,0,2024,121ca7306a2ae0103033e3004279ef3e80366ab277effbd7df933cd44df93378,site_fold_4,all_eligible_657,0.7477919474472421,0.846707626918041
bg_2024_0110,0,2024,fe94a8a6361778f583248af09d52d2f8beaeed2c3a1047494990e54232abf263,site_fold_3,all_eligible_657,0.558625978702516,0.9499823473696657
bg_2024_0112,0,2024,9b8cfb8dd01fd7117ec530b8b1be50f430e0bba381744f956eee96179adeacee,site_fold_1,all_eligible_657,0.8894989906568779,0.9968125645486816
bg_2024_0114,0,2024,cbf698a2629e0c40badff8fdce66678097136d982ad6e328f5e174702db1ac72,site_fold_1,all_eligible_657,0.11693304177150388,0.013168791070984613
bg_2024_0115,0,2024,48ba22de3d6960040834837c9f93bad7da1ff9aa12c70c28cf23329daa5556b9,site_fold_0,all_eligible_657,0.45648660626031,0.07522690771644258
bg_2024_0116,0,2024,b89dc14cbabd117f4baa55fee005974d32ebb678421d282b6faf5919d4c5513d,site_fold_0,all_eligible_657,0.18069866410678767,0.9496569257106126
bg_2024_0117,0,2024,259d5e4e331efc426e8d5cb37d174767fad44812d9c8aac2673f920f15e78ad6,site_fold_0,all_eligible_657,0.5418078184795448,0.0015248640812115983
bg_2024_0118,0,2024,8e82547d47b9be467e201fcc7a5aecc54c71aded64e0ac980099b8678439acd8,site_fold_4,all_eligible_657,0.5148860809057892,0.11700259527380913
bg_2024_0120,0,2024,1cdab643d1b940b0693fcbf08e8a99e52473b61131de923eb8b284c32f00c4d4,site_fold_3,all_eligible_657,0.3304576038349384,0.04722230973278459
bg_2024_0122,0,2024,bf6cb7c3b436132579c4c247e107989902b49e1a3a297a787f54b840578a302e,site_fold_3,all_eligible_657,0.14752543000678645,0.0075415047022806304
bg_2024_0124,0,2024,74a593ab813090c62b6028480a668a3959fb4e059bcc73876ed08db88d30bda2,site_fold_1,all_eligible_657,0.011829442672329023,0.006031154675757699
bg_2024_0125,0,2024,669228cb6311c26fa81b0cc72a9f043cf099e2aec5da6174c5343570362b53f9,site_fold_4,all_eligible_657,0.0021479231385574072,0.8360523257799467
bg_2024_0129,0,2024,9d517f55ae5613be7e9c1f546afa3a8453196835262a2da69354022e181623af,site_fold_1,all_eligible_657,0.7242652440620523,0.586748996199184
bg_2024_0130,0,2024,30fc7f1fd06b41eaa1cbfba3302ccf7b637fb6b97d364777008dcc7203e27e88,site_fold_3,all_eligible_657,0.5707150365414245,0.8729033792050056
bg_2024_0131,0,2024,c70088b5f5ed553ac8d54c56b48c1be5b90a722246b8993e86f8ab252abee2b8,site_fold_2,all_eligible_657,0.66642110282085,0.8013764024809641
bg_2024_0133,0,2024,f4be26be42aa63779b31705fdb787991f04b62cc376f4011ad45d4e46a90aadc,site_fold_3,all_eligible_657,0.7525102650089465,0.30447671523476805
bg_2024_0135,0,2024,d4a9a61f6e816b947950df9ce5dcf1ba5199c097b89c4e2ff3146444ea11cb5e,site_fold_0,all_eligible_657,0.3549277454804114,0.8766658968278312
bg_2024_0137,0,2024,b1c60d3479151c265d732f1691c8965b5045f9f996bc435e7cc5093bbabaa7ca,site_fold_0,all_eligible_657,0.40035693769265845,0.7061609247257771
bg_2024_0138,0,2024,8c4da60d1d75cffc9bd0bb476c0dc48b8024afb93b7ec5dce86a348e4a515c7e,site_fold_1,all_eligible_657,0.0005145205053842846,0.022395890738156083
bg_2024_0140,0,2024,25491912f96991025541d5f5da5a1ed06d902fbef16223d74ebe72a74b2706c0,site_fold_0,all_eligible_657,0.36996343575202434,0.5195049144037871
bg_2024_0142,0,2024,27cf11d64439127707db65caff07bd9f503a61a6427d56ac8b3df0c792261c04,site_fold_2,all_eligible_657,1.342666685706005e-18,1.1751672145166314e-20
bg_2024_0144,0,2024,48a8d4b27be3f5a3d567610c033ac715c6277500103c9ec2d712f0b3bd427f0b,site_fold_4,all_eligible_657,0.70609313173608,0.7267702819785538
bg_2024_0146,0,2024,e889077796f75a8bf06a0218348506ff1aa58361a026a2158158d33545d8f8e8,site_fold_4,all_eligible_657,0.7703425460457394,0.8594586620094951
bg_2024_0148,0,2024,7e9ec81c8ea1517e7c97d3f130bd8da15eded8367199dea08912d7fec27678bc,site_fold_4,all_eligible_657,0.7750108564558629,0.6912201792918977
bg_2024_0150,0,2024,2d514b854a9419024c44d135af3eff0d5ec793684c36bece8e6471bba25f3d4b,site_fold_2,all_eligible_657,0.0012964026480987972,0.001650363339043637
bg_2024_0152,0,2024,ce81223ed4abc36fdbbc236f8ffb7d0ee9ea969f12ac8750196c90345354cd48,site_fold_1,all_eligible_657,0.019450289532306812,0.0007799082609715892
bg_2024_0154,0,2024,eaa88e45dc34bbc37c2c1c462247981c702e40fc4de264f8bfd709abb71da6d3,site_fold_2,all_eligible_657,0.06486257595033385,0.8291784405328377
bg_2024_0155,0,2024,37a1b32ea4828c6949829c840f5a2c1015383861dcde49e417670a4242964123,site_fold_1,all_eligible_657,0.06923360785771521,0.00011238811391915903
bg_2024_0157,0,2024,10931396412cd75603aea0d3abeeaa86eab99d3b921d1b092b41bbab3e6b3ef3,site_fold_3,all_eligible_657,0.660621779623201,0.25860383084631855
bg_2024_0161,0,2024,d49b5fbc9ceb41ca0416f4cdb698a4166b7a68f5b61831b3c486481ab9266d59,site_fold_0,all_eligible_657,0.6830109089824107,0.9580927333990455
bg_2024_0163,0,2024,aa4923f93f3935d9017a178e2e2a00c39f8bda9e0d5768ff25899acb453cfe4f,site_fold_4,all_eligible_657,0.5282007513422856,0.46004017199185926
bg_2024_0165,0,2024,d2fe77c5494009de82c48b234cc00ce5e962100afef8729763eebcde1fdb3ee6,site_fold_4,all_eligible_657,0.4273353448805191,0.07609928331723105
bg_2024_0167,0,2024,4a3e32b2592c4bca0306e12810e632bbc064edd22a18e37cda46c14b345b44bb,site_fold_3,all_eligible_657,0.015884526828685203,3.834259124265345e-05
bg_2024_0176,0,2024,f2237c29d27bd0b5346f0be444cdf4b5a741aa2fba630c9086b59654a04a210f,site_fold_2,all_eligible_657,0.04721910037746308,0.03068183896663883
bg_2024_0178,0,2024,e61f9b395ebe806bb4173411398360588d9e72421527f2deafa2fdbbbb195b65,site_fold_4,all_eligible_657,0.6008885175220767,0.728866088381943
bg_2024_0180,0,2024,a113ed2181e2dafdd3bd4c517c782ea37e2fc64120cbcccfd433bc0ea0d1188c,site_fold_2,all_eligible_657,0.005932512543614037,0.0007441179873864359
bg_2024_0182,0,2024,338e23f9b352e3105dbde6ef929db218b89c42bef0ff3192ba71868dc1c03e11,site_fold_1,all_eligible_657,0.5110359620016404,0.9556716654518009
bg_2024_0191,0,2024,cbc1c3c2479947688ce7ff97d13516aff256f9ff10811bac671aee0b4c32337a,site_fold_4,all_eligible_657,0.002190649481657712,0.09746287031543317
bg_2024_0193,0,2024,61dbfdd28521f9308c90c25b11338b8d4a84bcf61abdb389858a2ac8ee611700,site_fold_3,all_eligible_657,0.3134635022347059,0.4154510118336627
bg_2024_0195,0,2024,84ed77966a29277f09a9d25467f5d8ab0f66d8e58892bfa6b237ad9a9a82cd74,site_fold_2,all_eligible_657,0.00018290104748598063,0.029881682242183877
bg_2024_0197,0,2024,085eb8211e0d2e935d23d26841e01d26a6fd4d394c7185918f5965368be91c14,site_fold_4,all_eligible_657,0.9475134776833168,0.991261915810428
bg_2024_0199,0,2024,83039e54e1fa37ee25521fbe29d0a288ee1d48abb96cc75dc80796ea6e46a80e,site_fold_3,all_eligible_657,0.010695050814726369,0.00048223307196694677
bg_2024_0208,0,2024,7fcd19c49f8ef373af77d30b6ea657701de171b59c2cc99c492381c7fa79eb53,site_fold_2,all_eligible_657,0.00019058014519301094,2.906774589314096e-08
bg_2024_0210,0,2024,81ecec5ea53df338cb8dec8a3d93efdf89b240e40ceb46e53c9c62deeb7134ad,site_fold_4,all_eligible_657,0.6144197329196559,0.9691422738281135
bg_2024_0212,0,2024,d62a426cec03061a92b4b16ff9276a42c85c45c9bef3ede5653bbbd82d16c4a6,site_fold_1,all_eligible_657,0.586559396603953,0.0369459568397389
bg_2024_0214,0,2024,adcf989dc565c016087934f1ab4ba3b574fbe4b87d6ce6c4c0efac4ac2994595,site_fold_3,all_eligible_657,0.703109100301677,0.7811440110889638
bg_2024_0227,0,2024,f6e58d1a82b10079ee37183b7cf9cacaf6d4a553dd204c84c7040b1b90f871aa,site_fold_3,all_eligible_657,0.00020239872616191425,1.330269289289713e-06
bg_2024_0229,0,2024,571d300f79ea95c93212637680e248e7f42521541f8f5180c48bc4344a8082b1,site_fold_1,all_eligible_657,0.004039933784373154,0.001277526355970625
