sample_id,label,event_year,site_id,fold_id,variant,terrain_landcover,terrain_landcover_ae
seoul_flood_2017_00000,1,2017,c67d0a76533a86d6e0122a7c533e36060a44ef2a7bc6f82fea66e43653ea239d,site_fold_0,current_339,0.5287468184642224,0.8898940354270023
seoul_flood_2017_00010,1,2017,525ac3fe6bc355be717c564c7a0943e5b0ee311a83c1ba07813b27c375cb06fa,site_fold_2,current_339,0.06730656569052558,0.930070292798041
seoul_flood_2017_00001,1,2017,f545ec5c53a8352d945a65d157b57a604a4007bbee9f9c19c24dff9164307436,site_fold_1,current_339,0.271217759571068,0.5544352430320963
seoul_flood_2017_00011,1,2017,a50f2bf3fc30ea76e20427361b426a6ded4e88d9863e7f964425d00ef5b2310d,site_fold_3,current_339,0.2883255111985247,0.8721931600189896
seoul_flood_2017_00002,1,2017,0e4eacdbfcc6bedfe67478f3daf6e16a67e46e688a63ba43aa9a300ece3140d9,site_fold_2,current_339,0.9640235497247841,0.9886352928021732
seoul_flood_2017_00012,1,2017,9a3d7636f108b6f95ab83df3a66933e0503e10a5087d855f579395415887caa4,site_fold_4,current_339,0.24128312466183358,0.9348559958915239
seoul_flood_2017_00003,1,2017,c3a62ff0321f77edb5805e2e223f028151df838106f344ff7ad2df1e9ccab0d4,site_fold_1,current_339,0.873708400048343,0.8376480205883734
seoul_flood_2017_00004,1,2017,f22bb39bd4796b34ca39d2e5cb8a53193f4dcb0ed6e763583a65558a232a723a,site_fold_2,current_339,0.8585640189493207,0.8150615087867361
seoul_flood_2017_00005,1,2017,00f7abed28ee6da04c8963479f5ed7040342a1c8ec40f36e74fae0258aa8ed82,site_fold_0,current_339,0.9315684905277849,0.9658688422004587
seoul_flood_2017_00006,1,2017,20ce218e01cf2f77d159f237f605e9549c4305fae34adb0c253cdc67b7f86470,site_fold_2,current_339,0.41265022118872047,0.8688204384282956
seoul_flood_2017_00007,1,2017,b219ab5ae8913d32375632f6109b09c84f177543da505670ae46e9c08117413d,site_fold_1,current_339,0.27359964714069346,0.986909886994246
seoul_flood_2017_00008,1,2017,138f9834a140c30fe1cb1013f09b6df844aff508584439948cb9fc3ecb933306,site_fold_4,current_339,0.602444175025344,0.99468302000172
seoul_flood_2017_00009,1,2017,2a253fe034b3cfb7f6f21e8bf095bddac53d7e9cb7ac1fbdf3823ec075bfe16c,site_fold_1,current_339,0.14609989123560652,0.0009569824034727684
seoul_flood_2018_00324,1,2018,a1b1fca44bc1ff34acebce1d2dec2893d4eccf3bfe1ad7734248e10fe47f54c7,site_fold_3,current_339,0.7295712996531916,0.9551335058376532
seoul_flood_2018_00005,1,2018,e88f89ee8b1977d499627aace65949860075e37faa7075fb202f3b9c70914306,site_fold_2,current_339,0.7343775581396572,0.8810662780916853
seoul_flood_2018_00723,1,2018,f792ca6fa3b7966d7fa888f7aba498b9357ec720fd74b0d523038cf5741af0bd,site_fold_2,current_339,0.9103895448043063,0.883657382490704
seoul_flood_2018_00741,1,2018,0c53dcd495b829b20efb3cd45350dae6ad9e1f288bc99042e9b015befbc96aea,site_fold_1,current_339,0.5859947163214768,0.9459424237046041
seoul_flood_2018_00325,1,2018,a83737b63d9a503d7d831fb52ed8b58f380bae7bb9a6ea2c93390c680f809ee1,site_fold_0,current_339,0.8863249897024071,0.9984782562591757
seoul_flood_2018_00006,1,2018,ac7d7cf118db0102628ab6d0633c011aa5b6a76e06adea19ae1b020a71924fb9,site_fold_1,current_339,0.6360012429831844,0.9677634893372038
seoul_flood_2018_00724,1,2018,cd69195557cdbdaf5ce455c634a40f8ef2384631b031d6bf23b3bfbf753d27c3,site_fold_1,current_339,0.8709511255214112,0.9763395481357515
seoul_flood_2018_00742,1,2018,281ee18e6f6caaecbe9a202ceb6e7b72f1f1c841efc7b7cee1fc3c5652f3683d,site_fold_1,current_339,0.6261171239475601,0.9358839868647898
seoul_flood_2018_00326,1,2018,0b759919b089a0a22e2f525d49ab414e3f532557f3abde425e5117e4866d8812,site_fold_0,current_339,0.6792270793878246,0.9375050871879251
seoul_flood_2018_00011,1,2018,1d041d03fe3492d616ef2e8ff830888228eb12026dc49e31cce9a305e5ed7e06,site_fold_1,current_339,0.6612913131386386,0.699472004389422
seoul_flood_2018_00725,1,2018,016fdce57ee065cde1e7a7d9c7335988a9c8740d99386001979a8db655fe94fd,site_fold_3,current_339,0.9589758219143789,0.9760807331648255
seoul_flood_2018_00743,1,2018,7620be273e51d04036dd429b1780df3112895de3b62b1d436d4774dbb49c4d76,site_fold_3,current_339,0.6785942443847832,0.9673740164867817
seoul_flood_2018_00327,1,2018,053d6f8c081d5d4514368aeca0fcac700fbe7e896de8295fc6772f272a3546f3,site_fold_2,current_339,0.6904145856653829,0.7870481961690268
seoul_flood_2018_00012,1,2018,9df6541a039a93123871f9d79f5b8006457ed47b9ce2268ed5d86a5099fcbcc7,site_fold_1,current_339,0.7894530234097317,0.9672355905874599
seoul_flood_2018_00726,1,2018,b7cfe4f3036b3920a9c0cea41a0880e97030fd6eba18c0725e204f88cfc566dc,site_fold_2,current_339,0.7711758511658678,0.9569105856091835
seoul_flood_2018_00744,1,2018,3a238d50e2af219ba4ec25c647463d9ea7d1f63a9a1d239c41f91c75c557643a,site_fold_2,current_339,0.5482609030151204,0.9388986364307622
seoul_flood_2018_00328,1,2018,c350b7a0650780eee86eed1205b21bc8e309f3758943c1e32321cec0af94c026,site_fold_1,current_339,0.8334608269333389,0.9817242245975659
seoul_flood_2018_00020,1,2018,388a682307c61eec5c4cc5e96e9adecbf7434ab3669180ed93edde5abf56ec24,site_fold_1,current_339,0.4194246236318234,0.9089791311419076
seoul_flood_2018_00727,1,2018,c750d53cddbd6712ab9b87d84b0fa4436f78f820dbb071fee232eebeb0c9dc63,site_fold_1,current_339,0.210737356444519,0.23795183858585042
seoul_flood_2018_00745,1,2018,3522d53dc7424cb162deeb350bf2fbeaae2820630dafe096b0b77802e2cb3cc5,site_fold_3,current_339,0.4710926874880476,0.9504562452009705
seoul_flood_2018_00329,1,2018,918ba9f59e992e22e19d2a2a57747a530407ff0a2caaae7081813c50b7096c64,site_fold_1,current_339,0.8334608269333389,0.9817242245975659
seoul_flood_2018_00021,1,2018,3b97d95dd112fb934e3360de60c479a157c794139261e92b084fedd6f79a6971,site_fold_1,current_339,0.44827051053093014,0.6300104792819876
seoul_flood_2018_00728,1,2018,1567ff21af4f0e60ece05b1b1f97f6688f3122fa285400a649e9f6911f4eb7d8,site_fold_2,current_339,0.7966422663279096,0.9791400708618468
seoul_flood_2018_00746,1,2018,f2cba0d9a3d3f61556a8daef88c437a1b6ffdb591f7f34d3bd05083858f871d0,site_fold_4,current_339,0.36969821449236856,0.8164692500500639
seoul_flood_2018_00330,1,2018,ccc187526c6e506022a98020a10e694ebed7f9288bcab382e7573d1639ce746f,site_fold_3,current_339,0.7511708565469979,0.9822087952648473
seoul_flood_2018_00022,1,2018,37ac8c59899fdee8a996aecc0b960138157b4d540236c004fac05624e9a802dd,site_fold_0,current_339,0.6127662873418799,0.9994712894367931
seoul_flood_2018_00729,1,2018,c52b915e27b4091750b43512b670caee102702467a59260cb6dc9389b90583f9,site_fold_2,current_339,0.9015468471269993,0.9995151509932143
seoul_flood_2018_00747,1,2018,c7edb11248be6812169ef801e912dbf2da345059d9f63db27f0a5fa68b0be9c7,site_fold_4,current_339,0.7486309247520672,0.9975899803848479
seoul_flood_2018_00331,1,2018,1d35c36c5c8376735746df76324bd49ab4a065010f8d30d93d79cb28dc3150e4,site_fold_3,current_339,0.8029943042367517,0.9687444625356865
seoul_flood_2018_00025,1,2018,53a24fef9ef8807e2cc28e2f06874c151ec3c800b1fc78566a38dfc78c97939f,site_fold_0,current_339,0.46057309237559524,0.9694014937698967
seoul_flood_2018_00730,1,2018,2188fc31bf1b87a414d865159779d5c75063bd89ee3bba3de439f0c8935be81b,site_fold_3,current_339,0.6609831981659752,0.966253014149156
seoul_flood_2018_00748,1,2018,efa5830a13132042247e314874bb44bc8008ea34483223557638b3c466ae6d7b,site_fold_1,current_339,0.6692269631690355,0.9919932948643735
seoul_flood_2018_00332,1,2018,381acfff536f180dba5bf633c798bf56cbb21042110d410ba141294bbb24c97e,site_fold_4,current_339,0.8062022300852,0.9787157863991316
seoul_flood_2018_00040,1,2018,659d244386f4866b404465faceec6356e38de3adfd161893e5fd8ef2a036df9f,site_fold_2,current_339,0.9187122418950889,0.9710018227765065
seoul_flood_2018_00749,1,2018,6d7587c462684477b7bfd3915ed0660269aefa70ae2fb0556af7aa5c82ac789c,site_fold_2,current_339,0.5828491129931542,0.6614922951566968
seoul_flood_2018_00333,1,2018,605ee8a54d1aaa4b9701f183e63067ac88aacf7d6bda1ef075ab1637bfd92de5,site_fold_0,current_339,0.6924820066016637,0.9825093189487075
seoul_flood_2018_00043,1,2018,cda8b7236e56129d5f1016fb65a3cb4103a46fdbfd7644c4b4c8f1aa856ea226,site_fold_1,current_339,0.8396837382256619,0.993221305287128
seoul_flood_2018_00750,1,2018,3813ecb1452f6add0e764ae12869927bdd31ead5da2599a59a4786f1c1d338fb,site_fold_4,current_339,0.5214730174625598,0.8823495443697638
seoul_flood_2018_00334,1,2018,c8a1f2ad0894e015f83443c9267b0394232ddbc3070594550ee0c906ef8fb4d8,site_fold_0,current_339,0.7191403593563324,0.9538148668263062
seoul_flood_2018_00044,1,2018,b85e697ac2a50ccb96d372f5cc922136a327bc212ce3ef91b6d535dd5a1433cc,site_fold_2,current_339,0.4296255077060241,0.9968439991933471
seoul_flood_2018_00751,1,2018,1d014c0252c9d1e801cd15c8ef78f472bea4869776885c791bbf25c842eca006,site_fold_1,current_339,0.6267603481006184,0.9542273104026268
seoul_flood_2018_00335,1,2018,b2f2b60c254e7490190f41b9c16af5d8de91579749b3fd585287c90ddc3a9f8c,site_fold_4,current_339,0.935932117398471,0.9809988964682503
seoul_flood_2018_00050,1,2018,79f8b2c51da51d091269b8226eaa9c01c48c24aea78c15bf3cdc5ce731a6e3af,site_fold_0,current_339,0.6168526635958074,0.9687876629407093
seoul_flood_2018_00752,1,2018,4299d7148be312faca910ed1a45c3f59ab862b0ae0e28fb46a59d325163411e8,site_fold_1,current_339,0.6093132847875449,0.9192755907447351
seoul_flood_2018_00336,1,2018,58dcf847e10eb5935155f8eaf1b4d1599acff4602e20f9ba360e9e0b5f450524,site_fold_2,current_339,0.8321283896076243,0.9161939956947152
seoul_flood_2018_00053,1,2018,624e10d71a7f47b984636b6edb8bdaeb5b127bfda9d61227a0b41f3151c86416,site_fold_3,current_339,0.6755879213604732,0.9951773527857302
seoul_flood_2018_00753,1,2018,326d3e32f81727903e6e38e8d66e8f45c0f49a83fd1d55dc4bf18b1596746aaf,site_fold_4,current_339,0.6596329245888662,0.9603854607289715
seoul_flood_2018_00731,1,2018,7e27002406c970b9f0ad3eef70363e745220a81e62d98ccc076ed94360476b50,site_fold_0,current_339,0.9436269990072674,0.9702620288317602
seoul_flood_2018_00056,1,2018,48b35a72390e799e3ddeeb233e3c32a9ac9aaddacb845ae849a8bcb07b4e71f4,site_fold_0,current_339,0.9355888663702049,0.993224233265863
seoul_flood_2018_00754,1,2018,97789c0161bd76a063a56684677dbb07715ff06ff30edbf9dd137f6c3b398409,site_fold_3,current_339,0.6017245621329596,0.9677902232571577
seoul_flood_2018_00732,1,2018,e5fa1ea429c64ce2505d006be1fb818f4d0046e475d298ccb992113713754a16,site_fold_3,current_339,0.635168311787351,0.9771166939272395
seoul_flood_2018_00057,1,2018,21e378c1bde8ed37fbd884d8f7bf3aa6571b63b171072ae0243436ac2a33da03,site_fold_2,current_339,0.731755125750929,0.9996834267765994
seoul_flood_2018_00755,1,2018,f7652aa85c77cbc87997e2756749f15c92d172deeefd4982fdea8e0c0e1ecc05,site_fold_3,current_339,0.4710926874880476,0.9504562452009705
seoul_flood_2018_00733,1,2018,1a260a4112fa78b379fdd3363e95fb3f2dab1c04edc8b1adb13fd6674ef65186,site_fold_1,current_339,0.7024502061696459,0.9964639549528983
seoul_flood_2018_00061,1,2018,dad1c77fbc783427bafba867dc3676e700063a0f8bf0cba6999b50341c608236,site_fold_4,current_339,0.9286204756363204,0.9930160940626076
seoul_flood_2018_00756,1,2018,d820383513b0930310149682bf4fa107808fe3139631b684f8cddbf29663c7a1,site_fold_3,current_339,0.574715696367094,0.9572577750650452
seoul_flood_2018_00734,1,2018,41db34bc751872c31e82c1435d7851e06d4acbddc1fe6a1b119b517cb9da914e,site_fold_3,current_339,0.6309793015971763,0.9914220985773448
seoul_flood_2018_00062,1,2018,9f7481cc4bd4e573144e61fce0fa90b22b1866ba41db60d60147951b6a558950,site_fold_3,current_339,0.11552089159173888,0.9624818882171512
seoul_flood_2018_00757,1,2018,8bf60aa3320ff1085bdb260f4de4d79abcec85d2751865de7bc81c6e7f5c9230,site_fold_2,current_339,0.6013673397736424,0.9058966977992289
seoul_flood_2018_00735,1,2018,9a2a6d96d61b642accdc67fe6199408ae6318794974446f6e6849d5d9b096ab1,site_fold_2,current_339,0.6096350003369537,0.6861233596685324
seoul_flood_2018_00064,1,2018,ee0fed5c78b685055fd38ef69d86e32bb9b0540bd39afaa2454136cc247e7709,site_fold_2,current_339,0.26401918096130716,0.9966169856892055
seoul_flood_2018_00758,1,2018,705e49ec80245d662e9cf4181ff34571db06dfe1e4d68d6be85d478bb8638e6d,site_fold_0,current_339,0.7104268695014816,0.9235010991397691
seoul_flood_2018_00736,1,2018,3a631fbb8ea1590814892f1b2dbb54dd3a3d627eee72ad04c6730da37e0c1d54,site_fold_2,current_339,0.6761261593685762,0.9990978533526529
seoul_flood_2018_00065,1,2018,8eab2f8b57512faca1a4b9278339274fb6f1b87d275b8d9d89afaa1fa7b1bef5,site_fold_3,current_339,0.9334922583324253,0.32963692139497974
seoul_flood_2018_00759,1,2018,3079dfeaba1faf9d566c7050ff2ec5201d3799d5b4bc7d5fc23a1983a3885e4a,site_fold_2,current_339,0.6778444540862161,0.95863046243858
seoul_flood_2018_00737,1,2018,112344c4987a5f696346382e2b12cbf7f30d7e84fa4b1a4e4543ad0e8ded311a,site_fold_0,current_339,0.345523584921835,0.9927975048015494
seoul_flood_2018_00069,1,2018,2b3e5e6e494b7fe4dad6a6696e4750401a2405216cf6320548ed8ca7ad9d4225,site_fold_0,current_339,0.672057895793039,0.9454460470235204
seoul_flood_2018_00760,1,2018,d19d4648cf65ca6ea86331157fa9bf7b652de1ccb3a2155cabc6bf5f2b500ff2,site_fold_2,current_339,0.5820050961489656,0.9852876453701341
seoul_flood_2018_00738,1,2018,b219ab5ae8913d32375632f6109b09c84f177543da505670ae46e9c08117413d,site_fold_1,current_339,0.38848709910388407,0.9745909868187448
seoul_flood_2018_00071,1,2018,7adaa6b8000bc42a464e78f70fa2d413bbf039dd656438fd0e5654cd9ae0975f,site_fold_2,current_339,0.5817680718046523,0.9993562646263945
seoul_flood_2018_00761,1,2018,649a028f0cab3f8dce663c2991f00eb3df881d64269eedcbdf1a0f16a1ac86ad,site_fold_0,current_339,0.8519526170537824,0.9985395616653544
seoul_flood_2018_00739,1,2018,d1408d944ffa98ee9c0008881a700f860a827354ea90fa56a5140e08bc15ca6f,site_fold_1,current_339,0.8871923902707798,0.7666427556618818
seoul_flood_2018_00074,1,2018,275e9fc1dbbb45fea3e5c12324184c1afc46cc59e56490e9b814a413a9db3ce2,site_fold_2,current_339,0.6156772484159763,0.9978247112690034
seoul_flood_2018_00762,1,2018,51e73d067106dedd680d04080ccf46f7803895ebabffcad1563ccaf312909474,site_fold_0,current_339,0.919405207989612,0.9908075200618207
seoul_flood_2018_00740,1,2018,138f9834a140c30fe1cb1013f09b6df844aff508584439948cb9fc3ecb933306,site_fold_4,current_339,0.4396248256162007,0.9457190551704946
seoul_flood_2018_00080,1,2018,5b18f1a9783d4518a71dc4dcda4a948cc51404a72c5c09734ee122e18d3f95ef,site_fold_3,current_339,0.8456501329136717,0.9981437083422823
seoul_flood_2018_00763,1,2018,2ec78c588853f99c32d1ede1fa1ac3ddfaf067a1b750ed949481cb32e682495f,site_fold_0,current_339,0.5949629204246663,0.7545498396277743
seoul_flood_2018_00083,1,2018,53f21c0284ddea8549b752d3c5ff3be611c28804d4f6564a5f13a1ff0a5b11bd,site_fold_4,current_339,0.8126039671402228,0.9985623868272063
seoul_flood_2018_00764,1,2018,05d3f478e28ca860362a10d492fa9a67f8c033caa6ab9ca380f53048b367b481,site_fold_0,current_339,0.5557168334894065,0.36958231460417246
seoul_flood_2018_00085,1,2018,0765f22659ab1c730be3c132151cb333cb8e887f92fc902404be8b7a4e4d42d8,site_fold_4,current_339,0.8279037737435734,0.9994790235427069
seoul_flood_2019_00001,1,2019,fcb0a15bb5a2205a02887417432d9ab19ce9374453c6aa345161e4520f3b6176,site_fold_1,current_339,0.977442406740388,0.9998501047422745
seoul_flood_2019_00002,1,2019,5fd8b087336a389f8364b4a246a938ed21be409b952c86585a9f54ddd749638b,site_fold_0,current_339,0.45596233803962133,0.012788354268485623
seoul_flood_2019_00004,1,2019,54cd0bb8ec5fe2848ec2ecae95098289bd76d30ee662d04ac03f69be0465d9d9,site_fold_0,current_339,0.4373193725509753,0.0012069115903999737
seoul_flood_2019_00003,1,2019,547e2d01ac7557cf394ed69c6db6d5d02025d9fe473ef3bf7490e9270bc0d793,site_fold_0,current_339,0.7698323420981049,0.1533785062673653
seoul_flood_2019_00005,1,2019,fd65d6658f5c8b220975c11acba4fd65d878d6713aff553ae1f91f6159a3afc7,site_fold_1,current_339,0.594245862122554,0.8324294745084254
seoul_flood_2020_00031,1,2020,60cd8eda4cf981487d922b2bc9e94f935b3640c72165ca20371285f105bfbc4f,site_fold_2,current_339,0.7122874117824933,0.24058894720963214
seoul_flood_2018_00087,1,2020,3c515eb667611eba105aabdc662f06d42cc067b6a4d35327bb2f79d1c65ea40e,site_fold_2,current_339,0.7793377473780779,0.9992202634216598
seoul_flood_2020_00161,1,2020,c90712fd2ef2d9873c9b89acd3eeca11a6a7a57e145395af8d2a70433783d621,site_fold_3,current_339,0.4597400550057127,0.023782819156291008
seoul_flood_2020_00038,1,2020,7222b0a726b4d6c589b7367aa03cd95be294d02ac9a05538f65edde4b0fec905,site_fold_4,current_339,0.6234505857217292,0.1861791865122661
seoul_flood_2020_00032,1,2020,cb715ed173479e77ef2d6ac026302a54a58d9972f9db28988c05158b74d71cf0,site_fold_3,current_339,0.10386861773888086,0.26719868321919255
seoul_flood_2020_00008,1,2020,18a42675611639157295738f87f0005ce33c610aa2b3bc131d1c81844bbf3344,site_fold_1,current_339,0.5280702770703507,0.729103196604726
seoul_flood_2020_00162,1,2020,18934a7e51159b2f8bb68012fdb6bd5b0f75ef97656072bd5eef4b836fad42ac,site_fold_4,current_339,0.8365093908389072,0.9775163057412097
seoul_flood_2020_00041,1,2020,20f45fbd0cd6c1b2391ffe209cca7f6998b68037228bc730a5c77074aaf53eb2,site_fold_3,current_339,0.42220801572472766,0.46785062971542807
seoul_flood_2020_00033,1,2020,ef6b220ac91c0f350535c2927f95ad072f275f16ff047695c8ca1b82121c76c4,site_fold_2,current_339,0.25953568034216856,0.922817192888273
seoul_flood_2020_00016,1,2020,e10a1d4b0b322dbb7542eab7927bf9f8e9d224d52e55caa6bac671aeb120f13f,site_fold_1,current_339,0.6974939915114643,0.62841598457124
seoul_flood_2020_00163,1,2020,262d20d84cc21b6ee00c5d5c466254ab88ec02c9f15fc316248a69cd528083f8,site_fold_2,current_339,0.47557995555621674,0.7318580375033085
seoul_flood_2020_00155,1,2020,f4b457f52bf5d3e32988f5e0f4e9e9ab2afcfa6bfbde1a658ba24fdee3240d98,site_fold_2,current_339,0.2508697809352281,0.9999999997063334
seoul_flood_2020_00034,1,2020,10c46e4c62d7fdf5ed72a30e7772ba427dc77d249e30d5db3813c87d6a25358d,site_fold_1,current_339,0.8556901329621293,0.9915617027783686
seoul_flood_2020_00017,1,2020,75b5b3fdff7bad158fcf1d9e2521788292a2fdd529262e14a8c3c7e1065b5167,site_fold_3,current_339,0.9221191723456491,0.9747137429089656
seoul_flood_2020_00164,1,2020,d38c663073cd86f011cced4de194b87e1b9d16bb8b5389e5ccf62d2aa8ebad41,site_fold_2,current_339,0.3973012665008969,0.5118613380484553
seoul_flood_2020_00156,1,2020,3555de32ff588ee5c192166c9fc69526e5cdb8a175dba83f459952df5027364b,site_fold_2,current_339,0.22860839125966176,0.9999999527956851
seoul_flood_2020_00035,1,2020,7e6c491cfb15eceaaa54161669de732ec9dde775dd0633a75e28ff537399fb74,site_fold_0,current_339,0.8317983480217191,0.9787750924591608
seoul_flood_2020_00024,1,2020,08886a1567bf070a2898b735962da5b5637940828754011bfd419b9efba0e6fb,site_fold_0,current_339,0.5078943796297255,0.5424094422782377
seoul_flood_2020_00165,1,2020,40392281aeb3adb0c0778c84507c484136bcf21550dc3461d47533208cc16d0d,site_fold_4,current_339,0.8312140528903788,0.9808147580224507
seoul_flood_2020_00157,1,2020,7b2db85225e0120ee8866f4d1af9bd2aa38f479e3462310696a9b7979bf3c97c,site_fold_2,current_339,0.3971413467583626,0.9999787104544168
seoul_flood_2020_00036,1,2020,a40d0bba62c999d879457048f04d7b8deff936b8ce065f1b93ed9f9b9add1779,site_fold_2,current_339,0.6270141072779156,0.030421251686811184
seoul_flood_2020_00026,1,2020,60c400e61de242770e7da27016af5b1594a883cf59b9a9d86a72b9faa255f301,site_fold_0,current_339,0.8209357366760118,0.9967024518813467
seoul_flood_2020_00158,1,2020,0ebe6e4adbc9b4123af967a249ff6160cb782d1ce30ef79fdfebfa0de565d9e2,site_fold_3,current_339,6.038804179197242e-07,0.08624475147344561
seoul_flood_2020_00037,1,2020,68064bd8597c3a2f5dcea7760664869c422926f714498f30c771c4ac7d10c12c,site_fold_3,current_339,0.6572913124798037,0.19773353323495088
seoul_flood_2020_00027,1,2020,159756d275658a6eea185326c1c8b8bdf783cb6ed665eec07e2c6cfd1f90fd46,site_fold_2,current_339,0.9877784344339569,0.9998355032362822
seoul_flood_2020_00159,1,2020,19c1885565e56c290d21634561050e4e1cc121630fe7468379a765458fc7dd94,site_fold_4,current_339,0.6409935704161523,0.9999453048324399
seoul_flood_2020_00052,1,2020,8f04d29a85b032d3db48171fa74a0e015c47781d33e5eb50b4beb7c8e972e2d5,site_fold_3,current_339,0.990131600397002,0.9997042997288095
seoul_flood_2020_00028,1,2020,e311ebab0d1322dd22364ea30cd114fc805926a72b5d28893510e9a4da436f4d,site_fold_3,current_339,0.9982696304387816,0.9998092401757007
seoul_flood_2020_00160,1,2020,456d2ad59c7004e996a1bb2640f7a4c7791206f398afcf1712627e80ebbe03d5,site_fold_4,current_339,0.14152030630058784,0.03141051869601482
seoul_flood_2020_00053,1,2020,e92a42c30861ff8dd3c05bd15d469cecd2a4a795eabff79eb9735e228dfa1377,site_fold_0,current_339,0.8197582473073596,0.987018897277632
seoul_flood_2020_00029,1,2020,e54e33160a2670c6606515444b193b0c29f0b4c0ce102243371879c9fa07af70,site_fold_0,current_339,0.6560517576674385,0.9972968156919781
seoul_flood_2020_00054,1,2020,903fe509e1173017f2664fdb60235e5c0fecf5698740e6cbaf813caacf9bafe2,site_fold_1,current_339,0.8688641815161438,0.8794075443990065
seoul_flood_2020_00030,1,2020,4892c95f9d4be5fe6e9e807cecd47c952f44a5088c5322e9a089f89958183f58,site_fold_4,current_339,0.16294067846247146,0.8660754115734741
seoul_flood_2020_00055,1,2020,4da29f2b0d9cdcc836f9470f506600c4a9c7d272b3e99196aaf402c8da14efe6,site_fold_1,current_339,0.7264737989217708,0.9006164088538584
seoul_flood_2020_00049,1,2020,11883d7fa62f924dcca67e6b71805e13ffe7284cfa99d3aab7e71251afc42871,site_fold_4,current_339,0.5729731211624324,0.9525080762908811
seoul_flood_2020_00056,1,2020,fe81cdb1e697e8d9d4e8a80b1d37984835eaf1d7832d50438399759015467427,site_fold_1,current_339,0.7000315249225018,0.6836966185745522
seoul_flood_2020_00050,1,2020,c16f2de5175ab6c9c3347be190453bea3fbc24fe1f20f10b5b6eed4088860d86,site_fold_1,current_339,0.3127638503219253,0.6478380151280659
seoul_flood_2020_00057,1,2020,85a1a4d286c1a53ca36fa8ceeca235ad1b2f583d127de7ab084cc0882321ff74,site_fold_3,current_339,0.5465046758633862,0.5840033871087055
seoul_flood_2020_00051,1,2020,01b405d8db875779338248b392bebddac1a9f6fb16604928d371454ee69e0204,site_fold_1,current_339,0.31055239781732263,0.8006611906506848
seoul_flood_2020_00058,1,2020,6d3dd7eae848fa7d6717b0f8ee7631b0158b96c9cd6f237d2c2e4c179d9af571,site_fold_3,current_339,0.8749383866528804,0.6494851610707677
seoul_flood_2020_00059,1,2020,e5b2c0eae5350cbd21ab8dc75a8db32c3f296c350d962b4a4bf95ca07aa71bb7,site_fold_1,current_339,0.21525590612283846,0.43237386497053
seoul_flood_2020_00060,1,2020,dc52b7037a37162ca7aeba0c259fcd2d421b8bf018e5cc39e00ec8d22374ef17,site_fold_4,current_339,0.8888264859099876,0.9808192287688919
seoul_flood_2020_00061,1,2020,63766b2550ac2953f858ddfec3231520fd87d6dfca7d9e0ac9c396ec7684e38b,site_fold_0,current_339,0.8751201074954211,0.9927728389470611
seoul_flood_2020_00062,1,2020,8266c76f416d89566523a98da79764c403297610b0a135f5a5ebe1be9695c216,site_fold_1,current_339,0.767859580690129,0.941258782659575
seoul_flood_2020_00063,1,2020,df5c84717faba2883b1eaff076e8fb3415343781d918d34433bbca08fcd8e080,site_fold_3,current_339,0.8133415148350589,0.9355546793677195
seoul_flood_2020_00064,1,2020,e99e51efa4aad35446fd6eeed904db223ad457aabb180255994303345c8ed2a4,site_fold_1,current_339,0.914970140503252,0.9983005597753294
seoul_flood_2020_00065,1,2020,03f72303926d55a23a3475a8ba15ff8d5fbd5acd435609a29c889cc220ab2047,site_fold_2,current_339,0.854267976123501,0.9972164819708047
seoul_flood_2020_00066,1,2020,8346ac8e8c0e93102650b8a71656bdbaac4d11ea774826e6cd08a89d08ea03c1,site_fold_0,current_339,0.9164286337758462,0.992095961611986
seoul_flood_2020_00067,1,2020,058fbbcdcf0d4578013e341b772cf94f2a02c13400f39a0c2c101529bad541b0,site_fold_4,current_339,0.9691872430138375,0.9993031378428403
seoul_flood_2020_00068,1,2020,d42b20bbd4e6bc379486f37ee4112e847759b2099f5dedb9a751a364e5621901,site_fold_0,current_339,0.8882037693173842,0.9620945484253206
seoul_flood_2020_00069,1,2020,ca563eafd2455af056608fba6c9ac053308d757ff5046eab790cb80c2a839fc5,site_fold_1,current_339,0.8840213288140474,0.9001341099551039
seoul_flood_2020_00070,1,2020,aa4fc57098b6444a72f7e54fad0bd94f7d13e0ed964d0da4f74baa4a28879a81,site_fold_4,current_339,0.9410107016614371,0.9944019874349049
seoul_flood_2020_00071,1,2020,eb16dd72df019be8aaed131448ff14d6fa2e90652a14ac21d8168900287d1771,site_fold_4,current_339,0.9784588571084916,0.9768954877359263
seoul_flood_2020_00072,1,2020,ddd0ee00f74b24696844c4bf71e040308c72a4828d9cf64169a64e13cdfe5cf1,site_fold_4,current_339,0.9347935736979458,0.9987057848053273
seoul_flood_2020_00073,1,2020,df6af837ab1e8ab5974dbc7660158495b8788ed4c013bde7047e1bd168e85eb4,site_fold_3,current_339,0.46832672520432445,0.7633429490066342
seoul_flood_2020_00074,1,2020,2cf7023a2041036172a96ac21f090d9cd58b1730cc9f9e95a6c212caec306f78,site_fold_2,current_339,0.6017876019575505,0.5710411880257168
seoul_flood_2020_00075,1,2020,e798af31805b93f2a373a142b3747c8dd0ae6e681f2c5a7759cddd703fd2d4b9,site_fold_3,current_339,0.6394121811782262,0.8794035086390457
seoul_flood_2020_00076,1,2020,847fee03f196da88ca147fdf7626ad98f52286f7ea498dd829ca73fc6754a405,site_fold_4,current_339,0.8108105896292606,0.990499209270969
seoul_flood_2020_00077,1,2020,ec99fd509b9e2467c4e1ceff5f845246f9e79dccf916d6cc7264606f24baa3eb,site_fold_2,current_339,0.6045834051980735,0.9281510005359207
seoul_flood_2020_00078,1,2020,2a970bd1e5da9c66f6c1d11324148b0c4aa0e7d91fd8c59caeed1de1c30ab379,site_fold_3,current_339,0.9309804871551455,0.9721202464692585
seoul_flood_2020_00079,1,2020,5aa2d66777c3e62df2fdb8eba1789b466006935c4c7891a25a62d120eb0a99c4,site_fold_2,current_339,0.8172474470709062,0.9384922847042731
seoul_flood_2020_00080,1,2020,ea0d9b27de5b3a497afb216d359db965021e8cc09be25f62cdbc2de869da116a,site_fold_0,current_339,0.6014179626808739,0.9823629604148715
seoul_flood_2020_00081,1,2020,f013ca10ef383f71858c29d3fb13140635d86a1ce3ec15fd5b0453fdb37c02f3,site_fold_4,current_339,0.5794060148596819,0.9381269837446216
seoul_flood_2020_00082,1,2020,b89594e6b2febff01ff6a0c0643adc8e4dc82e340c686e371c14308620dd0fea,site_fold_2,current_339,0.6771596450603217,0.7466954099713362
seoul_flood_2020_00083,1,2020,713f69f5010d35e7e66d51cf3ba9fe812d012df85bfad7f672554d4ac92faaf3,site_fold_4,current_339,0.9772369435971755,0.9955295941790878
seoul_flood_2020_00084,1,2020,a6975803fcd9ed59082319f235a19be9cc856dc8e8022bbd04605b4189502d25,site_fold_3,current_339,0.6804097459747935,0.6377254870103344
seoul_flood_2020_00085,1,2020,c20bab6ce4577490838ddb71db53f4891556cc2f04806b8d6cb43622ce57bbfd,site_fold_1,current_339,0.9842881100801116,0.9951014111009444
seoul_flood_2020_00086,1,2020,4e19ce88d34fe87d0a2a5e11416f6eb85c46b0fcf2e107a638f171186779bbd6,site_fold_2,current_339,0.8967099847302646,0.9884638328026097
seoul_flood_2020_00087,1,2020,3ea925bf459597c5b9524d19ac3179165e43e6bc3969bfcf1a837070522a3fbf,site_fold_2,current_339,0.612102303385179,0.8084887123548689
seoul_flood_2020_00088,1,2020,0513a2f379edeebf9f8641c008b9c7e1dfa57ea729522adafb9c73da30072a3e,site_fold_4,current_339,0.682888256735993,0.9785835363369285
seoul_flood_2020_00089,1,2020,884e85d417bfc975175cd72cbd65f4c35646555ee12ee3400d790f91665881ec,site_fold_3,current_339,0.9192165701663482,0.9915644886992698
seoul_flood_2020_00090,1,2020,02b5a35da5c0d1c7b55d751771925c966c8fa2149315a4ea571297a2e00589d4,site_fold_0,current_339,0.6846934853519177,0.977195026645807
seoul_flood_2020_00091,1,2020,2f940a2629c365a7b9e2443e66b0475548e1e3c806287a3668631816edb4c76a,site_fold_0,current_339,0.9932038425965928,0.9996184123472966
seoul_flood_2020_00092,1,2020,ee1c8e078be4900323ab65b222f58829af044f35e5a1a009b24b1e855719d373,site_fold_3,current_339,0.8374578728570767,0.9980844271889525
seoul_flood_2020_00093,1,2020,632b8e96246333277e4d39daadf7dababa6b4157490016c2140a055401220e2e,site_fold_3,current_339,0.5017009749451256,0.8578730116537682
seoul_flood_2020_00094,1,2020,27b3be534d925c2e739b1225e7178079f898526288912aa01fe40a8ea9d9f566,site_fold_3,current_339,0.65315438693874,0.9401580435228728
seoul_flood_2020_00095,1,2020,0d59208c254d5ba3ef1452a38666a492dd0a7bc57c585d5d69901544caa14cbf,site_fold_0,current_339,0.9840642318469214,0.9997401199465473
seoul_flood_2020_00096,1,2020,2f638be1e5a53380c3c0717fb1c4cd1b049457fa6ebfab2e672087a582e741ad,site_fold_4,current_339,0.9597391003690966,0.9970372276952509
seoul_flood_2020_00097,1,2020,0659d1fe4562f7d74b5948a58a76afab170728df7447d0ef6dcf6d4c783bb660,site_fold_3,current_339,0.27267078049465143,0.34485829571333804
seoul_flood_2020_00098,1,2020,ca3b181429a7329124cce9f9f2b96cb34be7cf2b024ec1f7414d8ce713bb9465,site_fold_2,current_339,0.9955040702516046,0.9991336267489328
seoul_flood_2023_00010,1,2023,cdac98a48f34f783458e25bb71bec50a9941f951adda2ef1ed119a8d4a0828ec,site_fold_4,current_339,0.19181808751894966,0.9391582587822569
seoul_flood_2023_00002,1,2023,56194f3b0d4ef83211b9500e873a993b7c4872605ad975779d5bd2204e40cc9c,site_fold_4,current_339,0.41390509813901316,0.5110896956797024
seoul_flood_2023_00043,1,2023,248fd4f18691def34c6601546f753c06d11ae98cf78256a042219048350a4848,site_fold_0,current_339,0.7611658257658537,0.948033837094964
seoul_flood_2023_00044,1,2023,2936fe9484566290154a4a78f1271b029cc6c88fdef60a4f432e5bf00e8a5520,site_fold_2,current_339,0.6043819227404109,0.4153113822581452
seoul_flood_2023_00248,1,2023,b2b9daa097bd03ac3b1154ab1efb93273c2ad4ec5b9113697c086a095b80910d,site_fold_1,current_339,0.8961552812842818,0.991663400895089
seoul_flood_2023_00004,1,2023,d3a0fe4a01296db4593fc36df0fde0ff144cc7a56203125c74004378d0a06b99,site_fold_1,current_339,0.68543509889694,0.949973888698346
seoul_flood_2023_00070,1,2023,e02228460eb8c581c0556701b02567d9bef77a390613b7e41616f20628f49750,site_fold_3,current_339,0.3616164788447458,0.9975314855227002
seoul_flood_2023_00047,1,2023,b4a159bd3df0eaa57b55ef4da2c655abebf1329fc1a2c1f4e393a61eb888fd51,site_fold_0,current_339,0.8007381779993544,0.8103340292985426
seoul_flood_2023_00009,1,2023,70157f5482cb159b3b68e48336c450e93766506e243cdf9eb03590b5bc45596f,site_fold_3,current_339,0.596994962713113,0.9945078415322915
seoul_flood_2023_00071,1,2023,017ade65ff0240adecf03eb0741307ea502590ae6c0ef638e6e9f384025b1f8c,site_fold_4,current_339,0.7038950454221072,0.9942974462975408
seoul_flood_2023_00059,1,2023,51c0f0b21f81c1e61262409620f2b3be9b562fa300bbdcdd2dd94f5aacccfb02,site_fold_2,current_339,0.28923016952765335,0.676278747357374
seoul_flood_2023_00012,1,2023,667e30e9a3f7fb988cd90180a9d904755fa591265581c0609b8d81e4deb93970,site_fold_4,current_339,0.8528772611962346,0.9392458493658828
seoul_flood_2023_00225,1,2023,4ea0938144a26214fc7cd3a870d4a3879c6bc8a8b7a1be7254dce6517520b228,site_fold_1,current_339,0.9434906414834163,0.9387743362836908
seoul_flood_2023_00067,1,2023,2b039c27036068493acf6918e3daa9e63f32629a1a6faca59390d100614c1013,site_fold_0,current_339,0.592363807502461,0.895746933620321
seoul_flood_2023_00013,1,2023,80a618b88b8e6324b97cbe64c342ff6711e3161d146da345ab6070b95880e439,site_fold_3,current_339,0.7470788003596956,0.6623138834802988
seoul_flood_2023_00227,1,2023,f5de86b449cb8e2ee3e8157a80068b892f7e3c9b0db6a16fe8637184ef8663d6,site_fold_2,current_339,0.733913544863887,0.9931442254325338
seoul_flood_2023_00068,1,2023,fd65d6658f5c8b220975c11acba4fd65d878d6713aff553ae1f91f6159a3afc7,site_fold_1,current_339,0.5353499715473818,0.9015955338879355
seoul_flood_2023_00015,1,2023,18b4b2fdda6fc69634d44ecb3f1034bd1fc1bd99100a1cfcf3b83fafa76d9cf8,site_fold_2,current_339,0.14541090815119065,0.908509327825793
seoul_flood_2023_00228,1,2023,48006a51e30c32762694ec18747d1425bb4b974c56c4c0c98d57886cadd0c783,site_fold_4,current_339,0.6844402664715956,0.9014810429208147
seoul_flood_2023_00072,1,2023,2afb0fa8a1f0cc6a7ed67c17008f75bd42461bd0ba6df7c3c3d887904196895d,site_fold_1,current_339,0.4389697091431233,0.24650369471275932
seoul_flood_2023_00016,1,2023,9449d82b55823a2b21e722445146dd58f28c2892847ebd7d9d3528a705c333d7,site_fold_3,current_339,0.04947165622932888,0.3488788076177866
seoul_flood_2023_00243,1,2023,1ef45c1f3265d27b162d2e8ed4381ef427bdf586c45963e44e4392b26ba86b72,site_fold_4,current_339,0.890244698558759,0.987405450960814
seoul_flood_2023_00074,1,2023,b9bc2f927ed11bd524706f6d4967f92b59403bf3a4c2f3c470a8c815fd79e460,site_fold_4,current_339,0.638223255897733,0.9602687183281561
seoul_flood_2023_00017,1,2023,c14d98d5e804cded4ef08ae8cdf0707ca6178666fe17dbc79d181d4cc9dee14b,site_fold_4,current_339,0.9507572208766866,0.9806347232809972
seoul_flood_2023_00250,1,2023,2c7709566a2e9c494198b62a00ef526dfe6053df3b61476d6f3474d3a092eeb5,site_fold_1,current_339,0.7719487162989425,0.9323471695123545
seoul_flood_2023_00075,1,2023,ac6920819be8e420a3aac9974fb430eca317f55a0609b05ff32e884b1c75beaf,site_fold_3,current_339,0.6447480055788667,0.9767864354341463
seoul_flood_2023_00018,1,2023,611ef7d2bb8f2df5e6108e65595a9a37b583dbd4323706a0ec255f8e960d2ddb,site_fold_2,current_339,0.38204311242834355,0.8700671078346611
seoul_flood_2023_00277,1,2023,2e908b9152c52096e61faa554d5ff494fdeeb050209f5fc14355fe66b5e5d4d4,site_fold_2,current_339,0.6554975332341871,0.9842568398878488
seoul_flood_2023_00076,1,2023,0059d2a4c367d474476bdb36e5406db4c952a2a967b25e3c6166b8b6fc181976,site_fold_0,current_339,0.5811723654076951,0.9095374432171927
seoul_flood_2023_00021,1,2023,e6acf5cf32b2d0c5cb627acd0c05f96bfb50942c86e13eeac0f97655bb35bf64,site_fold_1,current_339,0.6057644854821038,0.8654473530766982
seoul_flood_2023_00077,1,2023,ac006ae8566252eae229f3cdf08285ec62948465438fa1fd37525350f732bb46,site_fold_3,current_339,0.6090507060396307,0.9680216844721291
seoul_flood_2023_00022,1,2023,2ccee39efbee54552c27ec5f3380e8b6db91ab9da3255a83fc493c1d1767d3f3,site_fold_1,current_339,0.6068356028726339,0.9816960248268856
seoul_flood_2023_00078,1,2023,54043b91c4a304d4c675985edfa95ef876b138ff57a6389bfd28818074d39fc1,site_fold_3,current_339,0.6441082234261222,0.7533982920817228
seoul_flood_2023_00028,1,2023,ab9d5a9c105349411f7c92c7845f7e8ec24f10552a9a484d7dd02c0c9d6df2e1,site_fold_3,current_339,0.39391064950630944,0.8396104843865749
seoul_flood_2023_00079,1,2023,a825d29c20ca2db6c0b5bf5ccb6ee269beedc5bda085fce5a584b3d600c91af2,site_fold_4,current_339,0.5583256896742698,0.963366172682916
seoul_flood_2023_00030,1,2023,109d39d58c882b2875c711bbb1fbdc53ae3234b9f7c2e321096d7429e46331b6,site_fold_0,current_339,0.9701036665696056,0.9997545100933748
seoul_flood_2023_00080,1,2023,516a51b5f7484840c5b87649d04bf5f7fe7b3f5a641c45cc08cdca8b66f74a9a,site_fold_0,current_339,0.6063653700925132,0.8654189232174709
seoul_flood_2023_00032,1,2023,0b4d4f8312fd79b55496cf1cff09a958a968eae46e135c54724bebedf54d8400,site_fold_1,current_339,0.4740348554909095,0.20214924879764382
seoul_flood_2023_00081,1,2023,80dacb840448896f846147086fb6904aace095c7ed082be2f6978ab4a65d9d17,site_fold_3,current_339,0.5839122584416214,0.776514223258681
seoul_flood_2023_00036,1,2023,824b284c7bf45801707ed1a0e35648f2949764c72352ac38100d99cb94e7ed05,site_fold_2,current_339,0.887234964255562,0.9622358111271015
seoul_flood_2023_00082,1,2023,b45c216bee7e0d6ee0455f8bf2899fb0637e6409ddda7e861dc355e9dcf32559,site_fold_2,current_339,0.551840514939178,0.9673006641560525
seoul_flood_2023_00045,1,2023,047a0479a6796b37ba99d6e6577b3ffb20aab618b478d303de927d6a6faca3a4,site_fold_2,current_339,0.740657484064999,0.997511231472966
seoul_flood_2023_00083,1,2023,8cc3386043fed7e4a08a2bc9dc0aa45a181ba89b153abc9f991119c15c99e48f,site_fold_0,current_339,0.5330955998213669,0.9874506320351775
seoul_flood_2023_00046,1,2023,c1467d5c72e32f7e65ab4237818f35148a9e8e89d62f6c485f6e3282213122d6,site_fold_4,current_339,0.938275657736464,0.9967030917772235
seoul_flood_2023_00084,1,2023,227a0397ded397793104e4c0dd13029ed0f9025afe13bbec3f057cea4e5a725e,site_fold_4,current_339,0.63724426083766,0.9939599739290441
seoul_flood_2023_00222,1,2023,c65581d8bf8cf915e9fe2ca51b089e97441ac2f57272bc2cdb231ee83f757ae0,site_fold_3,current_339,0.5099853179387361,0.9927417923495419
seoul_flood_2023_00085,1,2023,5c52fa5b830c2d85cb3619fa6dd7b6c3c4fa0ae339105571c5aacfadc1f57dca,site_fold_3,current_339,0.6627702872632572,0.9845017805177493
seoul_flood_2023_00223,1,2023,a3396b1b87eceeedee47469b37f3882ca3efbef67a922173e8c25c4bc7457491,site_fold_0,current_339,0.6875184860081506,0.8127122643173725
seoul_flood_2023_00086,1,2023,a23e42946ff072eac7708b41013273d24b29f25c3b2a68f2fd71cd5555db568f,site_fold_0,current_339,0.5993398318417854,0.8729560645865012
seoul_flood_2023_00224,1,2023,6b1bebc088f54a96e550aaa77b7c7dc8a68bdb509ee5100ddb911beae78c5051,site_fold_0,current_339,0.9625929073541714,0.9800319515346115
seoul_flood_2023_00087,1,2023,c806eda7ed36cd9e6ecf80572678e5580be30156dc628686a27b057e82be7f05,site_fold_0,current_339,0.5429157702523455,0.9859579712115495
seoul_flood_2023_00226,1,2023,5b4e991e2eaf736f1ecc63796633bf37e2674c5669ccae29f43454531101f031,site_fold_3,current_339,0.7041829910902256,0.9049999712016576
seoul_flood_2023_00088,1,2023,5d84a21238eb09a213a6a5e8c5a2d41c6f70decc00617b93e8dda58c2d7a235f,site_fold_2,current_339,0.574797201066946,0.9926726724607657
seoul_flood_2023_00229,1,2023,972f0a0ebf5383f911b746160b79c88b8b0c7aa70e1b9861ff6abfa2392f939d,site_fold_3,current_339,0.8035600248285365,0.9840434506805789
seoul_flood_2023_00089,1,2023,8e255f9a86ec3588ecf56d040b65bc4fbebed179e07431fc842ce550145b9863,site_fold_1,current_339,0.7298300340896012,0.9918315441101206
seoul_flood_2023_00230,1,2023,351930c74ba2930ac78f71a4e59d24ec3a9c408c09f4bddcf7fa3699bf8a21fe,site_fold_4,current_339,0.7705049477931044,0.9518889153121557
seoul_flood_2023_00090,1,2023,fd6f0f91e6250a60b21fd97b70f686db535df935a8841de34f4bfbb09aa0efb0,site_fold_4,current_339,0.564037646186124,0.9956801589003992
seoul_flood_2023_00231,1,2023,c78427527ae5ed46cec266bf7f5102da2f65c62f603b3c800e26eace25a5c839,site_fold_0,current_339,0.11448005822609097,0.036685320113933724
seoul_flood_2023_00091,1,2023,ccb2187c465a4a42452f6d96c6ecd61471e4bd6347f569f84a47b5683742fac9,site_fold_1,current_339,0.6847787140567664,0.9927668069862028
seoul_flood_2023_00232,1,2023,5336135f67660856ece6ad6d54f733a34080d27dfbe335858b52eb42facdced4,site_fold_2,current_339,0.4102877495682845,0.35151893511799054
seoul_flood_2023_00092,1,2023,8eac4c0475636dabe754422f418c76eb191e9b3e663e31e296fb69f7a6fb8cc8,site_fold_3,current_339,0.5629569812902782,0.6748893632833303
seoul_flood_2023_00233,1,2023,e55963a41e664f031359274c8576c1cb5d6c9c2998192b355445bbfe50c138ba,site_fold_4,current_339,0.4469087676401478,0.3745255196510906
seoul_flood_2023_00093,1,2023,dc728f9adfc11d8c5c2ec698fb1df3af31c3b43457a9a69377f3e7a04f506468,site_fold_2,current_339,0.6464949408729728,0.9973665142613551
seoul_flood_2023_00234,1,2023,d44f553eb4a78c3e8e73f10a2584e2b08c855f4d7d091ed0bda77b9ebca91d2e,site_fold_4,current_339,0.8092478664178009,0.994438991628916
seoul_flood_2023_00094,1,2023,8c06fb30ac6a96f25e4c0adbd324b5185f5468e1f2512e1480789b99a603de36,site_fold_1,current_339,0.6561952241325234,0.9991866017503246
seoul_flood_2023_00235,1,2023,e635dda0a74d3988c04c4e76a855e983d6033e5538e0b291c2a7d019a42df52f,site_fold_4,current_339,0.4978133266902612,0.9647390152115064
seoul_flood_2023_00095,1,2023,bcd669daed0897a45b8903b79c40b7cc6b1c557b0e8708071442ee549f83e05b,site_fold_3,current_339,0.65502155519101,0.9919573467720582
seoul_flood_2023_00236,1,2023,3806182b64eb41706f3328e741dcc36e0a6617e9349746b3fda442906e5bc7e3,site_fold_4,current_339,0.4093721770872286,0.9727747557215173
seoul_flood_2023_00096,1,2023,3c90eac0010785df62fd85c83633074dccd90c84ba9e27d4f2c28c78b4f0d5d6,site_fold_1,current_339,0.6568713801672462,0.9940002672383182
seoul_flood_2023_00237,1,2023,1b36675e1d11fd325a672ec04ac67bd989594417a5729df4f870059fa87b9d1a,site_fold_0,current_339,0.1502982886033308,0.9770685207637414
seoul_flood_2023_00097,1,2023,72f61518a84c9a55b3352cbb5023921cad60474d413e7b72f69c74dcf2d72799,site_fold_1,current_339,0.632866073405492,0.7592973552757101
seoul_flood_2023_00238,1,2023,6bb5e3a1d3d33c5db48aeb2feb9ba125ac0daeeca2d842b2e02d5875228b2034,site_fold_1,current_339,0.17414682447875002,0.8254187772677574
seoul_flood_2023_00098,1,2023,69999efddf274f8271d36927d9ec9541d3c52ecbcda9f4fd5d4e4576776c0f81,site_fold_2,current_339,0.6205234612086432,0.9283903601213047
seoul_flood_2023_00239,1,2023,2d536fc8f243ee74cda2625ce6b41f0808c1a746c242a68cc049153db304cec3,site_fold_2,current_339,0.6075404938364888,0.7781225054629662
seoul_flood_2023_00099,1,2023,f20722d01f05a742b8dec71af1e8e07cd63b8a6c64dabe657c23086f84b1cc72,site_fold_1,current_339,0.6270538453587732,0.9242255784982063
seoul_flood_2023_00240,1,2023,3ad5a64b1adf89e718a6b754a2a9d66bb8b911be81bf90bc31007aa5e3b55b65,site_fold_4,current_339,0.9728448816095719,0.9989537488356417
seoul_flood_2023_00100,1,2023,45e322c42efd83690f4dfb0ff1d1bbb111f8a340eead50dd2d0b80db07f8e193,site_fold_4,current_339,0.564820190802244,0.7940439722874949
seoul_flood_2023_00241,1,2023,fd9b2055defb5a8b5d9a6ad4ec71b2866a897478c50ac25e466cf2ebb31972b3,site_fold_3,current_339,0.7963165505415432,0.9719925364578907
seoul_flood_2023_00101,1,2023,cde4ea100a86579780194fd2a9211067fff3ec841acaf671446c7e1a10100140,site_fold_4,current_339,0.6584987336032487,0.9580221157133736
seoul_flood_2023_00244,1,2023,45eade17eef3d54e8ae3d65c6c2fe09751b2504861f44169da0daab75d8028e3,site_fold_0,current_339,0.1687402748945429,0.3861182787239957
seoul_flood_2024_00041,1,2024,437d4e1375e418c1898eaf0ae2743a3a3897e3504fcb93ac4cb1d44ca1794e2d,site_fold_4,current_339,0.4399983867645571,0.5991168711901823
seoul_flood_2024_00007,1,2024,bb4ef8ec9e43272a080f1429baad8954fb44bfba666cbe0407e5a401a7cbe57c,site_fold_4,current_339,0.5289365479638426,0.8661284930356865
seoul_flood_2024_00061,1,2024,fcc88c7839e8fbf3b46125b0962e2d83e51fa121fb2ad474578c0205a69158a3,site_fold_4,current_339,0.7906434927961813,0.9405987084085028
seoul_flood_2024_00043,1,2024,123bf2caaf4935a556e8202150c1fa202134ea1b2f1300bbcd7d8c0eaeec8db2,site_fold_2,current_339,0.7212932787254774,0.9980463648086254
seoul_flood_2024_00008,1,2024,f81340838ca8d98e7a73bb0e3af78d74d80c528b295742e4fb99440aaed665fe,site_fold_3,current_339,0.051665805154385624,0.8313513185242009
seoul_flood_2024_00062,1,2024,2936fe9484566290154a4a78f1271b029cc6c88fdef60a4f432e5bf00e8a5520,site_fold_2,current_339,0.40847956443861305,0.8836604778011808
seoul_flood_2024_00044,1,2024,a740d451ba6b1561554cb9fcec4fafe896119054b664fa3843f905be77b05322,site_fold_1,current_339,0.7040351223547563,0.9111681118959981
seoul_flood_2024_00009,1,2024,e511340b55220ca5cd74855047a854ce0e58734aaa0e70dd27409a906657097c,site_fold_4,current_339,0.2878974020566622,0.5759654314590318
seoul_flood_2024_00046,1,2024,29c21a43454c116be3b275e72bea1085c7e3a46b402c40cbecd77815d561a6c4,site_fold_2,current_339,0.7762101050995555,0.3485447075543988
seoul_flood_2024_00010,1,2024,00796b29fe88d57e702ccb4f39268f140294a0ccce5940d0e9de2cd48648f6e3,site_fold_2,current_339,0.29685115495135755,0.44101354083792127
seoul_flood_2024_00048,1,2024,7202cf9a0478f75db97858316a56aae958a1fe3a3a300fdd8c9f15c8d98b8795,site_fold_4,current_339,0.8889598796737341,0.9967439720689358
seoul_flood_2024_00011,1,2024,ffbf9e54cd41025956746859bd5ec126cd181dc76ec068864b593b2c72ce3cfa,site_fold_3,current_339,0.29007402704825797,0.49468007759686555
seoul_flood_2024_00055,1,2024,b73912d269b006bf961cd5418321dbc3a3ddd9e0782ae7fc2e87b7201c11b4b3,site_fold_4,current_339,0.6777560489590818,0.7088239094641879
seoul_flood_2024_00012,1,2024,80a618b88b8e6324b97cbe64c342ff6711e3161d146da345ab6070b95880e439,site_fold_3,current_339,0.6772044853002528,0.8069077894473157
seoul_flood_2024_00063,1,2024,bd1b8d0105f1dc87aa3d99df0e4cec2c47adbd7400d6c185bd25421ba23dde1e,site_fold_0,current_339,0.7922742802826841,0.946986920120625
seoul_flood_2024_00013,1,2024,757a23417a3e32f5178c71d73aa0af81284864b4cea9764741e4edab5aa5daef,site_fold_0,current_339,0.09733528120740009,0.001236245440270598
seoul_flood_2024_00067,1,2024,948d2d09df15eb7f7191ace14981ba5c0ab110c09fcefb90834aab93c7c078bd,site_fold_4,current_339,0.5191650156227875,0.7300194541820524
seoul_flood_2024_00014,1,2024,9d2e0e628256e0e8794e82426aa235d02ec76a3dc6aad4e9ac3c5a814f9829d1,site_fold_0,current_339,0.49479417879328025,0.25407506052446244
seoul_flood_2024_00068,1,2024,0cd3a852ecf4dc5dfeeccb70c7c7c9ef166021c2b5eab3853b7473d5589777a4,site_fold_2,current_339,0.7738505666567974,0.6661129526975037
seoul_flood_2024_00015,1,2024,971f5541f6195b192b925d8efefffbeca88d01c4a9f0a60d74dde196ee0c86d1,site_fold_0,current_339,0.8331618991669058,0.9806329006802683
seoul_flood_2024_00069,1,2024,7ab3d273ca7380c8698814a0811a1fe680f9d78ab49ee0d92911a4c107de8238,site_fold_3,current_339,0.8195387958001734,0.97154152082633
seoul_flood_2024_00016,1,2024,e3e50f5e44035dce95e5b6d8138e134698d49eee758b5eec26535a51bde85df7,site_fold_0,current_339,0.30232020369921153,0.4728976747925761
seoul_flood_2024_00070,1,2024,e803b0ddd0c957cf8b860f04d63d206bc58c4a7e216618b57c60191c479923d1,site_fold_0,current_339,0.7244054146283568,0.7502368621952535
seoul_flood_2024_00017,1,2024,70760aecf195bae192f5baf7428743d230db64ee9aa273bad54777a29fa61d56,site_fold_0,current_339,0.6443855259709788,0.9985545056045249
seoul_flood_2024_00093,1,2024,63766b2550ac2953f858ddfec3231520fd87d6dfca7d9e0ac9c396ec7684e38b,site_fold_0,current_339,0.8597848472104651,0.990499061658403
seoul_flood_2024_00018,1,2024,3693df7f5d8484c40a64e5edfe29168feaab0a3d8ad2d5ef780c0be6f0e46a79,site_fold_3,current_339,0.17389658481742692,0.9171738088874194
seoul_flood_2024_00094,1,2024,604a183e9f44726cdef3c553ac7408e85ae4b02ccd41506423055ce6ebe1b7d3,site_fold_4,current_339,0.35891101915569884,0.9878555506719684
seoul_flood_2024_00019,1,2024,5a25b979c2422917f17db7df5dd87a2297c474a9b3d62c792bff7d427ea669bf,site_fold_0,current_339,0.7643685738129657,0.9907375794291067
seoul_flood_2024_00096,1,2024,79e0a2a000dd61aa37a52001d61342cb8a1c5d1e016976766fc295b4c94b56cc,site_fold_4,current_339,0.611439038366154,0.8554888967422859
seoul_flood_2024_00020,1,2024,13ddeac8fe6671414275b639d61a07e9c672c7476e5ccdf793402e7aaeb515d8,site_fold_1,current_339,0.8317629228319122,0.9649934997988461
seoul_flood_2024_00097,1,2024,2f886984eaa4246f0d5b4af68316375d1b6bdd3583792bcce78bba0fee5cbef1,site_fold_0,current_339,0.6964867837285877,0.9909258451506545
seoul_flood_2024_00021,1,2024,e124f13166523cb7b6c4c8e441002a9277718c2ebd4cbf13029b4f79c18ecc01,site_fold_1,current_339,0.45554571251297094,0.9290491662080601
seoul_flood_2024_00098,1,2024,02b5a35da5c0d1c7b55d751771925c966c8fa2149315a4ea571297a2e00589d4,site_fold_0,current_339,0.6300862704742944,0.971795847776605
seoul_flood_2024_00022,1,2024,9273fd03db09618bb97fc47b4ab967ad480bfc45f45e026bbdb076e81845adc8,site_fold_3,current_339,0.5378992419042156,0.17164512887740915
seoul_flood_2024_00099,1,2024,28444bca6837218bf4d704ba4f93934ae8e92a43af99913e4cec692d5abd5c9f,site_fold_0,current_339,0.06427015361073826,0.003460466653411447
seoul_flood_2024_00023,1,2024,9632c60e0ed4c6223ae3b937ce22f1876fb6cdeb28c7f55bc33e2ce939b58e6d,site_fold_4,current_339,0.8369825323742077,0.9974341603291119
seoul_flood_2024_00100,1,2024,847fee03f196da88ca147fdf7626ad98f52286f7ea498dd829ca73fc6754a405,site_fold_4,current_339,0.726110013186188,0.9790944464555263
seoul_flood_2024_00025,1,2024,c819cede6995ea40f0f68f04316d2019be37ac994dd418a0cbdec1c843dea159,site_fold_1,current_339,0.3482429145182428,0.8078259527724965
seoul_flood_2024_00101,1,2024,b29f3a9d05c34c68522b01fe2640595e685f4c88f5d8e969f08db1a8e186643c,site_fold_1,current_339,0.7966346253182816,0.9914460529854172
seoul_flood_2024_00026,1,2024,5601cfe0dafd37c847a7491e472fc4c99c05a8f729d671a071c556aa12d1cc69,site_fold_1,current_339,0.8154694642367725,0.9735821758521339
seoul_flood_2024_00102,1,2024,77738368915709589f9285d3dbfbdc93e438bffdbe2b754c7ab44d8cbb4dac84,site_fold_0,current_339,0.7826386343370879,0.558679986120502
seoul_flood_2024_00027,1,2024,420e8c48ebc7ccbf83d2395b4da0611b4c8dc5279fe949942775ff2ccb1f5fee,site_fold_2,current_339,0.4587395013634587,0.9440065946487103
seoul_flood_2024_00103,1,2024,99026cbc6581e1dda7853aac956f2790cb89367aded1a3bc771ebbde0df131e3,site_fold_4,current_339,0.7274778247916253,0.9945466409689947
seoul_flood_2024_00028,1,2024,4ba93dbfdb004cedc56f5c631fad8150f58d482ea512ef4108dc18ece34c55a6,site_fold_4,current_339,0.923785032131189,0.95873286842276
seoul_flood_2024_00104,1,2024,8d7f23048bda7bb098f76ccf0fe517f0812889d3669924c1d3df7a7c3beb466e,site_fold_2,current_339,0.9225394871310051,0.9993012575018811
seoul_flood_2024_00029,1,2024,3e44220d47bea9d8726118dbc011d3073c17208543dc34617d2426bd0b013376,site_fold_0,current_339,0.7901558593841592,0.9978822904399016
seoul_flood_2024_00105,1,2024,b070070fb490cb378ac75ab72a1cdec8f99ca298a47ea83535ff462f4218a566,site_fold_4,current_339,0.9330800670108912,0.9759420004320085
seoul_flood_2024_00030,1,2024,03119c1c5c1adcbae5fd24c55ada049a8f1452bfcfcd3e573fa9bebf91752bb0,site_fold_4,current_339,0.5755427097511115,0.9303633315118
seoul_flood_2024_00106,1,2024,8a10ba040bee51a4dfb38952aa2bf48f827db9c60619fd3afaf104dd06491a34,site_fold_3,current_339,0.6114180155829326,0.9891559382960959
seoul_flood_2024_00031,1,2024,13147c272b4c57eb35511cf391e997f00dc7d10b3a1f309bf6f9a86e80bd6d98,site_fold_3,current_339,0.6145258947603007,0.9974338039884205
seoul_flood_2024_00107,1,2024,168cd363d196b4cea35e3fbd5c31a32fe30f602e59fd2e486239d28906f9d02d,site_fold_0,current_339,0.8060372104549396,0.9302995282298056
seoul_flood_2024_00032,1,2024,580ebce2e64ba8e209c7b1cebf7178a8945d8200b9c28e17ef913090e1016c84,site_fold_1,current_339,0.36212984710465584,0.9652804498794726
seoul_flood_2024_00108,1,2024,642d2d7d6191dca8abc1ab275b94fdac98c447af754257111014110d2816b94b,site_fold_1,current_339,0.5237409095762032,0.9233812878754647
seoul_flood_2024_00033,1,2024,825340dcf23951f2d8e47a605ed2e1b965b6967c54812a042734b3eda4bc5c96,site_fold_3,current_339,0.7778695528132653,0.8680528601193246
seoul_flood_2024_00109,1,2024,1a5ac1cf0c6d290a58dd20ffa384cfc5a1c391aa45217ea6646abf4d6d3cd048,site_fold_2,current_339,0.7298553070212185,0.9980637777983541
seoul_flood_2024_00034,1,2024,e5b6ce851537198eb60726302c43334dbe511f11228c46cc6fe4387bcb048678,site_fold_1,current_339,0.6101601028333493,0.810639298263901
seoul_flood_2024_00110,1,2024,e06015435d8e64d0e545abf7950cc1a141c6e072d8a8bc68d033a5d44da502c7,site_fold_3,current_339,0.7172476412202035,0.9888630496393972
seoul_flood_2024_00038,1,2024,38da3f8f9cf16edf6f767e063dbcce4cd45bf9964614ea38636c127bfd87bf07,site_fold_4,current_339,0.7103146520277036,0.9455463566861181
seoul_flood_2024_00111,1,2024,39bb7133a5a101fdedcd7174962b3f0100428b3745479f0cd22475a6ec2e451e,site_fold_3,current_339,0.8675521215570526,0.999687316337319
seoul_flood_2024_00039,1,2024,83e08aa3e97db1d52d86474b863a153e2cc9377b044e7cac80a279df233b1119,site_fold_3,current_339,0.5340334568992947,0.6686094947322931
seoul_flood_2024_00112,1,2024,976afaf01c54fedf9ff44d35ddf4ab9dd2ec59cd6f6522f18ed8ec0bb0a0420f,site_fold_2,current_339,0.15342805609501164,0.9850131664204274
seoul_flood_2024_00040,1,2024,571c211904d10956955b5efb4fa653d8e5f9f7eb62867184c400a15c68241389,site_fold_1,current_339,0.546409689157043,0.9724056571519077
seoul_flood_2024_00113,1,2024,fbcf72bad940a495b5c781c0dacec95037e2444e074e00b823baaff2a70a2897,site_fold_0,current_339,0.6409866234219674,0.035048865390436515
seoul_flood_2024_00047,1,2024,17f667ebdcf62fddc91ad9b0250bb9b2adc97cb183d86891c48fee18be6e5cef,site_fold_0,current_339,0.4128470423037369,0.03264221986319798
seoul_flood_2024_00114,1,2024,6aed3ebb380da99b9ee22cdafb43ad80499c1bff6c3499d470dc7ee07d89c849,site_fold_3,current_339,0.19521092960460426,0.7929671925089735
seoul_flood_2024_00050,1,2024,45e0d39429832b452a4c887bb71b185d61412763fa2b471282d7f26b4d5b2a6d,site_fold_4,current_339,0.4070259507052413,0.6884820520050833
seoul_flood_2024_00115,1,2024,7738cfb0acdc52887fd9690f1d5b486d23901783ababf94e5884b74aebb7b7a6,site_fold_2,current_339,0.5471959753086866,0.9605394902642925
seoul_flood_2024_00066,1,2024,3249f0c73043197204ff8e0eb2de32de25359d1a88ab3e65135ed05df3e17632,site_fold_4,current_339,0.670726278891956,0.9463459264908751
seoul_flood_2024_00116,1,2024,7d0ace58f1bf6a48eed8c62e46a71a458d0fecfa8f511947d46a0167e6837f9c,site_fold_1,current_339,0.1234569264938753,0.6112922483224177
seoul_flood_2024_00073,1,2024,287234d601433e40a271d9ddd26ead9f9308af2b1677c85e3834012d64e6e7d2,site_fold_0,current_339,0.4411171844497591,0.14399581305846773
seoul_flood_2024_00117,1,2024,96bfd72b61bf954f2785d404c928759454d7b17f1b9112b500e5bef0de66965f,site_fold_3,current_339,0.894864546215914,0.9803571399339341
seoul_flood_2024_00085,1,2024,3becba3274152e21c153ada0da15bb1d8f5a0a5aa386ebae6fe6064d468e125d,site_fold_0,current_339,0.5463464240768203,0.9998034616742598
seoul_flood_2024_00118,1,2024,08e8ba1a5228798be26cec1295ab372eef931328d892df9a0a6f83f388090f1f,site_fold_0,current_339,0.6887254808757748,0.8788442376867642
seoul_flood_2024_00087,1,2024,038885154917f49461b2bd823ed84f168eb6f07b4247e762aa3785177bf2f1a8,site_fold_3,current_339,0.6539259460715277,0.9699084691629611
seoul_flood_2024_00090,1,2024,e2021107777c58ae4753e65b214bcf759eb5dade508d589c0faa3ecf220f7db4,site_fold_3,current_339,0.4947603490174338,0.9990923370898184
seoul_flood_2024_00092,1,2024,9a1836775b51d543b83e763701479475aa2241ddd6420af60260e1c2994536b2,site_fold_4,current_339,0.7719626509482332,0.9575381885445038
seoul_flood_2024_00095,1,2024,5609876fb475b5f8749245964924f472f2921b55d27942248654e089174fcb3d,site_fold_2,current_339,0.8136451037162935,0.9221409948846989
bg_2017_0033,0,2017,21e62fc153d7c067a581956f9285d808728d0fbcc3f743972121ab385b7f240d,site_fold_1,current_339,0.06420764731945287,0.04461412113124831
bg_2017_0037,0,2017,ec12ead14120d4fd24d16cabbbd241eb1d0fe9c16ad943805a4312845283d462,site_fold_2,current_339,0.13910760417281542,0.004254301686888255
bg_2017_0041,0,2017,2fd1ce506e821d00b2c7dc4f3c74578abf6a9aa737fc9b17501c9a890c7b32f4,site_fold_0,current_339,0.5359619783427781,0.012272342947447059
bg_2017_0045,0,2017,5abac985a6deaa808eecb6a2742d5a724388c8f6c7ad871704b78b4066e386dc,site_fold_0,current_339,0.5217307286776341,0.028726807913668478
bg_2017_0049,0,2017,1a44f043ff970d264d22e596a5e8bcb7dd2eeaed1035fc9b3d7de0c36349a6e3,site_fold_2,current_339,0.2640178375587819,0.08919920322172073
bg_2017_0051,0,2017,748d2b899e4eb3beab4800bc94e8ff516e34ed0db3aef051813bec260a8670ce,site_fold_2,current_339,0.11164808414815598,0.029710943106415467
bg_2017_0052,0,2017,dcd99ae5f275a0be2458b09742536127a22d13b902bd53e5ac740a04f46f77f3,site_fold_0,current_339,0.3925202446182721,0.03149543376150002
bg_2017_0054,0,2017,8b97daeee954f5cf8ce99941964f6b69aafbd08ff670db5383f686bb16668c44,site_fold_4,current_339,0.025326777844550036,0.00010084619478605606
bg_2017_0056,0,2017,dc2c073fab33fa44d4232f769c5e6003d6870f75c7967861a7b52e38d7c69572,site_fold_2,current_339,0.02570097521464751,0.6646150462242904
bg_2017_0058,0,2017,203ddd064d80fc0d4e7bff11a0776d9e93419a3a6037aa9adc2c7505290a1813,site_fold_1,current_339,0.0034001577653947584,0.017702391619690054
bg_2017_0059,0,2017,f9a9ec68c6f1d2a1231e5e83d38745b60d61290ff74ac936aa8f0683822eb8eb,site_fold_3,current_339,0.6547314677896009,0.006667932925271628
bg_2017_0064,0,2017,7cf777b87c15c35cb12a26b7d8ad0f56654c2b75b6447578107c0cef8bdd2e29,site_fold_0,current_339,0.6444145112937165,0.12309717909251176
bg_2017_0066,0,2017,a5a2dc9c1dbe6d7af6f51645bd09cb467e8f7c186eb7d91b2a155cea8ae622ed,site_fold_4,current_339,0.12531108689067508,0.0002866055222489372
bg_2017_0067,0,2017,b687a30ed837278ff4dadcfdef30f40b2986a06c7c79ed57693b3e6b2b1a9d33,site_fold_4,current_339,0.5005946631755405,0.7965371741602887
bg_2017_0071,0,2017,48da3e414015f3351b42e87e9218a6ceaedce537a926ba13d8759590bdad9d81,site_fold_4,current_339,0.2328503678112213,0.11841543403579122
bg_2017_0072,0,2017,ea2e9240baa8efb8641cef5f652b1f430fd03b8bb6bdcae03cd85c7be7d79e6c,site_fold_1,current_339,0.34000325051079416,0.019639503693419644
bg_2017_0073,0,2017,eb67dc3c4a6302c161ea7c937485d56e520ac962c08ed97fcd8cb6d32e101eed,site_fold_0,current_339,0.282424020162123,0.0012790390654296366
bg_2017_0074,0,2017,0661378a425c8a66c4aa539a6016f77d94444565f19a404c200d8da71d881e6f,site_fold_4,current_339,0.5589270127122488,0.0004828128705000599
bg_2017_0076,0,2017,b0bb5e94bbb58bef0707986a0b214f4618e10f100ec3660f7f792c139b83b7bf,site_fold_2,current_339,0.7174891396622021,0.0028124099843661395
bg_2017_0082,0,2017,5535d9eaa37e4d1a7b852f0870d6bc9cf8d44c2c849c46b6e3bc123aea922f98,site_fold_1,current_339,0.9622833765565048,0.0009932979315935067
bg_2017_0086,0,2017,2f8d0c0da0be361972dcf84753d6a3e08b6dad88a520b7d1a92b86f9b38320ac,site_fold_0,current_339,0.050740501303877646,0.0010178495300310418
bg_2017_0089,0,2017,30e0262a5079f27f544cfa11a50c2dac7696a1223e31b6a5743a25b88178f3f9,site_fold_1,current_339,0.43658412285743453,0.1953559499452658
bg_2017_0090,0,2017,0ea0ea06867904ade6f0cc97d06bcc3a15a536e081b0765ae05da45dd08c935e,site_fold_2,current_339,0.24864004695965422,0.2678585959485191
bg_2017_0091,0,2017,982618d21af830b045f8c249c93b9fe8c0ca46e8eef0f38a41b858d40f182133,site_fold_0,current_339,0.47791605809844645,0.15277518217738495
bg_2017_0092,0,2017,1329ca34dd0aa22bba0143275ea656df9883ad433541073bcd4a263e3256d123,site_fold_3,current_339,0.13698204740518008,0.6992400372694046
bg_2017_0093,0,2017,39af272ed4011f905c7675ca8e5251a45ad8be334a928f57454f06824c57b67d,site_fold_2,current_339,0.28195733840507137,0.005302580832585138
bg_2017_0101,0,2017,0e3e2e1f0d7500e89ab5386ac3395e82b86d098339e82b63a4f96b3de677403b,site_fold_1,current_339,0.08845158747598715,0.00566889335139611
bg_2017_0103,0,2017,094fe38ba748a64e5efdec7fb8286b4be6aadc362ada39934354d5551a5da3d0,site_fold_3,current_339,0.10590793682195092,0.008255855596888042
bg_2017_0105,0,2017,5bb0f3030646a3eca15b3c715c0a2cc5c67d8a64036f4b26e788799479fcac9b,site_fold_1,current_339,0.6044639977489039,0.38559373180463713
bg_2017_0107,0,2017,121ca7306a2ae0103033e3004279ef3e80366ab277effbd7df933cd44df93378,site_fold_1,current_339,0.8761450010450659,0.19052584728431238
bg_2017_0110,0,2017,fe94a8a6361778f583248af09d52d2f8beaeed2c3a1047494990e54232abf263,site_fold_1,current_339,0.47462980394406773,0.8479928044562869
bg_2017_0113,0,2017,574a670bce4623563698b796be6af8072c206bfd8806e5f36ff822a332eff57b,site_fold_1,current_339,0.2609925794697132,0.13459163798798882
bg_2017_0115,0,2017,48ba22de3d6960040834837c9f93bad7da1ff9aa12c70c28cf23329daa5556b9,site_fold_0,current_339,0.230571757606563,0.6241400873551817
bg_2017_0116,0,2017,b89dc14cbabd117f4baa55fee005974d32ebb678421d282b6faf5919d4c5513d,site_fold_3,current_339,0.004508779327529437,0.005726731017614197
bg_2017_0118,0,2017,8e82547d47b9be467e201fcc7a5aecc54c71aded64e0ac980099b8678439acd8,site_fold_3,current_339,0.28511969061313125,0.0013538673435163821
bg_2017_0120,0,2017,1cdab643d1b940b0693fcbf08e8a99e52473b61131de923eb8b284c32f00c4d4,site_fold_2,current_339,0.10961958896513,0.10160102185336188
bg_2017_0122,0,2017,bf6cb7c3b436132579c4c247e107989902b49e1a3a297a787f54b840578a302e,site_fold_2,current_339,0.03966280403502938,0.0010592604186616787
bg_2017_0124,0,2017,74a593ab813090c62b6028480a668a3959fb4e059bcc73876ed08db88d30bda2,site_fold_2,current_339,0.00032494197103742433,0.7318146636215023
bg_2017_0129,0,2017,9d517f55ae5613be7e9c1f546afa3a8453196835262a2da69354022e181623af,site_fold_1,current_339,0.5338684672578333,0.39225726162010766
bg_2017_0131,0,2017,c70088b5f5ed553ac8d54c56b48c1be5b90a722246b8993e86f8ab252abee2b8,site_fold_4,current_339,0.7612214551032426,0.873841106874848
bg_2017_0133,0,2017,f4be26be42aa63779b31705fdb787991f04b62cc376f4011ad45d4e46a90aadc,site_fold_2,current_339,0.690194083499301,0.005607441775647705
bg_2017_0137,0,2017,b1c60d3479151c265d732f1691c8965b5045f9f996bc435e7cc5093bbabaa7ca,site_fold_4,current_339,0.4429881277569716,0.0007057749981000319
bg_2017_0140,0,2017,25491912f96991025541d5f5da5a1ed06d902fbef16223d74ebe72a74b2706c0,site_fold_3,current_339,0.15076639152307947,0.1533258485415438
bg_2017_0142,0,2017,27cf11d64439127707db65caff07bd9f503a61a6427d56ac8b3df0c792261c04,site_fold_1,current_339,0.007488810451305348,1.4855782534940026e-09
bg_2017_0144,0,2017,48a8d4b27be3f5a3d567610c033ac715c6277500103c9ec2d712f0b3bd427f0b,site_fold_0,current_339,0.523371233083665,0.5185423683737946
bg_2017_0146,0,2017,e889077796f75a8bf06a0218348506ff1aa58361a026a2158158d33545d8f8e8,site_fold_1,current_339,0.4669931936317107,0.02206671304849811
bg_2017_0148,0,2017,7e9ec81c8ea1517e7c97d3f130bd8da15eded8367199dea08912d7fec27678bc,site_fold_4,current_339,0.6770060400908031,0.34042365685488335
bg_2017_0154,0,2017,eaa88e45dc34bbc37c2c1c462247981c702e40fc4de264f8bfd709abb71da6d3,site_fold_3,current_339,0.01970024303059033,0.07884049613534286
bg_2017_0157,0,2017,10931396412cd75603aea0d3abeeaa86eab99d3b921d1b092b41bbab3e6b3ef3,site_fold_1,current_339,0.34953289656048275,0.00010085997498994355
bg_2017_0161,0,2017,d49b5fbc9ceb41ca0416f4cdb698a4166b7a68f5b61831b3c486481ab9266d59,site_fold_3,current_339,0.4673085021435353,0.6312654034944467
bg_2017_0165,0,2017,d2fe77c5494009de82c48b234cc00ce5e962100afef8729763eebcde1fdb3ee6,site_fold_4,current_339,0.793911414895318,0.0012731247395924852
bg_2017_0182,0,2017,338e23f9b352e3105dbde6ef929db218b89c42bef0ff3192ba71868dc1c03e11,site_fold_4,current_339,0.5033028317951441,0.15878400396360373
bg_2017_0193,0,2017,61dbfdd28521f9308c90c25b11338b8d4a84bcf61abdb389858a2ac8ee611700,site_fold_3,current_339,0.15245717933460792,0.07085115851193947
bg_2017_0197,0,2017,085eb8211e0d2e935d23d26841e01d26a6fd4d394c7185918f5965368be91c14,site_fold_4,current_339,0.8991040184526673,0.9363638057168707
bg_2017_0210,0,2017,81ecec5ea53df338cb8dec8a3d93efdf89b240e40ceb46e53c9c62deeb7134ad,site_fold_0,current_339,0.2118655788519981,0.14968154816339924
bg_2017_0212,0,2017,d62a426cec03061a92b4b16ff9276a42c85c45c9bef3ede5653bbbd82d16c4a6,site_fold_1,current_339,0.18585035567296213,1.4760766918426606e-05
bg_2017_0214,0,2017,adcf989dc565c016087934f1ab4ba3b574fbe4b87d6ce6c4c0efac4ac2994595,site_fold_2,current_339,0.8363608550273538,0.9999707245998153
bg_2018_0033,0,2018,21e62fc153d7c067a581956f9285d808728d0fbcc3f743972121ab385b7f240d,site_fold_1,current_339,0.21401451044637484,0.05267981664461891
bg_2018_0037,0,2018,ec12ead14120d4fd24d16cabbbd241eb1d0fe9c16ad943805a4312845283d462,site_fold_2,current_339,0.15067850368366661,0.004127294465108535
bg_2018_0041,0,2018,2fd1ce506e821d00b2c7dc4f3c74578abf6a9aa737fc9b17501c9a890c7b32f4,site_fold_0,current_339,0.6994178003032148,0.05590018573624109
bg_2018_0045,0,2018,5abac985a6deaa808eecb6a2742d5a724388c8f6c7ad871704b78b4066e386dc,site_fold_0,current_339,0.5678032857800924,0.010611424779371785
bg_2018_0049,0,2018,1a44f043ff970d264d22e596a5e8bcb7dd2eeaed1035fc9b3d7de0c36349a6e3,site_fold_2,current_339,0.16925400278627448,0.37957581656189077
bg_2018_0051,0,2018,748d2b899e4eb3beab4800bc94e8ff516e34ed0db3aef051813bec260a8670ce,site_fold_2,current_339,0.19400626745893892,0.1536352000965977
bg_2018_0052,0,2018,dcd99ae5f275a0be2458b09742536127a22d13b902bd53e5ac740a04f46f77f3,site_fold_0,current_339,0.36876654867110725,0.025037914056798335
bg_2018_0054,0,2018,8b97daeee954f5cf8ce99941964f6b69aafbd08ff670db5383f686bb16668c44,site_fold_4,current_339,0.16017869036329785,0.013505628393717245
bg_2018_0056,0,2018,dc2c073fab33fa44d4232f769c5e6003d6870f75c7967861a7b52e38d7c69572,site_fold_2,current_339,0.04891743591351478,0.9872207162091513
bg_2018_0058,0,2018,203ddd064d80fc0d4e7bff11a0776d9e93419a3a6037aa9adc2c7505290a1813,site_fold_1,current_339,0.006375727284756232,0.25986092932551097
bg_2018_0059,0,2018,f9a9ec68c6f1d2a1231e5e83d38745b60d61290ff74ac936aa8f0683822eb8eb,site_fold_3,current_339,0.7038852120137179,0.06076420119731255
bg_2018_0064,0,2018,7cf777b87c15c35cb12a26b7d8ad0f56654c2b75b6447578107c0cef8bdd2e29,site_fold_0,current_339,0.6802270019067438,0.4783699781138496
bg_2018_0066,0,2018,a5a2dc9c1dbe6d7af6f51645bd09cb467e8f7c186eb7d91b2a155cea8ae622ed,site_fold_4,current_339,0.308603011997484,0.00015732056292278493
bg_2018_0067,0,2018,b687a30ed837278ff4dadcfdef30f40b2986a06c7c79ed57693b3e6b2b1a9d33,site_fold_4,current_339,0.570271563338579,0.5901617073161438
bg_2018_0069,0,2018,19b54b72bdde6c4bd3cbe2546f3414a4ff56cd60d6a2bcdf3d6f1f199e8b9a7a,site_fold_3,current_339,0.21927458983863277,0.0029014908566184034
bg_2018_0071,0,2018,48da3e414015f3351b42e87e9218a6ceaedce537a926ba13d8759590bdad9d81,site_fold_4,current_339,0.42655046673620595,0.2785614758232283
bg_2018_0072,0,2018,ea2e9240baa8efb8641cef5f652b1f430fd03b8bb6bdcae03cd85c7be7d79e6c,site_fold_1,current_339,0.41495395411349384,0.00795055530392658
bg_2018_0073,0,2018,eb67dc3c4a6302c161ea7c937485d56e520ac962c08ed97fcd8cb6d32e101eed,site_fold_0,current_339,0.3629325728896859,0.01232429851621643
bg_2018_0074,0,2018,0661378a425c8a66c4aa539a6016f77d94444565f19a404c200d8da71d881e6f,site_fold_4,current_339,0.5946632107941452,0.0012380944167609893
bg_2018_0075,0,2018,c1f90f1983b063e2d466b9b1bebe90d7fc37a3d7d52615c416a054934dc3850f,site_fold_4,current_339,0.5720190792743521,0.04556778551121794
bg_2018_0076,0,2018,b0bb5e94bbb58bef0707986a0b214f4618e10f100ec3660f7f792c139b83b7bf,site_fold_2,current_339,0.5814438913689616,0.00341966104163949
bg_2018_0080,0,2018,e647221675ed4239c7ecfb607d39fbe04e5956323af3be0aa98f0d64ac923420,site_fold_0,current_339,0.32097938120983716,0.0005008557875282435
bg_2018_0082,0,2018,5535d9eaa37e4d1a7b852f0870d6bc9cf8d44c2c849c46b6e3bc123aea922f98,site_fold_1,current_339,0.9394586692011492,0.001740845241908396
bg_2018_0086,0,2018,2f8d0c0da0be361972dcf84753d6a3e08b6dad88a520b7d1a92b86f9b38320ac,site_fold_0,current_339,0.14586140630935343,0.0007982615072218975
bg_2018_0089,0,2018,30e0262a5079f27f544cfa11a50c2dac7696a1223e31b6a5743a25b88178f3f9,site_fold_1,current_339,0.5807177286379254,0.19721273756627322
bg_2018_0090,0,2018,0ea0ea06867904ade6f0cc97d06bcc3a15a536e081b0765ae05da45dd08c935e,site_fold_2,current_339,0.35801920240862933,0.26179557243243967
bg_2018_0091,0,2018,982618d21af830b045f8c249c93b9fe8c0ca46e8eef0f38a41b858d40f182133,site_fold_0,current_339,0.5669769629981111,0.6666327146059141
bg_2018_0092,0,2018,1329ca34dd0aa22bba0143275ea656df9883ad433541073bcd4a263e3256d123,site_fold_3,current_339,0.20792304779461535,0.7048644491610203
bg_2018_0093,0,2018,39af272ed4011f905c7675ca8e5251a45ad8be334a928f57454f06824c57b67d,site_fold_2,current_339,0.5153809003606579,0.2281782725195412
bg_2018_0101,0,2018,0e3e2e1f0d7500e89ab5386ac3395e82b86d098339e82b63a4f96b3de677403b,site_fold_1,current_339,0.1052290540752397,0.006298458625899641
bg_2018_0103,0,2018,094fe38ba748a64e5efdec7fb8286b4be6aadc362ada39934354d5551a5da3d0,site_fold_3,current_339,0.18020240100380353,0.08081514209949402
bg_2018_0105,0,2018,5bb0f3030646a3eca15b3c715c0a2cc5c67d8a64036f4b26e788799479fcac9b,site_fold_1,current_339,0.5894171987150523,0.38524268270148615
bg_2018_0107,0,2018,121ca7306a2ae0103033e3004279ef3e80366ab277effbd7df933cd44df93378,site_fold_1,current_339,0.7077408785725314,0.03336465852168801
bg_2018_0110,0,2018,fe94a8a6361778f583248af09d52d2f8beaeed2c3a1047494990e54232abf263,site_fold_1,current_339,0.5528528368598743,0.7862270024361191
bg_2018_0113,0,2018,574a670bce4623563698b796be6af8072c206bfd8806e5f36ff822a332eff57b,site_fold_1,current_339,0.35148210065494034,0.6873560077156065
bg_2018_0115,0,2018,48ba22de3d6960040834837c9f93bad7da1ff9aa12c70c28cf23329daa5556b9,site_fold_0,current_339,0.38417940017916424,0.6516844036151721
bg_2018_0116,0,2018,b89dc14cbabd117f4baa55fee005974d32ebb678421d282b6faf5919d4c5513d,site_fold_3,current_339,0.036262916187062656,0.10659144359635703
bg_2018_0118,0,2018,8e82547d47b9be467e201fcc7a5aecc54c71aded64e0ac980099b8678439acd8,site_fold_3,current_339,0.2959486054710698,0.0031532630520269872
bg_2018_0120,0,2018,1cdab643d1b940b0693fcbf08e8a99e52473b61131de923eb8b284c32f00c4d4,site_fold_2,current_339,0.1502600753734147,0.3207658470395009
bg_2018_0122,0,2018,bf6cb7c3b436132579c4c247e107989902b49e1a3a297a787f54b840578a302e,site_fold_2,current_339,0.06243356569696264,0.009229777276950958
bg_2018_0129,0,2018,9d517f55ae5613be7e9c1f546afa3a8453196835262a2da69354022e181623af,site_fold_1,current_339,0.6796405155069009,0.5459212449791011
bg_2018_0131,0,2018,c70088b5f5ed553ac8d54c56b48c1be5b90a722246b8993e86f8ab252abee2b8,site_fold_4,current_339,0.81991313600621,0.9495542902791464
bg_2018_0133,0,2018,f4be26be42aa63779b31705fdb787991f04b62cc376f4011ad45d4e46a90aadc,site_fold_2,current_339,0.6498696203124589,0.03852977560167435
bg_2018_0137,0,2018,b1c60d3479151c265d732f1691c8965b5045f9f996bc435e7cc5093bbabaa7ca,site_fold_4,current_339,0.48101555190837164,0.001168470000531835
bg_2018_0140,0,2018,25491912f96991025541d5f5da5a1ed06d902fbef16223d74ebe72a74b2706c0,site_fold_3,current_339,0.2634921592380902,0.5323383110230443
bg_2018_0142,0,2018,27cf11d64439127707db65caff07bd9f503a61a6427d56ac8b3df0c792261c04,site_fold_1,current_339,0.012388073629371674,6.7174269601946275e-09
bg_2018_0144,0,2018,48a8d4b27be3f5a3d567610c033ac715c6277500103c9ec2d712f0b3bd427f0b,site_fold_0,current_339,0.6353254937238056,0.6563533717039683
bg_2018_0146,0,2018,e889077796f75a8bf06a0218348506ff1aa58361a026a2158158d33545d8f8e8,site_fold_1,current_339,0.6607980199328208,0.19433990701374093
bg_2018_0148,0,2018,7e9ec81c8ea1517e7c97d3f130bd8da15eded8367199dea08912d7fec27678bc,site_fold_4,current_339,0.7212690963757328,0.37119760781027067
bg_2018_0154,0,2018,eaa88e45dc34bbc37c2c1c462247981c702e40fc4de264f8bfd709abb71da6d3,site_fold_3,current_339,0.05640012453617015,0.19020976462771566
bg_2018_0157,0,2018,10931396412cd75603aea0d3abeeaa86eab99d3b921d1b092b41bbab3e6b3ef3,site_fold_1,current_339,0.45405596747122307,0.0004618382668479433
bg_2018_0161,0,2018,d49b5fbc9ceb41ca0416f4cdb698a4166b7a68f5b61831b3c486481ab9266d59,site_fold_3,current_339,0.6729893642475548,0.8492673754921027
bg_2018_0165,0,2018,d2fe77c5494009de82c48b234cc00ce5e962100afef8729763eebcde1fdb3ee6,site_fold_4,current_339,0.7823248659513908,0.005068737208399771
bg_2018_0182,0,2018,338e23f9b352e3105dbde6ef929db218b89c42bef0ff3192ba71868dc1c03e11,site_fold_4,current_339,0.6707399447744224,0.1297742993348906
bg_2018_0193,0,2018,61dbfdd28521f9308c90c25b11338b8d4a84bcf61abdb389858a2ac8ee611700,site_fold_3,current_339,0.12490439281114006,0.3704763341457444
bg_2018_0197,0,2018,085eb8211e0d2e935d23d26841e01d26a6fd4d394c7185918f5965368be91c14,site_fold_4,current_339,0.8001313562866297,0.8782443528774443
bg_2018_0210,0,2018,81ecec5ea53df338cb8dec8a3d93efdf89b240e40ceb46e53c9c62deeb7134ad,site_fold_0,current_339,0.38197166047867553,0.22590502171131072
bg_2018_0212,0,2018,d62a426cec03061a92b4b16ff9276a42c85c45c9bef3ede5653bbbd82d16c4a6,site_fold_1,current_339,0.548195682711542,0.0009538391119381929
bg_2018_0214,0,2018,adcf989dc565c016087934f1ab4ba3b574fbe4b87d6ce6c4c0efac4ac2994595,site_fold_2,current_339,0.7622006906887991,0.9999991429409221
bg_2019_0033,0,2019,21e62fc153d7c067a581956f9285d808728d0fbcc3f743972121ab385b7f240d,site_fold_1,current_339,0.07823578898375694,0.030071257658184754
bg_2019_0037,0,2019,ec12ead14120d4fd24d16cabbbd241eb1d0fe9c16ad943805a4312845283d462,site_fold_2,current_339,0.22092809244158232,0.003496040269821202
bg_2019_0041,0,2019,2fd1ce506e821d00b2c7dc4f3c74578abf6a9aa737fc9b17501c9a890c7b32f4,site_fold_0,current_339,0.7586474097732803,0.00249170754465112
bg_2019_0045,0,2019,5abac985a6deaa808eecb6a2742d5a724388c8f6c7ad871704b78b4066e386dc,site_fold_0,current_339,0.7142679146356129,0.002230100953978128
bg_2019_0049,0,2019,1a44f043ff970d264d22e596a5e8bcb7dd2eeaed1035fc9b3d7de0c36349a6e3,site_fold_2,current_339,0.35070112235057704,0.07127170530107582
bg_2019_0051,0,2019,748d2b899e4eb3beab4800bc94e8ff516e34ed0db3aef051813bec260a8670ce,site_fold_2,current_339,0.153188391144592,0.035414523747706025
bg_2019_0052,0,2019,dcd99ae5f275a0be2458b09742536127a22d13b902bd53e5ac740a04f46f77f3,site_fold_0,current_339,0.4871697078171077,0.003889606359424308
bg_2019_0054,0,2019,8b97daeee954f5cf8ce99941964f6b69aafbd08ff670db5383f686bb16668c44,site_fold_4,current_339,0.12691087872427875,0.0002777775637290485
bg_2019_0056,0,2019,dc2c073fab33fa44d4232f769c5e6003d6870f75c7967861a7b52e38d7c69572,site_fold_2,current_339,0.26934701326169364,0.9210547946136853
bg_2019_0058,0,2019,203ddd064d80fc0d4e7bff11a0776d9e93419a3a6037aa9adc2c7505290a1813,site_fold_1,current_339,0.008212620110399948,0.01553563263590271
bg_2019_0059,0,2019,f9a9ec68c6f1d2a1231e5e83d38745b60d61290ff74ac936aa8f0683822eb8eb,site_fold_3,current_339,0.8053677283332292,0.010648288093746135
bg_2019_0066,0,2019,a5a2dc9c1dbe6d7af6f51645bd09cb467e8f7c186eb7d91b2a155cea8ae622ed,site_fold_4,current_339,0.35301403394032466,4.673259539021989e-05
bg_2019_0067,0,2019,b687a30ed837278ff4dadcfdef30f40b2986a06c7c79ed57693b3e6b2b1a9d33,site_fold_4,current_339,0.593502276527003,0.48860245265346763
bg_2019_0071,0,2019,48da3e414015f3351b42e87e9218a6ceaedce537a926ba13d8759590bdad9d81,site_fold_4,current_339,0.31517744382764795,0.15693347399165222
bg_2019_0072,0,2019,ea2e9240baa8efb8641cef5f652b1f430fd03b8bb6bdcae03cd85c7be7d79e6c,site_fold_1,current_339,0.48127986302680464,0.0018222514752339965
bg_2019_0073,0,2019,eb67dc3c4a6302c161ea7c937485d56e520ac962c08ed97fcd8cb6d32e101eed,site_fold_0,current_339,0.4228033918673771,0.004911346319700195
bg_2019_0074,0,2019,0661378a425c8a66c4aa539a6016f77d94444565f19a404c200d8da71d881e6f,site_fold_4,current_339,0.6618495926590953,0.00023670696775856428
bg_2019_0076,0,2019,b0bb5e94bbb58bef0707986a0b214f4618e10f100ec3660f7f792c139b83b7bf,site_fold_2,current_339,0.7337353188142314,0.0005396732021834299
bg_2019_0082,0,2019,5535d9eaa37e4d1a7b852f0870d6bc9cf8d44c2c849c46b6e3bc123aea922f98,site_fold_1,current_339,0.8823440057189107,0.0014959670726593345
bg_2019_0086,0,2019,2f8d0c0da0be361972dcf84753d6a3e08b6dad88a520b7d1a92b86f9b38320ac,site_fold_0,current_339,0.16552534816385076,1.112229916523472e-05
bg_2019_0089,0,2019,30e0262a5079f27f544cfa11a50c2dac7696a1223e31b6a5743a25b88178f3f9,site_fold_1,current_339,0.7246819551986131,0.024863992599431298
bg_2019_0090,0,2019,0ea0ea06867904ade6f0cc97d06bcc3a15a536e081b0765ae05da45dd08c935e,site_fold_2,current_339,0.37835641235279577,0.061589245422439515
bg_2019_0091,0,2019,982618d21af830b045f8c249c93b9fe8c0ca46e8eef0f38a41b858d40f182133,site_fold_0,current_339,0.6061278804888481,0.09258075168772169
bg_2019_0092,0,2019,1329ca34dd0aa22bba0143275ea656df9883ad433541073bcd4a263e3256d123,site_fold_3,current_339,0.4201089854441564,0.38402087044780836
bg_2019_0093,0,2019,39af272ed4011f905c7675ca8e5251a45ad8be334a928f57454f06824c57b67d,site_fold_2,current_339,0.46555477551381136,0.004547461443576276
bg_2019_0101,0,2019,0e3e2e1f0d7500e89ab5386ac3395e82b86d098339e82b63a4f96b3de677403b,site_fold_1,current_339,0.16686216722268835,0.0032756948522396
bg_2019_0103,0,2019,094fe38ba748a64e5efdec7fb8286b4be6aadc362ada39934354d5551a5da3d0,site_fold_3,current_339,0.19664858105791025,0.024645017041117365
bg_2019_0105,0,2019,5bb0f3030646a3eca15b3c715c0a2cc5c67d8a64036f4b26e788799479fcac9b,site_fold_1,current_339,0.6891157124012549,0.2921256455546337
bg_2019_0107,0,2019,121ca7306a2ae0103033e3004279ef3e80366ab277effbd7df933cd44df93378,site_fold_1,current_339,0.8501632569422624,0.056702689935461535
bg_2019_0110,0,2019,fe94a8a6361778f583248af09d52d2f8beaeed2c3a1047494990e54232abf263,site_fold_1,current_339,0.6449783363532023,0.6314740606748651
bg_2019_0113,0,2019,574a670bce4623563698b796be6af8072c206bfd8806e5f36ff822a332eff57b,site_fold_1,current_339,0.22675687159455649,0.2113469723535517
bg_2019_0115,0,2019,48ba22de3d6960040834837c9f93bad7da1ff9aa12c70c28cf23329daa5556b9,site_fold_0,current_339,0.4447333627214584,0.08593186378942788
bg_2019_0116,0,2019,b89dc14cbabd117f4baa55fee005974d32ebb678421d282b6faf5919d4c5513d,site_fold_3,current_339,0.052905604851423454,0.03740454855678998
bg_2019_0118,0,2019,8e82547d47b9be467e201fcc7a5aecc54c71aded64e0ac980099b8678439acd8,site_fold_3,current_339,0.3409999340531706,0.0008604474460710499
bg_2019_0120,0,2019,1cdab643d1b940b0693fcbf08e8a99e52473b61131de923eb8b284c32f00c4d4,site_fold_2,current_339,0.21619766552460162,0.13138090673565914
bg_2019_0122,0,2019,bf6cb7c3b436132579c4c247e107989902b49e1a3a297a787f54b840578a302e,site_fold_2,current_339,0.09655354065267673,0.0007269076092839091
bg_2019_0124,0,2019,74a593ab813090c62b6028480a668a3959fb4e059bcc73876ed08db88d30bda2,site_fold_2,current_339,0.0008408181845825425,0.31019806341542483
bg_2019_0129,0,2019,9d517f55ae5613be7e9c1f546afa3a8453196835262a2da69354022e181623af,site_fold_1,current_339,0.6690116026979359,0.2620600893590691
bg_2019_0131,0,2019,c70088b5f5ed553ac8d54c56b48c1be5b90a722246b8993e86f8ab252abee2b8,site_fold_4,current_339,0.8581315151011518,0.6381096915501413
bg_2019_0137,0,2019,b1c60d3479151c265d732f1691c8965b5045f9f996bc435e7cc5093bbabaa7ca,site_fold_4,current_339,0.3926054914279668,0.14749621914641697
bg_2019_0140,0,2019,25491912f96991025541d5f5da5a1ed06d902fbef16223d74ebe72a74b2706c0,site_fold_3,current_339,0.3445269183789231,0.04131834086654016
bg_2019_0142,0,2019,27cf11d64439127707db65caff07bd9f503a61a6427d56ac8b3df0c792261c04,site_fold_1,current_339,0.057216503064528045,1.9495024838776204e-08
bg_2019_0144,0,2019,48a8d4b27be3f5a3d567610c033ac715c6277500103c9ec2d712f0b3bd427f0b,site_fold_0,current_339,0.7003362676429604,0.14869368087434695
bg_2019_0146,0,2019,e889077796f75a8bf06a0218348506ff1aa58361a026a2158158d33545d8f8e8,site_fold_1,current_339,0.7092744187784089,0.06750399340965557
bg_2019_0148,0,2019,7e9ec81c8ea1517e7c97d3f130bd8da15eded8367199dea08912d7fec27678bc,site_fold_4,current_339,0.7986296587815731,0.05526491032359605
bg_2019_0152,0,2019,ce81223ed4abc36fdbbc236f8ffb7d0ee9ea969f12ac8750196c90345354cd48,site_fold_0,current_339,0.0006180608908677624,8.25526213190807e-06
bg_2019_0154,0,2019,eaa88e45dc34bbc37c2c1c462247981c702e40fc4de264f8bfd709abb71da6d3,site_fold_3,current_339,0.01882485663782388,0.07914919931187808
bg_2019_0157,0,2019,10931396412cd75603aea0d3abeeaa86eab99d3b921d1b092b41bbab3e6b3ef3,site_fold_1,current_339,0.5365968963062798,0.00046241439469640525
bg_2019_0161,0,2019,d49b5fbc9ceb41ca0416f4cdb698a4166b7a68f5b61831b3c486481ab9266d59,site_fold_3,current_339,0.7557322164260432,0.5856493110468965
bg_2019_0165,0,2019,d2fe77c5494009de82c48b234cc00ce5e962100afef8729763eebcde1fdb3ee6,site_fold_4,current_339,0.8145528714088325,5.035347209420581e-05
bg_2019_0182,0,2019,338e23f9b352e3105dbde6ef929db218b89c42bef0ff3192ba71868dc1c03e11,site_fold_4,current_339,0.7090897663506607,0.041084485399916375
bg_2019_0193,0,2019,61dbfdd28521f9308c90c25b11338b8d4a84bcf61abdb389858a2ac8ee611700,site_fold_3,current_339,0.15793093909574046,0.007280300663428459
bg_2019_0197,0,2019,085eb8211e0d2e935d23d26841e01d26a6fd4d394c7185918f5965368be91c14,site_fold_4,current_339,0.8730845707234923,0.9215657949973911
bg_2019_0210,0,2019,81ecec5ea53df338cb8dec8a3d93efdf89b240e40ceb46e53c9c62deeb7134ad,site_fold_0,current_339,0.3530981939617788,0.030032073774633173
bg_2019_0212,0,2019,d62a426cec03061a92b4b16ff9276a42c85c45c9bef3ede5653bbbd82d16c4a6,site_fold_1,current_339,0.449069816154079,4.0289123356544624e-05
bg_2019_0214,0,2019,adcf989dc565c016087934f1ab4ba3b574fbe4b87d6ce6c4c0efac4ac2994595,site_fold_2,current_339,0.8097780803411422,0.9998387804273312
bg_2020_0033,0,2020,21e62fc153d7c067a581956f9285d808728d0fbcc3f743972121ab385b7f240d,site_fold_1,current_339,0.10430307077133724,0.04151082957800678
bg_2020_0037,0,2020,ec12ead14120d4fd24d16cabbbd241eb1d0fe9c16ad943805a4312845283d462,site_fold_2,current_339,0.25931000208130367,0.295310701833122
bg_2020_0041,0,2020,2fd1ce506e821d00b2c7dc4f3c74578abf6a9aa737fc9b17501c9a890c7b32f4,site_fold_0,current_339,0.6993630221812526,0.018695600309182905
bg_2020_0045,0,2020,5abac985a6deaa808eecb6a2742d5a724388c8f6c7ad871704b78b4066e386dc,site_fold_0,current_339,0.6280146488622131,0.06694575874642485
bg_2020_0049,0,2020,1a44f043ff970d264d22e596a5e8bcb7dd2eeaed1035fc9b3d7de0c36349a6e3,site_fold_2,current_339,0.4863021332273187,0.7835616938717311
bg_2020_0051,0,2020,748d2b899e4eb3beab4800bc94e8ff516e34ed0db3aef051813bec260a8670ce,site_fold_2,current_339,0.24892737291449019,0.2562625387371373
bg_2020_0052,0,2020,dcd99ae5f275a0be2458b09742536127a22d13b902bd53e5ac740a04f46f77f3,site_fold_0,current_339,0.4495684296667741,0.15954462013738713
bg_2020_0056,0,2020,dc2c073fab33fa44d4232f769c5e6003d6870f75c7967861a7b52e38d7c69572,site_fold_2,current_339,0.5253070591188096,0.9249625243019808
bg_2020_0058,0,2020,203ddd064d80fc0d4e7bff11a0776d9e93419a3a6037aa9adc2c7505290a1813,site_fold_1,current_339,0.004097019242757412,0.1192372612761738
bg_2020_0059,0,2020,f9a9ec68c6f1d2a1231e5e83d38745b60d61290ff74ac936aa8f0683822eb8eb,site_fold_3,current_339,0.866234049663739,0.42924578027279986
bg_2020_0066,0,2020,a5a2dc9c1dbe6d7af6f51645bd09cb467e8f7c186eb7d91b2a155cea8ae622ed,site_fold_4,current_339,0.2640309390563236,0.00044508825256900413
bg_2020_0067,0,2020,b687a30ed837278ff4dadcfdef30f40b2986a06c7c79ed57693b3e6b2b1a9d33,site_fold_4,current_339,0.6112973939448403,0.9440723850273802
bg_2020_0071,0,2020,48da3e414015f3351b42e87e9218a6ceaedce537a926ba13d8759590bdad9d81,site_fold_4,current_339,0.3628896240537467,0.38357261667742426
bg_2020_0072,0,2020,ea2e9240baa8efb8641cef5f652b1f430fd03b8bb6bdcae03cd85c7be7d79e6c,site_fold_1,current_339,0.4705738692805822,0.015487983341412149
bg_2020_0073,0,2020,eb67dc3c4a6302c161ea7c937485d56e520ac962c08ed97fcd8cb6d32e101eed,site_fold_0,current_339,0.5076259834310078,0.07201115227707436
bg_2020_0074,0,2020,0661378a425c8a66c4aa539a6016f77d94444565f19a404c200d8da71d881e6f,site_fold_4,current_339,0.5930780814019412,0.0010908267152376404
bg_2020_0076,0,2020,b0bb5e94bbb58bef0707986a0b214f4618e10f100ec3660f7f792c139b83b7bf,site_fold_2,current_339,0.6111687796490073,0.002586618610190115
bg_2020_0082,0,2020,5535d9eaa37e4d1a7b852f0870d6bc9cf8d44c2c849c46b6e3bc123aea922f98,site_fold_1,current_339,0.9263806847415043,0.015925221428135305
bg_2020_0086,0,2020,2f8d0c0da0be361972dcf84753d6a3e08b6dad88a520b7d1a92b86f9b38320ac,site_fold_0,current_339,0.15236381773911914,0.004615778128165672
bg_2020_0089,0,2020,30e0262a5079f27f544cfa11a50c2dac7696a1223e31b6a5743a25b88178f3f9,site_fold_1,current_339,0.6786605661447966,0.13863090377031176
bg_2020_0090,0,2020,0ea0ea06867904ade6f0cc97d06bcc3a15a536e081b0765ae05da45dd08c935e,site_fold_2,current_339,0.37501046076712247,0.3180815202422713
bg_2020_0091,0,2020,982618d21af830b045f8c249c93b9fe8c0ca46e8eef0f38a41b858d40f182133,site_fold_0,current_339,0.5445480462955414,0.8941961761126118
bg_2020_0092,0,2020,1329ca34dd0aa22bba0143275ea656df9883ad433541073bcd4a263e3256d123,site_fold_3,current_339,0.35332052288617904,0.9455079681950985
bg_2020_0093,0,2020,39af272ed4011f905c7675ca8e5251a45ad8be334a928f57454f06824c57b67d,site_fold_2,current_339,0.4395612644456735,0.1673192509465361
bg_2020_0101,0,2020,0e3e2e1f0d7500e89ab5386ac3395e82b86d098339e82b63a4f96b3de677403b,site_fold_1,current_339,0.14096947432642684,0.06910154798070979
bg_2020_0103,0,2020,094fe38ba748a64e5efdec7fb8286b4be6aadc362ada39934354d5551a5da3d0,site_fold_3,current_339,0.159383434453456,0.10521653003758302
bg_2020_0105,0,2020,5bb0f3030646a3eca15b3c715c0a2cc5c67d8a64036f4b26e788799479fcac9b,site_fold_1,current_339,0.6495770314302584,0.5011865795413702
bg_2020_0107,0,2020,121ca7306a2ae0103033e3004279ef3e80366ab277effbd7df933cd44df93378,site_fold_1,current_339,0.7691124781603127,0.15827344917008254
bg_2020_0110,0,2020,fe94a8a6361778f583248af09d52d2f8beaeed2c3a1047494990e54232abf263,site_fold_1,current_339,0.5438730732500532,0.8635368823389309
bg_2020_0115,0,2020,48ba22de3d6960040834837c9f93bad7da1ff9aa12c70c28cf23329daa5556b9,site_fold_0,current_339,0.4210500915316161,0.7758160067957113
bg_2020_0116,0,2020,b89dc14cbabd117f4baa55fee005974d32ebb678421d282b6faf5919d4c5513d,site_fold_3,current_339,0.030224714366539958,0.2857716488674382
bg_2020_0118,0,2020,8e82547d47b9be467e201fcc7a5aecc54c71aded64e0ac980099b8678439acd8,site_fold_3,current_339,0.35890698063345944,0.02261323480084219
bg_2020_0120,0,2020,1cdab643d1b940b0693fcbf08e8a99e52473b61131de923eb8b284c32f00c4d4,site_fold_2,current_339,0.20682845413606898,0.4769365326150371
bg_2020_0122,0,2020,bf6cb7c3b436132579c4c247e107989902b49e1a3a297a787f54b840578a302e,site_fold_2,current_339,0.10951667602772762,0.010510035061907287
bg_2020_0124,0,2020,74a593ab813090c62b6028480a668a3959fb4e059bcc73876ed08db88d30bda2,site_fold_2,current_339,0.0005812961949720707,0.9589969712200113
bg_2020_0129,0,2020,9d517f55ae5613be7e9c1f546afa3a8453196835262a2da69354022e181623af,site_fold_1,current_339,0.5946946586133878,0.6896075678736054
bg_2020_0131,0,2020,c70088b5f5ed553ac8d54c56b48c1be5b90a722246b8993e86f8ab252abee2b8,site_fold_4,current_339,0.9022091293095269,0.9473654219826492
bg_2020_0133,0,2020,f4be26be42aa63779b31705fdb787991f04b62cc376f4011ad45d4e46a90aadc,site_fold_2,current_339,0.7707973141440997,0.03617314365702026
bg_2020_0137,0,2020,b1c60d3479151c265d732f1691c8965b5045f9f996bc435e7cc5093bbabaa7ca,site_fold_4,current_339,0.26457988631745966,0.04933553550854592
bg_2020_0140,0,2020,25491912f96991025541d5f5da5a1ed06d902fbef16223d74ebe72a74b2706c0,site_fold_3,current_339,0.24103632796557717,0.3476880771408142
bg_2020_0142,0,2020,27cf11d64439127707db65caff07bd9f503a61a6427d56ac8b3df0c792261c04,site_fold_1,current_339,0.08494823653048182,1.2494680187774174e-07
bg_2020_0144,0,2020,48a8d4b27be3f5a3d567610c033ac715c6277500103c9ec2d712f0b3bd427f0b,site_fold_0,current_339,0.6502852274654604,0.8661522631574461
bg_2020_0146,0,2020,e889077796f75a8bf06a0218348506ff1aa58361a026a2158158d33545d8f8e8,site_fold_1,current_339,0.5865293534848888,0.22074757795054512
bg_2020_0148,0,2020,7e9ec81c8ea1517e7c97d3f130bd8da15eded8367199dea08912d7fec27678bc,site_fold_4,current_339,0.8131103501825625,0.35936287520572746
bg_2020_0152,0,2020,ce81223ed4abc36fdbbc236f8ffb7d0ee9ea969f12ac8750196c90345354cd48,site_fold_0,current_339,6.763884171494323e-05,9.701098830538266e-05
bg_2020_0154,0,2020,eaa88e45dc34bbc37c2c1c462247981c702e40fc4de264f8bfd709abb71da6d3,site_fold_3,current_339,0.018979709860696675,0.5372596429524403
bg_2020_0157,0,2020,10931396412cd75603aea0d3abeeaa86eab99d3b921d1b092b41bbab3e6b3ef3,site_fold_1,current_339,0.45648506192967786,0.014287266759838917
bg_2020_0161,0,2020,d49b5fbc9ceb41ca0416f4cdb698a4166b7a68f5b61831b3c486481ab9266d59,site_fold_3,current_339,0.6919721147978456,0.8707878102063309
bg_2020_0165,0,2020,d2fe77c5494009de82c48b234cc00ce5e962100afef8729763eebcde1fdb3ee6,site_fold_4,current_339,0.8394593087206806,0.0012982605678224179
bg_2020_0182,0,2020,338e23f9b352e3105dbde6ef929db218b89c42bef0ff3192ba71868dc1c03e11,site_fold_4,current_339,0.7203430280614683,0.38414664883115607
bg_2020_0193,0,2020,61dbfdd28521f9308c90c25b11338b8d4a84bcf61abdb389858a2ac8ee611700,site_fold_3,current_339,0.1776377608023654,0.21772161357921632
bg_2020_0197,0,2020,085eb8211e0d2e935d23d26841e01d26a6fd4d394c7185918f5965368be91c14,site_fold_4,current_339,0.8986467843163349,0.9922802688448213
bg_2020_0210,0,2020,81ecec5ea53df338cb8dec8a3d93efdf89b240e40ceb46e53c9c62deeb7134ad,site_fold_0,current_339,0.37024169005879326,0.5068815071737367
bg_2020_0212,0,2020,d62a426cec03061a92b4b16ff9276a42c85c45c9bef3ede5653bbbd82d16c4a6,site_fold_1,current_339,0.28329639948457286,0.0006395384597989237
bg_2020_0214,0,2020,adcf989dc565c016087934f1ab4ba3b574fbe4b87d6ce6c4c0efac4ac2994595,site_fold_2,current_339,0.8529919446824553,0.9999910428104669
bg_2023_0033,0,2023,21e62fc153d7c067a581956f9285d808728d0fbcc3f743972121ab385b7f240d,site_fold_1,current_339,0.10340744493031312,0.10260474080062561
bg_2023_0037,0,2023,ec12ead14120d4fd24d16cabbbd241eb1d0fe9c16ad943805a4312845283d462,site_fold_2,current_339,0.3087866622564071,0.32859239362010156
bg_2023_0041,0,2023,2fd1ce506e821d00b2c7dc4f3c74578abf6a9aa737fc9b17501c9a890c7b32f4,site_fold_0,current_339,0.7887293395327779,0.6235088219232938
bg_2023_0045,0,2023,5abac985a6deaa808eecb6a2742d5a724388c8f6c7ad871704b78b4066e386dc,site_fold_0,current_339,0.20807742474734187,0.04478149356397494
bg_2023_0049,0,2023,1a44f043ff970d264d22e596a5e8bcb7dd2eeaed1035fc9b3d7de0c36349a6e3,site_fold_2,current_339,0.37737785385780515,0.7548617211770327
bg_2023_0051,0,2023,748d2b899e4eb3beab4800bc94e8ff516e34ed0db3aef051813bec260a8670ce,site_fold_2,current_339,0.17746467754312387,0.8042557017526417
bg_2023_0052,0,2023,dcd99ae5f275a0be2458b09742536127a22d13b902bd53e5ac740a04f46f77f3,site_fold_0,current_339,0.3086116842590094,0.12328454173604535
bg_2023_0054,0,2023,8b97daeee954f5cf8ce99941964f6b69aafbd08ff670db5383f686bb16668c44,site_fold_4,current_339,0.3714774388481028,0.004703649811770438
bg_2023_0056,0,2023,dc2c073fab33fa44d4232f769c5e6003d6870f75c7967861a7b52e38d7c69572,site_fold_2,current_339,0.34188951884578445,0.005440656091385263
bg_2023_0058,0,2023,203ddd064d80fc0d4e7bff11a0776d9e93419a3a6037aa9adc2c7505290a1813,site_fold_1,current_339,0.04447502813816966,0.052638930302981786
bg_2023_0059,0,2023,f9a9ec68c6f1d2a1231e5e83d38745b60d61290ff74ac936aa8f0683822eb8eb,site_fold_3,current_339,0.7346175321853209,0.27471946775817085
bg_2023_0064,0,2023,7cf777b87c15c35cb12a26b7d8ad0f56654c2b75b6447578107c0cef8bdd2e29,site_fold_0,current_339,0.7751050916300707,0.34657099469484337
bg_2023_0066,0,2023,a5a2dc9c1dbe6d7af6f51645bd09cb467e8f7c186eb7d91b2a155cea8ae622ed,site_fold_4,current_339,0.2713528100508415,4.7765893507987556e-05
bg_2023_0067,0,2023,b687a30ed837278ff4dadcfdef30f40b2986a06c7c79ed57693b3e6b2b1a9d33,site_fold_4,current_339,0.5955837408153494,0.8325253775067327
bg_2023_0069,0,2023,19b54b72bdde6c4bd3cbe2546f3414a4ff56cd60d6a2bcdf3d6f1f199e8b9a7a,site_fold_3,current_339,0.33197663748318246,0.1054690535891942
bg_2023_0071,0,2023,48da3e414015f3351b42e87e9218a6ceaedce537a926ba13d8759590bdad9d81,site_fold_4,current_339,0.3983070802225662,0.08267480684377625
bg_2023_0072,0,2023,ea2e9240baa8efb8641cef5f652b1f430fd03b8bb6bdcae03cd85c7be7d79e6c,site_fold_1,current_339,0.48572215892932835,0.01292646304948846
bg_2023_0073,0,2023,eb67dc3c4a6302c161ea7c937485d56e520ac962c08ed97fcd8cb6d32e101eed,site_fold_0,current_339,0.5348122311469692,0.05988104607973461
bg_2023_0074,0,2023,0661378a425c8a66c4aa539a6016f77d94444565f19a404c200d8da71d881e6f,site_fold_4,current_339,0.6333234874790379,0.014688432101423258
bg_2023_0076,0,2023,b0bb5e94bbb58bef0707986a0b214f4618e10f100ec3660f7f792c139b83b7bf,site_fold_2,current_339,0.6129845106214523,0.013471932318649758
bg_2023_0082,0,2023,5535d9eaa37e4d1a7b852f0870d6bc9cf8d44c2c849c46b6e3bc123aea922f98,site_fold_1,current_339,0.9592326792263048,0.24423187318128806
bg_2023_0086,0,2023,2f8d0c0da0be361972dcf84753d6a3e08b6dad88a520b7d1a92b86f9b38320ac,site_fold_0,current_339,0.19773612072900024,0.002072932076818644
bg_2023_0089,0,2023,30e0262a5079f27f544cfa11a50c2dac7696a1223e31b6a5743a25b88178f3f9,site_fold_1,current_339,0.6938320754244468,0.2947822609452486
bg_2023_0090,0,2023,0ea0ea06867904ade6f0cc97d06bcc3a15a536e081b0765ae05da45dd08c935e,site_fold_2,current_339,0.6131834155391543,0.761793917402023
bg_2023_0091,0,2023,982618d21af830b045f8c249c93b9fe8c0ca46e8eef0f38a41b858d40f182133,site_fold_0,current_339,0.6336802706026343,0.7680840883555633
bg_2023_0092,0,2023,1329ca34dd0aa22bba0143275ea656df9883ad433541073bcd4a263e3256d123,site_fold_3,current_339,0.5355911362472391,0.7131541795999232
bg_2023_0093,0,2023,39af272ed4011f905c7675ca8e5251a45ad8be334a928f57454f06824c57b67d,site_fold_2,current_339,0.5307345378119084,0.050769887695979926
bg_2023_0101,0,2023,0e3e2e1f0d7500e89ab5386ac3395e82b86d098339e82b63a4f96b3de677403b,site_fold_1,current_339,0.15339937108853158,0.10873626219783389
bg_2023_0103,0,2023,094fe38ba748a64e5efdec7fb8286b4be6aadc362ada39934354d5551a5da3d0,site_fold_3,current_339,0.3617204704772352,0.15922322586622195
bg_2023_0105,0,2023,5bb0f3030646a3eca15b3c715c0a2cc5c67d8a64036f4b26e788799479fcac9b,site_fold_1,current_339,0.6952486560118109,0.7488875266744777
bg_2023_0107,0,2023,121ca7306a2ae0103033e3004279ef3e80366ab277effbd7df933cd44df93378,site_fold_1,current_339,0.7962232441493958,0.2923871705347753
bg_2023_0110,0,2023,fe94a8a6361778f583248af09d52d2f8beaeed2c3a1047494990e54232abf263,site_fold_1,current_339,0.5650182401687096,0.7877213997083283
bg_2023_0118,0,2023,8e82547d47b9be467e201fcc7a5aecc54c71aded64e0ac980099b8678439acd8,site_fold_3,current_339,0.34936253558067865,0.056292786662566395
bg_2023_0120,0,2023,1cdab643d1b940b0693fcbf08e8a99e52473b61131de923eb8b284c32f00c4d4,site_fold_2,current_339,0.1947463816641845,0.01276511142971011
bg_2023_0122,0,2023,bf6cb7c3b436132579c4c247e107989902b49e1a3a297a787f54b840578a302e,site_fold_2,current_339,0.06904800621565022,0.0047782955326419255
bg_2023_0129,0,2023,9d517f55ae5613be7e9c1f546afa3a8453196835262a2da69354022e181623af,site_fold_1,current_339,0.632545740231848,0.6184780980074598
bg_2023_0131,0,2023,c70088b5f5ed553ac8d54c56b48c1be5b90a722246b8993e86f8ab252abee2b8,site_fold_4,current_339,0.9089738650705748,0.9266104890840354
bg_2023_0133,0,2023,f4be26be42aa63779b31705fdb787991f04b62cc376f4011ad45d4e46a90aadc,site_fold_2,current_339,0.6450044703840264,0.22908797847424367
bg_2023_0137,0,2023,b1c60d3479151c265d732f1691c8965b5045f9f996bc435e7cc5093bbabaa7ca,site_fold_4,current_339,0.33035942178510874,0.2439976066676529
bg_2023_0140,0,2023,25491912f96991025541d5f5da5a1ed06d902fbef16223d74ebe72a74b2706c0,site_fold_3,current_339,0.3354503751555673,0.47468324571171544
bg_2023_0142,0,2023,27cf11d64439127707db65caff07bd9f503a61a6427d56ac8b3df0c792261c04,site_fold_1,current_339,0.17238553847087904,6.710999027884766e-06
bg_2023_0144,0,2023,48a8d4b27be3f5a3d567610c033ac715c6277500103c9ec2d712f0b3bd427f0b,site_fold_0,current_339,0.6122441227745915,0.4944242865447283
bg_2023_0146,0,2023,e889077796f75a8bf06a0218348506ff1aa58361a026a2158158d33545d8f8e8,site_fold_1,current_339,0.582843920836044,0.42031420386978596
bg_2023_0148,0,2023,7e9ec81c8ea1517e7c97d3f130bd8da15eded8367199dea08912d7fec27678bc,site_fold_4,current_339,0.8259486467235763,0.5601749877633109
bg_2023_0152,0,2023,ce81223ed4abc36fdbbc236f8ffb7d0ee9ea969f12ac8750196c90345354cd48,site_fold_0,current_339,0.0001515831076955891,0.00027535828124351384
bg_2023_0154,0,2023,eaa88e45dc34bbc37c2c1c462247981c702e40fc4de264f8bfd709abb71da6d3,site_fold_3,current_339,0.00802831317041978,0.228937213855742
bg_2023_0157,0,2023,10931396412cd75603aea0d3abeeaa86eab99d3b921d1b092b41bbab3e6b3ef3,site_fold_1,current_339,0.5039197502060798,0.013549179797368135
bg_2023_0161,0,2023,d49b5fbc9ceb41ca0416f4cdb698a4166b7a68f5b61831b3c486481ab9266d59,site_fold_3,current_339,0.5299537453599498,0.7429835976708529
bg_2023_0165,0,2023,d2fe77c5494009de82c48b234cc00ce5e962100afef8729763eebcde1fdb3ee6,site_fold_4,current_339,0.8347095355783772,0.002941747741923401
bg_2023_0182,0,2023,338e23f9b352e3105dbde6ef929db218b89c42bef0ff3192ba71868dc1c03e11,site_fold_4,current_339,0.6107820473406618,0.6822838291091905
bg_2023_0193,0,2023,61dbfdd28521f9308c90c25b11338b8d4a84bcf61abdb389858a2ac8ee611700,site_fold_3,current_339,0.15309483776730276,0.15647671953265632
bg_2023_0197,0,2023,085eb8211e0d2e935d23d26841e01d26a6fd4d394c7185918f5965368be91c14,site_fold_4,current_339,0.930784370981848,0.9970756824939406
bg_2023_0210,0,2023,81ecec5ea53df338cb8dec8a3d93efdf89b240e40ceb46e53c9c62deeb7134ad,site_fold_0,current_339,0.31468231221037113,0.5622594606277916
bg_2023_0212,0,2023,d62a426cec03061a92b4b16ff9276a42c85c45c9bef3ede5653bbbd82d16c4a6,site_fold_1,current_339,0.6714939029604345,0.014046324523993705
bg_2023_0214,0,2023,adcf989dc565c016087934f1ab4ba3b574fbe4b87d6ce6c4c0efac4ac2994595,site_fold_2,current_339,0.5960965171843056,0.9999981528745568
bg_2024_0033,0,2024,21e62fc153d7c067a581956f9285d808728d0fbcc3f743972121ab385b7f240d,site_fold_1,current_339,0.12341447229448602,0.09411037933700932
bg_2024_0037,0,2024,ec12ead14120d4fd24d16cabbbd241eb1d0fe9c16ad943805a4312845283d462,site_fold_2,current_339,0.25113434084740466,0.34755372645357147
bg_2024_0041,0,2024,2fd1ce506e821d00b2c7dc4f3c74578abf6a9aa737fc9b17501c9a890c7b32f4,site_fold_0,current_339,0.7614991042708391,0.7115895023452898
bg_2024_0045,0,2024,5abac985a6deaa808eecb6a2742d5a724388c8f6c7ad871704b78b4066e386dc,site_fold_0,current_339,0.1660359113705348,0.0650042735306623
bg_2024_0049,0,2024,1a44f043ff970d264d22e596a5e8bcb7dd2eeaed1035fc9b3d7de0c36349a6e3,site_fold_2,current_339,0.28110141545707573,0.8550320370919896
bg_2024_0051,0,2024,748d2b899e4eb3beab4800bc94e8ff516e34ed0db3aef051813bec260a8670ce,site_fold_2,current_339,0.26261314722609486,0.9759946540232911
bg_2024_0052,0,2024,dcd99ae5f275a0be2458b09742536127a22d13b902bd53e5ac740a04f46f77f3,site_fold_0,current_339,0.3492742528136618,0.18672688184683986
bg_2024_0054,0,2024,8b97daeee954f5cf8ce99941964f6b69aafbd08ff670db5383f686bb16668c44,site_fold_4,current_339,0.2453057229750342,0.007506292407469726
bg_2024_0056,0,2024,dc2c073fab33fa44d4232f769c5e6003d6870f75c7967861a7b52e38d7c69572,site_fold_2,current_339,0.28687558028807547,0.04259209094550142
bg_2024_0058,0,2024,203ddd064d80fc0d4e7bff11a0776d9e93419a3a6037aa9adc2c7505290a1813,site_fold_1,current_339,0.04608060385701422,0.2977529543236811
bg_2024_0059,0,2024,f9a9ec68c6f1d2a1231e5e83d38745b60d61290ff74ac936aa8f0683822eb8eb,site_fold_3,current_339,0.5131542791156587,0.45103370978471025
bg_2024_0064,0,2024,7cf777b87c15c35cb12a26b7d8ad0f56654c2b75b6447578107c0cef8bdd2e29,site_fold_0,current_339,0.6807231999418302,0.26262593034446835
bg_2024_0066,0,2024,a5a2dc9c1dbe6d7af6f51645bd09cb467e8f7c186eb7d91b2a155cea8ae622ed,site_fold_4,current_339,0.13173280379163638,0.004167103271485606
bg_2024_0067,0,2024,b687a30ed837278ff4dadcfdef30f40b2986a06c7c79ed57693b3e6b2b1a9d33,site_fold_4,current_339,0.5879955040336742,0.8360990476829568
bg_2024_0069,0,2024,19b54b72bdde6c4bd3cbe2546f3414a4ff56cd60d6a2bcdf3d6f1f199e8b9a7a,site_fold_3,current_339,0.24177274763980902,0.014550521288634648
bg_2024_0071,0,2024,48da3e414015f3351b42e87e9218a6ceaedce537a926ba13d8759590bdad9d81,site_fold_4,current_339,0.39396919118013096,0.11673409615518078
bg_2024_0072,0,2024,ea2e9240baa8efb8641cef5f652b1f430fd03b8bb6bdcae03cd85c7be7d79e6c,site_fold_1,current_339,0.45352635067763386,0.28929113506976994
bg_2024_0073,0,2024,eb67dc3c4a6302c161ea7c937485d56e520ac962c08ed97fcd8cb6d32e101eed,site_fold_0,current_339,0.5358178541856439,0.1911698062237998
bg_2024_0074,0,2024,0661378a425c8a66c4aa539a6016f77d94444565f19a404c200d8da71d881e6f,site_fold_4,current_339,0.7279123337236733,0.01159054997784363
bg_2024_0076,0,2024,b0bb5e94bbb58bef0707986a0b214f4618e10f100ec3660f7f792c139b83b7bf,site_fold_2,current_339,0.7050315518283004,0.004988033637223105
bg_2024_0082,0,2024,5535d9eaa37e4d1a7b852f0870d6bc9cf8d44c2c849c46b6e3bc123aea922f98,site_fold_1,current_339,0.9400008794563292,0.24962785585294842
bg_2024_0086,0,2024,2f8d0c0da0be361972dcf84753d6a3e08b6dad88a520b7d1a92b86f9b38320ac,site_fold_0,current_339,0.09752031289164666,0.009071989099169455
bg_2024_0089,0,2024,30e0262a5079f27f544cfa11a50c2dac7696a1223e31b6a5743a25b88178f3f9,site_fold_1,current_339,0.7804982830006093,0.9625329776898537
bg_2024_0090,0,2024,0ea0ea06867904ade6f0cc97d06bcc3a15a536e081b0765ae05da45dd08c935e,site_fold_2,current_339,0.5669442682678051,0.41722821043298924
bg_2024_0091,0,2024,982618d21af830b045f8c249c93b9fe8c0ca46e8eef0f38a41b858d40f182133,site_fold_0,current_339,0.5807250566242437,0.9161373567124326
bg_2024_0092,0,2024,1329ca34dd0aa22bba0143275ea656df9883ad433541073bcd4a263e3256d123,site_fold_3,current_339,0.4372223741131873,0.6689153760575702
bg_2024_0093,0,2024,39af272ed4011f905c7675ca8e5251a45ad8be334a928f57454f06824c57b67d,site_fold_2,current_339,0.33073530060561046,0.14373129269245707
bg_2024_0101,0,2024,0e3e2e1f0d7500e89ab5386ac3395e82b86d098339e82b63a4f96b3de677403b,site_fold_1,current_339,0.07521062516442976,0.08684188029404986
bg_2024_0103,0,2024,094fe38ba748a64e5efdec7fb8286b4be6aadc362ada39934354d5551a5da3d0,site_fold_3,current_339,0.3414078952462236,0.13578869100028176
bg_2024_0105,0,2024,5bb0f3030646a3eca15b3c715c0a2cc5c67d8a64036f4b26e788799479fcac9b,site_fold_1,current_339,0.44399300956194,0.761446693948345
bg_2024_0107,0,2024,121ca7306a2ae0103033e3004279ef3e80366ab277effbd7df933cd44df93378,site_fold_1,current_339,0.6571612350826913,0.5121483988857275
bg_2024_0110,0,2024,fe94a8a6361778f583248af09d52d2f8beaeed2c3a1047494990e54232abf263,site_fold_1,current_339,0.4923663063153208,0.9242772195888331
bg_2024_0115,0,2024,48ba22de3d6960040834837c9f93bad7da1ff9aa12c70c28cf23329daa5556b9,site_fold_0,current_339,0.5030376551289608,0.025755927732209482
bg_2024_0116,0,2024,b89dc14cbabd117f4baa55fee005974d32ebb678421d282b6faf5919d4c5513d,site_fold_3,current_339,0.09198434285106348,0.9029993412123931
bg_2024_0118,0,2024,8e82547d47b9be467e201fcc7a5aecc54c71aded64e0ac980099b8678439acd8,site_fold_3,current_339,0.34275670608182546,0.17819844965656428
bg_2024_0120,0,2024,1cdab643d1b940b0693fcbf08e8a99e52473b61131de923eb8b284c32f00c4d4,site_fold_2,current_339,0.15764685160177191,0.03266915341531728
bg_2024_0122,0,2024,bf6cb7c3b436132579c4c247e107989902b49e1a3a297a787f54b840578a302e,site_fold_2,current_339,0.04173224822755838,0.0019600601089000648
bg_2024_0129,0,2024,9d517f55ae5613be7e9c1f546afa3a8453196835262a2da69354022e181623af,site_fold_1,current_339,0.6865049290754752,0.4823432112443039
bg_2024_0131,0,2024,c70088b5f5ed553ac8d54c56b48c1be5b90a722246b8993e86f8ab252abee2b8,site_fold_4,current_339,0.799858443745988,0.8382962053606919
bg_2024_0133,0,2024,f4be26be42aa63779b31705fdb787991f04b62cc376f4011ad45d4e46a90aadc,site_fold_2,current_339,0.6703283139974244,0.08192933920563955
bg_2024_0137,0,2024,b1c60d3479151c265d732f1691c8965b5045f9f996bc435e7cc5093bbabaa7ca,site_fold_4,current_339,0.35176608060363385,0.6700350787359269
bg_2024_0140,0,2024,25491912f96991025541d5f5da5a1ed06d902fbef16223d74ebe72a74b2706c0,site_fold_3,current_339,0.2717044732061924,0.7966088081018672
bg_2024_0142,0,2024,27cf11d64439127707db65caff07bd9f503a61a6427d56ac8b3df0c792261c04,site_fold_1,current_339,0.06590270102166544,9.02308125002136e-06
bg_2024_0144,0,2024,48a8d4b27be3f5a3d567610c033ac715c6277500103c9ec2d712f0b3bd427f0b,site_fold_0,current_339,0.46910270325689585,0.8130641652133019
bg_2024_0146,0,2024,e889077796f75a8bf06a0218348506ff1aa58361a026a2158158d33545d8f8e8,site_fold_1,current_339,0.6297430717102998,0.8562359713680872
bg_2024_0148,0,2024,7e9ec81c8ea1517e7c97d3f130bd8da15eded8367199dea08912d7fec27678bc,site_fold_4,current_339,0.6612091123795332,0.4961783971590044
bg_2024_0152,0,2024,ce81223ed4abc36fdbbc236f8ffb7d0ee9ea969f12ac8750196c90345354cd48,site_fold_0,current_339,3.898149960689593e-05,0.00013826654201416457
bg_2024_0154,0,2024,eaa88e45dc34bbc37c2c1c462247981c702e40fc4de264f8bfd709abb71da6d3,site_fold_3,current_339,0.020410992580074512,0.6461860420323144
bg_2024_0157,0,2024,10931396412cd75603aea0d3abeeaa86eab99d3b921d1b092b41bbab3e6b3ef3,site_fold_1,current_339,0.4508935914096345,0.1304600115100861
bg_2024_0161,0,2024,d49b5fbc9ceb41ca0416f4cdb698a4166b7a68f5b61831b3c486481ab9266d59,site_fold_3,current_339,0.5329039034808776,0.9306768007048739
bg_2024_0165,0,2024,d2fe77c5494009de82c48b234cc00ce5e962100afef8729763eebcde1fdb3ee6,site_fold_4,current_339,0.6957158126932255,0.08444484187103264
bg_2024_0182,0,2024,338e23f9b352e3105dbde6ef929db218b89c42bef0ff3192ba71868dc1c03e11,site_fold_4,current_339,0.4925220126562501,0.938799498259764
bg_2024_0193,0,2024,61dbfdd28521f9308c90c25b11338b8d4a84bcf61abdb389858a2ac8ee611700,site_fold_3,current_339,0.10275786879518656,0.36023597239896715
bg_2024_0197,0,2024,085eb8211e0d2e935d23d26841e01d26a6fd4d394c7185918f5965368be91c14,site_fold_4,current_339,0.8835494340700727,0.9888624928353665
bg_2024_0210,0,2024,81ecec5ea53df338cb8dec8a3d93efdf89b240e40ceb46e53c9c62deeb7134ad,site_fold_0,current_339,0.29675123588608876,0.8582360140850295
bg_2024_0212,0,2024,d62a426cec03061a92b4b16ff9276a42c85c45c9bef3ede5653bbbd82d16c4a6,site_fold_1,current_339,0.5990392053151055,0.006247855892715803
bg_2024_0214,0,2024,adcf989dc565c016087934f1ab4ba3b574fbe4b87d6ce6c4c0efac4ac2994595,site_fold_2,current_339,0.7503497338125427,0.999964651147726
