sample_id,label,event_year,site_id,fold_id,variant,terrain_landcover,terrain_landcover_ae
seoul_flood_2017_00000,1,2017,c67d0a76533a86d6e0122a7c533e36060a44ef2a7bc6f82fea66e43653ea239d,site_fold_1,redraw_year_matched_20261005,0.6657634540758334,0.7963457618288456
seoul_flood_2017_00010,1,2017,525ac3fe6bc355be717c564c7a0943e5b0ee311a83c1ba07813b27c375cb06fa,site_fold_1,redraw_year_matched_20261005,0.169953213925106,0.5657259703906862
seoul_flood_2017_00001,1,2017,f545ec5c53a8352d945a65d157b57a604a4007bbee9f9c19c24dff9164307436,site_fold_1,redraw_year_matched_20261005,0.25838855476234796,0.5616464143812171
seoul_flood_2017_00011,1,2017,a50f2bf3fc30ea76e20427361b426a6ded4e88d9863e7f964425d00ef5b2310d,site_fold_1,redraw_year_matched_20261005,0.6639180811567523,0.6807156547152967
seoul_flood_2017_00002,1,2017,0e4eacdbfcc6bedfe67478f3daf6e16a67e46e688a63ba43aa9a300ece3140d9,site_fold_4,redraw_year_matched_20261005,0.964425175200089,0.7528352615412012
seoul_flood_2017_00012,1,2017,9a3d7636f108b6f95ab83df3a66933e0503e10a5087d855f579395415887caa4,site_fold_0,redraw_year_matched_20261005,0.5963450129200347,0.8438189002136878
seoul_flood_2017_00003,1,2017,c3a62ff0321f77edb5805e2e223f028151df838106f344ff7ad2df1e9ccab0d4,site_fold_2,redraw_year_matched_20261005,0.9439515615282248,0.8171081678401202
seoul_flood_2017_00004,1,2017,f22bb39bd4796b34ca39d2e5cb8a53193f4dcb0ed6e763583a65558a232a723a,site_fold_2,redraw_year_matched_20261005,0.9669976197056387,0.9608017860252442
seoul_flood_2017_00005,1,2017,00f7abed28ee6da04c8963479f5ed7040342a1c8ec40f36e74fae0258aa8ed82,site_fold_4,redraw_year_matched_20261005,0.925230975457528,0.9614706384442094
seoul_flood_2017_00006,1,2017,20ce218e01cf2f77d159f237f605e9549c4305fae34adb0c253cdc67b7f86470,site_fold_2,redraw_year_matched_20261005,0.5693492300923468,0.8439958590931161
seoul_flood_2017_00007,1,2017,b219ab5ae8913d32375632f6109b09c84f177543da505670ae46e9c08117413d,site_fold_3,redraw_year_matched_20261005,0.3569156155082116,0.9874907519924935
seoul_flood_2017_00008,1,2017,138f9834a140c30fe1cb1013f09b6df844aff508584439948cb9fc3ecb933306,site_fold_1,redraw_year_matched_20261005,0.08170528474958502,0.5509715538738105
seoul_flood_2017_00009,1,2017,2a253fe034b3cfb7f6f21e8bf095bddac53d7e9cb7ac1fbdf3823ec075bfe16c,site_fold_2,redraw_year_matched_20261005,0.2323346411371544,0.00602682404926391
seoul_flood_2018_00324,1,2018,a1b1fca44bc1ff34acebce1d2dec2893d4eccf3bfe1ad7734248e10fe47f54c7,site_fold_2,redraw_year_matched_20261005,0.7589529091106123,0.9255561626901966
seoul_flood_2018_00005,1,2018,e88f89ee8b1977d499627aace65949860075e37faa7075fb202f3b9c70914306,site_fold_2,redraw_year_matched_20261005,0.8685594924910613,0.9644560205018458
seoul_flood_2018_00723,1,2018,f792ca6fa3b7966d7fa888f7aba498b9357ec720fd74b0d523038cf5741af0bd,site_fold_3,redraw_year_matched_20261005,0.9123104224096044,0.9305361298038459
seoul_flood_2018_00741,1,2018,0c53dcd495b829b20efb3cd45350dae6ad9e1f288bc99042e9b015befbc96aea,site_fold_4,redraw_year_matched_20261005,0.7536501034965233,0.955607248074998
seoul_flood_2018_00325,1,2018,a83737b63d9a503d7d831fb52ed8b58f380bae7bb9a6ea2c93390c680f809ee1,site_fold_1,redraw_year_matched_20261005,0.9615493680038869,0.9942598569440836
seoul_flood_2018_00006,1,2018,ac7d7cf118db0102628ab6d0633c011aa5b6a76e06adea19ae1b020a71924fb9,site_fold_1,redraw_year_matched_20261005,0.7277239540665336,0.9944926544920923
seoul_flood_2018_00724,1,2018,cd69195557cdbdaf5ce455c634a40f8ef2384631b031d6bf23b3bfbf753d27c3,site_fold_1,redraw_year_matched_20261005,0.9151323681417124,0.9762039687970858
seoul_flood_2018_00742,1,2018,281ee18e6f6caaecbe9a202ceb6e7b72f1f1c841efc7b7cee1fc3c5652f3683d,site_fold_3,redraw_year_matched_20261005,0.7454080522301485,0.9444700256624032
seoul_flood_2018_00326,1,2018,0b759919b089a0a22e2f525d49ab414e3f532557f3abde425e5117e4866d8812,site_fold_1,redraw_year_matched_20261005,0.7300066660034977,0.9165516658861204
seoul_flood_2018_00011,1,2018,1d041d03fe3492d616ef2e8ff830888228eb12026dc49e31cce9a305e5ed7e06,site_fold_1,redraw_year_matched_20261005,0.7007225498369892,0.9498178092986198
seoul_flood_2018_00725,1,2018,016fdce57ee065cde1e7a7d9c7335988a9c8740d99386001979a8db655fe94fd,site_fold_2,redraw_year_matched_20261005,0.9877887511895165,0.9948374726045759
seoul_flood_2018_00743,1,2018,7620be273e51d04036dd429b1780df3112895de3b62b1d436d4774dbb49c4d76,site_fold_0,redraw_year_matched_20261005,0.780200352977309,0.9330773067213846
seoul_flood_2018_00327,1,2018,053d6f8c081d5d4514368aeca0fcac700fbe7e896de8295fc6772f272a3546f3,site_fold_0,redraw_year_matched_20261005,0.7006480700675739,0.9393384714509138
seoul_flood_2018_00012,1,2018,9df6541a039a93123871f9d79f5b8006457ed47b9ce2268ed5d86a5099fcbcc7,site_fold_1,redraw_year_matched_20261005,0.8419820502727337,0.9665519298200742
seoul_flood_2018_00726,1,2018,b7cfe4f3036b3920a9c0cea41a0880e97030fd6eba18c0725e204f88cfc566dc,site_fold_4,redraw_year_matched_20261005,0.8369274880141585,0.8535289564659637
seoul_flood_2018_00744,1,2018,3a238d50e2af219ba4ec25c647463d9ea7d1f63a9a1d239c41f91c75c557643a,site_fold_0,redraw_year_matched_20261005,0.6838864283666963,0.9073640247524475
seoul_flood_2018_00328,1,2018,c350b7a0650780eee86eed1205b21bc8e309f3758943c1e32321cec0af94c026,site_fold_2,redraw_year_matched_20261005,0.8491965586378137,0.9839158414218415
seoul_flood_2018_00020,1,2018,388a682307c61eec5c4cc5e96e9adecbf7434ab3669180ed93edde5abf56ec24,site_fold_2,redraw_year_matched_20261005,0.6097329478463613,0.9644806236327138
seoul_flood_2018_00727,1,2018,c750d53cddbd6712ab9b87d84b0fa4436f78f820dbb071fee232eebeb0c9dc63,site_fold_1,redraw_year_matched_20261005,0.3381117460518965,0.28760492170398266
seoul_flood_2018_00745,1,2018,3522d53dc7424cb162deeb350bf2fbeaae2820630dafe096b0b77802e2cb3cc5,site_fold_3,redraw_year_matched_20261005,0.7391268713620723,0.9588523829630824
seoul_flood_2018_00329,1,2018,918ba9f59e992e22e19d2a2a57747a530407ff0a2caaae7081813c50b7096c64,site_fold_3,redraw_year_matched_20261005,0.6948314845861668,0.973219768442111
seoul_flood_2018_00021,1,2018,3b97d95dd112fb934e3360de60c479a157c794139261e92b084fedd6f79a6971,site_fold_1,redraw_year_matched_20261005,0.4706156103502327,0.9144181345897454
seoul_flood_2018_00728,1,2018,1567ff21af4f0e60ece05b1b1f97f6688f3122fa285400a649e9f6911f4eb7d8,site_fold_0,redraw_year_matched_20261005,0.8012772565034381,0.9589208353253229
seoul_flood_2018_00746,1,2018,f2cba0d9a3d3f61556a8daef88c437a1b6ffdb591f7f34d3bd05083858f871d0,site_fold_2,redraw_year_matched_20261005,0.7300891995848277,0.8059476154023022
seoul_flood_2018_00330,1,2018,ccc187526c6e506022a98020a10e694ebed7f9288bcab382e7573d1639ce746f,site_fold_3,redraw_year_matched_20261005,0.6948314845861668,0.973219768442111
seoul_flood_2018_00022,1,2018,37ac8c59899fdee8a996aecc0b960138157b4d540236c004fac05624e9a802dd,site_fold_0,redraw_year_matched_20261005,0.6498320912132846,0.9985739282445281
seoul_flood_2018_00729,1,2018,c52b915e27b4091750b43512b670caee102702467a59260cb6dc9389b90583f9,site_fold_4,redraw_year_matched_20261005,0.7757141035453659,0.2690432195604774
seoul_flood_2018_00747,1,2018,c7edb11248be6812169ef801e912dbf2da345059d9f63db27f0a5fa68b0be9c7,site_fold_0,redraw_year_matched_20261005,0.8225059531862186,0.9958053176135109
seoul_flood_2018_00331,1,2018,1d35c36c5c8376735746df76324bd49ab4a065010f8d30d93d79cb28dc3150e4,site_fold_4,redraw_year_matched_20261005,0.8086070254268263,0.9788767045300235
seoul_flood_2018_00025,1,2018,53a24fef9ef8807e2cc28e2f06874c151ec3c800b1fc78566a38dfc78c97939f,site_fold_2,redraw_year_matched_20261005,0.603487258548086,0.8662472690899851
seoul_flood_2018_00730,1,2018,2188fc31bf1b87a414d865159779d5c75063bd89ee3bba3de439f0c8935be81b,site_fold_0,redraw_year_matched_20261005,0.8510712430211331,0.9501111031373811
seoul_flood_2018_00748,1,2018,efa5830a13132042247e314874bb44bc8008ea34483223557638b3c466ae6d7b,site_fold_2,redraw_year_matched_20261005,0.8537811243535924,0.9754159742716981
seoul_flood_2018_00332,1,2018,381acfff536f180dba5bf633c798bf56cbb21042110d410ba141294bbb24c97e,site_fold_2,redraw_year_matched_20261005,0.8549943631512558,0.9772417798320667
seoul_flood_2018_00040,1,2018,659d244386f4866b404465faceec6356e38de3adfd161893e5fd8ef2a036df9f,site_fold_3,redraw_year_matched_20261005,0.933748223275351,0.9897061795033689
seoul_flood_2018_00749,1,2018,6d7587c462684477b7bfd3915ed0660269aefa70ae2fb0556af7aa5c82ac789c,site_fold_0,redraw_year_matched_20261005,0.6285304845643279,0.7082947097131387
seoul_flood_2018_00333,1,2018,605ee8a54d1aaa4b9701f183e63067ac88aacf7d6bda1ef075ab1637bfd92de5,site_fold_1,redraw_year_matched_20261005,0.8564451768913542,0.9694402292687526
seoul_flood_2018_00043,1,2018,cda8b7236e56129d5f1016fb65a3cb4103a46fdbfd7644c4b4c8f1aa856ea226,site_fold_0,redraw_year_matched_20261005,0.798382529991262,0.9172355413141166
seoul_flood_2018_00750,1,2018,3813ecb1452f6add0e764ae12869927bdd31ead5da2599a59a4786f1c1d338fb,site_fold_1,redraw_year_matched_20261005,0.5777844109563698,0.8912940859872389
seoul_flood_2018_00334,1,2018,c8a1f2ad0894e015f83443c9267b0394232ddbc3070594550ee0c906ef8fb4d8,site_fold_4,redraw_year_matched_20261005,0.7809712403233705,0.9708587251742182
seoul_flood_2018_00044,1,2018,b85e697ac2a50ccb96d372f5cc922136a327bc212ce3ef91b6d535dd5a1433cc,site_fold_4,redraw_year_matched_20261005,0.7223983752625727,0.9959777860537998
seoul_flood_2018_00751,1,2018,1d014c0252c9d1e801cd15c8ef78f472bea4869776885c791bbf25c842eca006,site_fold_1,redraw_year_matched_20261005,0.5777844109563698,0.8912940859872389
seoul_flood_2018_00335,1,2018,b2f2b60c254e7490190f41b9c16af5d8de91579749b3fd585287c90ddc3a9f8c,site_fold_0,redraw_year_matched_20261005,0.8554630279515703,0.8825631515296186
seoul_flood_2018_00050,1,2018,79f8b2c51da51d091269b8226eaa9c01c48c24aea78c15bf3cdc5ce731a6e3af,site_fold_1,redraw_year_matched_20261005,0.6781584775756223,0.9935590937890444
seoul_flood_2018_00752,1,2018,4299d7148be312faca910ed1a45c3f59ab862b0ae0e28fb46a59d325163411e8,site_fold_3,redraw_year_matched_20261005,0.7776224092257072,0.9445464622468802
seoul_flood_2018_00336,1,2018,58dcf847e10eb5935155f8eaf1b4d1599acff4602e20f9ba360e9e0b5f450524,site_fold_3,redraw_year_matched_20261005,0.8789279169982686,0.8737424672777594
seoul_flood_2018_00053,1,2018,624e10d71a7f47b984636b6edb8bdaeb5b127bfda9d61227a0b41f3151c86416,site_fold_2,redraw_year_matched_20261005,0.8376012039031956,0.9953945589290296
seoul_flood_2018_00753,1,2018,326d3e32f81727903e6e38e8d66e8f45c0f49a83fd1d55dc4bf18b1596746aaf,site_fold_1,redraw_year_matched_20261005,0.773266787368771,0.9751499250589557
seoul_flood_2018_00731,1,2018,7e27002406c970b9f0ad3eef70363e745220a81e62d98ccc076ed94360476b50,site_fold_1,redraw_year_matched_20261005,0.5334264274298771,0.7942980591746533
seoul_flood_2018_00056,1,2018,48b35a72390e799e3ddeeb233e3c32a9ac9aaddacb845ae849a8bcb07b4e71f4,site_fold_0,redraw_year_matched_20261005,0.9137604761990968,0.9852063495935705
seoul_flood_2018_00754,1,2018,97789c0161bd76a063a56684677dbb07715ff06ff30edbf9dd137f6c3b398409,site_fold_0,redraw_year_matched_20261005,0.8167729957031037,0.9026937889439637
seoul_flood_2018_00732,1,2018,e5fa1ea429c64ce2505d006be1fb818f4d0046e475d298ccb992113713754a16,site_fold_1,redraw_year_matched_20261005,0.8334366352110553,0.960653180929455
seoul_flood_2018_00057,1,2018,21e378c1bde8ed37fbd884d8f7bf3aa6571b63b171072ae0243436ac2a33da03,site_fold_2,redraw_year_matched_20261005,0.6572613286825472,0.9792441815906705
seoul_flood_2018_00755,1,2018,f7652aa85c77cbc87997e2756749f15c92d172deeefd4982fdea8e0c0e1ecc05,site_fold_2,redraw_year_matched_20261005,0.7300906692086315,0.8793343116197647
seoul_flood_2018_00733,1,2018,1a260a4112fa78b379fdd3363e95fb3f2dab1c04edc8b1adb13fd6674ef65186,site_fold_3,redraw_year_matched_20261005,0.8206499393125972,0.9908679979635691
seoul_flood_2018_00061,1,2018,dad1c77fbc783427bafba867dc3676e700063a0f8bf0cba6999b50341c608236,site_fold_2,redraw_year_matched_20261005,0.7597118605077314,0.9461084674574051
seoul_flood_2018_00756,1,2018,d820383513b0930310149682bf4fa107808fe3139631b684f8cddbf29663c7a1,site_fold_1,redraw_year_matched_20261005,0.5750516859270873,0.8743188992223295
seoul_flood_2018_00734,1,2018,41db34bc751872c31e82c1435d7851e06d4acbddc1fe6a1b119b517cb9da914e,site_fold_1,redraw_year_matched_20261005,0.7780281978160349,0.9904818786210953
seoul_flood_2018_00062,1,2018,9f7481cc4bd4e573144e61fce0fa90b22b1866ba41db60d60147951b6a558950,site_fold_0,redraw_year_matched_20261005,0.30449764565158655,0.8931283117869245
seoul_flood_2018_00757,1,2018,8bf60aa3320ff1085bdb260f4de4d79abcec85d2751865de7bc81c6e7f5c9230,site_fold_4,redraw_year_matched_20261005,0.6829562290789951,0.9348530216910469
seoul_flood_2018_00735,1,2018,9a2a6d96d61b642accdc67fe6199408ae6318794974446f6e6849d5d9b096ab1,site_fold_1,redraw_year_matched_20261005,0.6647258299416661,0.516649348374873
seoul_flood_2018_00064,1,2018,ee0fed5c78b685055fd38ef69d86e32bb9b0540bd39afaa2454136cc247e7709,site_fold_0,redraw_year_matched_20261005,0.42959620548819605,0.9938133113819025
seoul_flood_2018_00758,1,2018,705e49ec80245d662e9cf4181ff34571db06dfe1e4d68d6be85d478bb8638e6d,site_fold_2,redraw_year_matched_20261005,0.7582152584567542,0.8252136555227358
seoul_flood_2018_00736,1,2018,3a631fbb8ea1590814892f1b2dbb54dd3a3d627eee72ad04c6730da37e0c1d54,site_fold_0,redraw_year_matched_20261005,0.7237090041541636,0.991849382902812
seoul_flood_2018_00065,1,2018,8eab2f8b57512faca1a4b9278339274fb6f1b87d275b8d9d89afaa1fa7b1bef5,site_fold_3,redraw_year_matched_20261005,0.5749514627838609,0.25219281482217615
seoul_flood_2018_00759,1,2018,3079dfeaba1faf9d566c7050ff2ec5201d3799d5b4bc7d5fc23a1983a3885e4a,site_fold_0,redraw_year_matched_20261005,0.780200352977309,0.9330773067213846
seoul_flood_2018_00737,1,2018,112344c4987a5f696346382e2b12cbf7f30d7e84fa4b1a4e4543ad0e8ded311a,site_fold_4,redraw_year_matched_20261005,0.4700260431605181,0.9969731609615992
seoul_flood_2018_00069,1,2018,2b3e5e6e494b7fe4dad6a6696e4750401a2405216cf6320548ed8ca7ad9d4225,site_fold_1,redraw_year_matched_20261005,0.7247237082663833,0.9382667147816542
seoul_flood_2018_00760,1,2018,d19d4648cf65ca6ea86331157fa9bf7b652de1ccb3a2155cabc6bf5f2b500ff2,site_fold_4,redraw_year_matched_20261005,0.7706392103843884,0.9838710189497406
seoul_flood_2018_00738,1,2018,b219ab5ae8913d32375632f6109b09c84f177543da505670ae46e9c08117413d,site_fold_3,redraw_year_matched_20261005,0.41642259649565105,0.9898168454995331
seoul_flood_2018_00071,1,2018,7adaa6b8000bc42a464e78f70fa2d413bbf039dd656438fd0e5654cd9ae0975f,site_fold_4,redraw_year_matched_20261005,0.6373296108245416,0.9617826010738689
seoul_flood_2018_00761,1,2018,649a028f0cab3f8dce663c2991f00eb3df881d64269eedcbdf1a0f16a1ac86ad,site_fold_4,redraw_year_matched_20261005,0.68617989389517,0.9947609218827614
seoul_flood_2018_00739,1,2018,d1408d944ffa98ee9c0008881a700f860a827354ea90fa56a5140e08bc15ca6f,site_fold_2,redraw_year_matched_20261005,0.8073922895086083,0.783614205110434
seoul_flood_2018_00074,1,2018,275e9fc1dbbb45fea3e5c12324184c1afc46cc59e56490e9b814a413a9db3ce2,site_fold_1,redraw_year_matched_20261005,0.6167031262455974,0.9784498536159575
seoul_flood_2018_00762,1,2018,51e73d067106dedd680d04080ccf46f7803895ebabffcad1563ccaf312909474,site_fold_4,redraw_year_matched_20261005,0.9616705197332638,0.9981298993182096
seoul_flood_2018_00740,1,2018,138f9834a140c30fe1cb1013f09b6df844aff508584439948cb9fc3ecb933306,site_fold_1,redraw_year_matched_20261005,0.10581742693015712,0.565597472397918
seoul_flood_2018_00080,1,2018,5b18f1a9783d4518a71dc4dcda4a948cc51404a72c5c09734ee122e18d3f95ef,site_fold_3,redraw_year_matched_20261005,0.9004860524362557,0.9929387006966471
seoul_flood_2018_00763,1,2018,2ec78c588853f99c32d1ede1fa1ac3ddfaf067a1b750ed949481cb32e682495f,site_fold_3,redraw_year_matched_20261005,0.6865052520402055,0.8928790244697029
seoul_flood_2018_00083,1,2018,53f21c0284ddea8549b752d3c5ff3be611c28804d4f6564a5f13a1ff0a5b11bd,site_fold_4,redraw_year_matched_20261005,0.7493145017289723,0.9954002826774164
seoul_flood_2018_00764,1,2018,05d3f478e28ca860362a10d492fa9a67f8c033caa6ab9ca380f53048b367b481,site_fold_3,redraw_year_matched_20261005,0.5277933148328805,0.392653485847434
seoul_flood_2018_00085,1,2018,0765f22659ab1c730be3c132151cb333cb8e887f92fc902404be8b7a4e4d42d8,site_fold_0,redraw_year_matched_20261005,0.6224946319982481,0.9815740526313687
seoul_flood_2019_00001,1,2019,fcb0a15bb5a2205a02887417432d9ab19ce9374453c6aa345161e4520f3b6176,site_fold_0,redraw_year_matched_20261005,0.8963534217924367,0.9970053117039833
seoul_flood_2019_00002,1,2019,5fd8b087336a389f8364b4a246a938ed21be409b952c86585a9f54ddd749638b,site_fold_4,redraw_year_matched_20261005,0.7490713584236356,0.19270687797639985
seoul_flood_2019_00004,1,2019,54cd0bb8ec5fe2848ec2ecae95098289bd76d30ee662d04ac03f69be0465d9d9,site_fold_0,redraw_year_matched_20261005,0.602130824404659,0.0056691760759724485
seoul_flood_2019_00003,1,2019,547e2d01ac7557cf394ed69c6db6d5d02025d9fe473ef3bf7490e9270bc0d793,site_fold_2,redraw_year_matched_20261005,0.5598040570771768,0.20447646111870207
seoul_flood_2019_00005,1,2019,fd65d6658f5c8b220975c11acba4fd65d878d6713aff553ae1f91f6159a3afc7,site_fold_1,redraw_year_matched_20261005,0.2720601201383674,0.27561390753949716
seoul_flood_2020_00031,1,2020,60cd8eda4cf981487d922b2bc9e94f935b3640c72165ca20371285f105bfbc4f,site_fold_4,redraw_year_matched_20261005,0.7288046112868625,0.7138351432457514
seoul_flood_2018_00087,1,2020,3c515eb667611eba105aabdc662f06d42cc067b6a4d35327bb2f79d1c65ea40e,site_fold_2,redraw_year_matched_20261005,0.8900339529541166,0.9996659212114466
seoul_flood_2020_00161,1,2020,c90712fd2ef2d9873c9b89acd3eeca11a6a7a57e145395af8d2a70433783d621,site_fold_1,redraw_year_matched_20261005,0.5315654159728466,0.28361604759148723
seoul_flood_2020_00038,1,2020,7222b0a726b4d6c589b7367aa03cd95be294d02ac9a05538f65edde4b0fec905,site_fold_4,redraw_year_matched_20261005,0.7820847894154384,0.16274159652487744
seoul_flood_2020_00032,1,2020,cb715ed173479e77ef2d6ac026302a54a58d9972f9db28988c05158b74d71cf0,site_fold_3,redraw_year_matched_20261005,0.31689096439834546,0.5107470066478074
seoul_flood_2020_00008,1,2020,18a42675611639157295738f87f0005ce33c610aa2b3bc131d1c81844bbf3344,site_fold_1,redraw_year_matched_20261005,0.3484518967881137,0.04822021422172813
seoul_flood_2020_00162,1,2020,18934a7e51159b2f8bb68012fdb6bd5b0f75ef97656072bd5eef4b836fad42ac,site_fold_3,redraw_year_matched_20261005,0.8810860723908581,0.9448474012647513
seoul_flood_2020_00041,1,2020,20f45fbd0cd6c1b2391ffe209cca7f6998b68037228bc730a5c77074aaf53eb2,site_fold_2,redraw_year_matched_20261005,0.5194735373939997,0.7608022824695491
seoul_flood_2020_00033,1,2020,ef6b220ac91c0f350535c2927f95ad072f275f16ff047695c8ca1b82121c76c4,site_fold_0,redraw_year_matched_20261005,0.4844301364040147,0.9414632966300961
seoul_flood_2020_00016,1,2020,e10a1d4b0b322dbb7542eab7927bf9f8e9d224d52e55caa6bac671aeb120f13f,site_fold_3,redraw_year_matched_20261005,0.8242032215245015,0.8144670124294928
seoul_flood_2020_00163,1,2020,262d20d84cc21b6ee00c5d5c466254ab88ec02c9f15fc316248a69cd528083f8,site_fold_1,redraw_year_matched_20261005,0.4851877537113442,0.4382483295049941
seoul_flood_2020_00155,1,2020,f4b457f52bf5d3e32988f5e0f4e9e9ab2afcfa6bfbde1a658ba24fdee3240d98,site_fold_3,redraw_year_matched_20261005,0.14916232915224398,0.9755359966865426
seoul_flood_2020_00034,1,2020,10c46e4c62d7fdf5ed72a30e7772ba427dc77d249e30d5db3813c87d6a25358d,site_fold_4,redraw_year_matched_20261005,0.857699027523796,0.9643997055618599
seoul_flood_2020_00017,1,2020,75b5b3fdff7bad158fcf1d9e2521788292a2fdd529262e14a8c3c7e1065b5167,site_fold_2,redraw_year_matched_20261005,0.9575978169330382,0.9851004838738041
seoul_flood_2020_00164,1,2020,d38c663073cd86f011cced4de194b87e1b9d16bb8b5389e5ccf62d2aa8ebad41,site_fold_4,redraw_year_matched_20261005,0.6096274978275641,0.3788426628189959
seoul_flood_2020_00156,1,2020,3555de32ff588ee5c192166c9fc69526e5cdb8a175dba83f459952df5027364b,site_fold_4,redraw_year_matched_20261005,0.31353058927645716,0.8938116507529559
seoul_flood_2020_00035,1,2020,7e6c491cfb15eceaaa54161669de732ec9dde775dd0633a75e28ff537399fb74,site_fold_4,redraw_year_matched_20261005,0.8692605175997193,0.9333551920700939
seoul_flood_2020_00024,1,2020,08886a1567bf070a2898b735962da5b5637940828754011bfd419b9efba0e6fb,site_fold_2,redraw_year_matched_20261005,0.7057668989528446,0.648351146242635
seoul_flood_2020_00165,1,2020,40392281aeb3adb0c0778c84507c484136bcf21550dc3461d47533208cc16d0d,site_fold_0,redraw_year_matched_20261005,0.83454924881773,0.9819502228564838
seoul_flood_2020_00157,1,2020,7b2db85225e0120ee8866f4d1af9bd2aa38f479e3462310696a9b7979bf3c97c,site_fold_4,redraw_year_matched_20261005,0.5854561223737769,0.9920170992246345
seoul_flood_2020_00036,1,2020,a40d0bba62c999d879457048f04d7b8deff936b8ce065f1b93ed9f9b9add1779,site_fold_4,redraw_year_matched_20261005,0.7073982425569915,0.4224083572549729
seoul_flood_2020_00026,1,2020,60c400e61de242770e7da27016af5b1594a883cf59b9a9d86a72b9faa255f301,site_fold_4,redraw_year_matched_20261005,0.8379330691380703,0.9785946063745503
seoul_flood_2020_00158,1,2020,0ebe6e4adbc9b4123af967a249ff6160cb782d1ce30ef79fdfebfa0de565d9e2,site_fold_1,redraw_year_matched_20261005,2.819467834354324e-05,0.0002488094485986668
seoul_flood_2020_00037,1,2020,68064bd8597c3a2f5dcea7760664869c422926f714498f30c771c4ac7d10c12c,site_fold_3,redraw_year_matched_20261005,0.5919985033479912,0.36813492541580334
seoul_flood_2020_00027,1,2020,159756d275658a6eea185326c1c8b8bdf783cb6ed665eec07e2c6cfd1f90fd46,site_fold_3,redraw_year_matched_20261005,0.9890798330260644,0.9995199915317738
seoul_flood_2020_00159,1,2020,19c1885565e56c290d21634561050e4e1cc121630fe7468379a765458fc7dd94,site_fold_3,redraw_year_matched_20261005,0.6059161635110225,0.9970779605584312
seoul_flood_2020_00052,1,2020,8f04d29a85b032d3db48171fa74a0e015c47781d33e5eb50b4beb7c8e972e2d5,site_fold_0,redraw_year_matched_20261005,0.9848362125713137,0.9991584139863917
seoul_flood_2020_00028,1,2020,e311ebab0d1322dd22364ea30cd114fc805926a72b5d28893510e9a4da436f4d,site_fold_2,redraw_year_matched_20261005,0.9969106442098611,0.9998815482514243
seoul_flood_2020_00160,1,2020,456d2ad59c7004e996a1bb2640f7a4c7791206f398afcf1712627e80ebbe03d5,site_fold_0,redraw_year_matched_20261005,0.6351427970937608,0.05928785212444704
seoul_flood_2020_00053,1,2020,e92a42c30861ff8dd3c05bd15d469cecd2a4a795eabff79eb9735e228dfa1377,site_fold_3,redraw_year_matched_20261005,0.9171748521171433,0.9762931558500505
seoul_flood_2020_00029,1,2020,e54e33160a2670c6606515444b193b0c29f0b4c0ce102243371879c9fa07af70,site_fold_1,redraw_year_matched_20261005,0.733834668462513,0.9965111996008423
seoul_flood_2020_00054,1,2020,903fe509e1173017f2664fdb60235e5c0fecf5698740e6cbaf813caacf9bafe2,site_fold_2,redraw_year_matched_20261005,0.881950615138604,0.7336557159144187
seoul_flood_2020_00030,1,2020,4892c95f9d4be5fe6e9e807cecd47c952f44a5088c5322e9a089f89958183f58,site_fold_4,redraw_year_matched_20261005,0.5898337695641831,0.9922505371049263
seoul_flood_2020_00055,1,2020,4da29f2b0d9cdcc836f9470f506600c4a9c7d272b3e99196aaf402c8da14efe6,site_fold_1,redraw_year_matched_20261005,0.716636251963621,0.8728105767664855
seoul_flood_2020_00049,1,2020,11883d7fa62f924dcca67e6b71805e13ffe7284cfa99d3aab7e71251afc42871,site_fold_3,redraw_year_matched_20261005,0.575005863817604,0.5908603950238805
seoul_flood_2020_00056,1,2020,fe81cdb1e697e8d9d4e8a80b1d37984835eaf1d7832d50438399759015467427,site_fold_0,redraw_year_matched_20261005,0.7391101848046979,0.7431844306210204
seoul_flood_2020_00050,1,2020,c16f2de5175ab6c9c3347be190453bea3fbc24fe1f20f10b5b6eed4088860d86,site_fold_1,redraw_year_matched_20261005,0.5641575403483963,0.6159425917439758
seoul_flood_2020_00057,1,2020,85a1a4d286c1a53ca36fa8ceeca235ad1b2f583d127de7ab084cc0882321ff74,site_fold_2,redraw_year_matched_20261005,0.6905731366658596,0.7020115614687616
seoul_flood_2020_00051,1,2020,01b405d8db875779338248b392bebddac1a9f6fb16604928d371454ee69e0204,site_fold_0,redraw_year_matched_20261005,0.4320174395525429,0.5412666867895877
seoul_flood_2020_00058,1,2020,6d3dd7eae848fa7d6717b0f8ee7631b0158b96c9cd6f237d2c2e4c179d9af571,site_fold_2,redraw_year_matched_20261005,0.9596585293862324,0.8402388253573669
seoul_flood_2020_00059,1,2020,e5b2c0eae5350cbd21ab8dc75a8db32c3f296c350d962b4a4bf95ca07aa71bb7,site_fold_4,redraw_year_matched_20261005,0.6672938928567166,0.90556180755315
seoul_flood_2020_00060,1,2020,dc52b7037a37162ca7aeba0c259fcd2d421b8bf018e5cc39e00ec8d22374ef17,site_fold_3,redraw_year_matched_20261005,0.9334399121946136,0.9697114623844089
seoul_flood_2020_00061,1,2020,63766b2550ac2953f858ddfec3231520fd87d6dfca7d9e0ac9c396ec7684e38b,site_fold_4,redraw_year_matched_20261005,0.9024731293862936,0.9506994667176761
seoul_flood_2020_00062,1,2020,8266c76f416d89566523a98da79764c403297610b0a135f5a5ebe1be9695c216,site_fold_1,redraw_year_matched_20261005,0.8105438396206529,0.9503378807578223
seoul_flood_2020_00063,1,2020,df5c84717faba2883b1eaff076e8fb3415343781d918d34433bbca08fcd8e080,site_fold_3,redraw_year_matched_20261005,0.8943200435369287,0.9542253320160016
seoul_flood_2020_00064,1,2020,e99e51efa4aad35446fd6eeed904db223ad457aabb180255994303345c8ed2a4,site_fold_0,redraw_year_matched_20261005,0.8915110546413856,0.9842994387303883
seoul_flood_2020_00065,1,2020,03f72303926d55a23a3475a8ba15ff8d5fbd5acd435609a29c889cc220ab2047,site_fold_2,redraw_year_matched_20261005,0.9706448665135703,0.9756470607037485
seoul_flood_2020_00066,1,2020,8346ac8e8c0e93102650b8a71656bdbaac4d11ea774826e6cd08a89d08ea03c1,site_fold_4,redraw_year_matched_20261005,0.8800154973041571,0.977817850184109
seoul_flood_2020_00067,1,2020,058fbbcdcf0d4578013e341b772cf94f2a02c13400f39a0c2c101529bad541b0,site_fold_0,redraw_year_matched_20261005,0.954099639685306,0.9959677202670798
seoul_flood_2020_00068,1,2020,d42b20bbd4e6bc379486f37ee4112e847759b2099f5dedb9a751a364e5621901,site_fold_2,redraw_year_matched_20261005,0.9055223602481983,0.9501249598692558
seoul_flood_2020_00069,1,2020,ca563eafd2455af056608fba6c9ac053308d757ff5046eab790cb80c2a839fc5,site_fold_3,redraw_year_matched_20261005,0.9424792543461216,0.9792285580287982
seoul_flood_2020_00070,1,2020,aa4fc57098b6444a72f7e54fad0bd94f7d13e0ed964d0da4f74baa4a28879a81,site_fold_4,redraw_year_matched_20261005,0.9097140563450221,0.975233535269738
seoul_flood_2020_00071,1,2020,eb16dd72df019be8aaed131448ff14d6fa2e90652a14ac21d8168900287d1771,site_fold_1,redraw_year_matched_20261005,0.9884333020122522,0.8955354625671178
seoul_flood_2020_00072,1,2020,ddd0ee00f74b24696844c4bf71e040308c72a4828d9cf64169a64e13cdfe5cf1,site_fold_4,redraw_year_matched_20261005,0.7693708545328287,0.9918678409413598
seoul_flood_2020_00073,1,2020,df6af837ab1e8ab5974dbc7660158495b8788ed4c013bde7047e1bd168e85eb4,site_fold_2,redraw_year_matched_20261005,0.8009724445250528,0.8945320982601542
seoul_flood_2020_00074,1,2020,2cf7023a2041036172a96ac21f090d9cd58b1730cc9f9e95a6c212caec306f78,site_fold_1,redraw_year_matched_20261005,0.7889449850158343,0.5880326181258382
seoul_flood_2020_00075,1,2020,e798af31805b93f2a373a142b3747c8dd0ae6e681f2c5a7759cddd703fd2d4b9,site_fold_3,redraw_year_matched_20261005,0.8292796902802543,0.9193097842503236
seoul_flood_2020_00076,1,2020,847fee03f196da88ca147fdf7626ad98f52286f7ea498dd829ca73fc6754a405,site_fold_3,redraw_year_matched_20261005,0.8874613517830879,0.9820662401582576
seoul_flood_2020_00077,1,2020,ec99fd509b9e2467c4e1ceff5f845246f9e79dccf916d6cc7264606f24baa3eb,site_fold_0,redraw_year_matched_20261005,0.7572414130136316,0.9578278291089964
seoul_flood_2020_00078,1,2020,2a970bd1e5da9c66f6c1d11324148b0c4aa0e7d91fd8c59caeed1de1c30ab379,site_fold_1,redraw_year_matched_20261005,0.9729396241260817,0.9560302466577797
seoul_flood_2020_00079,1,2020,5aa2d66777c3e62df2fdb8eba1789b466006935c4c7891a25a62d120eb0a99c4,site_fold_0,redraw_year_matched_20261005,0.8613149854778757,0.9259508375069838
seoul_flood_2020_00080,1,2020,ea0d9b27de5b3a497afb216d359db965021e8cc09be25f62cdbc2de869da116a,site_fold_1,redraw_year_matched_20261005,0.7305678022534505,0.9667994830175679
seoul_flood_2020_00081,1,2020,f013ca10ef383f71858c29d3fb13140635d86a1ce3ec15fd5b0453fdb37c02f3,site_fold_4,redraw_year_matched_20261005,0.5713684024853082,0.9491647844894762
seoul_flood_2020_00082,1,2020,b89594e6b2febff01ff6a0c0643adc8e4dc82e340c686e371c14308620dd0fea,site_fold_1,redraw_year_matched_20261005,0.6716207282616895,0.6382264179665952
seoul_flood_2020_00083,1,2020,713f69f5010d35e7e66d51cf3ba9fe812d012df85bfad7f672554d4ac92faaf3,site_fold_1,redraw_year_matched_20261005,0.9100271572607856,0.9464911390432702
seoul_flood_2020_00084,1,2020,a6975803fcd9ed59082319f235a19be9cc856dc8e8022bbd04605b4189502d25,site_fold_0,redraw_year_matched_20261005,0.6926359049020606,0.1801655614991662
seoul_flood_2020_00085,1,2020,c20bab6ce4577490838ddb71db53f4891556cc2f04806b8d6cb43622ce57bbfd,site_fold_4,redraw_year_matched_20261005,0.9823213481488332,0.9700750965276218
seoul_flood_2020_00086,1,2020,4e19ce88d34fe87d0a2a5e11416f6eb85c46b0fcf2e107a638f171186779bbd6,site_fold_4,redraw_year_matched_20261005,0.9082806105627714,0.9867449085061324
seoul_flood_2020_00087,1,2020,3ea925bf459597c5b9524d19ac3179165e43e6bc3969bfcf1a837070522a3fbf,site_fold_0,redraw_year_matched_20261005,0.7606343874876433,0.825083291602947
seoul_flood_2020_00088,1,2020,0513a2f379edeebf9f8641c008b9c7e1dfa57ea729522adafb9c73da30072a3e,site_fold_1,redraw_year_matched_20261005,0.6778791230412459,0.9651652948582313
seoul_flood_2020_00089,1,2020,884e85d417bfc975175cd72cbd65f4c35646555ee12ee3400d790f91665881ec,site_fold_0,redraw_year_matched_20261005,0.7934381722893012,0.9786897070326517
seoul_flood_2020_00090,1,2020,02b5a35da5c0d1c7b55d751771925c966c8fa2149315a4ea571297a2e00589d4,site_fold_2,redraw_year_matched_20261005,0.5856848679560175,0.9555749409300377
seoul_flood_2020_00091,1,2020,2f940a2629c365a7b9e2443e66b0475548e1e3c806287a3668631816edb4c76a,site_fold_3,redraw_year_matched_20261005,0.998083802011263,0.9966149392358065
seoul_flood_2020_00092,1,2020,ee1c8e078be4900323ab65b222f58829af044f35e5a1a009b24b1e855719d373,site_fold_3,redraw_year_matched_20261005,0.8777889729899805,0.9960731972968262
seoul_flood_2020_00093,1,2020,632b8e96246333277e4d39daadf7dababa6b4157490016c2140a055401220e2e,site_fold_2,redraw_year_matched_20261005,0.5841090460489078,0.8627648981180982
seoul_flood_2020_00094,1,2020,27b3be534d925c2e739b1225e7178079f898526288912aa01fe40a8ea9d9f566,site_fold_1,redraw_year_matched_20261005,0.7634034569065987,0.8874107116403339
seoul_flood_2020_00095,1,2020,0d59208c254d5ba3ef1452a38666a492dd0a7bc57c585d5d69901544caa14cbf,site_fold_0,redraw_year_matched_20261005,0.9835302648110787,0.9987400539922158
seoul_flood_2020_00096,1,2020,2f638be1e5a53380c3c0717fb1c4cd1b049457fa6ebfab2e672087a582e741ad,site_fold_3,redraw_year_matched_20261005,0.9712273110518925,0.9846153873134504
seoul_flood_2020_00097,1,2020,0659d1fe4562f7d74b5948a58a76afab170728df7447d0ef6dcf6d4c783bb660,site_fold_3,redraw_year_matched_20261005,0.5411564411514307,0.5222404043059866
seoul_flood_2020_00098,1,2020,ca3b181429a7329124cce9f9f2b96cb34be7cf2b024ec1f7414d8ce713bb9465,site_fold_2,redraw_year_matched_20261005,0.9976081121109034,0.998441916706245
seoul_flood_2023_00010,1,2023,cdac98a48f34f783458e25bb71bec50a9941f951adda2ef1ed119a8d4a0828ec,site_fold_4,redraw_year_matched_20261005,0.6315616165051721,0.9855139273171342
seoul_flood_2023_00002,1,2023,56194f3b0d4ef83211b9500e873a993b7c4872605ad975779d5bd2204e40cc9c,site_fold_3,redraw_year_matched_20261005,0.34092007067474656,0.3547001118492496
seoul_flood_2023_00043,1,2023,248fd4f18691def34c6601546f753c06d11ae98cf78256a042219048350a4848,site_fold_3,redraw_year_matched_20261005,0.830777069969469,0.908000650917722
seoul_flood_2023_00044,1,2023,2936fe9484566290154a4a78f1271b029cc6c88fdef60a4f432e5bf00e8a5520,site_fold_3,redraw_year_matched_20261005,0.7364212276231601,0.7257449451979322
seoul_flood_2023_00248,1,2023,b2b9daa097bd03ac3b1154ab1efb93273c2ad4ec5b9113697c086a095b80910d,site_fold_2,redraw_year_matched_20261005,0.9614356750411129,0.9890035918494768
seoul_flood_2023_00004,1,2023,d3a0fe4a01296db4593fc36df0fde0ff144cc7a56203125c74004378d0a06b99,site_fold_1,redraw_year_matched_20261005,0.6232887555501059,0.9239335110247179
seoul_flood_2023_00070,1,2023,e02228460eb8c581c0556701b02567d9bef77a390613b7e41616f20628f49750,site_fold_4,redraw_year_matched_20261005,0.5056459828783086,0.9990461410211502
seoul_flood_2023_00047,1,2023,b4a159bd3df0eaa57b55ef4da2c655abebf1329fc1a2c1f4e393a61eb888fd51,site_fold_3,redraw_year_matched_20261005,0.8099083266683775,0.8826482958733572
seoul_flood_2023_00009,1,2023,70157f5482cb159b3b68e48336c450e93766506e243cdf9eb03590b5bc45596f,site_fold_1,redraw_year_matched_20261005,0.5072878915255468,0.9194497644735535
seoul_flood_2023_00071,1,2023,017ade65ff0240adecf03eb0741307ea502590ae6c0ef638e6e9f384025b1f8c,site_fold_2,redraw_year_matched_20261005,0.9361950887277726,0.9991583751635748
seoul_flood_2023_00059,1,2023,51c0f0b21f81c1e61262409620f2b3be9b562fa300bbdcdd2dd94f5aacccfb02,site_fold_4,redraw_year_matched_20261005,0.526850051228337,0.9723707797956683
seoul_flood_2023_00012,1,2023,667e30e9a3f7fb988cd90180a9d904755fa591265581c0609b8d81e4deb93970,site_fold_0,redraw_year_matched_20261005,0.6949838818723562,0.8898074064068314
seoul_flood_2023_00225,1,2023,4ea0938144a26214fc7cd3a870d4a3879c6bc8a8b7a1be7254dce6517520b228,site_fold_2,redraw_year_matched_20261005,0.8322346734322016,0.6110356337908726
seoul_flood_2023_00067,1,2023,2b039c27036068493acf6918e3daa9e63f32629a1a6faca59390d100614c1013,site_fold_1,redraw_year_matched_20261005,0.5620266618023627,0.4526853194835519
seoul_flood_2023_00013,1,2023,80a618b88b8e6324b97cbe64c342ff6711e3161d146da345ab6070b95880e439,site_fold_3,redraw_year_matched_20261005,0.768523788765361,0.8123527264462983
seoul_flood_2023_00227,1,2023,f5de86b449cb8e2ee3e8157a80068b892f7e3c9b0db6a16fe8637184ef8663d6,site_fold_1,redraw_year_matched_20261005,0.5694195876059314,0.7235089945423764
seoul_flood_2023_00068,1,2023,fd65d6658f5c8b220975c11acba4fd65d878d6713aff553ae1f91f6159a3afc7,site_fold_1,redraw_year_matched_20261005,0.2586138791520492,0.7666094236893547
seoul_flood_2023_00015,1,2023,18b4b2fdda6fc69634d44ecb3f1034bd1fc1bd99100a1cfcf3b83fafa76d9cf8,site_fold_2,redraw_year_matched_20261005,0.17032289540360795,0.6442829910798545
seoul_flood_2023_00228,1,2023,48006a51e30c32762694ec18747d1425bb4b974c56c4c0c98d57886cadd0c783,site_fold_2,redraw_year_matched_20261005,0.6905562961692577,0.8290331378062294
seoul_flood_2023_00072,1,2023,2afb0fa8a1f0cc6a7ed67c17008f75bd42461bd0ba6df7c3c3d887904196895d,site_fold_0,redraw_year_matched_20261005,0.35926775105297215,0.005743269983299384
seoul_flood_2023_00016,1,2023,9449d82b55823a2b21e722445146dd58f28c2892847ebd7d9d3528a705c333d7,site_fold_2,redraw_year_matched_20261005,0.22018363830230397,0.6651930117626543
seoul_flood_2023_00243,1,2023,1ef45c1f3265d27b162d2e8ed4381ef427bdf586c45963e44e4392b26ba86b72,site_fold_3,redraw_year_matched_20261005,0.9405314295419542,0.9920549278137999
seoul_flood_2023_00074,1,2023,b9bc2f927ed11bd524706f6d4967f92b59403bf3a4c2f3c470a8c815fd79e460,site_fold_3,redraw_year_matched_20261005,0.5451554494654396,0.9014442171871827
seoul_flood_2023_00017,1,2023,c14d98d5e804cded4ef08ae8cdf0707ca6178666fe17dbc79d181d4cc9dee14b,site_fold_4,redraw_year_matched_20261005,0.7253288327128985,0.9535480695313331
seoul_flood_2023_00250,1,2023,2c7709566a2e9c494198b62a00ef526dfe6053df3b61476d6f3474d3a092eeb5,site_fold_4,redraw_year_matched_20261005,0.8620859182803017,0.8623880722588011
seoul_flood_2023_00075,1,2023,ac6920819be8e420a3aac9974fb430eca317f55a0609b05ff32e884b1c75beaf,site_fold_4,redraw_year_matched_20261005,0.5994227566726169,0.9585307297151464
seoul_flood_2023_00018,1,2023,611ef7d2bb8f2df5e6108e65595a9a37b583dbd4323706a0ec255f8e960d2ddb,site_fold_3,redraw_year_matched_20261005,0.5913706008217756,0.9507838253502515
seoul_flood_2023_00277,1,2023,2e908b9152c52096e61faa554d5ff494fdeeb050209f5fc14355fe66b5e5d4d4,site_fold_4,redraw_year_matched_20261005,0.6171768674865121,0.8601846659574425
seoul_flood_2023_00076,1,2023,0059d2a4c367d474476bdb36e5406db4c952a2a967b25e3c6166b8b6fc181976,site_fold_0,redraw_year_matched_20261005,0.5684140894485908,0.8596988485274925
seoul_flood_2023_00021,1,2023,e6acf5cf32b2d0c5cb627acd0c05f96bfb50942c86e13eeac0f97655bb35bf64,site_fold_3,redraw_year_matched_20261005,0.7225549212247271,0.8327697411062712
seoul_flood_2023_00077,1,2023,ac006ae8566252eae229f3cdf08285ec62948465438fa1fd37525350f732bb46,site_fold_3,redraw_year_matched_20261005,0.6039717751781676,0.916345646402444
seoul_flood_2023_00022,1,2023,2ccee39efbee54552c27ec5f3380e8b6db91ab9da3255a83fc493c1d1767d3f3,site_fold_3,redraw_year_matched_20261005,0.574118069655283,0.9087966624232369
seoul_flood_2023_00078,1,2023,54043b91c4a304d4c675985edfa95ef876b138ff57a6389bfd28818074d39fc1,site_fold_0,redraw_year_matched_20261005,0.5923172065633706,0.9122920847844075
seoul_flood_2023_00028,1,2023,ab9d5a9c105349411f7c92c7845f7e8ec24f10552a9a484d7dd02c0c9d6df2e1,site_fold_4,redraw_year_matched_20261005,0.5758414308784906,0.8212882903686473
seoul_flood_2023_00079,1,2023,a825d29c20ca2db6c0b5bf5ccb6ee269beedc5bda085fce5a584b3d600c91af2,site_fold_3,redraw_year_matched_20261005,0.5818334868398864,0.8010348682190401
seoul_flood_2023_00030,1,2023,109d39d58c882b2875c711bbb1fbdc53ae3234b9f7c2e321096d7429e46331b6,site_fold_4,redraw_year_matched_20261005,0.9404049015217487,0.9924940637027263
seoul_flood_2023_00080,1,2023,516a51b5f7484840c5b87649d04bf5f7fe7b3f5a641c45cc08cdca8b66f74a9a,site_fold_2,redraw_year_matched_20261005,0.704438518659237,0.6251058298927518
seoul_flood_2023_00032,1,2023,0b4d4f8312fd79b55496cf1cff09a958a968eae46e135c54724bebedf54d8400,site_fold_0,redraw_year_matched_20261005,0.6231733093529153,0.6746336287598631
seoul_flood_2023_00081,1,2023,80dacb840448896f846147086fb6904aace095c7ed082be2f6978ab4a65d9d17,site_fold_4,redraw_year_matched_20261005,0.5725857084839456,0.6949972384767168
seoul_flood_2023_00036,1,2023,824b284c7bf45801707ed1a0e35648f2949764c72352ac38100d99cb94e7ed05,site_fold_0,redraw_year_matched_20261005,0.8763505594660737,0.9764905631713046
seoul_flood_2023_00082,1,2023,b45c216bee7e0d6ee0455f8bf2899fb0637e6409ddda7e861dc355e9dcf32559,site_fold_2,redraw_year_matched_20261005,0.6859733958095778,0.9166082789586352
seoul_flood_2023_00045,1,2023,047a0479a6796b37ba99d6e6577b3ffb20aab618b478d303de927d6a6faca3a4,site_fold_1,redraw_year_matched_20261005,0.7052344475885189,0.9282260887946101
seoul_flood_2023_00083,1,2023,8cc3386043fed7e4a08a2bc9dc0aa45a181ba89b153abc9f991119c15c99e48f,site_fold_4,redraw_year_matched_20261005,0.5687017385847867,0.9228644768755371
seoul_flood_2023_00046,1,2023,c1467d5c72e32f7e65ab4237818f35148a9e8e89d62f6c485f6e3282213122d6,site_fold_4,redraw_year_matched_20261005,0.7879064733354826,0.9801699033180042
seoul_flood_2023_00084,1,2023,227a0397ded397793104e4c0dd13029ed0f9025afe13bbec3f057cea4e5a725e,site_fold_4,redraw_year_matched_20261005,0.5994227566726169,0.9585307297151464
seoul_flood_2023_00222,1,2023,c65581d8bf8cf915e9fe2ca51b089e97441ac2f57272bc2cdb231ee83f757ae0,site_fold_0,redraw_year_matched_20261005,0.468954154137653,0.9844014537160283
seoul_flood_2023_00085,1,2023,5c52fa5b830c2d85cb3619fa6dd7b6c3c4fa0ae339105571c5aacfadc1f57dca,site_fold_3,redraw_year_matched_20261005,0.5739672806036094,0.9457200819534471
seoul_flood_2023_00223,1,2023,a3396b1b87eceeedee47469b37f3882ca3efbef67a922173e8c25c4bc7457491,site_fold_0,redraw_year_matched_20261005,0.4780458490249805,0.6224115608141011
seoul_flood_2023_00086,1,2023,a23e42946ff072eac7708b41013273d24b29f25c3b2a68f2fd71cd5555db568f,site_fold_0,redraw_year_matched_20261005,0.6175205064467679,0.5908777643976305
seoul_flood_2023_00224,1,2023,6b1bebc088f54a96e550aaa77b7c7dc8a68bdb509ee5100ddb911beae78c5051,site_fold_3,redraw_year_matched_20261005,0.9674709934197737,0.966679371302428
seoul_flood_2023_00087,1,2023,c806eda7ed36cd9e6ecf80572678e5580be30156dc628686a27b057e82be7f05,site_fold_2,redraw_year_matched_20261005,0.6747730430978192,0.9010780367586257
seoul_flood_2023_00226,1,2023,5b4e991e2eaf736f1ecc63796633bf37e2674c5669ccae29f43454531101f031,site_fold_3,redraw_year_matched_20261005,0.7425275725185971,0.9257206885681531
seoul_flood_2023_00088,1,2023,5d84a21238eb09a213a6a5e8c5a2d41c6f70decc00617b93e8dda58c2d7a235f,site_fold_2,redraw_year_matched_20261005,0.6992588155576587,0.8666287144057369
seoul_flood_2023_00229,1,2023,972f0a0ebf5383f911b746160b79c88b8b0c7aa70e1b9861ff6abfa2392f939d,site_fold_2,redraw_year_matched_20261005,0.8902965192500757,0.9731386857740911
seoul_flood_2023_00089,1,2023,8e255f9a86ec3588ecf56d040b65bc4fbebed179e07431fc842ce550145b9863,site_fold_1,redraw_year_matched_20261005,0.6163114288058453,0.9356920416761138
seoul_flood_2023_00230,1,2023,351930c74ba2930ac78f71a4e59d24ec3a9c408c09f4bddcf7fa3699bf8a21fe,site_fold_3,redraw_year_matched_20261005,0.7600370603607679,0.9664831415082857
seoul_flood_2023_00090,1,2023,fd6f0f91e6250a60b21fd97b70f686db535df935a8841de34f4bfbb09aa0efb0,site_fold_0,redraw_year_matched_20261005,0.6157756063613654,0.9627770373513085
seoul_flood_2023_00231,1,2023,c78427527ae5ed46cec266bf7f5102da2f65c62f603b3c800e26eace25a5c839,site_fold_3,redraw_year_matched_20261005,0.11921646190783766,0.013060842343581697
seoul_flood_2023_00091,1,2023,ccb2187c465a4a42452f6d96c6ecd61471e4bd6347f569f84a47b5683742fac9,site_fold_1,redraw_year_matched_20261005,0.6477950462090741,0.9505441617056953
seoul_flood_2023_00232,1,2023,5336135f67660856ece6ad6d54f733a34080d27dfbe335858b52eb42facdced4,site_fold_1,redraw_year_matched_20261005,0.8140979537583146,0.9239039052102525
seoul_flood_2023_00092,1,2023,8eac4c0475636dabe754422f418c76eb191e9b3e663e31e296fb69f7a6fb8cc8,site_fold_3,redraw_year_matched_20261005,0.5867924501774465,0.8254620180090493
seoul_flood_2023_00233,1,2023,e55963a41e664f031359274c8576c1cb5d6c9c2998192b355445bbfe50c138ba,site_fold_3,redraw_year_matched_20261005,0.3715121745104863,0.326890668519776
seoul_flood_2023_00093,1,2023,dc728f9adfc11d8c5c2ec698fb1df3af31c3b43457a9a69377f3e7a04f506468,site_fold_1,redraw_year_matched_20261005,0.6561180655099257,0.972997592803685
seoul_flood_2023_00234,1,2023,d44f553eb4a78c3e8e73f10a2584e2b08c855f4d7d091ed0bda77b9ebca91d2e,site_fold_0,redraw_year_matched_20261005,0.8439683179002635,0.9935795646400379
seoul_flood_2023_00094,1,2023,8c06fb30ac6a96f25e4c0adbd324b5185f5468e1f2512e1480789b99a603de36,site_fold_1,redraw_year_matched_20261005,0.6653413041071075,0.9887811854596757
seoul_flood_2023_00235,1,2023,e635dda0a74d3988c04c4e76a855e983d6033e5538e0b291c2a7d019a42df52f,site_fold_4,redraw_year_matched_20261005,0.46717214109923777,0.9294258608292277
seoul_flood_2023_00095,1,2023,bcd669daed0897a45b8903b79c40b7cc6b1c557b0e8708071442ee549f83e05b,site_fold_4,redraw_year_matched_20261005,0.627030982854198,0.9855979670238286
seoul_flood_2023_00236,1,2023,3806182b64eb41706f3328e741dcc36e0a6617e9349746b3fda442906e5bc7e3,site_fold_3,redraw_year_matched_20261005,0.40707800195441435,0.8975019926606963
seoul_flood_2023_00096,1,2023,3c90eac0010785df62fd85c83633074dccd90c84ba9e27d4f2c28c78b4f0d5d6,site_fold_3,redraw_year_matched_20261005,0.6201009936487407,0.9720916748024314
seoul_flood_2023_00237,1,2023,1b36675e1d11fd325a672ec04ac67bd989594417a5729df4f870059fa87b9d1a,site_fold_0,redraw_year_matched_20261005,0.3034515206760121,0.8984219092147606
seoul_flood_2023_00097,1,2023,72f61518a84c9a55b3352cbb5023921cad60474d413e7b72f69c74dcf2d72799,site_fold_1,redraw_year_matched_20261005,0.5910898314341045,0.5308851444452409
seoul_flood_2023_00238,1,2023,6bb5e3a1d3d33c5db48aeb2feb9ba125ac0daeeca2d842b2e02d5875228b2034,site_fold_1,redraw_year_matched_20261005,0.40466528319336587,0.8216408271445843
seoul_flood_2023_00098,1,2023,69999efddf274f8271d36927d9ec9541d3c52ecbcda9f4fd5d4e4576776c0f81,site_fold_1,redraw_year_matched_20261005,0.6082766680139806,0.8734503732577924
seoul_flood_2023_00239,1,2023,2d536fc8f243ee74cda2625ce6b41f0808c1a746c242a68cc049153db304cec3,site_fold_4,redraw_year_matched_20261005,0.5369201172805167,0.9128564246116604
seoul_flood_2023_00099,1,2023,f20722d01f05a742b8dec71af1e8e07cd63b8a6c64dabe657c23086f84b1cc72,site_fold_3,redraw_year_matched_20261005,0.5790605284493248,0.7940513241956515
seoul_flood_2023_00240,1,2023,3ad5a64b1adf89e718a6b754a2a9d66bb8b911be81bf90bc31007aa5e3b55b65,site_fold_4,redraw_year_matched_20261005,0.752872188970057,0.9760201517186039
seoul_flood_2023_00100,1,2023,45e322c42efd83690f4dfb0ff1d1bbb111f8a340eead50dd2d0b80db07f8e193,site_fold_2,redraw_year_matched_20261005,0.7046715258143726,0.840071258587495
seoul_flood_2023_00241,1,2023,fd9b2055defb5a8b5d9a6ad4ec71b2866a897478c50ac25e466cf2ebb31972b3,site_fold_0,redraw_year_matched_20261005,0.7212035091363576,0.9559400729767413
seoul_flood_2023_00101,1,2023,cde4ea100a86579780194fd2a9211067fff3ec841acaf671446c7e1a10100140,site_fold_2,redraw_year_matched_20261005,0.733622519841019,0.9244480849761874
seoul_flood_2023_00244,1,2023,45eade17eef3d54e8ae3d65c6c2fe09751b2504861f44169da0daab75d8028e3,site_fold_1,redraw_year_matched_20261005,0.3525594907642232,0.3420781009453243
seoul_flood_2024_00041,1,2024,437d4e1375e418c1898eaf0ae2743a3a3897e3504fcb93ac4cb1d44ca1794e2d,site_fold_2,redraw_year_matched_20261005,0.5516857111268685,0.3480829265426721
seoul_flood_2024_00007,1,2024,bb4ef8ec9e43272a080f1429baad8954fb44bfba666cbe0407e5a401a7cbe57c,site_fold_3,redraw_year_matched_20261005,0.5413805731341349,0.7915532468927284
seoul_flood_2024_00061,1,2024,fcc88c7839e8fbf3b46125b0962e2d83e51fa121fb2ad474578c0205a69158a3,site_fold_0,redraw_year_matched_20261005,0.8241399583220641,0.9776394061270951
seoul_flood_2024_00043,1,2024,123bf2caaf4935a556e8202150c1fa202134ea1b2f1300bbcd7d8c0eaeec8db2,site_fold_3,redraw_year_matched_20261005,0.5901410938011626,0.9854942507502997
seoul_flood_2024_00008,1,2024,f81340838ca8d98e7a73bb0e3af78d74d80c528b295742e4fb99440aaed665fe,site_fold_2,redraw_year_matched_20261005,0.20480398640543468,0.1831115700414695
seoul_flood_2024_00062,1,2024,2936fe9484566290154a4a78f1271b029cc6c88fdef60a4f432e5bf00e8a5520,site_fold_3,redraw_year_matched_20261005,0.5826870065765679,0.9549038579908075
seoul_flood_2024_00044,1,2024,a740d451ba6b1561554cb9fcec4fafe896119054b664fa3843f905be77b05322,site_fold_4,redraw_year_matched_20261005,0.7730679647534335,0.8973863963341655
seoul_flood_2024_00009,1,2024,e511340b55220ca5cd74855047a854ce0e58734aaa0e70dd27409a906657097c,site_fold_4,redraw_year_matched_20261005,0.37106720794994663,0.8165077727090063
seoul_flood_2024_00046,1,2024,29c21a43454c116be3b275e72bea1085c7e3a46b402c40cbecd77815d561a6c4,site_fold_3,redraw_year_matched_20261005,0.5244870685724524,0.6725898258490141
seoul_flood_2024_00010,1,2024,00796b29fe88d57e702ccb4f39268f140294a0ccce5940d0e9de2cd48648f6e3,site_fold_4,redraw_year_matched_20261005,0.4194974709396913,0.8263244823733454
seoul_flood_2024_00048,1,2024,7202cf9a0478f75db97858316a56aae958a1fe3a3a300fdd8c9f15c8d98b8795,site_fold_3,redraw_year_matched_20261005,0.8414406490535855,0.9767038762351651
seoul_flood_2024_00011,1,2024,ffbf9e54cd41025956746859bd5ec126cd181dc76ec068864b593b2c72ce3cfa,site_fold_0,redraw_year_matched_20261005,0.35816367527388504,0.6856058520827436
seoul_flood_2024_00055,1,2024,b73912d269b006bf961cd5418321dbc3a3ddd9e0782ae7fc2e87b7201c11b4b3,site_fold_0,redraw_year_matched_20261005,0.7890749763327595,0.9291860732259934
seoul_flood_2024_00012,1,2024,80a618b88b8e6324b97cbe64c342ff6711e3161d146da345ab6070b95880e439,site_fold_3,redraw_year_matched_20261005,0.7614625942936154,0.9195492237882978
seoul_flood_2024_00063,1,2024,bd1b8d0105f1dc87aa3d99df0e4cec2c47adbd7400d6c185bd25421ba23dde1e,site_fold_3,redraw_year_matched_20261005,0.8038418059376186,0.9144743866465973
seoul_flood_2024_00013,1,2024,757a23417a3e32f5178c71d73aa0af81284864b4cea9764741e4edab5aa5daef,site_fold_0,redraw_year_matched_20261005,0.26880640276124906,0.0006129783027970876
seoul_flood_2024_00067,1,2024,948d2d09df15eb7f7191ace14981ba5c0ab110c09fcefb90834aab93c7c078bd,site_fold_4,redraw_year_matched_20261005,0.7680594669131675,0.8130096177932175
seoul_flood_2024_00014,1,2024,9d2e0e628256e0e8794e82426aa235d02ec76a3dc6aad4e9ac3c5a814f9829d1,site_fold_2,redraw_year_matched_20261005,0.729042684249263,0.9433702016523228
seoul_flood_2024_00068,1,2024,0cd3a852ecf4dc5dfeeccb70c7c7c9ef166021c2b5eab3853b7473d5589777a4,site_fold_3,redraw_year_matched_20261005,0.8659077480385955,0.9042933957063749
seoul_flood_2024_00015,1,2024,971f5541f6195b192b925d8efefffbeca88d01c4a9f0a60d74dde196ee0c86d1,site_fold_0,redraw_year_matched_20261005,0.8429928236587612,0.9844835002266837
seoul_flood_2024_00069,1,2024,7ab3d273ca7380c8698814a0811a1fe680f9d78ab49ee0d92911a4c107de8238,site_fold_1,redraw_year_matched_20261005,0.8716071750809364,0.983680548539857
seoul_flood_2024_00016,1,2024,e3e50f5e44035dce95e5b6d8138e134698d49eee758b5eec26535a51bde85df7,site_fold_3,redraw_year_matched_20261005,0.5290254992302278,0.8024975443952206
seoul_flood_2024_00070,1,2024,e803b0ddd0c957cf8b860f04d63d206bc58c4a7e216618b57c60191c479923d1,site_fold_3,redraw_year_matched_20261005,0.7703534401986977,0.8836301253775365
seoul_flood_2024_00017,1,2024,70760aecf195bae192f5baf7428743d230db64ee9aa273bad54777a29fa61d56,site_fold_1,redraw_year_matched_20261005,0.8041318623971005,0.9961851649845677
seoul_flood_2024_00093,1,2024,63766b2550ac2953f858ddfec3231520fd87d6dfca7d9e0ac9c396ec7684e38b,site_fold_4,redraw_year_matched_20261005,0.9030651802188381,0.9375334330735833
seoul_flood_2024_00018,1,2024,3693df7f5d8484c40a64e5edfe29168feaab0a3d8ad2d5ef780c0be6f0e46a79,site_fold_1,redraw_year_matched_20261005,0.2760678880266017,0.891230543366006
seoul_flood_2024_00094,1,2024,604a183e9f44726cdef3c553ac7408e85ae4b02ccd41506423055ce6ebe1b7d3,site_fold_1,redraw_year_matched_20261005,0.28562105041547264,0.7846175969859684
seoul_flood_2024_00019,1,2024,5a25b979c2422917f17db7df5dd87a2297c474a9b3d62c792bff7d427ea669bf,site_fold_0,redraw_year_matched_20261005,0.7413140102996818,0.9854605900920577
seoul_flood_2024_00096,1,2024,79e0a2a000dd61aa37a52001d61342cb8a1c5d1e016976766fc295b4c94b56cc,site_fold_4,redraw_year_matched_20261005,0.6115296864728758,0.9264995768882452
seoul_flood_2024_00020,1,2024,13ddeac8fe6671414275b639d61a07e9c672c7476e5ccdf793402e7aaeb515d8,site_fold_2,redraw_year_matched_20261005,0.822548991579525,0.968937981048442
seoul_flood_2024_00097,1,2024,2f886984eaa4246f0d5b4af68316375d1b6bdd3583792bcce78bba0fee5cbef1,site_fold_0,redraw_year_matched_20261005,0.6792670195628091,0.9310089352936695
seoul_flood_2024_00021,1,2024,e124f13166523cb7b6c4c8e441002a9277718c2ebd4cbf13029b4f79c18ecc01,site_fold_2,redraw_year_matched_20261005,0.6178130849815746,0.8855555484081978
seoul_flood_2024_00098,1,2024,02b5a35da5c0d1c7b55d751771925c966c8fa2149315a4ea571297a2e00589d4,site_fold_2,redraw_year_matched_20261005,0.5675981295917248,0.9257537836515537
seoul_flood_2024_00022,1,2024,9273fd03db09618bb97fc47b4ab967ad480bfc45f45e026bbdb076e81845adc8,site_fold_2,redraw_year_matched_20261005,0.6535023082088379,0.2551171941726745
seoul_flood_2024_00099,1,2024,28444bca6837218bf4d704ba4f93934ae8e92a43af99913e4cec692d5abd5c9f,site_fold_1,redraw_year_matched_20261005,0.28287498567243197,0.04268163990533156
seoul_flood_2024_00023,1,2024,9632c60e0ed4c6223ae3b937ce22f1876fb6cdeb28c7f55bc33e2ce939b58e6d,site_fold_3,redraw_year_matched_20261005,0.7975676421934486,0.9962881837780764
seoul_flood_2024_00100,1,2024,847fee03f196da88ca147fdf7626ad98f52286f7ea498dd829ca73fc6754a405,site_fold_3,redraw_year_matched_20261005,0.8384885302859267,0.9890427660035667
seoul_flood_2024_00025,1,2024,c819cede6995ea40f0f68f04316d2019be37ac994dd418a0cbdec1c843dea159,site_fold_4,redraw_year_matched_20261005,0.6403016117771716,0.9580948287383084
seoul_flood_2024_00101,1,2024,b29f3a9d05c34c68522b01fe2640595e685f4c88f5d8e969f08db1a8e186643c,site_fold_4,redraw_year_matched_20261005,0.878929605649431,0.9818208870927668
seoul_flood_2024_00026,1,2024,5601cfe0dafd37c847a7491e472fc4c99c05a8f729d671a071c556aa12d1cc69,site_fold_0,redraw_year_matched_20261005,0.7922820781736648,0.9594062046619487
seoul_flood_2024_00102,1,2024,77738368915709589f9285d3dbfbdc93e438bffdbe2b754c7ab44d8cbb4dac84,site_fold_3,redraw_year_matched_20261005,0.8955184344205596,0.9260182541536833
seoul_flood_2024_00027,1,2024,420e8c48ebc7ccbf83d2395b4da0611b4c8dc5279fe949942775ff2ccb1f5fee,site_fold_3,redraw_year_matched_20261005,0.5526336375639405,0.9705530922084715
seoul_flood_2024_00103,1,2024,99026cbc6581e1dda7853aac956f2790cb89367aded1a3bc771ebbde0df131e3,site_fold_0,redraw_year_matched_20261005,0.8188430032606554,0.9954803579788449
seoul_flood_2024_00028,1,2024,4ba93dbfdb004cedc56f5c631fad8150f58d482ea512ef4108dc18ece34c55a6,site_fold_1,redraw_year_matched_20261005,0.9338368028068932,0.9334448027415903
seoul_flood_2024_00104,1,2024,8d7f23048bda7bb098f76ccf0fe517f0812889d3669924c1d3df7a7c3beb466e,site_fold_0,redraw_year_matched_20261005,0.9302433234106907,0.9976197775261292
seoul_flood_2024_00029,1,2024,3e44220d47bea9d8726118dbc011d3073c17208543dc34617d2426bd0b013376,site_fold_0,redraw_year_matched_20261005,0.7482819552373069,0.98639612658255
seoul_flood_2024_00105,1,2024,b070070fb490cb378ac75ab72a1cdec8f99ca298a47ea83535ff462f4218a566,site_fold_0,redraw_year_matched_20261005,0.9060912601841736,0.9694071033897196
seoul_flood_2024_00030,1,2024,03119c1c5c1adcbae5fd24c55ada049a8f1452bfcfcd3e573fa9bebf91752bb0,site_fold_2,redraw_year_matched_20261005,0.5291760559667383,0.9332834732946057
seoul_flood_2024_00106,1,2024,8a10ba040bee51a4dfb38952aa2bf48f827db9c60619fd3afaf104dd06491a34,site_fold_3,redraw_year_matched_20261005,0.6707517978075338,0.9832257185392496
seoul_flood_2024_00031,1,2024,13147c272b4c57eb35511cf391e997f00dc7d10b3a1f309bf6f9a86e80bd6d98,site_fold_0,redraw_year_matched_20261005,0.4644341994238325,0.9872678393469179
seoul_flood_2024_00107,1,2024,168cd363d196b4cea35e3fbd5c31a32fe30f602e59fd2e486239d28906f9d02d,site_fold_2,redraw_year_matched_20261005,0.8611117504659777,0.9319770937001155
seoul_flood_2024_00032,1,2024,580ebce2e64ba8e209c7b1cebf7178a8945d8200b9c28e17ef913090e1016c84,site_fold_1,redraw_year_matched_20261005,0.6118513215879282,0.9511663615080767
seoul_flood_2024_00108,1,2024,642d2d7d6191dca8abc1ab275b94fdac98c447af754257111014110d2816b94b,site_fold_2,redraw_year_matched_20261005,0.5391528958160373,0.8671631905917325
seoul_flood_2024_00033,1,2024,825340dcf23951f2d8e47a605ed2e1b965b6967c54812a042734b3eda4bc5c96,site_fold_2,redraw_year_matched_20261005,0.7634970199814729,0.6973727684753994
seoul_flood_2024_00109,1,2024,1a5ac1cf0c6d290a58dd20ffa384cfc5a1c391aa45217ea6646abf4d6d3cd048,site_fold_4,redraw_year_matched_20261005,0.7194535527082537,0.9818638464739438
seoul_flood_2024_00034,1,2024,e5b6ce851537198eb60726302c43334dbe511f11228c46cc6fe4387bcb048678,site_fold_0,redraw_year_matched_20261005,0.5583811399939621,0.8604445889069335
seoul_flood_2024_00110,1,2024,e06015435d8e64d0e545abf7950cc1a141c6e072d8a8bc68d033a5d44da502c7,site_fold_0,redraw_year_matched_20261005,0.748301798444559,0.9149355327560278
seoul_flood_2024_00038,1,2024,38da3f8f9cf16edf6f767e063dbcce4cd45bf9964614ea38636c127bfd87bf07,site_fold_2,redraw_year_matched_20261005,0.8274260787596338,0.9915342551590097
seoul_flood_2024_00111,1,2024,39bb7133a5a101fdedcd7174962b3f0100428b3745479f0cd22475a6ec2e451e,site_fold_2,redraw_year_matched_20261005,0.9567154539082822,0.9999287133933409
seoul_flood_2024_00039,1,2024,83e08aa3e97db1d52d86474b863a153e2cc9377b044e7cac80a279df233b1119,site_fold_2,redraw_year_matched_20261005,0.6718091812809808,0.8598223865467233
seoul_flood_2024_00112,1,2024,976afaf01c54fedf9ff44d35ddf4ab9dd2ec59cd6f6522f18ed8ec0bb0a0420f,site_fold_4,redraw_year_matched_20261005,0.09830253805112316,0.7034278870646679
seoul_flood_2024_00040,1,2024,571c211904d10956955b5efb4fa653d8e5f9f7eb62867184c400a15c68241389,site_fold_0,redraw_year_matched_20261005,0.6147313337836466,0.9664480915866822
seoul_flood_2024_00113,1,2024,fbcf72bad940a495b5c781c0dacec95037e2444e074e00b823baaff2a70a2897,site_fold_1,redraw_year_matched_20261005,0.17568710957136374,0.011317676524551549
seoul_flood_2024_00047,1,2024,17f667ebdcf62fddc91ad9b0250bb9b2adc97cb183d86891c48fee18be6e5cef,site_fold_1,redraw_year_matched_20261005,0.5122500108623348,0.33472630199296344
seoul_flood_2024_00114,1,2024,6aed3ebb380da99b9ee22cdafb43ad80499c1bff6c3499d470dc7ee07d89c849,site_fold_2,redraw_year_matched_20261005,0.19465782383616564,0.8496597573124636
seoul_flood_2024_00050,1,2024,45e0d39429832b452a4c887bb71b185d61412763fa2b471282d7f26b4d5b2a6d,site_fold_4,redraw_year_matched_20261005,0.700162363332781,0.7943300928884374
seoul_flood_2024_00115,1,2024,7738cfb0acdc52887fd9690f1d5b486d23901783ababf94e5884b74aebb7b7a6,site_fold_3,redraw_year_matched_20261005,0.700353106865491,0.986841231055036
seoul_flood_2024_00066,1,2024,3249f0c73043197204ff8e0eb2de32de25359d1a88ab3e65135ed05df3e17632,site_fold_0,redraw_year_matched_20261005,0.7044754991214582,0.8593827558139873
seoul_flood_2024_00116,1,2024,7d0ace58f1bf6a48eed8c62e46a71a458d0fecfa8f511947d46a0167e6837f9c,site_fold_4,redraw_year_matched_20261005,0.2152577798143289,0.776458579996791
seoul_flood_2024_00073,1,2024,287234d601433e40a271d9ddd26ead9f9308af2b1677c85e3834012d64e6e7d2,site_fold_4,redraw_year_matched_20261005,0.5650185082072494,0.7221556800363215
seoul_flood_2024_00117,1,2024,96bfd72b61bf954f2785d404c928759454d7b17f1b9112b500e5bef0de66965f,site_fold_0,redraw_year_matched_20261005,0.8806562438881754,0.9377814822277969
seoul_flood_2024_00085,1,2024,3becba3274152e21c153ada0da15bb1d8f5a0a5aa386ebae6fe6064d468e125d,site_fold_4,redraw_year_matched_20261005,0.6337075895746236,0.9997806870989917
seoul_flood_2024_00118,1,2024,08e8ba1a5228798be26cec1295ab372eef931328d892df9a0a6f83f388090f1f,site_fold_4,redraw_year_matched_20261005,0.787913072238418,0.7907813586389479
seoul_flood_2024_00087,1,2024,038885154917f49461b2bd823ed84f168eb6f07b4247e762aa3785177bf2f1a8,site_fold_1,redraw_year_matched_20261005,0.7841413039172945,0.9719612443328678
seoul_flood_2024_00090,1,2024,e2021107777c58ae4753e65b214bcf759eb5dade508d589c0faa3ecf220f7db4,site_fold_3,redraw_year_matched_20261005,0.5123657562447936,0.9991706376901469
seoul_flood_2024_00092,1,2024,9a1836775b51d543b83e763701479475aa2241ddd6420af60260e1c2994536b2,site_fold_0,redraw_year_matched_20261005,0.7283469196882624,0.9869941660063961
seoul_flood_2024_00095,1,2024,5609876fb475b5f8749245964924f472f2921b55d27942248654e089174fcb3d,site_fold_0,redraw_year_matched_20261005,0.7759476098147755,0.9098203011753417
bg_2017_0008,0,2017,e01f18c6157377aa8fea34d0849ee57ba81780ea6b458a684b38b58c1f249aa7,site_fold_0,redraw_year_matched_20261005,0.002857218136977947,0.00037829890049887496
bg_2017_0012,0,2017,031f604ccd8decf0bc0c0f1b46d764f67618a666286b5ef046ba714fd32ce319,site_fold_1,redraw_year_matched_20261005,0.0051410399182545115,0.000574833054788159
bg_2017_0014,0,2017,96f4653cba9c5b8fffc448302fa973dfcae2a21030235ce4f086544c824fafd7,site_fold_0,redraw_year_matched_20261005,0.0001655327454713411,0.0001646472918389124
bg_2017_0016,0,2017,b567922b1a6e50fee3cb576e2441824a9c83fd4dd5fac5d1c44c98d81360cfb7,site_fold_1,redraw_year_matched_20261005,0.018410741500205396,0.09063304194521159
bg_2017_0021,0,2017,a74f251b2c3000fafc6ffa15b42a8c8767d1d7f96385ec57c9a92bad2775d4d8,site_fold_3,redraw_year_matched_20261005,0.0013278083737759943,0.025937424913751336
bg_2017_0023,0,2017,707cefe99fb18e837868489d84317ae20f18934da0f4afa2a1f2b42c41ecaec8,site_fold_4,redraw_year_matched_20261005,0.004317748040006987,4.838731327634933e-05
bg_2017_0025,0,2017,7c6261366bf8edda64089f460e853aeaeda958dee0f29ba57605120c552ce3ad,site_fold_2,redraw_year_matched_20261005,0.40701450094872316,0.00323878362681782
bg_2017_0027,0,2017,07e4e2986cc515ff4959416c897bb00877a6b5e8b3b13ea6b922aa271b685181,site_fold_1,redraw_year_matched_20261005,0.015584817502984911,0.00026242262213582154
bg_2017_0031,0,2017,294277d42644ddf4e441a0ce7c53aca2bfa06820f022b5f34069e9a8a30356b2,site_fold_2,redraw_year_matched_20261005,0.0014826541973312606,0.00019170212087733242
bg_2017_0035,0,2017,84e4269b50220afc54cd94d366ce19c65299d35df850ceaee93eadc2d1fba7df,site_fold_1,redraw_year_matched_20261005,0.006842679997052144,0.09302025564259499
bg_2017_0040,0,2017,b8e6d522bdee72713691c7fcf5a63989a868dfd95bd2cab5437e22511b06187d,site_fold_2,redraw_year_matched_20261005,0.006729002308565644,8.225046294523341e-05
bg_2017_0041,0,2017,2fd1ce506e821d00b2c7dc4f3c74578abf6a9aa737fc9b17501c9a890c7b32f4,site_fold_2,redraw_year_matched_20261005,0.4451245432519532,0.0033043661074835242
bg_2017_0042,0,2017,c5c162e440897a82f0cf5001e5831e1ef3a67dfe6bf07a591a79a43cc3ff74f5,site_fold_4,redraw_year_matched_20261005,0.03437996674886451,0.0011335030649631775
bg_2017_0043,0,2017,3dc07fb46bf80b6eecd3b849850467fc614be95e21cbda76c3c7cdf7a7106cf4,site_fold_0,redraw_year_matched_20261005,0.0005248719957034492,4.115459084170256e-05
bg_2017_0045,0,2017,5abac985a6deaa808eecb6a2742d5a724388c8f6c7ad871704b78b4066e386dc,site_fold_2,redraw_year_matched_20261005,0.903387836971496,0.7363411670706491
bg_2017_0047,0,2017,9b143e553b172de0a0dbcd667fcc44ff4424a8f9c8019d9c4a4518f7420b41af,site_fold_4,redraw_year_matched_20261005,0.0005212957742592009,0.0006701956147363872
bg_2017_0049,0,2017,1a44f043ff970d264d22e596a5e8bcb7dd2eeaed1035fc9b3d7de0c36349a6e3,site_fold_3,redraw_year_matched_20261005,0.5895589149502996,0.131106577428256
bg_2017_0052,0,2017,dcd99ae5f275a0be2458b09742536127a22d13b902bd53e5ac740a04f46f77f3,site_fold_0,redraw_year_matched_20261005,0.23614894447228574,0.005453612006225672
bg_2017_0057,0,2017,d40effa8069de0fc26ed37d2c749ab608986996e969ab3f7db4ee96472d380dc,site_fold_3,redraw_year_matched_20261005,0.7163423335850421,0.37393012813733845
bg_2017_0058,0,2017,203ddd064d80fc0d4e7bff11a0776d9e93419a3a6037aa9adc2c7505290a1813,site_fold_3,redraw_year_matched_20261005,0.17712756652036224,0.261723389734415
bg_2017_0061,0,2017,320a5b870363bc27bd783e6d2b485a8d3972cfc67854a5a58639a25fc374f980,site_fold_2,redraw_year_matched_20261005,4.560947292626779e-05,7.181177411337112e-08
bg_2017_0064,0,2017,7cf777b87c15c35cb12a26b7d8ad0f56654c2b75b6447578107c0cef8bdd2e29,site_fold_3,redraw_year_matched_20261005,0.49425658452193894,0.3583884699760391
bg_2017_0066,0,2017,a5a2dc9c1dbe6d7af6f51645bd09cb467e8f7c186eb7d91b2a155cea8ae622ed,site_fold_1,redraw_year_matched_20261005,0.14408089216832293,7.001990373307749e-05
bg_2017_0067,0,2017,b687a30ed837278ff4dadcfdef30f40b2986a06c7c79ed57693b3e6b2b1a9d33,site_fold_4,redraw_year_matched_20261005,0.6260489324225947,0.639426014979727
bg_2017_0074,0,2017,0661378a425c8a66c4aa539a6016f77d94444565f19a404c200d8da71d881e6f,site_fold_1,redraw_year_matched_20261005,0.24057224267366945,0.001319222077885589
bg_2017_0083,0,2017,fe080c2d9abb132cc64d5557983b111ff97e3f58f287666fd5faa26bdb192287,site_fold_2,redraw_year_matched_20261005,0.6931285328575576,0.25684424637450537
bg_2017_0086,0,2017,2f8d0c0da0be361972dcf84753d6a3e08b6dad88a520b7d1a92b86f9b38320ac,site_fold_2,redraw_year_matched_20261005,0.03991600781598824,0.01646780014395492
bg_2017_0089,0,2017,30e0262a5079f27f544cfa11a50c2dac7696a1223e31b6a5743a25b88178f3f9,site_fold_1,redraw_year_matched_20261005,0.5459392974334526,0.10281463488753195
bg_2017_0090,0,2017,0ea0ea06867904ade6f0cc97d06bcc3a15a536e081b0765ae05da45dd08c935e,site_fold_4,redraw_year_matched_20261005,0.4366799478516244,0.17350181359925176
bg_2017_0101,0,2017,0e3e2e1f0d7500e89ab5386ac3395e82b86d098339e82b63a4f96b3de677403b,site_fold_1,redraw_year_matched_20261005,0.19353104461759998,0.0017777986195323097
bg_2017_0107,0,2017,121ca7306a2ae0103033e3004279ef3e80366ab277effbd7df933cd44df93378,site_fold_2,redraw_year_matched_20261005,0.9578886503560535,0.158992935872189
bg_2017_0110,0,2017,fe94a8a6361778f583248af09d52d2f8beaeed2c3a1047494990e54232abf263,site_fold_2,redraw_year_matched_20261005,0.5329642904926499,0.734988957565441
bg_2017_0112,0,2017,9b8cfb8dd01fd7117ec530b8b1be50f430e0bba381744f956eee96179adeacee,site_fold_1,redraw_year_matched_20261005,0.9426860775883166,0.8583696857020351
bg_2017_0115,0,2017,48ba22de3d6960040834837c9f93bad7da1ff9aa12c70c28cf23329daa5556b9,site_fold_0,redraw_year_matched_20261005,0.4016791775122744,0.009647754339082201
bg_2017_0116,0,2017,b89dc14cbabd117f4baa55fee005974d32ebb678421d282b6faf5919d4c5513d,site_fold_4,redraw_year_matched_20261005,0.05211728276158568,0.3229538450954524
bg_2017_0117,0,2017,259d5e4e331efc426e8d5cb37d174767fad44812d9c8aac2673f920f15e78ad6,site_fold_2,redraw_year_matched_20261005,0.7097894975336162,0.0008116030374580766
bg_2017_0122,0,2017,bf6cb7c3b436132579c4c247e107989902b49e1a3a297a787f54b840578a302e,site_fold_0,redraw_year_matched_20261005,0.12407774692807284,4.611204924583857e-05
bg_2017_0125,0,2017,669228cb6311c26fa81b0cc72a9f043cf099e2aec5da6174c5343570362b53f9,site_fold_3,redraw_year_matched_20261005,0.007248554153208056,0.26992632324023386
bg_2017_0133,0,2017,f4be26be42aa63779b31705fdb787991f04b62cc376f4011ad45d4e46a90aadc,site_fold_3,redraw_year_matched_20261005,0.8362723406381674,0.020672329062926383
bg_2017_0135,0,2017,d4a9a61f6e816b947950df9ce5dcf1ba5199c097b89c4e2ff3146444ea11cb5e,site_fold_1,redraw_year_matched_20261005,0.2556764609584956,0.17352510115563688
bg_2017_0138,0,2017,8c4da60d1d75cffc9bd0bb476c0dc48b8024afb93b7ec5dce86a348e4a515c7e,site_fold_0,redraw_year_matched_20261005,0.00047205057177971375,0.012094748174295896
bg_2017_0140,0,2017,25491912f96991025541d5f5da5a1ed06d902fbef16223d74ebe72a74b2706c0,site_fold_3,redraw_year_matched_20261005,0.2731723605998947,0.01999002201640729
bg_2017_0146,0,2017,e889077796f75a8bf06a0218348506ff1aa58361a026a2158158d33545d8f8e8,site_fold_3,redraw_year_matched_20261005,0.614273986884517,0.1561126932233026
bg_2017_0148,0,2017,7e9ec81c8ea1517e7c97d3f130bd8da15eded8367199dea08912d7fec27678bc,site_fold_1,redraw_year_matched_20261005,0.6332163990119135,0.12580189708171188
bg_2017_0155,0,2017,37a1b32ea4828c6949829c840f5a2c1015383861dcde49e417670a4242964123,site_fold_0,redraw_year_matched_20261005,0.022580113716992346,4.218120565081732e-06
bg_2017_0157,0,2017,10931396412cd75603aea0d3abeeaa86eab99d3b921d1b092b41bbab3e6b3ef3,site_fold_0,redraw_year_matched_20261005,0.4360824854708667,0.0018953905084959444
bg_2017_0161,0,2017,d49b5fbc9ceb41ca0416f4cdb698a4166b7a68f5b61831b3c486481ab9266d59,site_fold_1,redraw_year_matched_20261005,0.6905009016433801,0.20667076771333362
bg_2017_0167,0,2017,4a3e32b2592c4bca0306e12810e632bbc064edd22a18e37cda46c14b345b44bb,site_fold_2,redraw_year_matched_20261005,0.008464204328178553,6.445248632099924e-05
bg_2017_0178,0,2017,e61f9b395ebe806bb4173411398360588d9e72421527f2deafa2fdbbbb195b65,site_fold_1,redraw_year_matched_20261005,0.19311265806234928,0.19765649009322436
bg_2017_0180,0,2017,a113ed2181e2dafdd3bd4c517c782ea37e2fc64120cbcccfd433bc0ea0d1188c,site_fold_2,redraw_year_matched_20261005,0.008460344702158961,2.7324927633446268e-05
bg_2017_0182,0,2017,338e23f9b352e3105dbde6ef929db218b89c42bef0ff3192ba71868dc1c03e11,site_fold_4,redraw_year_matched_20261005,0.607177901887485,0.3061844423746585
bg_2017_0193,0,2017,61dbfdd28521f9308c90c25b11338b8d4a84bcf61abdb389858a2ac8ee611700,site_fold_0,redraw_year_matched_20261005,0.3616394146241159,0.01641658775833114
bg_2017_0195,0,2017,84ed77966a29277f09a9d25467f5d8ab0f66d8e58892bfa6b237ad9a9a82cd74,site_fold_3,redraw_year_matched_20261005,0.007235103766164798,0.2392360986315322
bg_2017_0197,0,2017,085eb8211e0d2e935d23d26841e01d26a6fd4d394c7185918f5965368be91c14,site_fold_2,redraw_year_matched_20261005,0.9171626536481089,0.34290712923320144
bg_2017_0199,0,2017,83039e54e1fa37ee25521fbe29d0a288ee1d48abb96cc75dc80796ea6e46a80e,site_fold_4,redraw_year_matched_20261005,0.009661365928857408,0.0008676355581513801
bg_2017_0212,0,2017,d62a426cec03061a92b4b16ff9276a42c85c45c9bef3ede5653bbbd82d16c4a6,site_fold_4,redraw_year_matched_20261005,0.34315270965694106,0.004378843345015271
bg_2017_0227,0,2017,f6e58d1a82b10079ee37183b7cf9cacaf6d4a553dd204c84c7040b1b90f871aa,site_fold_4,redraw_year_matched_20261005,0.00020343819774021912,2.1176353163560796e-05
bg_2018_0008,0,2018,e01f18c6157377aa8fea34d0849ee57ba81780ea6b458a684b38b58c1f249aa7,site_fold_0,redraw_year_matched_20261005,0.0017969654684336124,0.001532737275096478
bg_2018_0012,0,2018,031f604ccd8decf0bc0c0f1b46d764f67618a666286b5ef046ba714fd32ce319,site_fold_1,redraw_year_matched_20261005,0.0029494880100164682,0.00013439666055432416
bg_2018_0014,0,2018,96f4653cba9c5b8fffc448302fa973dfcae2a21030235ce4f086544c824fafd7,site_fold_0,redraw_year_matched_20261005,0.00010821618721488373,2.8639576466970477e-05
bg_2018_0016,0,2018,b567922b1a6e50fee3cb576e2441824a9c83fd4dd5fac5d1c44c98d81360cfb7,site_fold_1,redraw_year_matched_20261005,0.010089767501131861,0.035528521259924235
bg_2018_0021,0,2018,a74f251b2c3000fafc6ffa15b42a8c8767d1d7f96385ec57c9a92bad2775d4d8,site_fold_3,redraw_year_matched_20261005,0.0017363455415041536,0.003435599735267341
bg_2018_0029,0,2018,d85443019e270af275d8e6dd883eb545895d895bb3302685db5c485b48671cbe,site_fold_3,redraw_year_matched_20261005,0.017061542824806535,0.27441185011691765
bg_2018_0031,0,2018,294277d42644ddf4e441a0ce7c53aca2bfa06820f022b5f34069e9a8a30356b2,site_fold_2,redraw_year_matched_20261005,0.000822304673041149,0.00017046684486441205
bg_2018_0033,0,2018,21e62fc153d7c067a581956f9285d808728d0fbcc3f743972121ab385b7f240d,site_fold_3,redraw_year_matched_20261005,0.4673226482401005,0.04154144659940705
bg_2018_0035,0,2018,84e4269b50220afc54cd94d366ce19c65299d35df850ceaee93eadc2d1fba7df,site_fold_1,redraw_year_matched_20261005,0.0033093347250678124,0.001122348828560958
bg_2018_0037,0,2018,ec12ead14120d4fd24d16cabbbd241eb1d0fe9c16ad943805a4312845283d462,site_fold_2,redraw_year_matched_20261005,0.21944670006741432,0.004167272396747825
bg_2018_0043,0,2018,3dc07fb46bf80b6eecd3b849850467fc614be95e21cbda76c3c7cdf7a7106cf4,site_fold_0,redraw_year_matched_20261005,0.0001964892581039068,1.7300982088613954e-05
bg_2018_0045,0,2018,5abac985a6deaa808eecb6a2742d5a724388c8f6c7ad871704b78b4066e386dc,site_fold_2,redraw_year_matched_20261005,0.8355413428377401,0.8909372697320292
bg_2018_0052,0,2018,dcd99ae5f275a0be2458b09742536127a22d13b902bd53e5ac740a04f46f77f3,site_fold_0,redraw_year_matched_20261005,0.2793495785903677,0.013348312305289092
bg_2018_0056,0,2018,dc2c073fab33fa44d4232f769c5e6003d6870f75c7967861a7b52e38d7c69572,site_fold_0,redraw_year_matched_20261005,0.052873720247308346,0.5232368016191388
bg_2018_0058,0,2018,203ddd064d80fc0d4e7bff11a0776d9e93419a3a6037aa9adc2c7505290a1813,site_fold_3,redraw_year_matched_20261005,0.2298997857593744,0.3611075221352938
bg_2018_0059,0,2018,f9a9ec68c6f1d2a1231e5e83d38745b60d61290ff74ac936aa8f0683822eb8eb,site_fold_4,redraw_year_matched_20261005,0.6222450179540435,0.2238448859184923
bg_2018_0061,0,2018,320a5b870363bc27bd783e6d2b485a8d3972cfc67854a5a58639a25fc374f980,site_fold_2,redraw_year_matched_20261005,0.00012963450496303997,4.607217908300673e-06
bg_2018_0065,0,2018,2ae3e4a48561eae2ac17dd839dccd2bfa7997585727481cf2cc5ad1a544cbb29,site_fold_4,redraw_year_matched_20261005,0.00033088369344723146,0.0012708576715244194
bg_2018_0067,0,2018,b687a30ed837278ff4dadcfdef30f40b2986a06c7c79ed57693b3e6b2b1a9d33,site_fold_4,redraw_year_matched_20261005,0.6451103952881452,0.8632392034337388
bg_2018_0071,0,2018,48da3e414015f3351b42e87e9218a6ceaedce537a926ba13d8759590bdad9d81,site_fold_4,redraw_year_matched_20261005,0.674793152416318,0.40403730577485547
bg_2018_0073,0,2018,eb67dc3c4a6302c161ea7c937485d56e520ac962c08ed97fcd8cb6d32e101eed,site_fold_2,redraw_year_matched_20261005,0.4226960335242531,0.1597606220057952
bg_2018_0074,0,2018,0661378a425c8a66c4aa539a6016f77d94444565f19a404c200d8da71d881e6f,site_fold_1,redraw_year_matched_20261005,0.2800881601610265,0.006984076238033985
bg_2018_0076,0,2018,b0bb5e94bbb58bef0707986a0b214f4618e10f100ec3660f7f792c139b83b7bf,site_fold_2,redraw_year_matched_20261005,0.9406118453794844,0.1664029324428955
bg_2018_0078,0,2018,a5ca7d8f214e2cdbd499bf191e3ef82542d8fc7c4eb63c250906aecb6d052776,site_fold_2,redraw_year_matched_20261005,0.2551184832583725,0.00010180201082494498
bg_2018_0082,0,2018,5535d9eaa37e4d1a7b852f0870d6bc9cf8d44c2c849c46b6e3bc123aea922f98,site_fold_1,redraw_year_matched_20261005,0.8604368728201731,0.00022760357417597534
bg_2018_0083,0,2018,fe080c2d9abb132cc64d5557983b111ff97e3f58f287666fd5faa26bdb192287,site_fold_2,redraw_year_matched_20261005,0.7032506740153299,0.1036333563191363
bg_2018_0085,0,2018,f3ce6092bb24123a060a0495483d50073de4e4ee953fe58bd28e219e1a83baa1,site_fold_0,redraw_year_matched_20261005,0.008181766741437542,0.04274295642169803
bg_2018_0086,0,2018,2f8d0c0da0be361972dcf84753d6a3e08b6dad88a520b7d1a92b86f9b38320ac,site_fold_2,redraw_year_matched_20261005,0.08242803502148571,0.018239632957262726
bg_2018_0088,0,2018,d948566b5d11292ec582eb153178eebb116e8d9e510bbbb560baf1319dcb07ea,site_fold_1,redraw_year_matched_20261005,0.347989673391695,0.06490477606198312
bg_2018_0090,0,2018,0ea0ea06867904ade6f0cc97d06bcc3a15a536e081b0765ae05da45dd08c935e,site_fold_4,redraw_year_matched_20261005,0.5211599173840293,0.44376147296725743
bg_2018_0099,0,2018,eab8096d803acb18cc201f6ace31bbda179073d5e6a99e0d73d2ec05bccdf772,site_fold_3,redraw_year_matched_20261005,0.09082608977924522,4.9750842602332515e-05
bg_2018_0101,0,2018,0e3e2e1f0d7500e89ab5386ac3395e82b86d098339e82b63a4f96b3de677403b,site_fold_1,redraw_year_matched_20261005,0.20174275903380465,0.0107147040910394
bg_2018_0102,0,2018,d083f6498d7fbd2e9d25a6ad0b6797fb6e2c24cc6ad3d7ca5f9713008c86dd50,site_fold_3,redraw_year_matched_20261005,0.07900931543448277,0.0005088766111781267
bg_2018_0103,0,2018,094fe38ba748a64e5efdec7fb8286b4be6aadc362ada39934354d5551a5da3d0,site_fold_3,redraw_year_matched_20261005,0.3051159749976614,0.03826224705446323
bg_2018_0107,0,2018,121ca7306a2ae0103033e3004279ef3e80366ab277effbd7df933cd44df93378,site_fold_2,redraw_year_matched_20261005,0.8925014542202709,0.10649180038454681
bg_2018_0110,0,2018,fe94a8a6361778f583248af09d52d2f8beaeed2c3a1047494990e54232abf263,site_fold_2,redraw_year_matched_20261005,0.5600461661582998,0.7378930459426444
bg_2018_0112,0,2018,9b8cfb8dd01fd7117ec530b8b1be50f430e0bba381744f956eee96179adeacee,site_fold_1,redraw_year_matched_20261005,0.8816693567459805,0.9681592841457042
bg_2018_0113,0,2018,574a670bce4623563698b796be6af8072c206bfd8806e5f36ff822a332eff57b,site_fold_2,redraw_year_matched_20261005,0.3804131148992237,0.18338989910229417
bg_2018_0116,0,2018,b89dc14cbabd117f4baa55fee005974d32ebb678421d282b6faf5919d4c5513d,site_fold_4,redraw_year_matched_20261005,0.16653360645604826,0.8378228024830077
bg_2018_0118,0,2018,8e82547d47b9be467e201fcc7a5aecc54c71aded64e0ac980099b8678439acd8,site_fold_4,redraw_year_matched_20261005,0.4631128630908069,0.028117279874667205
bg_2018_0122,0,2018,bf6cb7c3b436132579c4c247e107989902b49e1a3a297a787f54b840578a302e,site_fold_0,redraw_year_matched_20261005,0.1604083577212922,0.0004898724678736011
bg_2018_0129,0,2018,9d517f55ae5613be7e9c1f546afa3a8453196835262a2da69354022e181623af,site_fold_1,redraw_year_matched_20261005,0.6278381801560284,0.37651146353135573
bg_2018_0130,0,2018,30fc7f1fd06b41eaa1cbfba3302ccf7b637fb6b97d364777008dcc7203e27e88,site_fold_3,redraw_year_matched_20261005,0.6071021877861147,0.741828346406181
bg_2018_0131,0,2018,c70088b5f5ed553ac8d54c56b48c1be5b90a722246b8993e86f8ab252abee2b8,site_fold_4,redraw_year_matched_20261005,0.6176363809880674,0.9498173824642576
bg_2018_0135,0,2018,d4a9a61f6e816b947950df9ce5dcf1ba5199c097b89c4e2ff3146444ea11cb5e,site_fold_1,redraw_year_matched_20261005,0.1714370801445277,0.24507067554486248
bg_2018_0137,0,2018,b1c60d3479151c265d732f1691c8965b5045f9f996bc435e7cc5093bbabaa7ca,site_fold_4,redraw_year_matched_20261005,0.32384645413820895,0.0002085416410743746
bg_2018_0138,0,2018,8c4da60d1d75cffc9bd0bb476c0dc48b8024afb93b7ec5dce86a348e4a515c7e,site_fold_0,redraw_year_matched_20261005,0.0003741149045634642,0.00937027762163613
bg_2018_0142,0,2018,27cf11d64439127707db65caff07bd9f503a61a6427d56ac8b3df0c792261c04,site_fold_3,redraw_year_matched_20261005,0.030801820756233812,1.8306928116386033e-05
bg_2018_0146,0,2018,e889077796f75a8bf06a0218348506ff1aa58361a026a2158158d33545d8f8e8,site_fold_3,redraw_year_matched_20261005,0.66662745418092,0.4924641396286801
bg_2018_0154,0,2018,eaa88e45dc34bbc37c2c1c462247981c702e40fc4de264f8bfd709abb71da6d3,site_fold_0,redraw_year_matched_20261005,0.1674710993232488,0.13624114360969677
bg_2018_0155,0,2018,37a1b32ea4828c6949829c840f5a2c1015383861dcde49e417670a4242964123,site_fold_0,redraw_year_matched_20261005,0.015605808864295563,0.00022375528974039966
bg_2018_0157,0,2018,10931396412cd75603aea0d3abeeaa86eab99d3b921d1b092b41bbab3e6b3ef3,site_fold_0,redraw_year_matched_20261005,0.5002818139664253,0.013115318404735551
bg_2018_0161,0,2018,d49b5fbc9ceb41ca0416f4cdb698a4166b7a68f5b61831b3c486481ab9266d59,site_fold_1,redraw_year_matched_20261005,0.8117654677656538,0.9045772808103494
bg_2018_0165,0,2018,d2fe77c5494009de82c48b234cc00ce5e962100afef8729763eebcde1fdb3ee6,site_fold_2,redraw_year_matched_20261005,0.5624141389258446,0.015489227622863333
bg_2018_0176,0,2018,f2237c29d27bd0b5346f0be444cdf4b5a741aa2fba630c9086b59654a04a210f,site_fold_1,redraw_year_matched_20261005,0.16034821897355722,0.14689832494900162
bg_2018_0182,0,2018,338e23f9b352e3105dbde6ef929db218b89c42bef0ff3192ba71868dc1c03e11,site_fold_4,redraw_year_matched_20261005,0.5804399572039193,0.7433257096368278
bg_2018_0191,0,2018,cbc1c3c2479947688ce7ff97d13516aff256f9ff10811bac671aee0b4c32337a,site_fold_0,redraw_year_matched_20261005,0.004620015266223683,0.015597180440230354
bg_2018_0212,0,2018,d62a426cec03061a92b4b16ff9276a42c85c45c9bef3ede5653bbbd82d16c4a6,site_fold_4,redraw_year_matched_20261005,0.5643053930643424,0.08006961988699267
bg_2018_0227,0,2018,f6e58d1a82b10079ee37183b7cf9cacaf6d4a553dd204c84c7040b1b90f871aa,site_fold_4,redraw_year_matched_20261005,0.00031522489592348077,0.0005207933043034917
bg_2019_0008,0,2019,e01f18c6157377aa8fea34d0849ee57ba81780ea6b458a684b38b58c1f249aa7,site_fold_0,redraw_year_matched_20261005,0.004411772202308425,4.435921499826877e-05
bg_2019_0016,0,2019,b567922b1a6e50fee3cb576e2441824a9c83fd4dd5fac5d1c44c98d81360cfb7,site_fold_1,redraw_year_matched_20261005,0.08512452015265193,0.09586527964604205
bg_2019_0019,0,2019,6edce6b5be5a6297cfc6785fe6eb1f9255b7a66545fc3bea508c64d379a86f22,site_fold_0,redraw_year_matched_20261005,2.4181682235847847e-05,7.577743973126223e-07
bg_2019_0021,0,2019,a74f251b2c3000fafc6ffa15b42a8c8767d1d7f96385ec57c9a92bad2775d4d8,site_fold_3,redraw_year_matched_20261005,0.0014804291411939989,0.0005547860094478701
bg_2019_0023,0,2019,707cefe99fb18e837868489d84317ae20f18934da0f4afa2a1f2b42c41ecaec8,site_fold_4,redraw_year_matched_20261005,0.002927353696325923,1.1170895738852062e-05
bg_2019_0025,0,2019,7c6261366bf8edda64089f460e853aeaeda958dee0f29ba57605120c552ce3ad,site_fold_2,redraw_year_matched_20261005,0.45629727990022556,0.005321866019467617
bg_2019_0027,0,2019,07e4e2986cc515ff4959416c897bb00877a6b5e8b3b13ea6b922aa271b685181,site_fold_1,redraw_year_matched_20261005,0.02556147302871748,2.3128734536465187e-05
bg_2019_0029,0,2019,d85443019e270af275d8e6dd883eb545895d895bb3302685db5c485b48671cbe,site_fold_3,redraw_year_matched_20261005,0.042418888438003316,0.013685262967767758
bg_2019_0033,0,2019,21e62fc153d7c067a581956f9285d808728d0fbcc3f743972121ab385b7f240d,site_fold_3,redraw_year_matched_20261005,0.5744231017278879,0.025147049794138274
bg_2019_0035,0,2019,84e4269b50220afc54cd94d366ce19c65299d35df850ceaee93eadc2d1fba7df,site_fold_1,redraw_year_matched_20261005,0.01521542566207039,0.0012832914658251586
bg_2019_0040,0,2019,b8e6d522bdee72713691c7fcf5a63989a868dfd95bd2cab5437e22511b06187d,site_fold_2,redraw_year_matched_20261005,0.000869611607987299,9.088590186821073e-06
bg_2019_0045,0,2019,5abac985a6deaa808eecb6a2742d5a724388c8f6c7ad871704b78b4066e386dc,site_fold_2,redraw_year_matched_20261005,0.956799755262158,0.8280706205650968
bg_2019_0047,0,2019,9b143e553b172de0a0dbcd667fcc44ff4424a8f9c8019d9c4a4518f7420b41af,site_fold_4,redraw_year_matched_20261005,0.002822742176159502,0.00010036384774813421
bg_2019_0051,0,2019,748d2b899e4eb3beab4800bc94e8ff516e34ed0db3aef051813bec260a8670ce,site_fold_4,redraw_year_matched_20261005,0.2314182871982306,0.05687629925605335
bg_2019_0052,0,2019,dcd99ae5f275a0be2458b09742536127a22d13b902bd53e5ac740a04f46f77f3,site_fold_0,redraw_year_matched_20261005,0.46102373897475546,0.004435989459257884
bg_2019_0057,0,2019,d40effa8069de0fc26ed37d2c749ab608986996e969ab3f7db4ee96472d380dc,site_fold_3,redraw_year_matched_20261005,0.8130240652640808,0.493907167251925
bg_2019_0058,0,2019,203ddd064d80fc0d4e7bff11a0776d9e93419a3a6037aa9adc2c7505290a1813,site_fold_3,redraw_year_matched_20261005,0.29045200560207995,0.045764715729538406
bg_2019_0061,0,2019,320a5b870363bc27bd783e6d2b485a8d3972cfc67854a5a58639a25fc374f980,site_fold_2,redraw_year_matched_20261005,6.14459538444135e-05,1.061242522790685e-06
bg_2019_0065,0,2019,2ae3e4a48561eae2ac17dd839dccd2bfa7997585727481cf2cc5ad1a544cbb29,site_fold_4,redraw_year_matched_20261005,0.001131405782350005,0.001919862578301383
bg_2019_0067,0,2019,b687a30ed837278ff4dadcfdef30f40b2986a06c7c79ed57693b3e6b2b1a9d33,site_fold_4,redraw_year_matched_20261005,0.7526112542382527,0.7292240954350615
bg_2019_0073,0,2019,eb67dc3c4a6302c161ea7c937485d56e520ac962c08ed97fcd8cb6d32e101eed,site_fold_2,redraw_year_matched_20261005,0.5195146473111676,0.0959343984717867
bg_2019_0076,0,2019,b0bb5e94bbb58bef0707986a0b214f4618e10f100ec3660f7f792c139b83b7bf,site_fold_2,redraw_year_matched_20261005,0.9636919705178859,0.10853081021801077
bg_2019_0081,0,2019,a79ec02ce4ac7963f73a96c80a4ea1fc557a0747a742e20e54654266ddade15f,site_fold_1,redraw_year_matched_20261005,0.7190945359855874,0.13719574908811988
bg_2019_0085,0,2019,f3ce6092bb24123a060a0495483d50073de4e4ee953fe58bd28e219e1a83baa1,site_fold_0,redraw_year_matched_20261005,0.018590660765332914,0.059856403981650014
bg_2019_0089,0,2019,30e0262a5079f27f544cfa11a50c2dac7696a1223e31b6a5743a25b88178f3f9,site_fold_1,redraw_year_matched_20261005,0.7264897750044952,0.008723644223465825
bg_2019_0090,0,2019,0ea0ea06867904ade6f0cc97d06bcc3a15a536e081b0765ae05da45dd08c935e,site_fold_4,redraw_year_matched_20261005,0.631973304815512,0.05210868929677011
bg_2019_0091,0,2019,982618d21af830b045f8c249c93b9fe8c0ca46e8eef0f38a41b858d40f182133,site_fold_2,redraw_year_matched_20261005,0.7113907700782778,0.8084375422251343
bg_2019_0092,0,2019,1329ca34dd0aa22bba0143275ea656df9883ad433541073bcd4a263e3256d123,site_fold_4,redraw_year_matched_20261005,0.5735867573348646,0.5555955335348104
bg_2019_0099,0,2019,eab8096d803acb18cc201f6ace31bbda179073d5e6a99e0d73d2ec05bccdf772,site_fold_3,redraw_year_matched_20261005,0.1361586626323245,8.292682446548273e-05
bg_2019_0102,0,2019,d083f6498d7fbd2e9d25a6ad0b6797fb6e2c24cc6ad3d7ca5f9713008c86dd50,site_fold_3,redraw_year_matched_20261005,0.09805020787998867,6.82152275285629e-06
bg_2019_0103,0,2019,094fe38ba748a64e5efdec7fb8286b4be6aadc362ada39934354d5551a5da3d0,site_fold_3,redraw_year_matched_20261005,0.3417228565698632,0.01592904465432272
bg_2019_0107,0,2019,121ca7306a2ae0103033e3004279ef3e80366ab277effbd7df933cd44df93378,site_fold_2,redraw_year_matched_20261005,0.959024704743107,0.12778625699762738
bg_2019_0112,0,2019,9b8cfb8dd01fd7117ec530b8b1be50f430e0bba381744f956eee96179adeacee,site_fold_1,redraw_year_matched_20261005,0.9805734073070942,0.6204428703588245
bg_2019_0113,0,2019,574a670bce4623563698b796be6af8072c206bfd8806e5f36ff822a332eff57b,site_fold_2,redraw_year_matched_20261005,0.35977530541292535,0.1917404437053018
bg_2019_0115,0,2019,48ba22de3d6960040834837c9f93bad7da1ff9aa12c70c28cf23329daa5556b9,site_fold_0,redraw_year_matched_20261005,0.5758601327959484,0.007848298052453085
bg_2019_0118,0,2019,8e82547d47b9be467e201fcc7a5aecc54c71aded64e0ac980099b8678439acd8,site_fold_4,redraw_year_matched_20261005,0.5625529468999941,0.003074100947876851
bg_2019_0125,0,2019,669228cb6311c26fa81b0cc72a9f043cf099e2aec5da6174c5343570362b53f9,site_fold_3,redraw_year_matched_20261005,0.01729380247396835,0.01862899077838535
bg_2019_0129,0,2019,9d517f55ae5613be7e9c1f546afa3a8453196835262a2da69354022e181623af,site_fold_1,redraw_year_matched_20261005,0.7012632703117027,0.0658923030408776
bg_2019_0130,0,2019,30fc7f1fd06b41eaa1cbfba3302ccf7b637fb6b97d364777008dcc7203e27e88,site_fold_3,redraw_year_matched_20261005,0.659886908815232,0.7148890748177131
bg_2019_0131,0,2019,c70088b5f5ed553ac8d54c56b48c1be5b90a722246b8993e86f8ab252abee2b8,site_fold_4,redraw_year_matched_20261005,0.6707480832925158,0.331610334053884
bg_2019_0135,0,2019,d4a9a61f6e816b947950df9ce5dcf1ba5199c097b89c4e2ff3146444ea11cb5e,site_fold_1,redraw_year_matched_20261005,0.36973618304828987,0.04873273355715376
bg_2019_0138,0,2019,8c4da60d1d75cffc9bd0bb476c0dc48b8024afb93b7ec5dce86a348e4a515c7e,site_fold_0,redraw_year_matched_20261005,0.0004235374674879776,0.0007784859806106636
bg_2019_0148,0,2019,7e9ec81c8ea1517e7c97d3f130bd8da15eded8367199dea08912d7fec27678bc,site_fold_1,redraw_year_matched_20261005,0.766223414008549,0.0472626965183216
bg_2019_0150,0,2019,2d514b854a9419024c44d135af3eff0d5ec793684c36bece8e6471bba25f3d4b,site_fold_0,redraw_year_matched_20261005,0.0114383282241571,0.00026619909409208986
bg_2019_0152,0,2019,ce81223ed4abc36fdbbc236f8ffb7d0ee9ea969f12ac8750196c90345354cd48,site_fold_3,redraw_year_matched_20261005,0.0789543234367282,2.992526267087295e-05
bg_2019_0167,0,2019,4a3e32b2592c4bca0306e12810e632bbc064edd22a18e37cda46c14b345b44bb,site_fold_2,redraw_year_matched_20261005,0.04646799123584269,2.7117322353686436e-05
bg_2019_0176,0,2019,f2237c29d27bd0b5346f0be444cdf4b5a741aa2fba630c9086b59654a04a210f,site_fold_1,redraw_year_matched_20261005,0.19642231074059263,0.0023047229308197233
bg_2019_0180,0,2019,a113ed2181e2dafdd3bd4c517c782ea37e2fc64120cbcccfd433bc0ea0d1188c,site_fold_2,redraw_year_matched_20261005,0.06359397290670758,0.0002499292671683758
bg_2019_0193,0,2019,61dbfdd28521f9308c90c25b11338b8d4a84bcf61abdb389858a2ac8ee611700,site_fold_0,redraw_year_matched_20261005,0.42979816207216626,0.005793302572995789
bg_2019_0197,0,2019,085eb8211e0d2e935d23d26841e01d26a6fd4d394c7185918f5965368be91c14,site_fold_2,redraw_year_matched_20261005,0.9638473336037329,0.9362520459451578
bg_2019_0199,0,2019,83039e54e1fa37ee25521fbe29d0a288ee1d48abb96cc75dc80796ea6e46a80e,site_fold_4,redraw_year_matched_20261005,0.021994280760390054,0.00024014246903470264
bg_2019_0208,0,2019,7fcd19c49f8ef373af77d30b6ea657701de171b59c2cc99c492381c7fa79eb53,site_fold_1,redraw_year_matched_20261005,0.013251290920949026,1.4041413660495355e-06
bg_2019_0212,0,2019,d62a426cec03061a92b4b16ff9276a42c85c45c9bef3ede5653bbbd82d16c4a6,site_fold_4,redraw_year_matched_20261005,0.5678356431570706,0.0025049110411850266
bg_2019_0214,0,2019,adcf989dc565c016087934f1ab4ba3b574fbe4b87d6ce6c4c0efac4ac2994595,site_fold_4,redraw_year_matched_20261005,0.7402817779382335,0.049580495520845404
bg_2019_0227,0,2019,f6e58d1a82b10079ee37183b7cf9cacaf6d4a553dd204c84c7040b1b90f871aa,site_fold_4,redraw_year_matched_20261005,0.0005737555415343492,1.0560227035047547e-05
bg_2019_0229,0,2019,571d300f79ea95c93212637680e248e7f42521541f8f5180c48bc4344a8082b1,site_fold_2,redraw_year_matched_20261005,0.005047486171731234,0.001443081883715823
bg_2020_0012,0,2020,031f604ccd8decf0bc0c0f1b46d764f67618a666286b5ef046ba714fd32ce319,site_fold_1,redraw_year_matched_20261005,0.019525277156372145,0.008656024523305925
bg_2020_0021,0,2020,a74f251b2c3000fafc6ffa15b42a8c8767d1d7f96385ec57c9a92bad2775d4d8,site_fold_3,redraw_year_matched_20261005,0.001412094884293594,0.00825618884571422
bg_2020_0029,0,2020,d85443019e270af275d8e6dd883eb545895d895bb3302685db5c485b48671cbe,site_fold_3,redraw_year_matched_20261005,0.06325617341419486,0.26206247247845377
bg_2020_0040,0,2020,b8e6d522bdee72713691c7fcf5a63989a868dfd95bd2cab5437e22511b06187d,site_fold_2,redraw_year_matched_20261005,0.0025901210068020606,0.0004675395235295378
bg_2020_0042,0,2020,c5c162e440897a82f0cf5001e5831e1ef3a67dfe6bf07a591a79a43cc3ff74f5,site_fold_4,redraw_year_matched_20261005,0.16006662867180843,0.0005648549880677829
bg_2020_0043,0,2020,3dc07fb46bf80b6eecd3b849850467fc614be95e21cbda76c3c7cdf7a7106cf4,site_fold_0,redraw_year_matched_20261005,0.0012988818014232578,0.00039507910959034424
bg_2020_0045,0,2020,5abac985a6deaa808eecb6a2742d5a724388c8f6c7ad871704b78b4066e386dc,site_fold_2,redraw_year_matched_20261005,0.9292498810704508,0.8963679506984757
bg_2020_0047,0,2020,9b143e553b172de0a0dbcd667fcc44ff4424a8f9c8019d9c4a4518f7420b41af,site_fold_4,redraw_year_matched_20261005,0.0008540338249637371,0.0018570400090720776
bg_2020_0051,0,2020,748d2b899e4eb3beab4800bc94e8ff516e34ed0db3aef051813bec260a8670ce,site_fold_4,redraw_year_matched_20261005,0.3194448299474601,0.10555384945796269
bg_2020_0052,0,2020,dcd99ae5f275a0be2458b09742536127a22d13b902bd53e5ac740a04f46f77f3,site_fold_0,redraw_year_matched_20261005,0.46426776826535343,0.07674778824879919
bg_2020_0053,0,2020,ef5548ab378a0d6f1136921f787bedefcf308b5bf6f03841ab384a58392a796f,site_fold_0,redraw_year_matched_20261005,0.05303802039004199,0.01075489709930239
bg_2020_0054,0,2020,8b97daeee954f5cf8ce99941964f6b69aafbd08ff670db5383f686bb16668c44,site_fold_3,redraw_year_matched_20261005,0.4159253193762897,0.07953130415033875
bg_2020_0056,0,2020,dc2c073fab33fa44d4232f769c5e6003d6870f75c7967861a7b52e38d7c69572,site_fold_0,redraw_year_matched_20261005,0.594942998277892,0.882500840609734
bg_2020_0058,0,2020,203ddd064d80fc0d4e7bff11a0776d9e93419a3a6037aa9adc2c7505290a1813,site_fold_3,redraw_year_matched_20261005,0.28733884892825917,0.18125145465528994
bg_2020_0064,0,2020,7cf777b87c15c35cb12a26b7d8ad0f56654c2b75b6447578107c0cef8bdd2e29,site_fold_3,redraw_year_matched_20261005,0.6106716052048099,0.746461770571153
bg_2020_0065,0,2020,2ae3e4a48561eae2ac17dd839dccd2bfa7997585727481cf2cc5ad1a544cbb29,site_fold_4,redraw_year_matched_20261005,0.0009761131567132751,0.03763841286924792
bg_2020_0066,0,2020,a5a2dc9c1dbe6d7af6f51645bd09cb467e8f7c186eb7d91b2a155cea8ae622ed,site_fold_1,redraw_year_matched_20261005,0.3896228609941498,0.00042778147753746065
bg_2020_0069,0,2020,19b54b72bdde6c4bd3cbe2546f3414a4ff56cd60d6a2bcdf3d6f1f199e8b9a7a,site_fold_0,redraw_year_matched_20261005,0.7893716671161884,0.00038502871954094006
bg_2020_0073,0,2020,eb67dc3c4a6302c161ea7c937485d56e520ac962c08ed97fcd8cb6d32e101eed,site_fold_2,redraw_year_matched_20261005,0.5481171326707016,0.541332296349544
bg_2020_0074,0,2020,0661378a425c8a66c4aa539a6016f77d94444565f19a404c200d8da71d881e6f,site_fold_1,redraw_year_matched_20261005,0.3528336211067902,0.00731352134864358
bg_2020_0079,0,2020,387293de0a4d2562776968a4c928898f0c153e19c243293da6f2314332ce8e09,site_fold_2,redraw_year_matched_20261005,0.6849624350864896,0.009801130318460262
bg_2020_0083,0,2020,fe080c2d9abb132cc64d5557983b111ff97e3f58f287666fd5faa26bdb192287,site_fold_2,redraw_year_matched_20261005,0.7304959448168259,0.600590635271334
bg_2020_0085,0,2020,f3ce6092bb24123a060a0495483d50073de4e4ee953fe58bd28e219e1a83baa1,site_fold_0,redraw_year_matched_20261005,0.024624738105430855,0.14679174287418084
bg_2020_0086,0,2020,2f8d0c0da0be361972dcf84753d6a3e08b6dad88a520b7d1a92b86f9b38320ac,site_fold_2,redraw_year_matched_20261005,0.17059548964052446,0.1361546006964281
bg_2020_0088,0,2020,d948566b5d11292ec582eb153178eebb116e8d9e510bbbb560baf1319dcb07ea,site_fold_1,redraw_year_matched_20261005,0.42416350948287906,0.11330606490726922
bg_2020_0089,0,2020,30e0262a5079f27f544cfa11a50c2dac7696a1223e31b6a5743a25b88178f3f9,site_fold_1,redraw_year_matched_20261005,0.7056579254678537,0.07519413719978418
bg_2020_0091,0,2020,982618d21af830b045f8c249c93b9fe8c0ca46e8eef0f38a41b858d40f182133,site_fold_2,redraw_year_matched_20261005,0.6320441302486504,0.9793405705872879
bg_2020_0099,0,2020,eab8096d803acb18cc201f6ace31bbda179073d5e6a99e0d73d2ec05bccdf772,site_fold_3,redraw_year_matched_20261005,0.10532481611446903,0.0017214022675090767
bg_2020_0102,0,2020,d083f6498d7fbd2e9d25a6ad0b6797fb6e2c24cc6ad3d7ca5f9713008c86dd50,site_fold_3,redraw_year_matched_20261005,0.13031747652077824,0.0004990995591678927
bg_2020_0105,0,2020,5bb0f3030646a3eca15b3c715c0a2cc5c67d8a64036f4b26e788799479fcac9b,site_fold_3,redraw_year_matched_20261005,0.7183502959882494,0.8425926319049565
bg_2020_0107,0,2020,121ca7306a2ae0103033e3004279ef3e80366ab277effbd7df933cd44df93378,site_fold_2,redraw_year_matched_20261005,0.9459860305878164,0.5025171907202225
bg_2020_0110,0,2020,fe94a8a6361778f583248af09d52d2f8beaeed2c3a1047494990e54232abf263,site_fold_2,redraw_year_matched_20261005,0.6076664329876391,0.8436724753291812
bg_2020_0114,0,2020,cbf698a2629e0c40badff8fdce66678097136d982ad6e328f5e174702db1ac72,site_fold_2,redraw_year_matched_20261005,0.23283922613945046,0.027374689449442442
bg_2020_0115,0,2020,48ba22de3d6960040834837c9f93bad7da1ff9aa12c70c28cf23329daa5556b9,site_fold_0,redraw_year_matched_20261005,0.5687723576588671,0.13876480632939514
bg_2020_0116,0,2020,b89dc14cbabd117f4baa55fee005974d32ebb678421d282b6faf5919d4c5513d,site_fold_4,redraw_year_matched_20261005,0.19467657442956526,0.9383074894257961
bg_2020_0117,0,2020,259d5e4e331efc426e8d5cb37d174767fad44812d9c8aac2673f920f15e78ad6,site_fold_2,redraw_year_matched_20261005,0.7746658898954455,0.03872649553671993
bg_2020_0120,0,2020,1cdab643d1b940b0693fcbf08e8a99e52473b61131de923eb8b284c32f00c4d4,site_fold_4,redraw_year_matched_20261005,0.4849409349483115,0.18201021739973644
bg_2020_0129,0,2020,9d517f55ae5613be7e9c1f546afa3a8453196835262a2da69354022e181623af,site_fold_1,redraw_year_matched_20261005,0.6538389462911597,0.5344237586699648
bg_2020_0131,0,2020,c70088b5f5ed553ac8d54c56b48c1be5b90a722246b8993e86f8ab252abee2b8,site_fold_4,redraw_year_matched_20261005,0.7196152613865724,0.890436235832803
bg_2020_0135,0,2020,d4a9a61f6e816b947950df9ce5dcf1ba5199c097b89c4e2ff3146444ea11cb5e,site_fold_1,redraw_year_matched_20261005,0.29723226150135323,0.3551952897989648
bg_2020_0137,0,2020,b1c60d3479151c265d732f1691c8965b5045f9f996bc435e7cc5093bbabaa7ca,site_fold_4,redraw_year_matched_20261005,0.4017357992834476,0.030386532137796934
bg_2020_0138,0,2020,8c4da60d1d75cffc9bd0bb476c0dc48b8024afb93b7ec5dce86a348e4a515c7e,site_fold_0,redraw_year_matched_20261005,0.0005092778332896581,0.019319189860870556
bg_2020_0140,0,2020,25491912f96991025541d5f5da5a1ed06d902fbef16223d74ebe72a74b2706c0,site_fold_3,redraw_year_matched_20261005,0.33960411763639803,0.07679816874230452
bg_2020_0150,0,2020,2d514b854a9419024c44d135af3eff0d5ec793684c36bece8e6471bba25f3d4b,site_fold_0,redraw_year_matched_20261005,0.008277858185068156,0.012893474305326759
bg_2020_0157,0,2020,10931396412cd75603aea0d3abeeaa86eab99d3b921d1b092b41bbab3e6b3ef3,site_fold_0,redraw_year_matched_20261005,0.576898215985121,0.16499165659426165
bg_2020_0167,0,2020,4a3e32b2592c4bca0306e12810e632bbc064edd22a18e37cda46c14b345b44bb,site_fold_2,redraw_year_matched_20261005,0.027015737932289983,0.00037943755571192585
bg_2020_0176,0,2020,f2237c29d27bd0b5346f0be444cdf4b5a741aa2fba630c9086b59654a04a210f,site_fold_1,redraw_year_matched_20261005,0.22743476487541633,0.46511169758351617
bg_2020_0180,0,2020,a113ed2181e2dafdd3bd4c517c782ea37e2fc64120cbcccfd433bc0ea0d1188c,site_fold_2,redraw_year_matched_20261005,0.04984112510620854,0.0035270735253766527
bg_2020_0193,0,2020,61dbfdd28521f9308c90c25b11338b8d4a84bcf61abdb389858a2ac8ee611700,site_fold_0,redraw_year_matched_20261005,0.4608182510491531,0.36113937631791326
bg_2020_0197,0,2020,085eb8211e0d2e935d23d26841e01d26a6fd4d394c7185918f5965368be91c14,site_fold_2,redraw_year_matched_20261005,0.9703220724503919,0.9956045892614406
bg_2020_0199,0,2020,83039e54e1fa37ee25521fbe29d0a288ee1d48abb96cc75dc80796ea6e46a80e,site_fold_4,redraw_year_matched_20261005,0.03224836960851783,0.00736641268055601
bg_2020_0208,0,2020,7fcd19c49f8ef373af77d30b6ea657701de171b59c2cc99c492381c7fa79eb53,site_fold_1,redraw_year_matched_20261005,0.009619396575592763,8.195293739557499e-06
bg_2020_0214,0,2020,adcf989dc565c016087934f1ab4ba3b574fbe4b87d6ce6c4c0efac4ac2994595,site_fold_4,redraw_year_matched_20261005,0.7644087602943652,0.43795382655939813
bg_2020_0227,0,2020,f6e58d1a82b10079ee37183b7cf9cacaf6d4a553dd204c84c7040b1b90f871aa,site_fold_4,redraw_year_matched_20261005,0.00040065636595679497,0.00015745242228916038
bg_2020_0229,0,2020,571d300f79ea95c93212637680e248e7f42521541f8f5180c48bc4344a8082b1,site_fold_2,redraw_year_matched_20261005,0.005673587789141696,0.010168753700776537
bg_2023_0012,0,2023,031f604ccd8decf0bc0c0f1b46d764f67618a666286b5ef046ba714fd32ce319,site_fold_1,redraw_year_matched_20261005,0.026008952957384666,0.005051813063899865
bg_2023_0014,0,2023,96f4653cba9c5b8fffc448302fa973dfcae2a21030235ce4f086544c824fafd7,site_fold_0,redraw_year_matched_20261005,0.00018546717735555,0.0002828250774662701
bg_2023_0019,0,2023,6edce6b5be5a6297cfc6785fe6eb1f9255b7a66545fc3bea508c64d379a86f22,site_fold_0,redraw_year_matched_20261005,5.8869377458212874e-05,2.9921110856641677e-05
bg_2023_0023,0,2023,707cefe99fb18e837868489d84317ae20f18934da0f4afa2a1f2b42c41ecaec8,site_fold_4,redraw_year_matched_20261005,0.004390039051036092,0.0008927244029176394
bg_2023_0025,0,2023,7c6261366bf8edda64089f460e853aeaeda958dee0f29ba57605120c552ce3ad,site_fold_2,redraw_year_matched_20261005,0.4872686500077485,0.34527022894131426
bg_2023_0027,0,2023,07e4e2986cc515ff4959416c897bb00877a6b5e8b3b13ea6b922aa271b685181,site_fold_1,redraw_year_matched_20261005,0.057795047622082575,0.018141828121405818
bg_2023_0029,0,2023,d85443019e270af275d8e6dd883eb545895d895bb3302685db5c485b48671cbe,site_fold_3,redraw_year_matched_20261005,0.0371991259615957,0.29523233268500737
bg_2023_0031,0,2023,294277d42644ddf4e441a0ce7c53aca2bfa06820f022b5f34069e9a8a30356b2,site_fold_2,redraw_year_matched_20261005,0.0022789676800255847,0.0009101045375849039
bg_2023_0033,0,2023,21e62fc153d7c067a581956f9285d808728d0fbcc3f743972121ab385b7f240d,site_fold_3,redraw_year_matched_20261005,0.5126559561327505,0.222469199613784
bg_2023_0037,0,2023,ec12ead14120d4fd24d16cabbbd241eb1d0fe9c16ad943805a4312845283d462,site_fold_2,redraw_year_matched_20261005,0.2843532605284006,0.2577572589042932
bg_2023_0041,0,2023,2fd1ce506e821d00b2c7dc4f3c74578abf6a9aa737fc9b17501c9a890c7b32f4,site_fold_2,redraw_year_matched_20261005,0.6778747978750013,0.33576730468389043
bg_2023_0042,0,2023,c5c162e440897a82f0cf5001e5831e1ef3a67dfe6bf07a591a79a43cc3ff74f5,site_fold_4,redraw_year_matched_20261005,0.1262696597965926,0.007091921786350469
bg_2023_0045,0,2023,5abac985a6deaa808eecb6a2742d5a724388c8f6c7ad871704b78b4066e386dc,site_fold_2,redraw_year_matched_20261005,0.7795718932920623,0.6982572766064306
bg_2023_0049,0,2023,1a44f043ff970d264d22e596a5e8bcb7dd2eeaed1035fc9b3d7de0c36349a6e3,site_fold_3,redraw_year_matched_20261005,0.586769280692357,0.6554373480663322
bg_2023_0051,0,2023,748d2b899e4eb3beab4800bc94e8ff516e34ed0db3aef051813bec260a8670ce,site_fold_4,redraw_year_matched_20261005,0.18399433251087272,0.6452925391280956
bg_2023_0054,0,2023,8b97daeee954f5cf8ce99941964f6b69aafbd08ff670db5383f686bb16668c44,site_fold_3,redraw_year_matched_20261005,0.5176735041239059,0.01826712409875485
bg_2023_0056,0,2023,dc2c073fab33fa44d4232f769c5e6003d6870f75c7967861a7b52e38d7c69572,site_fold_0,redraw_year_matched_20261005,0.4550687066116192,0.09297610237891858
bg_2023_0061,0,2023,320a5b870363bc27bd783e6d2b485a8d3972cfc67854a5a58639a25fc374f980,site_fold_2,redraw_year_matched_20261005,0.0019626122503266182,5.84453700705683e-05
bg_2023_0064,0,2023,7cf777b87c15c35cb12a26b7d8ad0f56654c2b75b6447578107c0cef8bdd2e29,site_fold_3,redraw_year_matched_20261005,0.64259333401098,0.455054227070523
bg_2023_0065,0,2023,2ae3e4a48561eae2ac17dd839dccd2bfa7997585727481cf2cc5ad1a544cbb29,site_fold_4,redraw_year_matched_20261005,0.002678894306983247,0.018254237805317392
bg_2023_0069,0,2023,19b54b72bdde6c4bd3cbe2546f3414a4ff56cd60d6a2bcdf3d6f1f199e8b9a7a,site_fold_0,redraw_year_matched_20261005,0.45659006424855725,0.18279932070557808
bg_2023_0072,0,2023,ea2e9240baa8efb8641cef5f652b1f430fd03b8bb6bdcae03cd85c7be7d79e6c,site_fold_2,redraw_year_matched_20261005,0.49857430399664154,0.1408347164368386
bg_2023_0074,0,2023,0661378a425c8a66c4aa539a6016f77d94444565f19a404c200d8da71d881e6f,site_fold_1,redraw_year_matched_20261005,0.3531866443999085,0.05578589091950686
bg_2023_0076,0,2023,b0bb5e94bbb58bef0707986a0b214f4618e10f100ec3660f7f792c139b83b7bf,site_fold_2,redraw_year_matched_20261005,0.9597735762970502,0.820343160090575
bg_2023_0079,0,2023,387293de0a4d2562776968a4c928898f0c153e19c243293da6f2314332ce8e09,site_fold_2,redraw_year_matched_20261005,0.6465682922233252,0.0016055906643860326
bg_2023_0083,0,2023,fe080c2d9abb132cc64d5557983b111ff97e3f58f287666fd5faa26bdb192287,site_fold_2,redraw_year_matched_20261005,0.6705220286036052,0.04786354714581648
bg_2023_0085,0,2023,f3ce6092bb24123a060a0495483d50073de4e4ee953fe58bd28e219e1a83baa1,site_fold_0,redraw_year_matched_20261005,0.01054481315210967,0.015853678020734476
bg_2023_0089,0,2023,30e0262a5079f27f544cfa11a50c2dac7696a1223e31b6a5743a25b88178f3f9,site_fold_1,redraw_year_matched_20261005,0.7484405968765965,0.19047640764987062
bg_2023_0091,0,2023,982618d21af830b045f8c249c93b9fe8c0ca46e8eef0f38a41b858d40f182133,site_fold_2,redraw_year_matched_20261005,0.6804375745041475,0.7204538473526143
bg_2023_0093,0,2023,39af272ed4011f905c7675ca8e5251a45ad8be334a928f57454f06824c57b67d,site_fold_2,redraw_year_matched_20261005,0.5438665196443958,0.06191611301184717
bg_2023_0101,0,2023,0e3e2e1f0d7500e89ab5386ac3395e82b86d098339e82b63a4f96b3de677403b,site_fold_1,redraw_year_matched_20261005,0.17611040857251997,0.01554845467711686
bg_2023_0104,0,2023,381d18bd61e34cf882bdfdf6012481b10927e35d12e6647db1266ea9a179de4a,site_fold_4,redraw_year_matched_20261005,0.011436853512902904,0.06243440118937275
bg_2023_0107,0,2023,121ca7306a2ae0103033e3004279ef3e80366ab277effbd7df933cd44df93378,site_fold_2,redraw_year_matched_20261005,0.9358208846541706,0.32761610623169657
bg_2023_0110,0,2023,fe94a8a6361778f583248af09d52d2f8beaeed2c3a1047494990e54232abf263,site_fold_2,redraw_year_matched_20261005,0.7126596124080212,0.7342333825423064
bg_2023_0112,0,2023,9b8cfb8dd01fd7117ec530b8b1be50f430e0bba381744f956eee96179adeacee,site_fold_1,redraw_year_matched_20261005,0.918034963954853,0.9529518879757239
bg_2023_0115,0,2023,48ba22de3d6960040834837c9f93bad7da1ff9aa12c70c28cf23329daa5556b9,site_fold_0,redraw_year_matched_20261005,0.5783462866262161,0.028269859392302144
bg_2023_0116,0,2023,b89dc14cbabd117f4baa55fee005974d32ebb678421d282b6faf5919d4c5513d,site_fold_4,redraw_year_matched_20261005,0.29898032817765047,0.9302344287492874
bg_2023_0129,0,2023,9d517f55ae5613be7e9c1f546afa3a8453196835262a2da69354022e181623af,site_fold_1,redraw_year_matched_20261005,0.6777661077100288,0.8001137775097505
bg_2023_0130,0,2023,30fc7f1fd06b41eaa1cbfba3302ccf7b637fb6b97d364777008dcc7203e27e88,site_fold_3,redraw_year_matched_20261005,0.6253200783506582,0.9066596543577901
bg_2023_0131,0,2023,c70088b5f5ed553ac8d54c56b48c1be5b90a722246b8993e86f8ab252abee2b8,site_fold_4,redraw_year_matched_20261005,0.7236892767623097,0.8007483029630492
bg_2023_0135,0,2023,d4a9a61f6e816b947950df9ce5dcf1ba5199c097b89c4e2ff3146444ea11cb5e,site_fold_1,redraw_year_matched_20261005,0.39521903386868024,0.6777663857695407
bg_2023_0140,0,2023,25491912f96991025541d5f5da5a1ed06d902fbef16223d74ebe72a74b2706c0,site_fold_3,redraw_year_matched_20261005,0.37332682876544077,0.1593207612217623
bg_2023_0142,0,2023,27cf11d64439127707db65caff07bd9f503a61a6427d56ac8b3df0c792261c04,site_fold_3,redraw_year_matched_20261005,0.167576478190868,0.0030749175389593888
bg_2023_0144,0,2023,48a8d4b27be3f5a3d567610c033ac715c6277500103c9ec2d712f0b3bd427f0b,site_fold_0,redraw_year_matched_20261005,0.6784770903798036,0.4969668620835398
bg_2023_0152,0,2023,ce81223ed4abc36fdbbc236f8ffb7d0ee9ea969f12ac8750196c90345354cd48,site_fold_3,redraw_year_matched_20261005,0.03974129833182859,0.00014882878752834784
bg_2023_0154,0,2023,eaa88e45dc34bbc37c2c1c462247981c702e40fc4de264f8bfd709abb71da6d3,site_fold_0,redraw_year_matched_20261005,0.07478107750879247,0.4365300912809008
bg_2023_0155,0,2023,37a1b32ea4828c6949829c840f5a2c1015383861dcde49e417670a4242964123,site_fold_0,redraw_year_matched_20261005,0.07154143558987258,0.0004061605060643783
bg_2023_0163,0,2023,aa4923f93f3935d9017a178e2e2a00c39f8bda9e0d5768ff25899acb453cfe4f,site_fold_1,redraw_year_matched_20261005,0.5904005225714507,0.1603372875884231
bg_2023_0165,0,2023,d2fe77c5494009de82c48b234cc00ce5e962100afef8729763eebcde1fdb3ee6,site_fold_2,redraw_year_matched_20261005,0.6270337781694617,0.008601900924993201
bg_2023_0167,0,2023,4a3e32b2592c4bca0306e12810e632bbc064edd22a18e37cda46c14b345b44bb,site_fold_2,redraw_year_matched_20261005,0.013064405648988824,0.00029418963412718266
bg_2023_0182,0,2023,338e23f9b352e3105dbde6ef929db218b89c42bef0ff3192ba71868dc1c03e11,site_fold_4,redraw_year_matched_20261005,0.6360641178435604,0.9076480488918724
bg_2023_0195,0,2023,84ed77966a29277f09a9d25467f5d8ab0f66d8e58892bfa6b237ad9a9a82cd74,site_fold_3,redraw_year_matched_20261005,0.015942851521035237,0.21723805868653745
bg_2023_0199,0,2023,83039e54e1fa37ee25521fbe29d0a288ee1d48abb96cc75dc80796ea6e46a80e,site_fold_4,redraw_year_matched_20261005,0.1196445552286251,0.11421135917844724
bg_2023_0210,0,2023,81ecec5ea53df338cb8dec8a3d93efdf89b240e40ceb46e53c9c62deeb7134ad,site_fold_1,redraw_year_matched_20261005,0.45679926266235965,0.7868283383796988
bg_2023_0214,0,2023,adcf989dc565c016087934f1ab4ba3b574fbe4b87d6ce6c4c0efac4ac2994595,site_fold_4,redraw_year_matched_20261005,0.55080166146769,0.915366294518684
bg_2024_0008,0,2024,e01f18c6157377aa8fea34d0849ee57ba81780ea6b458a684b38b58c1f249aa7,site_fold_0,redraw_year_matched_20261005,0.0013061002890915492,0.0007280164319749849
bg_2024_0012,0,2024,031f604ccd8decf0bc0c0f1b46d764f67618a666286b5ef046ba714fd32ce319,site_fold_1,redraw_year_matched_20261005,0.006839615751055865,0.0008435492313661453
bg_2024_0014,0,2024,96f4653cba9c5b8fffc448302fa973dfcae2a21030235ce4f086544c824fafd7,site_fold_0,redraw_year_matched_20261005,9.456141751415258e-05,0.0002155779542721279
bg_2024_0019,0,2024,6edce6b5be5a6297cfc6785fe6eb1f9255b7a66545fc3bea508c64d379a86f22,site_fold_0,redraw_year_matched_20261005,2.559859065740394e-05,4.086666925327246e-05
bg_2024_0021,0,2024,a74f251b2c3000fafc6ffa15b42a8c8767d1d7f96385ec57c9a92bad2775d4d8,site_fold_3,redraw_year_matched_20261005,0.002388815771155739,0.019749255463893323
bg_2024_0035,0,2024,84e4269b50220afc54cd94d366ce19c65299d35df850ceaee93eadc2d1fba7df,site_fold_1,redraw_year_matched_20261005,0.013143585972244657,0.016101546812903673
bg_2024_0037,0,2024,ec12ead14120d4fd24d16cabbbd241eb1d0fe9c16ad943805a4312845283d462,site_fold_2,redraw_year_matched_20261005,0.2232963465113129,0.24425195597972824
bg_2024_0040,0,2024,b8e6d522bdee72713691c7fcf5a63989a868dfd95bd2cab5437e22511b06187d,site_fold_2,redraw_year_matched_20261005,0.07104865648721007,0.039483729423419815
bg_2024_0041,0,2024,2fd1ce506e821d00b2c7dc4f3c74578abf6a9aa737fc9b17501c9a890c7b32f4,site_fold_2,redraw_year_matched_20261005,0.618954800902271,0.31044446218685945
bg_2024_0042,0,2024,c5c162e440897a82f0cf5001e5831e1ef3a67dfe6bf07a591a79a43cc3ff74f5,site_fold_4,redraw_year_matched_20261005,0.4040028616638227,0.1685129397814131
bg_2024_0045,0,2024,5abac985a6deaa808eecb6a2742d5a724388c8f6c7ad871704b78b4066e386dc,site_fold_2,redraw_year_matched_20261005,0.7107256366234314,0.6712521752625347
bg_2024_0047,0,2024,9b143e553b172de0a0dbcd667fcc44ff4424a8f9c8019d9c4a4518f7420b41af,site_fold_4,redraw_year_matched_20261005,0.0023562520355126545,0.008383296250341676
bg_2024_0051,0,2024,748d2b899e4eb3beab4800bc94e8ff516e34ed0db3aef051813bec260a8670ce,site_fold_4,redraw_year_matched_20261005,0.26068523995142184,0.8004757246240308
bg_2024_0053,0,2024,ef5548ab378a0d6f1136921f787bedefcf308b5bf6f03841ab384a58392a796f,site_fold_0,redraw_year_matched_20261005,0.09183663306177116,0.0021421697951998836
bg_2024_0056,0,2024,dc2c073fab33fa44d4232f769c5e6003d6870f75c7967861a7b52e38d7c69572,site_fold_0,redraw_year_matched_20261005,0.472439112934139,0.4049026872814932
bg_2024_0064,0,2024,7cf777b87c15c35cb12a26b7d8ad0f56654c2b75b6447578107c0cef8bdd2e29,site_fold_3,redraw_year_matched_20261005,0.6163744920144202,0.4612603347868428
bg_2024_0065,0,2024,2ae3e4a48561eae2ac17dd839dccd2bfa7997585727481cf2cc5ad1a544cbb29,site_fold_4,redraw_year_matched_20261005,0.0012296650143210864,0.02965684621514975
bg_2024_0067,0,2024,b687a30ed837278ff4dadcfdef30f40b2986a06c7c79ed57693b3e6b2b1a9d33,site_fold_4,redraw_year_matched_20261005,0.6568632490051933,0.8543971253059457
bg_2024_0071,0,2024,48da3e414015f3351b42e87e9218a6ceaedce537a926ba13d8759590bdad9d81,site_fold_4,redraw_year_matched_20261005,0.6797096902835009,0.30386692066986465
bg_2024_0073,0,2024,eb67dc3c4a6302c161ea7c937485d56e520ac962c08ed97fcd8cb6d32e101eed,site_fold_2,redraw_year_matched_20261005,0.5344226709676282,0.5662803658400145
bg_2024_0074,0,2024,0661378a425c8a66c4aa539a6016f77d94444565f19a404c200d8da71d881e6f,site_fold_1,redraw_year_matched_20261005,0.4682891930033713,0.04516765963844653
bg_2024_0076,0,2024,b0bb5e94bbb58bef0707986a0b214f4618e10f100ec3660f7f792c139b83b7bf,site_fold_2,redraw_year_matched_20261005,0.9745185565858846,0.8706822686538294
bg_2024_0078,0,2024,a5ca7d8f214e2cdbd499bf191e3ef82542d8fc7c4eb63c250906aecb6d052776,site_fold_2,redraw_year_matched_20261005,0.1649491931639805,0.007018864460833421
bg_2024_0081,0,2024,a79ec02ce4ac7963f73a96c80a4ea1fc557a0747a742e20e54654266ddade15f,site_fold_1,redraw_year_matched_20261005,0.7081123454361671,0.8807995135282793
bg_2024_0082,0,2024,5535d9eaa37e4d1a7b852f0870d6bc9cf8d44c2c849c46b6e3bc123aea922f98,site_fold_1,redraw_year_matched_20261005,0.863783032198448,0.01683154376509922
bg_2024_0083,0,2024,fe080c2d9abb132cc64d5557983b111ff97e3f58f287666fd5faa26bdb192287,site_fold_2,redraw_year_matched_20261005,0.5817189700840272,0.6255310084864705
bg_2024_0085,0,2024,f3ce6092bb24123a060a0495483d50073de4e4ee953fe58bd28e219e1a83baa1,site_fold_0,redraw_year_matched_20261005,0.00273521853022374,0.03923864869389071
bg_2024_0088,0,2024,d948566b5d11292ec582eb153178eebb116e8d9e510bbbb560baf1319dcb07ea,site_fold_1,redraw_year_matched_20261005,0.3521878072032695,0.13661235022409404
bg_2024_0091,0,2024,982618d21af830b045f8c249c93b9fe8c0ca46e8eef0f38a41b858d40f182133,site_fold_2,redraw_year_matched_20261005,0.5515221116721991,0.9654574364068715
bg_2024_0092,0,2024,1329ca34dd0aa22bba0143275ea656df9883ad433541073bcd4a263e3256d123,site_fold_4,redraw_year_matched_20261005,0.4919805605230901,0.8307393349480028
bg_2024_0098,0,2024,09cec87c34c3457792131d98f4e5ea7c0de72227cb164719da0895a2dd49e29f,site_fold_1,redraw_year_matched_20261005,0.023296749081466256,0.9126228495850067
bg_2024_0099,0,2024,eab8096d803acb18cc201f6ace31bbda179073d5e6a99e0d73d2ec05bccdf772,site_fold_3,redraw_year_matched_20261005,0.08933621797702496,0.00025556972322144994
bg_2024_0101,0,2024,0e3e2e1f0d7500e89ab5386ac3395e82b86d098339e82b63a4f96b3de677403b,site_fold_1,redraw_year_matched_20261005,0.13728713075586335,0.044840428213566236
bg_2024_0102,0,2024,d083f6498d7fbd2e9d25a6ad0b6797fb6e2c24cc6ad3d7ca5f9713008c86dd50,site_fold_3,redraw_year_matched_20261005,0.1466231880684033,0.00587915041946531
bg_2024_0103,0,2024,094fe38ba748a64e5efdec7fb8286b4be6aadc362ada39934354d5551a5da3d0,site_fold_3,redraw_year_matched_20261005,0.5098261646967885,0.20248698721382355
bg_2024_0107,0,2024,121ca7306a2ae0103033e3004279ef3e80366ab277effbd7df933cd44df93378,site_fold_2,redraw_year_matched_20261005,0.8849814172617697,0.738043535895987
bg_2024_0116,0,2024,b89dc14cbabd117f4baa55fee005974d32ebb678421d282b6faf5919d4c5513d,site_fold_4,redraw_year_matched_20261005,0.28842868031538393,0.9756646901018583
bg_2024_0117,0,2024,259d5e4e331efc426e8d5cb37d174767fad44812d9c8aac2673f920f15e78ad6,site_fold_2,redraw_year_matched_20261005,0.719090486735036,0.034481442040120665
bg_2024_0118,0,2024,8e82547d47b9be467e201fcc7a5aecc54c71aded64e0ac980099b8678439acd8,site_fold_4,redraw_year_matched_20261005,0.5418129392949477,0.43030564723152315
bg_2024_0120,0,2024,1cdab643d1b940b0693fcbf08e8a99e52473b61131de923eb8b284c32f00c4d4,site_fold_4,redraw_year_matched_20261005,0.3623031206328018,0.11926966214249254
bg_2024_0122,0,2024,bf6cb7c3b436132579c4c247e107989902b49e1a3a297a787f54b840578a302e,site_fold_0,redraw_year_matched_20261005,0.13035671871630733,0.00337809515032981
bg_2024_0124,0,2024,74a593ab813090c62b6028480a668a3959fb4e059bcc73876ed08db88d30bda2,site_fold_0,redraw_year_matched_20261005,0.007319205494311938,0.012461754292641705
bg_2024_0125,0,2024,669228cb6311c26fa81b0cc72a9f043cf099e2aec5da6174c5343570362b53f9,site_fold_3,redraw_year_matched_20261005,0.008670704174678915,0.15604477455216534
bg_2024_0130,0,2024,30fc7f1fd06b41eaa1cbfba3302ccf7b637fb6b97d364777008dcc7203e27e88,site_fold_3,redraw_year_matched_20261005,0.6026053292398795,0.9588113402090845
bg_2024_0133,0,2024,f4be26be42aa63779b31705fdb787991f04b62cc376f4011ad45d4e46a90aadc,site_fold_3,redraw_year_matched_20261005,0.8325412519736016,0.7123836229034625
bg_2024_0137,0,2024,b1c60d3479151c265d732f1691c8965b5045f9f996bc435e7cc5093bbabaa7ca,site_fold_4,redraw_year_matched_20261005,0.46494187434453604,0.5245592650453832
bg_2024_0138,0,2024,8c4da60d1d75cffc9bd0bb476c0dc48b8024afb93b7ec5dce86a348e4a515c7e,site_fold_0,redraw_year_matched_20261005,0.00028791005202360797,0.07255569816102149
bg_2024_0142,0,2024,27cf11d64439127707db65caff07bd9f503a61a6427d56ac8b3df0c792261c04,site_fold_3,redraw_year_matched_20261005,0.15221360389011981,0.040649902282652244
bg_2024_0146,0,2024,e889077796f75a8bf06a0218348506ff1aa58361a026a2158158d33545d8f8e8,site_fold_3,redraw_year_matched_20261005,0.7068893579095638,0.8599465063473081
bg_2024_0148,0,2024,7e9ec81c8ea1517e7c97d3f130bd8da15eded8367199dea08912d7fec27678bc,site_fold_1,redraw_year_matched_20261005,0.697876851063874,0.6047353986367884
bg_2024_0155,0,2024,37a1b32ea4828c6949829c840f5a2c1015383861dcde49e417670a4242964123,site_fold_0,redraw_year_matched_20261005,0.015094484074942424,0.0003094396656352321
bg_2024_0157,0,2024,10931396412cd75603aea0d3abeeaa86eab99d3b921d1b092b41bbab3e6b3ef3,site_fold_0,redraw_year_matched_20261005,0.5340315502247905,0.13148433274617197
bg_2024_0180,0,2024,a113ed2181e2dafdd3bd4c517c782ea37e2fc64120cbcccfd433bc0ea0d1188c,site_fold_2,redraw_year_matched_20261005,0.034320810417345186,0.0010321131196885755
bg_2024_0193,0,2024,61dbfdd28521f9308c90c25b11338b8d4a84bcf61abdb389858a2ac8ee611700,site_fold_0,redraw_year_matched_20261005,0.33479321670327034,0.3887150366113678
bg_2024_0208,0,2024,7fcd19c49f8ef373af77d30b6ea657701de171b59c2cc99c492381c7fa79eb53,site_fold_1,redraw_year_matched_20261005,0.0032403685758261775,6.444646436455805e-07
bg_2024_0214,0,2024,adcf989dc565c016087934f1ab4ba3b574fbe4b87d6ce6c4c0efac4ac2994595,site_fold_4,redraw_year_matched_20261005,0.6948249250398056,0.8397565376529488
bg_2024_0229,0,2024,571d300f79ea95c93212637680e248e7f42521541f8f5180c48bc4344a8082b1,site_fold_2,redraw_year_matched_20261005,0.0032118672959043503,0.01799077167406089
