sample_id,label,event_year,feature_year,site_id,fold_id,terrain,T_DW_event,T_DW_prior,T_DW_event_AE_event,T_DW_event_AE_prior,T_DW_prior_AE_event,T_DW_prior_AE_prior,AE_event,AE_prior
seoul_flood_2018_00324,1,2018,2017,a1b1fca44bc1ff34acebce1d2dec2893d4eccf3bfe1ad7734248e10fe47f54c7,site_fold_1,0.6642349440077535,0.7083958930463249,0.6542359108739209,0.9558626526067134,0.9224111251396161,0.9718471245893778,0.9205657656526957,0.9616366627070427,0.9248305186415658
seoul_flood_2018_00005,1,2018,2017,e88f89ee8b1977d499627aace65949860075e37faa7075fb202f3b9c70914306,site_fold_2,0.6234648994349904,0.7758868722902288,0.8744933576541071,0.8300755312656949,0.9333790919243586,0.8671682768188836,0.9407957961099512,0.8545377983134886,0.8811159110914608
seoul_flood_2018_00723,1,2018,2017,f792ca6fa3b7966d7fa888f7aba498b9357ec720fd74b0d523038cf5741af0bd,site_fold_2,0.6780404311107009,0.9334263011048971,0.9569092926566806,0.8894275284209344,0.9813919119216548,0.8512687001869214,0.9795887670259948,0.6689206698513858,0.9289555931676899
seoul_flood_2018_00741,1,2018,2017,0c53dcd495b829b20efb3cd45350dae6ad9e1f288bc99042e9b015befbc96aea,site_fold_2,0.6434901044862209,0.6023136661949131,0.7635475943399401,0.9053250271841138,0.848972020690381,0.9338403894865349,0.9054773507385774,0.9488767481845138,0.8853743067372529
seoul_flood_2018_00325,1,2018,2017,a83737b63d9a503d7d831fb52ed8b58f380bae7bb9a6ea2c93390c680f809ee1,site_fold_3,0.6365647938007764,0.8892442860668927,0.9167096241648818,0.987647476306701,0.979514085410064,0.987569533620932,0.9787695080780356,0.9600343576765411,0.9619234022350065
seoul_flood_2018_00006,1,2018,2017,ac7d7cf118db0102628ab6d0633c011aa5b6a76e06adea19ae1b020a71924fb9,site_fold_2,0.6213122520165,0.6733020908977432,0.7856872933693096,0.9511630226505107,0.9314822859382739,0.9642467320272274,0.9376019208088029,0.9459637114573785,0.8632484570477496
seoul_flood_2018_00724,1,2018,2017,cd69195557cdbdaf5ce455c634a40f8ef2384631b031d6bf23b3bfbf753d27c3,site_fold_0,0.6783466602770254,0.8764684839925156,0.8982114483114287,0.9716726130964013,0.9884484682813034,0.9723237151054402,0.9890398221371457,0.9714487310769402,0.9829259373415418
seoul_flood_2018_00742,1,2018,2017,281ee18e6f6caaecbe9a202ceb6e7b72f1f1c841efc7b7cee1fc3c5652f3683d,site_fold_2,0.649920535714611,0.6513264594812381,0.731166191018625,0.9340022839661678,0.9780362325381804,0.9325417899134234,0.9800996483035631,0.9739281135995036,0.9879200683067815
seoul_flood_2018_00326,1,2018,2017,0b759919b089a0a22e2f525d49ab414e3f532557f3abde425e5117e4866d8812,site_fold_2,0.6412068954189186,0.695418678194174,0.7521479735871496,0.957703390045131,0.958291996666448,0.9481790529394951,0.9332609821595508,0.835928365877493,0.8511199497457334
seoul_flood_2018_00011,1,2018,2017,1d041d03fe3492d616ef2e8ff830888228eb12026dc49e31cce9a305e5ed7e06,site_fold_3,0.5794141812049891,0.6063902981144794,0.6827559801975032,0.7524944546485692,0.9169733833661075,0.7325904901149629,0.8968122176458029,0.8212679727485189,0.9528805902109461
seoul_flood_2018_00725,1,2018,2017,016fdce57ee065cde1e7a7d9c7335988a9c8740d99386001979a8db655fe94fd,site_fold_4,0.7076497531000101,0.9803933867696202,0.9862793536381592,0.9880847515747422,0.9979478637795534,0.986621674500159,0.9984600603388359,0.9442614790349768,0.9895674271709117
seoul_flood_2018_00743,1,2018,2017,7620be273e51d04036dd429b1780df3112895de3b62b1d436d4774dbb49c4d76,site_fold_4,0.6465431316967098,0.6339238946187258,0.7743618786285023,0.9540228068508263,0.9186166243599183,0.9646243753243919,0.9373935543731304,0.9579107750550351,0.9151496919907842
seoul_flood_2018_00327,1,2018,2017,053d6f8c081d5d4514368aeca0fcac700fbe7e896de8295fc6772f272a3546f3,site_fold_2,0.6160723348342148,0.7814414743027287,0.7720070375329102,0.8896672250891666,0.8506935924380374,0.882079064318691,0.8635755582430148,0.7827664962103315,0.8157906114537709
seoul_flood_2018_00012,1,2018,2017,9df6541a039a93123871f9d79f5b8006457ed47b9ce2268ed5d86a5099fcbcc7,site_fold_2,0.6820002748493674,0.8387812653682759,0.9410035836750944,0.8951474997241077,0.7933971523603113,0.9428751684705068,0.9102771788085993,0.7976734666887785,0.5326522525939223
seoul_flood_2018_00726,1,2018,2017,b7cfe4f3036b3920a9c0cea41a0880e97030fd6eba18c0725e204f88cfc566dc,site_fold_0,0.6706033362933844,0.8186682748149235,0.9694554972230996,0.608419592574004,0.7287516029743176,0.7625115828296947,0.8949482904174152,0.7303127045358291,0.797358607120993
seoul_flood_2018_00744,1,2018,2017,3a238d50e2af219ba4ec25c647463d9ea7d1f63a9a1d239c41f91c75c557643a,site_fold_4,0.6465431316967098,0.49310809408826295,0.600641160675677,0.9485445232057813,0.9161637203877052,0.9487495352559518,0.9168845736666066,0.9579107750550351,0.9151496919907842
seoul_flood_2018_00328,1,2018,2017,c350b7a0650780eee86eed1205b21bc8e309f3758943c1e32321cec0af94c026,site_fold_1,0.6289752158531134,0.7908445454957383,0.7308064307661407,0.9893071239455391,0.9518312728782217,0.9875010723653936,0.9502513515953814,0.9839415464188758,0.9174024651654151
seoul_flood_2018_00020,1,2018,2017,388a682307c61eec5c4cc5e96e9adecbf7434ab3669180ed93edde5abf56ec24,site_fold_3,0.5048407723228268,0.5339158477808658,0.6238967715108722,0.9571154725683343,0.9196061552770165,0.9315890724091911,0.8815160900570277,0.8773701926873815,0.8738199284523377
seoul_flood_2018_00727,1,2018,2017,c750d53cddbd6712ab9b87d84b0fa4436f78f820dbb071fee232eebeb0c9dc63,site_fold_4,0.27683834019524833,0.31833514481545666,0.2517763890758108,0.4264439071279366,0.6278330397311537,0.316885608714238,0.4602299813599076,0.4907826199366252,0.7859850755728317
seoul_flood_2018_00745,1,2018,2017,3522d53dc7424cb162deeb350bf2fbeaae2820630dafe096b0b77802e2cb3cc5,site_fold_3,0.6486051138653542,0.54453657351373,0.6413252060316222,0.918679335102082,0.8804283336372645,0.9010256776525918,0.8574402954788023,0.9375637303947681,0.8559235055374769
seoul_flood_2018_00329,1,2018,2017,918ba9f59e992e22e19d2a2a57747a530407ff0a2caaae7081813c50b7096c64,site_fold_2,0.6283904827090986,0.815951224697846,0.7356620169124177,0.9743134483709295,0.9295125364682125,0.9698683556832323,0.9235439031150935,0.9648938449174744,0.9011962582903195
seoul_flood_2018_00021,1,2018,2017,3b97d95dd112fb934e3360de60c479a157c794139261e92b084fedd6f79a6971,site_fold_3,0.2777467919421592,0.45276309364678424,0.5282206572317207,0.7645049095428651,0.4541628537607425,0.7963645679529312,0.4969570460789292,0.8310931986968012,0.6568270517214997
seoul_flood_2018_00728,1,2018,2017,1567ff21af4f0e60ece05b1b1f97f6688f3122fa285400a649e9f6911f4eb7d8,site_fold_3,0.6695925598445768,0.829293471099502,0.8369620023728198,0.9541030563197178,0.8777748515933775,0.957760822208269,0.9071483671096295,0.8761959789165178,0.7761707436589866
seoul_flood_2018_00746,1,2018,2017,f2cba0d9a3d3f61556a8daef88c437a1b6ffdb591f7f34d3bd05083858f871d0,site_fold_2,0.6356531253238102,0.4870117653450943,0.626983209742375,0.8308152534801717,0.78305797451099,0.8385322363253199,0.8207699119549247,0.9111562743852084,0.8540384379213062
seoul_flood_2018_00330,1,2018,2017,ccc187526c6e506022a98020a10e694ebed7f9288bcab382e7573d1639ce746f,site_fold_3,0.635568522318099,0.7620407207562172,0.6638004137371739,0.9721499194263525,0.8852159345412691,0.9647737788113878,0.8892816933424489,0.958981450949211,0.8467939104662614
seoul_flood_2018_00022,1,2018,2017,37ac8c59899fdee8a996aecc0b960138157b4d540236c004fac05624e9a802dd,site_fold_4,0.6964282766055595,0.7464307069419642,0.7509332428360399,0.996424000164691,0.9828055833090412,0.9962755346656701,0.9779971386490472,0.9879988290698696,0.9571035128094209
seoul_flood_2018_00729,1,2018,2017,c52b915e27b4091750b43512b670caee102702467a59260cb6dc9389b90583f9,site_fold_0,0.5025485313125286,0.7475717537290911,0.6795811781900257,0.7845590441617623,0.6999908872143649,0.8327008302381688,0.6601741270617221,0.24895424246439685,0.14853194338830797
seoul_flood_2018_00747,1,2018,2017,c7edb11248be6812169ef801e912dbf2da345059d9f63db27f0a5fa68b0be9c7,site_fold_0,0.6730133569018732,0.7389747820094162,0.6803122789396173,0.9924179389410089,0.9867702694884627,0.990341014308554,0.9871575594371061,0.9891416820219333,0.9706374183835091
seoul_flood_2018_00331,1,2018,2017,1d35c36c5c8376735746df76324bd49ab4a065010f8d30d93d79cb28dc3150e4,site_fold_4,0.6701852049176228,0.8378605263357531,0.8573601538524062,0.9777952364100133,0.9593900445058401,0.9740654610723597,0.9626303999742403,0.9760641871880321,0.958558565720342
seoul_flood_2018_00025,1,2018,2017,53a24fef9ef8807e2cc28e2f06874c151ec3c800b1fc78566a38dfc78c97939f,site_fold_4,0.6750840694975314,0.5712886972583524,0.40151958422945916,0.8535951671861145,0.8296794582345909,0.8644762263058314,0.8736803630183873,0.8609479727409671,0.8886739044823421
seoul_flood_2018_00730,1,2018,2017,2188fc31bf1b87a414d865159779d5c75063bd89ee3bba3de439f0c8935be81b,site_fold_1,0.6251984549433098,0.8872860161181094,0.935431817443613,0.9789979656966649,0.9849071080839906,0.9826181791368496,0.9864264583215463,0.9662752163189997,0.978912995209736
seoul_flood_2018_00748,1,2018,2017,efa5830a13132042247e314874bb44bc8008ea34483223557638b3c466ae6d7b,site_fold_3,0.6706010528751079,0.6810137797037369,0.5961524153012597,0.9823143667517071,0.9697643412665297,0.9791588669813331,0.972446554722232,0.9852164268232388,0.9553839306932296
seoul_flood_2018_00332,1,2018,2017,381acfff536f180dba5bf633c798bf56cbb21042110d410ba141294bbb24c97e,site_fold_1,0.6515616748362822,0.8106337419714575,0.855706177395919,0.9774238815133252,0.9117119791848581,0.9741521306723376,0.9155720203856622,0.9731953224877278,0.9161646012920616
seoul_flood_2018_00040,1,2018,2017,659d244386f4866b404465faceec6356e38de3adfd161893e5fd8ef2a036df9f,site_fold_4,0.7098878627891287,0.9631002279151941,0.9691230527861595,0.9912406937682059,0.9765299242669877,0.9938875371973398,0.9865127103323923,0.9804527143503461,0.9539178763274097
seoul_flood_2018_00749,1,2018,2017,6d7587c462684477b7bfd3915ed0660269aefa70ae2fb0556af7aa5c82ac789c,site_fold_4,0.5614553792953917,0.6334374718608112,0.7230064492874003,0.9375768144858967,0.8652680111854723,0.9399364462233767,0.8537119405147982,0.7888512017921819,0.5681079216345872
seoul_flood_2018_00333,1,2018,2017,605ee8a54d1aaa4b9701f183e63067ac88aacf7d6bda1ef075ab1637bfd92de5,site_fold_0,0.6502044982484894,0.7841358877049236,0.8058251916659049,0.958277932365221,0.9318609747757253,0.9523407925912214,0.9260958220797094,0.9255750356176049,0.9055668280720218
seoul_flood_2018_00043,1,2018,2017,cda8b7236e56129d5f1016fb65a3cb4103a46fdbfd7644c4b4c8f1aa856ea226,site_fold_1,0.6572367775473521,0.8607196899882511,0.9153869608750174,0.9860418567625048,0.942099734042953,0.9852178962527355,0.9483602307498569,0.9353851751031818,0.8313667637773786
seoul_flood_2018_00750,1,2018,2017,3813ecb1452f6add0e764ae12869927bdd31ead5da2599a59a4786f1c1d338fb,site_fold_4,0.642558132681448,0.6193444947365613,0.7728207430679944,0.8356702543707142,0.6980389107403584,0.8040342844161592,0.6794393176202286,0.8519351905758803,0.6692486915514179
seoul_flood_2018_00334,1,2018,2017,c8a1f2ad0894e015f83443c9267b0394232ddbc3070594550ee0c906ef8fb4d8,site_fold_3,0.6571613259588049,0.7638202211266507,0.7466830641244647,0.9150626905785508,0.9095701541698447,0.894594386929947,0.9060672072527699,0.9209555658747564,0.9289208998400916
seoul_flood_2018_00044,1,2018,2017,b85e697ac2a50ccb96d372f5cc922136a327bc212ce3ef91b6d535dd5a1433cc,site_fold_0,0.6601418613116904,0.5915863027758252,0.46892309395786774,0.9942233917891379,0.9833320128159699,0.9898670237137169,0.9597653459518585,0.978489498668969,0.9350233155402731
seoul_flood_2018_00751,1,2018,2017,1d014c0252c9d1e801cd15c8ef78f472bea4869776885c791bbf25c842eca006,site_fold_1,0.6494132203567103,0.5759760878084806,0.7697527742936202,0.8664436196569448,0.8109938835946973,0.8496181463934926,0.7919744703515855,0.9052548983519643,0.8039459566061044
seoul_flood_2018_00335,1,2018,2017,b2f2b60c254e7490190f41b9c16af5d8de91579749b3fd585287c90ddc3a9f8c,site_fold_1,0.6397451645819933,0.8942901577660906,0.9446822001685572,0.9385430787377507,0.9153818433085024,0.9385126777863286,0.9235919619569007,0.9580068186154712,0.9486735125781408
seoul_flood_2018_00050,1,2018,2017,79f8b2c51da51d091269b8226eaa9c01c48c24aea78c15bf3cdc5ce731a6e3af,site_fold_3,0.6824602544085742,0.6887117503319792,0.7656413114480125,0.9754893288859848,0.9488713652288325,0.9770954911394807,0.9541795263181495,0.971734778937545,0.9254063434711308
seoul_flood_2018_00752,1,2018,2017,4299d7148be312faca910ed1a45c3f59ab862b0ae0e28fb46a59d325163411e8,site_fold_3,0.648588589615934,0.6290575572775562,0.719898196990924,0.9253727656338117,0.8940550702414424,0.9251005345006031,0.893268344401684,0.9328109646006112,0.8418982126555666
seoul_flood_2018_00336,1,2018,2017,58dcf847e10eb5935155f8eaf1b4d1599acff4602e20f9ba360e9e0b5f450524,site_fold_0,0.6324356898017508,0.8737023130525728,0.9421016555127198,0.8592017576142158,0.9432859442480611,0.9107573905750697,0.9614973612909874,0.9057860233131737,0.9682755945257839
seoul_flood_2018_00053,1,2018,2017,624e10d71a7f47b984636b6edb8bdaeb5b127bfda9d61227a0b41f3151c86416,site_fold_0,0.687510302046337,0.7924418243786784,0.8937477098325359,0.9956615694336161,0.9970538263472285,0.993297330843527,0.9952579145423367,0.9785330753851122,0.9821408584197224
seoul_flood_2018_00753,1,2018,2017,326d3e32f81727903e6e38e8d66e8f45c0f49a83fd1d55dc4bf18b1596746aaf,site_fold_0,0.6557423716097515,0.6938353036138701,0.7434642932573007,0.9299921452924608,0.8860763034712648,0.9208791000912179,0.8734662108605061,0.8871495208949348,0.828280495452897
seoul_flood_2018_00731,1,2018,2017,7e27002406c970b9f0ad3eef70363e745220a81e62d98ccc076ed94360476b50,site_fold_0,0.5213451518101788,0.6031409799496524,0.8574884381023821,0.8333668756646333,0.7519247966200973,0.8782273123629437,0.8410662142870964,0.8062101848000254,0.7497878405672103
seoul_flood_2018_00056,1,2018,2017,48b35a72390e799e3ddeeb233e3c32a9ac9aaddacb845ae849a8bcb07b4e71f4,site_fold_3,0.687399060655569,0.9377328443134546,0.9453147618794675,0.9774030948587099,0.9701336804219847,0.977697090610702,0.969309629208146,0.9138733471565221,0.8744072772874463
seoul_flood_2018_00754,1,2018,2017,97789c0161bd76a063a56684677dbb07715ff06ff30edbf9dd137f6c3b398409,site_fold_1,0.6404728379818329,0.6988963572080624,0.7793572394327231,0.8999362834836105,0.774557997950992,0.9197763252922885,0.7864098316745495,0.8884561573823565,0.6779241835988244
seoul_flood_2018_00732,1,2018,2017,e5fa1ea429c64ce2505d006be1fb818f4d0046e475d298ccb992113713754a16,site_fold_1,0.652195768957748,0.7333322974009727,0.536067311258654,0.9734700268748328,0.9778911713538722,0.9736500217943775,0.9728003458068535,0.9518357318794753,0.9747407969916033
seoul_flood_2018_00057,1,2018,2017,21e378c1bde8ed37fbd884d8f7bf3aa6571b63b171072ae0243436ac2a33da03,site_fold_1,0.5183494855076552,0.6531308736694477,0.7237737567842667,0.9941407365023406,0.994403790574393,0.9943806118407849,0.9906007512786835,0.9740417544041954,0.975658335005677
seoul_flood_2018_00755,1,2018,2017,f7652aa85c77cbc87997e2756749f15c92d172deeefd4982fdea8e0c0e1ecc05,site_fold_2,0.6356804735056679,0.4870198177270316,0.6269907590849204,0.8198085804380805,0.7796139588004936,0.8211331824000115,0.813415609424436,0.8977162117114881,0.8428961890461161
seoul_flood_2018_00733,1,2018,2017,1a260a4112fa78b379fdd3363e95fb3f2dab1c04edc8b1adb13fd6674ef65186,site_fold_4,0.649170125755143,0.8082852196104976,0.8198308491401247,0.9754178553798173,0.9439381129067799,0.9853526015379153,0.9646679645550674,0.9712691772790767,0.9811812094987638
seoul_flood_2018_00061,1,2018,2017,dad1c77fbc783427bafba867dc3676e700063a0f8bf0cba6999b50341c608236,site_fold_3,0.5861083583150023,0.8395195827430142,0.9098184708022404,0.9074042763477729,0.9685878747916642,0.9024937083436757,0.9608682994661479,0.8810511384273961,0.9211810410225895
seoul_flood_2018_00756,1,2018,2017,d820383513b0930310149682bf4fa107808fe3139631b684f8cddbf29663c7a1,site_fold_1,0.6422500974076021,0.5763587045107611,0.6975879702543243,0.855664421305763,0.888157911868925,0.8676135336955776,0.8888949386984716,0.9086844346329611,0.9024873106807244
seoul_flood_2018_00734,1,2018,2017,41db34bc751872c31e82c1435d7851e06d4acbddc1fe6a1b119b517cb9da914e,site_fold_3,0.5604752204817786,0.6855760115968116,0.6276604972980617,0.9707083706379915,0.993277551668366,0.9575624657739761,0.9909768486947506,0.9555623946011995,0.9880418497912037
seoul_flood_2018_00062,1,2018,2017,9f7481cc4bd4e573144e61fce0fa90b22b1866ba41db60d60147951b6a558950,site_fold_0,0.3732814365539916,0.3093834742000472,0.307560524060648,0.9383688497078032,0.8956824386526573,0.9220944035738327,0.8086224936776055,0.9576778545429578,0.960334187296146
seoul_flood_2018_00757,1,2018,2017,8bf60aa3320ff1085bdb260f4de4d79abcec85d2751865de7bc81c6e7f5c9230,site_fold_2,0.6356531253238102,0.5599689228172747,0.6958584196762435,0.868373282928986,0.8282556427461031,0.8745150844194067,0.8641285147657676,0.9111562743852084,0.8540384379213062
seoul_flood_2018_00735,1,2018,2017,9a2a6d96d61b642accdc67fe6199408ae6318794974446f6e6849d5d9b096ab1,site_fold_4,0.6694235557785212,0.5822331134724684,0.4321929899752628,0.26758307010305626,0.43411315822000784,0.29711608060081945,0.42080984884913103,0.39675744443251565,0.7473051250611162
seoul_flood_2018_00064,1,2018,2017,ee0fed5c78b685055fd38ef69d86e32bb9b0540bd39afaa2454136cc247e7709,site_fold_2,0.6447409796230531,0.38137047115888484,0.42763922923556047,0.9974838967302143,0.9952118609887899,0.9977826123020509,0.9917497908512032,0.9713776655924501,0.9213010089139387
seoul_flood_2018_00758,1,2018,2017,705e49ec80245d662e9cf4181ff34571db06dfe1e4d68d6be85d478bb8638e6d,site_fold_1,0.6448671922845106,0.578275505870866,0.6990855452368988,0.84191214715233,0.790151738844213,0.840915889342285,0.7995361819616784,0.8843420154192795,0.8037241856027345
seoul_flood_2018_00736,1,2018,2017,3a631fbb8ea1590814892f1b2dbb54dd3a3d627eee72ad04c6730da37e0c1d54,site_fold_3,0.5763416526210583,0.719723607059738,0.6179720835933314,0.981996635570095,0.9732308983112659,0.9897117364305965,0.9676344090171677,0.983683740165286,0.9622493308459337
seoul_flood_2018_00065,1,2018,2017,8eab2f8b57512faca1a4b9278339274fb6f1b87d275b8d9d89afaa1fa7b1bef5,site_fold_2,0.4032586479048754,0.8030288957732556,0.7469471346966258,0.06954752431467762,0.00786646989207142,0.08703003533362749,0.0192551474968555,0.036981189789772925,0.015616610440667563
seoul_flood_2018_00759,1,2018,2017,3079dfeaba1faf9d566c7050ff2ec5201d3799d5b4bc7d5fc23a1983a3885e4a,site_fold_3,0.6551325436936999,0.6932473629679411,0.8023471114955804,0.9308697684519239,0.8552166011869137,0.9388142625493962,0.874529629197492,0.9379678916316855,0.8206577824165504
seoul_flood_2018_00737,1,2018,2017,112344c4987a5f696346382e2b12cbf7f30d7e84fa4b1a4e4543ad0e8ded311a,site_fold_4,0.3637456731619005,0.3447232344985516,0.21658000398762575,0.9818002392730428,0.9762431091668365,0.9820462813029631,0.9733633342198469,0.9885761922200692,0.9924406763489793
seoul_flood_2018_00069,1,2018,2017,2b3e5e6e494b7fe4dad6a6696e4750401a2405216cf6320548ed8ca7ad9d4225,site_fold_0,0.6226522289172728,0.6094031680243267,0.6212068480158689,0.8703251178674124,0.852439209196736,0.8015374676953853,0.7362338493351895,0.7941128484705607,0.8221375933780373
seoul_flood_2018_00760,1,2018,2017,d19d4648cf65ca6ea86331157fa9bf7b652de1ccb3a2155cabc6bf5f2b500ff2,site_fold_4,0.6832780746877338,0.7565125785593904,0.8565072646823175,0.9854066018808778,0.994885069640987,0.9839788797851747,0.9938113841989992,0.9831409506425444,0.991551519944287
seoul_flood_2018_00738,1,2018,2017,b219ab5ae8913d32375632f6109b09c84f177543da505670ae46e9c08117413d,site_fold_0,0.38784977809119714,0.45258300518257,0.3743554497427838,0.9925741508430326,0.9896814214064045,0.9922678438683168,0.9899849362141611,0.9944237231083687,0.989594395435518
seoul_flood_2018_00071,1,2018,2017,7adaa6b8000bc42a464e78f70fa2d413bbf039dd656438fd0e5654cd9ae0975f,site_fold_1,0.62322024814488,0.594210284150479,0.6098615066770612,0.9529970549354961,0.8513656804469041,0.975106432281688,0.909542868888908,0.8949314193232658,0.8069261137604798
seoul_flood_2018_00761,1,2018,2017,649a028f0cab3f8dce663c2991f00eb3df881d64269eedcbdf1a0f16a1ac86ad,site_fold_0,0.6658635550839613,0.700830819054081,0.7685478201185892,0.9958635109842272,0.99063102287614,0.9965238183517225,0.9925986421822188,0.9957519948037713,0.9864967799882801
seoul_flood_2018_00739,1,2018,2017,d1408d944ffa98ee9c0008881a700f860a827354ea90fa56a5140e08bc15ca6f,site_fold_2,0.507527404157397,0.7208874034875207,0.8536923869680523,0.9008984211736113,0.8435000003448493,0.9531980299629685,0.9246367528168866,0.9383662568345225,0.8757308370819367
seoul_flood_2018_00074,1,2018,2017,275e9fc1dbbb45fea3e5c12324184c1afc46cc59e56490e9b814a413a9db3ce2,site_fold_1,0.495852746966704,0.6006716792144745,0.605975526173104,0.9961636281782088,0.9939437407994635,0.9934206186854666,0.9897109696093762,0.975532716214253,0.9601956115595897
seoul_flood_2018_00762,1,2018,2017,51e73d067106dedd680d04080ccf46f7803895ebabffcad1563ccaf312909474,site_fold_2,0.6127374225465819,0.959997345598887,0.9707473948529037,0.9937730338924752,0.9806104893946601,0.9917110548643718,0.9835780261285962,0.9839775933202809,0.9257915366974113
seoul_flood_2018_00740,1,2018,2017,138f9834a140c30fe1cb1013f09b6df844aff508584439948cb9fc3ecb933306,site_fold_0,0.6454946694789228,0.15649752231623626,0.08930612733361959,0.37628093877591934,0.06689296780964274,0.10457172309068598,0.016779236930105704,0.27583215113848647,0.04384907010665502
seoul_flood_2018_00080,1,2018,2017,5b18f1a9783d4518a71dc4dcda4a948cc51404a72c5c09734ee122e18d3f95ef,site_fold_4,0.729038637137658,0.9324112540029291,0.9523472615514427,0.979942668918036,0.980796888667758,0.9826968194359831,0.9859007350008252,0.8995540434964144,0.9128415790881431
seoul_flood_2018_00763,1,2018,2017,2ec78c588853f99c32d1ede1fa1ac3ddfaf067a1b750ed949481cb32e682495f,site_fold_3,0.6411933061479548,0.7061619674704882,0.727178061822642,0.9020962209572825,0.96152940604986,0.8978481241559738,0.9588918455115516,0.7694497905783773,0.9285094725781677
seoul_flood_2018_00083,1,2018,2017,53f21c0284ddea8549b752d3c5ff3be611c28804d4f6564a5f13a1ff0a5b11bd,site_fold_3,0.629200431475995,0.7400964401915994,0.7923530473799599,0.9707888969338629,0.9832503226842418,0.9619529567224999,0.9797251232982785,0.9264505529731843,0.963339765787346
seoul_flood_2018_00764,1,2018,2017,05d3f478e28ca860362a10d492fa9a67f8c033caa6ab9ca380f53048b367b481,site_fold_0,0.6175599631260132,0.5893480754265181,0.5936772921547798,0.4788243423416812,0.602202538816016,0.3149002912565757,0.43401823309527365,0.49963879291317953,0.6253464799168419
seoul_flood_2018_00085,1,2018,2017,0765f22659ab1c730be3c132151cb333cb8e887f92fc902404be8b7a4e4d42d8,site_fold_1,0.570501918694346,0.7054805447709408,0.747139866212942,0.9946108060700454,0.9841331151226586,0.9958621676185623,0.9775763905343533,0.9627642204195634,0.8852827362840744
seoul_flood_2019_00001,1,2019,2018,fcb0a15bb5a2205a02887417432d9ab19ce9374453c6aa345161e4520f3b6176,site_fold_0,0.6518483141918443,0.9255453189790008,0.7475370358003383,0.9980407094802347,0.9967352678949163,0.9905988959844009,0.9856275304485826,0.9866697647706207,0.9665769324604254
seoul_flood_2019_00002,1,2019,2018,5fd8b087336a389f8364b4a246a938ed21be409b952c86585a9f54ddd749638b,site_fold_3,0.33660449942199866,0.6585287958822157,0.37246441607559816,0.21461336396925787,0.5400206137302586,0.3133779691383741,0.47731582745857565,0.1570489565260871,0.43396165944521364
seoul_flood_2019_00004,1,2019,2018,54cd0bb8ec5fe2848ec2ecae95098289bd76d30ee662d04ac03f69be0465d9d9,site_fold_2,0.6886370712155881,0.5646170691760477,0.42640223486962714,0.06114559852074715,0.1419714345094156,0.0158297248685002,0.028685678851662583,0.0035828129206914873,0.01662336898257172
seoul_flood_2019_00003,1,2019,2018,547e2d01ac7557cf394ed69c6db6d5d02025d9fe473ef3bf7490e9270bc0d793,site_fold_1,0.5323279855820546,0.5200961600017278,0.40075291328957857,0.29204722942474753,0.5867196224371475,0.26090863399390146,0.4961501222005429,0.12795579583986288,0.40144271788277763
seoul_flood_2019_00005,1,2019,2018,fd65d6658f5c8b220975c11acba4fd65d878d6713aff553ae1f91f6159a3afc7,site_fold_2,0.6569011786375897,0.514562535188028,0.42415893583203623,0.3889113177962853,0.35821252197045916,0.2236932061430595,0.30611728217669154,0.5045552605151715,0.5801395568258135
seoul_flood_2020_00031,1,2020,2019,60cd8eda4cf981487d922b2bc9e94f935b3640c72165ca20371285f105bfbc4f,site_fold_4,0.6578258506287563,0.7647985803939314,0.8042587707885415,0.9635255107729193,0.9671651622533052,0.9642415131498607,0.9591955467701367,0.9059659317875087,0.9571342988001069
seoul_flood_2018_00087,1,2020,2019,3c515eb667611eba105aabdc662f06d42cc067b6a4d35327bb2f79d1c65ea40e,site_fold_0,0.559943925916961,0.7949150402773069,0.7210824244305476,0.9977763338396224,0.9960547764419788,0.9931687692828157,0.9876618261894863,0.979822897519398,0.9549333648021988
seoul_flood_2020_00161,1,2020,2019,c90712fd2ef2d9873c9b89acd3eeca11a6a7a57e145395af8d2a70433783d621,site_fold_0,0.6505379682636035,0.564909514198434,0.7076662483088075,0.2814794762718744,0.09742757493532213,0.387932214332149,0.13802686711219414,0.2724377624851561,0.09579477593411223
seoul_flood_2020_00038,1,2020,2019,7222b0a726b4d6c589b7367aa03cd95be294d02ac9a05538f65edde4b0fec905,site_fold_1,0.6658606302997647,0.7899051903127077,0.8504413143636522,0.03195662566337277,0.018163245447217456,0.04890759617100599,0.031418111205010125,0.02391353284874215,0.03744252534962994
seoul_flood_2020_00032,1,2020,2019,cb715ed173479e77ef2d6ac026302a54a58d9972f9db28988c05158b74d71cf0,site_fold_3,0.33358800964975643,0.40622619352912986,0.32200660834298944,0.20108135479747213,0.43500356965421144,0.12543535697297364,0.2314200444084137,0.10297068769259607,0.14349155001712374
seoul_flood_2020_00008,1,2020,2019,18a42675611639157295738f87f0005ce33c610aa2b3bc131d1c81844bbf3344,site_fold_2,0.2895343036517088,0.23266028519576445,0.36964754992924254,0.026381877437787752,0.010652072624569913,0.04590197952620529,0.021582445231947328,0.01874773196560692,0.002830823003186044
seoul_flood_2020_00162,1,2020,2019,18934a7e51159b2f8bb68012fdb6bd5b0f75ef97656072bd5eef4b836fad42ac,site_fold_2,0.6025684428215681,0.8969111768862126,0.9400262790375732,0.9148404072280993,0.9896800997124039,0.9391112154405826,0.9906544035118067,0.6803125466271078,0.9311827255148397
seoul_flood_2020_00041,1,2020,2019,20f45fbd0cd6c1b2391ffe209cca7f6998b68037228bc730a5c77074aaf53eb2,site_fold_0,0.6360744031256255,0.5003775919285455,0.5589509083790877,0.6987886616166943,0.3218150584946618,0.7888814865298092,0.4641009821980796,0.7668925660015361,0.4116572633656485
seoul_flood_2020_00033,1,2020,2019,ef6b220ac91c0f350535c2927f95ad072f275f16ff047695c8ca1b82121c76c4,site_fold_0,0.3899775995615377,0.5405950418867764,0.6902487306342135,0.8988669047318123,0.7447045521512925,0.9112999482596512,0.777662761934276,0.8722705287024082,0.7082862715530848
seoul_flood_2020_00016,1,2020,2019,e10a1d4b0b322dbb7542eab7927bf9f8e9d224d52e55caa6bac671aeb120f13f,site_fold_2,0.6107118342708135,0.7261495022719906,0.7103221584721666,0.7318209998608761,0.9038236199865827,0.8275583403814102,0.9286011985429127,0.7219092855132733,0.8861837756424057
seoul_flood_2020_00163,1,2020,2019,262d20d84cc21b6ee00c5d5c466254ab88ec02c9f15fc316248a69cd528083f8,site_fold_0,0.6176356834656416,0.5308018754167173,0.47143337788308787,0.33533119391068483,0.3656083594612498,0.19623334752397878,0.19413349620864512,0.1513648825584618,0.3116752951473476
seoul_flood_2020_00155,1,2020,2019,f4b457f52bf5d3e32988f5e0f4e9e9ab2afcfa6bfbde1a658ba24fdee3240d98,site_fold_1,0.6325547640145551,0.5121230250002744,0.6346357718568825,0.9653210497986684,0.9691988315995345,0.9781088006792129,0.9646509235195716,0.8974991518420689,0.8146807067091913
seoul_flood_2020_00034,1,2020,2019,10c46e4c62d7fdf5ed72a30e7772ba427dc77d249e30d5db3813c87d6a25358d,site_fold_2,0.6613189773427309,0.8902616963493568,0.9312812613351239,0.9712689832468164,0.9109317874288752,0.9775495717204071,0.9192351429448052,0.8986914239673549,0.8146432940934859
seoul_flood_2020_00017,1,2020,2019,75b5b3fdff7bad158fcf1d9e2521788292a2fdd529262e14a8c3c7e1065b5167,site_fold_0,0.6847372540309662,0.9083265936139522,0.91644102962162,0.9158558777680961,0.8925861404299863,0.9426803594022187,0.9079600918725291,0.7932422879294172,0.794978195158316
seoul_flood_2020_00164,1,2020,2019,d38c663073cd86f011cced4de194b87e1b9d16bb8b5389e5ccf62d2aa8ebad41,site_fold_2,0.6795161841497551,0.49916587181321553,0.6126568842319489,0.2450044619107306,0.40560077093209057,0.3285286278881533,0.48250000399611587,0.16127787257666004,0.22974282845101845
seoul_flood_2020_00156,1,2020,2019,3555de32ff588ee5c192166c9fc69526e5cdb8a175dba83f459952df5027364b,site_fold_0,0.6425208379891102,0.508044462069283,0.4052836365198347,0.8525210181647876,0.919483307234051,0.8611961607079518,0.9010112334457493,0.7180259619265428,0.7505447851145418
seoul_flood_2020_00035,1,2020,2019,7e6c491cfb15eceaaa54161669de732ec9dde775dd0633a75e28ff537399fb74,site_fold_0,0.6816548140489581,0.9003602496493557,0.9477482944213852,0.9313755072226583,0.8931632397834256,0.9404554288024828,0.9134257179268696,0.8953142217577327,0.8654026395251501
seoul_flood_2020_00024,1,2020,2019,08886a1567bf070a2898b735962da5b5637940828754011bfd419b9efba0e6fb,site_fold_0,0.5781800614938403,0.7109287738582919,0.7834574510403837,0.3216122085319642,0.12566249686335706,0.36448549411769454,0.17425867549160876,0.34828110944145374,0.10178721293043605
seoul_flood_2020_00165,1,2020,2019,40392281aeb3adb0c0778c84507c484136bcf21550dc3461d47533208cc16d0d,site_fold_0,0.6896929874189963,0.9047680006127726,0.9111706309503658,0.9755192206321739,0.9960149134001156,0.9702934116601524,0.996979192803283,0.8081267198973886,0.9809733128083893
seoul_flood_2020_00157,1,2020,2019,7b2db85225e0120ee8866f4d1af9bd2aa38f479e3462310696a9b7979bf3c97c,site_fold_1,0.6384456341698489,0.6856390598870791,0.8186924243659066,0.9997267864808576,0.9932453537852087,0.9997785184565183,0.9945879931083974,0.9627238225832182,0.8049038744700643
seoul_flood_2020_00036,1,2020,2019,a40d0bba62c999d879457048f04d7b8deff936b8ce065f1b93ed9f9b9add1779,site_fold_3,0.5931806070995431,0.6664063416871643,0.7556566929282789,0.48572322251801686,0.20201645308372018,0.6077769566390493,0.3174928093644336,0.723020715503417,0.45265574750035387
seoul_flood_2020_00026,1,2020,2019,60c400e61de242770e7da27016af5b1594a883cf59b9a9d86a72b9faa255f301,site_fold_3,0.6063849319368646,0.8052601817029698,0.8225648539482863,0.9280634465533112,0.8521779593588957,0.9504697828561596,0.8556916560796803,0.8264041283039398,0.5991046182111578
seoul_flood_2020_00158,1,2020,2019,0ebe6e4adbc9b4123af967a249ff6160cb782d1ce30ef79fdfebfa0de565d9e2,site_fold_2,6.279967327890571e-07,2.2527557692567153e-11,2.3213742563403675e-12,3.644701904531041e-11,1.1374974985500572e-07,4.783890295877515e-10,1.834456210739561e-06,0.8172369887282398,0.8978450666263663
seoul_flood_2020_00037,1,2020,2019,68064bd8597c3a2f5dcea7760664869c422926f714498f30c771c4ac7d10c12c,site_fold_3,0.648530303360704,0.53108815289619,0.7146084764658814,0.19997291289685803,0.23611259392609588,0.2344629776793045,0.3637617285852471,0.34365069152592087,0.4169919370964674
seoul_flood_2020_00027,1,2020,2019,159756d275658a6eea185326c1c8b8bdf783cb6ed665eec07e2c6cfd1f90fd46,site_fold_1,0.6342785837235349,0.9891378667085337,0.9914651570106024,0.9997863842927545,0.9996920071813221,0.9995840845907288,0.9990716054944239,0.9954394875737947,0.9869000687742433
seoul_flood_2020_00159,1,2020,2019,19c1885565e56c290d21634561050e4e1cc121630fe7468379a765458fc7dd94,site_fold_0,0.640860795193161,0.6919474078882545,0.6007875311824459,0.9945843956275187,0.9950544170187743,0.9937952521653751,0.994040192917447,0.8925887478760287,0.9456293093330783
seoul_flood_2020_00052,1,2020,2019,8f04d29a85b032d3db48171fa74a0e015c47781d33e5eb50b4beb7c8e972e2d5,site_fold_3,0.6692978847023819,0.991079971089766,0.9904227076243814,0.9942191831272049,0.9956868071166751,0.9879449658241868,0.9912470094799588,0.9299166136119547,0.921678453375072
seoul_flood_2020_00028,1,2020,2019,e311ebab0d1322dd22364ea30cd114fc805926a72b5d28893510e9a4da436f4d,site_fold_0,0.6542575483772358,0.9919912499509722,0.9933188644351377,0.9989406181942079,0.9974829636113537,0.9988705108771857,0.9974384818217492,0.9939964912623384,0.9796080091069943
seoul_flood_2020_00160,1,2020,2019,456d2ad59c7004e996a1bb2640f7a4c7791206f398afcf1712627e80ebbe03d5,site_fold_3,0.6440606599172103,0.567599157992005,0.16540170812707644,0.2789651239362405,0.2527046935211379,0.13007603773639415,0.13304181243418461,0.20774836147839043,0.11258347563073974
seoul_flood_2020_00053,1,2020,2019,e92a42c30861ff8dd3c05bd15d469cecd2a4a795eabff79eb9735e228dfa1377,site_fold_4,0.6671360578486372,0.9311699939723597,0.979537535520646,0.9573890275190409,0.9827837279412072,0.9640346625815897,0.9811336592062707,0.9521089624177557,0.9754359227718146
seoul_flood_2020_00029,1,2020,2019,e54e33160a2670c6606515444b193b0c29f0b4c0ce102243371879c9fa07af70,site_fold_3,0.6833715944757319,0.6222588398838222,0.6435908598718347,0.992284276083085,0.9682984913665159,0.989993333134858,0.9556494851208323,0.9834228451328598,0.887457569370142
seoul_flood_2020_00054,1,2020,2019,903fe509e1173017f2664fdb60235e5c0fecf5698740e6cbaf813caacf9bafe2,site_fold_4,0.5558163481088205,0.8089994897196857,0.8083458700355002,0.9012701601834602,0.8548126079353419,0.9220052968819478,0.8907100449495016,0.9257839714234012,0.888032496299868
seoul_flood_2020_00030,1,2020,2019,4892c95f9d4be5fe6e9e807cecd47c952f44a5088c5322e9a089f89958183f58,site_fold_1,0.6275192511197145,0.7731113528617463,0.8031290228583874,0.975422925891932,0.9880270272510139,0.9442554873278167,0.9674512813128415,0.6736960326220645,0.6675547354142126
seoul_flood_2020_00055,1,2020,2019,4da29f2b0d9cdcc836f9470f506600c4a9c7d272b3e99196aaf402c8da14efe6,site_fold_1,0.6472079533404638,0.6384342226049483,0.7853196477742874,0.794353885915713,0.5110818161390946,0.7517936595039727,0.5530851571286547,0.7084954689843452,0.5905409278404081
seoul_flood_2020_00049,1,2020,2019,11883d7fa62f924dcca67e6b71805e13ffe7284cfa99d3aab7e71251afc42871,site_fold_3,0.6600695336926864,0.5574838912618668,0.6117058112609829,0.7328564510042717,0.45226019365458525,0.7915607126470462,0.44795323745834753,0.41160302833436174,0.27349033782463805
seoul_flood_2020_00056,1,2020,2019,fe81cdb1e697e8d9d4e8a80b1d37984835eaf1d7832d50438399759015467427,site_fold_1,0.5903347076033819,0.665619358361548,0.7431984778873765,0.5913768310581529,0.5394074787107677,0.5182674181270043,0.5292036382521231,0.8159635522432179,0.7635574146540101
seoul_flood_2020_00050,1,2020,2019,c16f2de5175ab6c9c3347be190453bea3fbc24fe1f20f10b5b6eed4088860d86,site_fold_1,0.5616715177756845,0.5309973453280072,0.5183645506523343,0.8931110700139326,0.839070326686202,0.9045791794440657,0.8401941936289302,0.8474221677363658,0.8458028480078191
seoul_flood_2020_00057,1,2020,2019,85a1a4d286c1a53ca36fa8ceeca235ad1b2f583d127de7ab084cc0882321ff74,site_fold_4,0.5767260496256729,0.6404196762827518,0.8075321431373291,0.8086116704647306,0.6222098870898991,0.8455958744422706,0.7519632194275416,0.9161618466495509,0.8459016298607629
seoul_flood_2020_00051,1,2020,2019,01b405d8db875779338248b392bebddac1a9f6fb16604928d371454ee69e0204,site_fold_4,0.5217810819897365,0.4675847136431633,0.5100235061063789,0.6519836846769294,0.5064966530609447,0.629842922443979,0.48353462840510697,0.8506546052753542,0.7901778114746174
seoul_flood_2020_00058,1,2020,2019,6d3dd7eae848fa7d6717b0f8ee7631b0158b96c9cd6f237d2c2e4c179d9af571,site_fold_2,0.6802018064932372,0.8717132599309373,0.8713521683969682,0.6759679194760525,0.5506001672480298,0.8510601952284831,0.8301965011536985,0.7424602857073599,0.7652139979910314
seoul_flood_2020_00059,1,2020,2019,e5b2c0eae5350cbd21ab8dc75a8db32c3f296c350d962b4a4bf95ca07aa71bb7,site_fold_2,0.6269790750294301,0.4094088335212299,0.46901590409714566,0.6958989031946338,0.6690593371817731,0.7331272465880311,0.7116640315295573,0.7673205800536111,0.6478427834853588
seoul_flood_2020_00060,1,2020,2019,dc52b7037a37162ca7aeba0c259fcd2d421b8bf018e5cc39e00ec8d22374ef17,site_fold_1,0.6654047139340404,0.903452355327759,0.9298611855544413,0.9785037219972372,0.9139267238171942,0.9827624804571058,0.9427802940435722,0.9564793726138917,0.8729607803269849
seoul_flood_2020_00061,1,2020,2019,63766b2550ac2953f858ddfec3231520fd87d6dfca7d9e0ac9c396ec7684e38b,site_fold_1,0.6627818768563202,0.9030694685521198,0.9296129891851692,0.9746384074969778,0.9795621309488047,0.9799170719334702,0.9856827420414133,0.964817929630253,0.9609170236441931
seoul_flood_2020_00062,1,2020,2019,8266c76f416d89566523a98da79764c403297610b0a135f5a5ebe1be9695c216,site_fold_3,0.6735011290394689,0.7289179194272043,0.733512501306139,0.9190398369074427,0.9208535757165409,0.9304889770031521,0.9248016582312883,0.9246559609848078,0.8945319517262518
seoul_flood_2020_00063,1,2020,2019,df5c84717faba2883b1eaff076e8fb3415343781d918d34433bbca08fcd8e080,site_fold_0,0.6579685168932043,0.8661013503668856,0.897803069724691,0.9167343759627462,0.942799116612287,0.9316076611395737,0.9525521863543177,0.8902174471265255,0.8914407618283091
seoul_flood_2020_00064,1,2020,2019,e99e51efa4aad35446fd6eeed904db223ad457aabb180255994303345c8ed2a4,site_fold_4,0.7092884041836022,0.9165590950156898,0.9213160152481182,0.989070805228528,0.968395577778427,0.9884890562557298,0.9674329908966732,0.9449392513952344,0.9131179622551657
seoul_flood_2020_00065,1,2020,2019,03f72303926d55a23a3475a8ba15ff8d5fbd5acd435609a29c889cc220ab2047,site_fold_3,0.6871434056100213,0.8832013399724526,0.8429260663458571,0.979003868950279,0.9817240573456699,0.9803907012951464,0.9784376994949976,0.9351231523453021,0.9167713797041623
seoul_flood_2020_00066,1,2020,2019,8346ac8e8c0e93102650b8a71656bdbaac4d11ea774826e6cd08a89d08ea03c1,site_fold_4,0.7092884041836022,0.9207986050832279,0.8947741543279495,0.9894869461158482,0.9730015228797407,0.9896129450343049,0.9711367945888993,0.9449392513952344,0.9131179622551657
seoul_flood_2020_00067,1,2020,2019,058fbbcdcf0d4578013e341b772cf94f2a02c13400f39a0c2c101529bad541b0,site_fold_2,0.6391118856191393,0.9709169444028761,0.9750122249814707,0.9937811784372075,0.9969052389456359,0.9951759125074724,0.9967422377146155,0.9680442393196856,0.9840336309333872
seoul_flood_2020_00068,1,2020,2019,d42b20bbd4e6bc379486f37ee4112e847759b2099f5dedb9a751a364e5621901,site_fold_0,0.6856589646249751,0.8953178745058076,0.936556039183005,0.9795788638416923,0.9518448630284909,0.9875996407867321,0.9797587484415389,0.9890122401735628,0.9687473895632082
seoul_flood_2020_00069,1,2020,2019,ca563eafd2455af056608fba6c9ac053308d757ff5046eab790cb80c2a839fc5,site_fold_1,0.6639381728464931,0.9015802357575465,0.9143344447441781,0.9584756403363409,0.8504260831042108,0.9653397234451524,0.912848982241358,0.9590681002328316,0.9032060953910414
seoul_flood_2020_00070,1,2020,2019,aa4fc57098b6444a72f7e54fad0bd94f7d13e0ed964d0da4f74baa4a28879a81,site_fold_0,0.7033615255369466,0.8947841923420463,0.9358610485070443,0.9658064153213768,0.9630143119729632,0.9783394070710192,0.9827611715312852,0.9718803702084805,0.9735371709386788
seoul_flood_2020_00071,1,2020,2019,eb16dd72df019be8aaed131448ff14d6fa2e90652a14ac21d8168900287d1771,site_fold_3,0.6808396277388328,0.950041203665083,0.9581173593757241,0.7629423545977808,0.8135069124971318,0.8485480302717915,0.8614644148108449,0.6073054762562823,0.6932677519646401
seoul_flood_2020_00072,1,2020,2019,ddd0ee00f74b24696844c4bf71e040308c72a4828d9cf64169a64e13cdfe5cf1,site_fold_1,0.6004795554174266,0.9035727972282127,0.9103469503264372,0.997546192866647,0.9975606559185769,0.9924633531565262,0.9916052152126754,0.9552204144982831,0.9579881619117675
seoul_flood_2020_00073,1,2020,2019,df6af837ab1e8ab5974dbc7660158495b8788ed4c013bde7047e1bd168e85eb4,site_fold_0,0.6854003582592952,0.6871000166568225,0.7595183555365641,0.8399092769830336,0.7717769162456039,0.8387850470047651,0.7674449785957816,0.8715130441072633,0.7662251303565781
seoul_flood_2020_00074,1,2020,2019,2cf7023a2041036172a96ac21f090d9cd58b1730cc9f9e95a6c212caec306f78,site_fold_3,0.6857215956633705,0.7375076899627049,0.7395441517687893,0.5341324929214298,0.5411728317943718,0.5682704601514611,0.6047945191088704,0.6082637618794925,0.47838745879249
seoul_flood_2020_00075,1,2020,2019,e798af31805b93f2a373a142b3747c8dd0ae6e681f2c5a7759cddd703fd2d4b9,site_fold_2,0.6496656748009021,0.7875810872506137,0.8171000413543241,0.8127232882720438,0.7203676461496256,0.8813852930947234,0.8155025259057542,0.7829718338483423,0.6408918649253063
seoul_flood_2020_00076,1,2020,2019,847fee03f196da88ca147fdf7626ad98f52286f7ea498dd829ca73fc6754a405,site_fold_1,0.6707444496141375,0.8747075159794302,0.8393575858808408,0.9594775474256055,0.9537576600798343,0.9715769339239176,0.9562719612351013,0.8950941843382515,0.8836459215154906
seoul_flood_2020_00077,1,2020,2019,ec99fd509b9e2467c4e1ceff5f845246f9e79dccf916d6cc7264606f24baa3eb,site_fold_2,0.6602990553344598,0.7799888766730511,0.8666920579047833,0.9696028256915014,0.9860104346906282,0.9700160430651499,0.9848761769040262,0.8728758281147796,0.9469453361290218
seoul_flood_2020_00078,1,2020,2019,2a970bd1e5da9c66f6c1d11324148b0c4aa0e7d91fd8c59caeed1de1c30ab379,site_fold_4,0.6775889335036296,0.9628779211001754,0.9735919426301756,0.9597741083513565,0.8972732934468064,0.9697423590138705,0.9376077916176978,0.9493274816195074,0.9148423204071325
seoul_flood_2020_00079,1,2020,2019,5aa2d66777c3e62df2fdb8eba1789b466006935c4c7891a25a62d120eb0a99c4,site_fold_1,0.6779953119031732,0.84838053874135,0.8628771052371838,0.9161803441680604,0.7276316207038654,0.9399594117565327,0.7778542269884032,0.7839895091098729,0.5622772006900592
seoul_flood_2020_00080,1,2020,2019,ea0d9b27de5b3a497afb216d359db965021e8cc09be25f62cdbc2de869da116a,site_fold_3,0.684305034455658,0.7081175170553982,0.6896279819028963,0.9794880760460353,0.9883076032545862,0.9731020065102286,0.9801263024856729,0.9174876993399499,0.9657952947217805
seoul_flood_2020_00081,1,2020,2019,f013ca10ef383f71858c29d3fb13140635d86a1ce3ec15fd5b0453fdb37c02f3,site_fold_1,0.6355266671906203,0.5501496692640843,0.6069442983135183,0.9071149194797109,0.889635016562687,0.9206319299962932,0.9316374180794084,0.8757622989580516,0.8684092931601689
seoul_flood_2020_00082,1,2020,2019,b89594e6b2febff01ff6a0c0643adc8e4dc82e340c686e371c14308620dd0fea,site_fold_4,0.7044452956377963,0.7652678074130703,0.7274152769566901,0.6665989930156967,0.7810176754847411,0.7934125721112033,0.850895746620931,0.8145759024042831,0.8825565040058984
seoul_flood_2020_00083,1,2020,2019,713f69f5010d35e7e66d51cf3ba9fe812d012df85bfad7f672554d4ac92faaf3,site_fold_1,0.5820377907130626,0.7498433913961513,0.8108184762509674,0.8275631406518014,0.8880471620613035,0.8316368592873944,0.8616703519575366,0.6645495681910882,0.7733795334002785
seoul_flood_2020_00084,1,2020,2019,a6975803fcd9ed59082319f235a19be9cc856dc8e8022bbd04605b4189502d25,site_fold_2,0.4844941656704496,0.720759050208508,0.7277423406120741,0.2784327458063964,0.7021550451318945,0.21638649012744862,0.5972788323458127,0.24696406347535083,0.6833643418788895
seoul_flood_2020_00085,1,2020,2019,c20bab6ce4577490838ddb71db53f4891556cc2f04806b8d6cb43622ce57bbfd,site_fold_4,0.6870767959466806,0.9954736159966843,0.9951235597176282,0.9932054005878578,0.9955014905811117,0.9877078562728329,0.9962871536159238,0.9530491410098588,0.9813380682117478
seoul_flood_2020_00086,1,2020,2019,4e19ce88d34fe87d0a2a5e11416f6eb85c46b0fcf2e107a638f171186779bbd6,site_fold_2,0.6747244747093366,0.9141615138894982,0.9399296290254215,0.9818192871830727,0.9597542082503093,0.9774903026414955,0.9579063135610177,0.8640190443191736,0.7629813619985182
seoul_flood_2020_00087,1,2020,2019,3ea925bf459597c5b9524d19ac3179165e43e6bc3969bfcf1a837070522a3fbf,site_fold_3,0.6754140047741576,0.7223202247771628,0.6564075272219799,0.8553819852575305,0.956369051800962,0.9399980023719489,0.9742617065236899,0.9509424065517608,0.9688887078259718
seoul_flood_2020_00088,1,2020,2019,0513a2f379edeebf9f8641c008b9c7e1dfa57ea729522adafb9c73da30072a3e,site_fold_3,0.6931964038724497,0.7502988529334008,0.7251685544154998,0.7708176323090725,0.5640068984339903,0.6187836723325673,0.4986068986886044,0.5145496209080479,0.2736736757398092
seoul_flood_2020_00089,1,2020,2019,884e85d417bfc975175cd72cbd65f4c35646555ee12ee3400d790f91665881ec,site_fold_1,0.5158059350535422,0.5680722408945001,0.7660381915689485,0.9383079842566285,0.8000772134754943,0.9321573148337177,0.7885933598122861,0.9365550875265783,0.7813100079793558
seoul_flood_2020_00090,1,2020,2019,02b5a35da5c0d1c7b55d751771925c966c8fa2149315a4ea571297a2e00589d4,site_fold_0,0.6068529766702018,0.5676173635510277,0.5705855336730541,0.975663397572538,0.9419001632700998,0.9689407345642553,0.9200372561829185,0.9643926551078413,0.9445952434884269
seoul_flood_2020_00091,1,2020,2019,2f940a2629c365a7b9e2443e66b0475548e1e3c806287a3668631816edb4c76a,site_fold_2,0.6704605516501875,0.998753860213745,0.9986475233779629,0.9981055677577626,0.9992270987983627,0.9984619097154617,0.9991665435760518,0.9838230950236644,0.992385177823464
seoul_flood_2020_00092,1,2020,2019,ee1c8e078be4900323ab65b222f58829af044f35e5a1a009b24b1e855719d373,site_fold_3,0.5159960443118629,0.8684606459615704,0.8573944435494976,0.9981156775820225,0.9977775485479368,0.9964381228826598,0.9962859138263644,0.9924870151271062,0.9900071447738984
seoul_flood_2020_00093,1,2020,2019,632b8e96246333277e4d39daadf7dababa6b4157490016c2140a055401220e2e,site_fold_4,0.6963174027155027,0.569192499892242,0.679947772092744,0.9004289422421722,0.9218657931526026,0.9244483572004605,0.9389111135172673,0.9279467965635164,0.9216151392256315
seoul_flood_2020_00094,1,2020,2019,27b3be534d925c2e739b1225e7178079f898526288912aa01fe40a8ea9d9f566,site_fold_3,0.5996898174407052,0.6956701581881123,0.7933915807739326,0.9666451338501606,0.9710528075369692,0.9702576474896001,0.9719755976572445,0.9864049998954593,0.9753801203230262
seoul_flood_2020_00095,1,2020,2019,0d59208c254d5ba3ef1452a38666a492dd0a7bc57c585d5d69901544caa14cbf,site_fold_2,0.6758898775523877,0.9948480094851466,0.9951393431730943,0.9948898377551871,0.9961947520859902,0.9967262760909331,0.9969410243400973,0.9719408419312013,0.9754416951405713
seoul_flood_2020_00096,1,2020,2019,2f638be1e5a53380c3c0717fb1c4cd1b049457fa6ebfab2e672087a582e741ad,site_fold_0,0.7036694829391416,0.9696021726708628,0.9829109811005733,0.9785501890123328,0.9572743152779558,0.9835711104293495,0.9763263282971889,0.9536725858229228,0.9128410095495301
seoul_flood_2020_00097,1,2020,2019,0659d1fe4562f7d74b5948a58a76afab170728df7447d0ef6dcf6d4c783bb660,site_fold_2,0.6306991023891088,0.37260719583952334,0.5747787995239874,0.36975275165734095,0.38644253807569734,0.42431762718469573,0.48338434709603745,0.5413314299048386,0.6236775664820583
seoul_flood_2020_00098,1,2020,2019,ca3b181429a7329124cce9f9f2b96cb34be7cf2b024ec1f7414d8ce713bb9465,site_fold_4,0.6900908170523742,0.999063366566689,0.9985540490260943,0.9961954831890965,0.9966149063641095,0.9935094043041979,0.9975352828155856,0.9801312968415883,0.9939202611450179
seoul_flood_2023_00010,1,2023,2022,cdac98a48f34f783458e25bb71bec50a9941f951adda2ef1ed119a8d4a0828ec,site_fold_3,0.6798150899762316,0.5934492106190237,0.5085303760230416,0.9524577024818137,0.9902333390242052,0.8887413584880953,0.9754275200012672,0.7878025533756956,0.9458063387534346
seoul_flood_2023_00002,1,2023,2022,56194f3b0d4ef83211b9500e873a993b7c4872605ad975779d5bd2204e40cc9c,site_fold_0,0.11714754327486351,0.4778849301119072,0.45783210936451635,0.0762102583628958,0.4491316885319299,0.09606137545425862,0.3456517118064643,0.07693346130105042,0.37253982659216833
seoul_flood_2023_00043,1,2023,2022,248fd4f18691def34c6601546f753c06d11ae98cf78256a042219048350a4848,site_fold_4,0.4523420945846725,0.8889517417032224,0.864030256483646,0.956158147359335,0.9047964568008309,0.9257606619354741,0.8711022485378331,0.9285570394199082,0.727587541519144
seoul_flood_2023_00044,1,2023,2022,2936fe9484566290154a4a78f1271b029cc6c88fdef60a4f432e5bf00e8a5520,site_fold_3,0.6873327982395719,0.6688672777405662,0.7141554260923128,0.6715165149693649,0.8805132706753069,0.7692520007361555,0.9474584651663058,0.8327764554888811,0.8994858587134418
seoul_flood_2023_00248,1,2023,2022,b2b9daa097bd03ac3b1154ab1efb93273c2ad4ec5b9113697c086a095b80910d,site_fold_1,0.5980610435714645,0.8865151338872262,0.9419884960808347,0.9955356688083882,0.9983736895373938,0.9930542209855897,0.9980735596091609,0.9631611221274896,0.9779616439538591
seoul_flood_2023_00004,1,2023,2022,d3a0fe4a01296db4593fc36df0fde0ff144cc7a56203125c74004378d0a06b99,site_fold_4,0.6116730865653344,0.66096622333817,0.5522639703811921,0.8330662646632383,0.9016657824956223,0.8319553647883541,0.9107150835213305,0.8114400307309684,0.8956240212338202
seoul_flood_2023_00070,1,2023,2022,e02228460eb8c581c0556701b02567d9bef77a390613b7e41616f20628f49750,site_fold_1,0.6069459954899201,0.5568394483449354,0.6682350609704211,0.9982055421899851,0.9946534495739812,0.997535893605568,0.9943918859066119,0.9946582389055856,0.9835929929194712
seoul_flood_2023_00047,1,2023,2022,b4a159bd3df0eaa57b55ef4da2c655abebf1329fc1a2c1f4e393a61eb888fd51,site_fold_0,0.7015303270417899,0.7869620760000594,0.7695191786675273,0.8392471504572506,0.761392924387044,0.8777995002967485,0.8237964262335269,0.8414115971531326,0.8048823732723753
seoul_flood_2023_00009,1,2023,2022,70157f5482cb159b3b68e48336c450e93766506e243cdf9eb03590b5bc45596f,site_fold_2,0.5449744091303499,0.5509852583308479,0.5108675574981734,0.9460555692623431,0.9111699492639228,0.9592553086255724,0.9164965321537303,0.8228223562618256,0.6150763038790454
seoul_flood_2023_00071,1,2023,2022,017ade65ff0240adecf03eb0741307ea502590ae6c0ef638e6e9f384025b1f8c,site_fold_2,0.6384552334767122,0.8685986217203409,0.9225312350843651,0.9971790368905846,0.9952228957978738,0.9978359991658473,0.9957348705318592,0.9757298376294699,0.9726048974712458
seoul_flood_2023_00059,1,2023,2022,51c0f0b21f81c1e61262409620f2b3be9b562fa300bbdcdd2dd94f5aacccfb02,site_fold_4,0.5823208490819841,0.4638243946325612,0.5293627734238826,0.9441641730964181,0.8527487798732747,0.925174387221413,0.822108194395244,0.8901034240438686,0.8841527474530068
seoul_flood_2023_00012,1,2023,2022,667e30e9a3f7fb988cd90180a9d904755fa591265581c0609b8d81e4deb93970,site_fold_1,0.6214241702607896,0.609426963818633,0.5764442910060101,0.5493055697024517,0.7416600257711633,0.8214200951448943,0.9119411848585506,0.7406020962536416,0.8972564726740697
seoul_flood_2023_00225,1,2023,2022,4ea0938144a26214fc7cd3a870d4a3879c6bc8a8b7a1be7254dce6517520b228,site_fold_4,0.7049941739544275,0.8237983562914819,0.7445469394568381,0.9687736154589232,0.5803772425118959,0.895530557401144,0.3422388611689319,0.7935446381198665,0.12974070127143228
seoul_flood_2023_00067,1,2023,2022,2b039c27036068493acf6918e3daa9e63f32629a1a6faca59390d100614c1013,site_fold_1,0.658932966366723,0.6170926687769296,0.5661880445668378,0.6904325536221259,0.7069849287716644,0.7156530054636706,0.6693214248953524,0.5179317962291519,0.607333322461642
seoul_flood_2023_00013,1,2023,2022,80a618b88b8e6324b97cbe64c342ff6711e3161d146da345ab6070b95880e439,site_fold_4,0.7095906074760038,0.8106814493986351,0.6845146494440757,0.8707149507702575,0.8041215766890721,0.8668318988559908,0.8315119957969096,0.964503378453725,0.8978479885518598
seoul_flood_2023_00227,1,2023,2022,f5de86b449cb8e2ee3e8157a80068b892f7e3c9b0db6a16fe8637184ef8663d6,site_fold_3,0.652312531402089,0.6544844719634263,0.7459776636745429,0.8702639702386243,0.9608663171019605,0.9511563317378867,0.9885794094102253,0.8776456370681666,0.9005173201659719
seoul_flood_2023_00068,1,2023,2022,fd65d6658f5c8b220975c11acba4fd65d878d6713aff553ae1f91f6159a3afc7,site_fold_2,0.6569011786375897,0.3696849635620595,0.4283797194567242,0.631548786434009,0.48130146761322506,0.5532749488625786,0.5133958145058927,0.789603557924085,0.6926568241500618
seoul_flood_2023_00015,1,2023,2022,18b4b2fdda6fc69634d44ecb3f1034bd1fc1bd99100a1cfcf3b83fafa76d9cf8,site_fold_0,0.06844794736622893,0.26041037156073327,0.30325383813984674,0.9049699182328708,0.9328607197870425,0.9046861900568586,0.9158279499946814,0.9723955656154253,0.973426325642835
seoul_flood_2023_00228,1,2023,2022,48006a51e30c32762694ec18747d1425bb4b974c56c4c0c98d57886cadd0c783,site_fold_4,0.7029354002863212,0.6800476899235658,0.758226894763942,0.933294131158639,0.9817322562576368,0.9695610880319634,0.9934818106790417,0.8388795653943213,0.9530685491616463
seoul_flood_2023_00072,1,2023,2022,2afb0fa8a1f0cc6a7ed67c17008f75bd42461bd0ba6df7c3c3d887904196895d,site_fold_3,0.6885888938009861,0.6431879272356007,0.6691614724884534,0.08724040599094247,0.1277462762058218,0.0378323195199993,0.046175971733495996,0.008600364817799222,0.05537641254043046
seoul_flood_2023_00016,1,2023,2022,9449d82b55823a2b21e722445146dd58f28c2892847ebd7d9d3528a705c333d7,site_fold_0,0.005594433594765985,0.38432049944453395,0.534526350186357,0.8259779723294631,0.9422153808294401,0.787824810016539,0.9175656376869267,0.9709791045279325,0.9845356077088957
seoul_flood_2023_00243,1,2023,2022,1ef45c1f3265d27b162d2e8ed4381ef427bdf586c45963e44e4392b26ba86b72,site_fold_4,0.6256024983832073,0.9405227839080381,0.9329207503047715,0.971397452671667,0.9695431064262133,0.9772971640175088,0.9864531482627357,0.934037927156007,0.9122802184417406
seoul_flood_2023_00074,1,2023,2022,b9bc2f927ed11bd524706f6d4967f92b59403bf3a4c2f3c470a8c815fd79e460,site_fold_2,0.6630373705771428,0.6026382896035001,0.6422107189513029,0.9392324279169889,0.9723994596870053,0.9216542429961013,0.9656915633160212,0.871557335228688,0.9599982900273893
seoul_flood_2023_00017,1,2023,2022,c14d98d5e804cded4ef08ae8cdf0707ca6178666fe17dbc79d181d4cc9dee14b,site_fold_3,0.6136411479360643,0.726851004016466,0.7050735704797413,0.9918251038256963,0.9975883013267617,0.9928317513231685,0.9969544698750654,0.9714161890123026,0.9916440832258615
seoul_flood_2023_00250,1,2023,2022,2c7709566a2e9c494198b62a00ef526dfe6053df3b61476d6f3474d3a092eeb5,site_fold_3,0.47979725650277594,0.8005140577314569,0.8183634241507877,0.6116725514073315,0.39113723022244373,0.6449098315568137,0.45580156869386534,0.7012427847728345,0.43896038610305044
seoul_flood_2023_00075,1,2023,2022,ac6920819be8e420a3aac9974fb430eca317f55a0609b05ff32e884b1c75beaf,site_fold_4,0.6801454128354303,0.634698914532616,0.6367686958242669,0.9687737978206978,0.9480993899680531,0.9640358220702842,0.9473776717338098,0.9342540487596266,0.9173694592053646
seoul_flood_2023_00018,1,2023,2022,611ef7d2bb8f2df5e6108e65595a9a37b583dbd4323706a0ec255f8e960d2ddb,site_fold_2,0.35997350095411207,0.7021852376693414,0.7631128296874908,0.9448071592540657,0.9056432390181409,0.9509571844346817,0.9311611611828569,0.9047708898417972,0.8217517482816435
seoul_flood_2023_00277,1,2023,2022,2e908b9152c52096e61faa554d5ff494fdeeb050209f5fc14355fe66b5e5d4d4,site_fold_3,0.6766943078606221,0.6274318998895595,0.6719915348105775,0.7764614192814502,0.9205458734838537,0.7669733460209753,0.8827741520401283,0.4998775561507681,0.8230752071149602
seoul_flood_2023_00076,1,2023,2022,0059d2a4c367d474476bdb36e5406db4c952a2a967b25e3c6166b8b6fc181976,site_fold_0,0.6913124178681591,0.6277720748738153,0.6848456884201144,0.8694600017140793,0.734550575772941,0.8959878719787692,0.7998290078432962,0.7280595672799505,0.583359746472233
seoul_flood_2023_00021,1,2023,2022,e6acf5cf32b2d0c5cb627acd0c05f96bfb50942c86e13eeac0f97655bb35bf64,site_fold_2,0.5281558068519766,0.8079671519242246,0.7498917121831664,0.9804191533548293,0.9603821310409243,0.9801821533582942,0.9589812441965693,0.9451088708119703,0.9147485852815364
seoul_flood_2023_00077,1,2023,2022,ac006ae8566252eae229f3cdf08285ec62948465438fa1fd37525350f732bb46,site_fold_0,0.6663350288258824,0.6578484275951869,0.6873328611378922,0.9342587392002946,0.8298142579559279,0.9345913583059899,0.8668746857736768,0.9249312877582805,0.7861903609977523
seoul_flood_2023_00022,1,2023,2022,2ccee39efbee54552c27ec5f3380e8b6db91ab9da3255a83fc493c1d1767d3f3,site_fold_1,0.5714232117299525,0.612415550552584,0.6457181770382683,0.97748028220533,0.9827925232316003,0.9838992753004193,0.9840280967714956,0.9687686257760852,0.9722164890654577
seoul_flood_2023_00078,1,2023,2022,54043b91c4a304d4c675985edfa95ef876b138ff57a6389bfd28818074d39fc1,site_fold_4,0.6481698386548368,0.560326253727948,0.455602011020228,0.725319915093781,0.8346894586844321,0.7590336032024849,0.8618960439856748,0.750435617243131,0.9135419942165526
seoul_flood_2023_00028,1,2023,2022,ab9d5a9c105349411f7c92c7845f7e8ec24f10552a9a484d7dd02c0c9d6df2e1,site_fold_3,0.5092149409224767,0.6689656130143271,0.46816807981100633,0.7787988549932555,0.592647745520415,0.5137644807499573,0.416843735383589,0.6271588287578203,0.5293312839727177
seoul_flood_2023_00079,1,2023,2022,a825d29c20ca2db6c0b5bf5ccb6ee269beedc5bda085fce5a584b3d600c91af2,site_fold_2,0.6347723242661424,0.5679556711180416,0.6023499654106764,0.9330052695291576,0.9832725589986565,0.9321557331786388,0.9760942149065406,0.7829081811663912,0.9668476691184095
seoul_flood_2023_00030,1,2023,2022,109d39d58c882b2875c711bbb1fbdc53ae3234b9f7c2e321096d7429e46331b6,site_fold_3,0.6138910995644753,0.9495229968408117,0.951132753020271,0.9935975126905516,0.9790735455154885,0.9935852533392038,0.9880397219105532,0.9864460377542357,0.9747484269023126
seoul_flood_2023_00080,1,2023,2022,516a51b5f7484840c5b87649d04bf5f7fe7b3f5a641c45cc08cdca8b66f74a9a,site_fold_1,0.6500200831295415,0.6385579559263446,0.6318751377429833,0.7702099035769283,0.9195715208649173,0.7699146878335252,0.9184484990141413,0.5990254451871864,0.8315560481392769
seoul_flood_2023_00032,1,2023,2022,0b4d4f8312fd79b55496cf1cff09a958a968eae46e135c54724bebedf54d8400,site_fold_2,0.4997230066243825,0.684619432573916,0.5084151803277184,0.6074116099733093,0.3299744964892202,0.47834892382568245,0.3089858981902712,0.6849054156310199,0.4517860607665113
seoul_flood_2023_00081,1,2023,2022,80dacb840448896f846147086fb6904aace095c7ed082be2f6978ab4a65d9d17,site_fold_4,0.624580507399376,0.5822201996556441,0.582208312523386,0.7430741747173655,0.8253436704329069,0.7378717498877689,0.8539017977565367,0.7101028821217691,0.7920205388663962
seoul_flood_2023_00036,1,2023,2022,824b284c7bf45801707ed1a0e35648f2949764c72352ac38100d99cb94e7ed05,site_fold_4,0.6370182095815146,0.9539737864968921,0.9326359933763505,0.9756761602854978,0.9272671857482137,0.9792042421254187,0.9562040601380992,0.9700557612861488,0.9389774140337571
seoul_flood_2023_00082,1,2023,2022,b45c216bee7e0d6ee0455f8bf2899fb0637e6409ddda7e861dc355e9dcf32559,site_fold_0,0.6560331495172892,0.6134134613309556,0.677285479233071,0.936833380746042,0.9677389224752797,0.9366282855812903,0.9632137723640612,0.8898979747000006,0.952109488825017
seoul_flood_2023_00045,1,2023,2022,047a0479a6796b37ba99d6e6577b3ffb20aab618b478d303de927d6a6faca3a4,site_fold_4,0.5423078226891878,0.7075690701140468,0.656548855253191,0.8909735061760049,0.6265822862615023,0.9156823108512725,0.7749836542130529,0.8214654703920697,0.7569257930137733
seoul_flood_2023_00083,1,2023,2022,8cc3386043fed7e4a08a2bc9dc0aa45a181ba89b153abc9f991119c15c99e48f,site_fold_3,0.6439383777654266,0.5689024613172582,0.6574274724731333,0.8387375267723073,0.9553366045603856,0.8615799143226568,0.9543703755675268,0.6932515821283636,0.9246486453251964
seoul_flood_2023_00046,1,2023,2022,c1467d5c72e32f7e65ab4237818f35148a9e8e89d62f6c485f6e3282213122d6,site_fold_0,0.5975196612885647,0.7492064960311767,0.8335135424717547,0.9966994523060272,0.9977879917297295,0.9981668783754083,0.9983157566550483,0.9965070378487287,0.9974973179549608
seoul_flood_2023_00084,1,2023,2022,227a0397ded397793104e4c0dd13029ed0f9025afe13bbec3f057cea4e5a725e,site_fold_2,0.67977918725632,0.625648491854732,0.6481266017510275,0.9753856269278663,0.9844662076206684,0.9726404439132602,0.9798174967082284,0.9273724371807364,0.9570750177979573
seoul_flood_2023_00222,1,2023,2022,c65581d8bf8cf915e9fe2ca51b089e97441ac2f57272bc2cdb231ee83f757ae0,site_fold_4,0.4785168787970711,0.5164005506384423,0.4461854852840198,0.9813067363591348,0.950123457722015,0.9577678861661437,0.8721126631931374,0.9723881992292429,0.9323075402508949
seoul_flood_2023_00085,1,2023,2022,5c52fa5b830c2d85cb3619fa6dd7b6c3c4fa0ae339105571c5aacfadc1f57dca,site_fold_0,0.7049883706388521,0.6782917559471392,0.704977286577569,0.9697107827521996,0.9643630133797847,0.9605122740834732,0.9508847212422369,0.8901957229452149,0.9003896148187404
seoul_flood_2023_00223,1,2023,2022,a3396b1b87eceeedee47469b37f3882ca3efbef67a922173e8c25c4bc7457491,site_fold_0,0.11068784152886783,0.4230193287228159,0.32716713518610635,0.8059642726941081,0.6217289253117899,0.7738725960682463,0.5764345747625597,0.8080126179142927,0.7056059207395209
seoul_flood_2023_00086,1,2023,2022,a23e42946ff072eac7708b41013273d24b29f25c3b2a68f2fd71cd5555db568f,site_fold_3,0.6436552134682767,0.6230020338497819,0.6214123596506292,0.5337713255657994,0.7206651850410857,0.580615251168052,0.720179444711511,0.38548412197452764,0.6536247255087241
seoul_flood_2023_00224,1,2023,2022,6b1bebc088f54a96e550aaa77b7c7dc8a68bdb509ee5100ddb911beae78c5051,site_fold_3,0.6013581996554093,0.9366559577769753,0.9392253450485856,0.9226332845303403,0.831772300414449,0.9595753834839241,0.8749483519046226,0.9481325481599867,0.8868970940847647
seoul_flood_2023_00087,1,2023,2022,c806eda7ed36cd9e6ecf80572678e5580be30156dc628686a27b057e82be7f05,site_fold_1,0.6492699701621907,0.6010865384816158,0.6021840403628955,0.9471992323416027,0.984561888522304,0.9447341859460197,0.9800254188218828,0.8057324997080456,0.9504531092977537
seoul_flood_2023_00226,1,2023,2022,5b4e991e2eaf736f1ecc63796633bf37e2674c5669ccae29f43454531101f031,site_fold_1,0.49771587735095013,0.7499142082574638,0.7259897437275844,0.9290337284665878,0.8927091680374136,0.9256504307050349,0.9268908821382671,0.9089115320101481,0.9435762770972732
seoul_flood_2023_00088,1,2023,2022,5d84a21238eb09a213a6a5e8c5a2d41c6f70decc00617b93e8dda58c2d7a235f,site_fold_3,0.6677249464093472,0.5530789899398915,0.5696825439473159,0.8893936928310117,0.8608715141116859,0.8697883952560613,0.8151412461501744,0.7191568820214984,0.7844111999245094
seoul_flood_2023_00229,1,2023,2022,972f0a0ebf5383f911b746160b79c88b8b0c7aa70e1b9861ff6abfa2392f939d,site_fold_3,0.576620608687299,0.8148246685027575,0.766776472736016,0.910528454405471,0.8976400266033422,0.9305722182655122,0.9152436531866699,0.9473497582379709,0.8868369639024559
seoul_flood_2023_00089,1,2023,2022,8e255f9a86ec3588ecf56d040b65bc4fbebed179e07431fc842ce550145b9863,site_fold_1,0.6653173750152462,0.5897975343627544,0.6158087781424467,0.9362006030816675,0.939896088898129,0.9452734184978288,0.9304496560928982,0.7848517969629867,0.8396285857199005
seoul_flood_2023_00230,1,2023,2022,351930c74ba2930ac78f71a4e59d24ec3a9c408c09f4bddcf7fa3699bf8a21fe,site_fold_2,0.542479638466856,0.8054455925845376,0.6873140843020946,0.9217032547769523,0.9843906734303541,0.962302814689011,0.9925904065522442,0.9402927183521004,0.9877986709643833
seoul_flood_2023_00090,1,2023,2022,fd6f0f91e6250a60b21fd97b70f686db535df935a8841de34f4bfbb09aa0efb0,site_fold_0,0.6877155719201342,0.675862840887626,0.6958927710073036,0.9722431374164902,0.9834899351826513,0.9686634023949073,0.9834519360169541,0.9267596053091155,0.9538382704721893
seoul_flood_2023_00231,1,2023,2022,c78427527ae5ed46cec266bf7f5102da2f65c62f603b3c800e26eace25a5c839,site_fold_4,0.22205960936817595,0.16834818622095982,0.14804730955674508,0.03363279642413846,0.06358940478255994,0.027221604546131945,0.03605458154411774,0.2076549080559612,0.1854993870372578
seoul_flood_2023_00091,1,2023,2022,ccb2187c465a4a42452f6d96c6ecd61471e4bd6347f569f84a47b5683742fac9,site_fold_2,0.6562996026691003,0.6100071459967914,0.6017132813037326,0.9698016000550157,0.9717513461349435,0.9648362660484221,0.969133758182269,0.8963025223995849,0.9340779556145821
seoul_flood_2023_00232,1,2023,2022,5336135f67660856ece6ad6d54f733a34080d27dfbe335858b52eb42facdced4,site_fold_2,0.18653905208813487,0.7176031901416516,0.6645707583222309,0.9588264671411693,0.9618296265149231,0.9720609379711694,0.9632510935007197,0.9764053517616637,0.9857413677736042
seoul_flood_2023_00092,1,2023,2022,8eac4c0475636dabe754422f418c76eb191e9b3e663e31e296fb69f7a6fb8cc8,site_fold_1,0.6549736801119297,0.6351715375818711,0.6256175065972913,0.7533581888181068,0.8991069647189921,0.8359827851953254,0.9119696351167811,0.7674421644152388,0.9067596959262398
seoul_flood_2023_00233,1,2023,2022,e55963a41e664f031359274c8576c1cb5d6c9c2998192b355445bbfe50c138ba,site_fold_4,0.23050582042952508,0.36241312830508426,0.35859702559866946,0.39504846658553794,0.699674114296532,0.49090890434688056,0.693338551437579,0.7860574950922226,0.9107792802013762
seoul_flood_2023_00093,1,2023,2022,dc728f9adfc11d8c5c2ec698fb1df3af31c3b43457a9a69377f3e7a04f506468,site_fold_1,0.6689554401503018,0.6482788116725211,0.6266434495065184,0.9852704862525994,0.9916340331334926,0.982088931664833,0.9883472643803795,0.9252848677922137,0.9657460251170891
seoul_flood_2023_00234,1,2023,2022,d44f553eb4a78c3e8e73f10a2584e2b08c855f4d7d091ed0bda77b9ebca91d2e,site_fold_0,0.6911740384502201,0.852036730892622,0.7037350033567834,0.9983940498097121,0.999455308451463,0.9977927967061755,0.9992672640782085,0.997340357694041,0.9982898118441852
seoul_flood_2023_00094,1,2023,2022,8c06fb30ac6a96f25e4c0adbd324b5185f5468e1f2512e1480789b99a603de36,site_fold_3,0.6659425428202816,0.6076681699638534,0.6176758663931486,0.9875872315192956,0.9686858989346012,0.9890409120226947,0.9730207486175814,0.9777132522405719,0.9534917886286922
seoul_flood_2023_00235,1,2023,2022,e635dda0a74d3988c04c4e76a855e983d6033e5538e0b291c2a7d019a42df52f,site_fold_1,0.44593640663993706,0.46238342702643564,0.572966153235858,0.9255246557002729,0.8732656942335852,0.9442226300798853,0.9035124815389565,0.8995204843528776,0.8659070863403292
seoul_flood_2023_00095,1,2023,2022,bcd669daed0897a45b8903b79c40b7cc6b1c557b0e8708071442ee549f83e05b,site_fold_4,0.6521712107661206,0.551993905463645,0.5650220733816707,0.9890506583859953,0.959120556473576,0.9865132709577679,0.955833729402899,0.974597399176868,0.9456431652136461
seoul_flood_2023_00236,1,2023,2022,3806182b64eb41706f3328e741dcc36e0a6617e9349746b3fda442906e5bc7e3,site_fold_2,0.4152088739867649,0.33796120174137506,0.478164268667438,0.9605035135008747,0.7673313993630626,0.9662495512783401,0.7825675237696202,0.9578407746683671,0.8217230722187376
seoul_flood_2023_00096,1,2023,2022,3c90eac0010785df62fd85c83633074dccd90c84ba9e27d4f2c28c78b4f0d5d6,site_fold_4,0.6520177616747895,0.5733233149579573,0.5899342230805508,0.9781468251293467,0.9058985564821411,0.9722744085703676,0.9049946894729429,0.946734297765779,0.8419156854491483
seoul_flood_2023_00237,1,2023,2022,1b36675e1d11fd325a672ec04ac67bd989594417a5729df4f870059fa87b9d1a,site_fold_4,0.4447220189802311,0.24612064325986424,0.40594765930851046,0.9433627035815748,0.9131257590129447,0.9163569945105123,0.8402246389064192,0.9029136515139007,0.8594693500868585
seoul_flood_2023_00097,1,2023,2022,72f61518a84c9a55b3352cbb5023921cad60474d413e7b72f69c74dcf2d72799,site_fold_0,0.6818330169996278,0.6439380565412981,0.6503298100044377,0.45768537525625136,0.47303215186733627,0.4076388190348716,0.541099820631425,0.4257340509132631,0.4155385108078501
seoul_flood_2023_00238,1,2023,2022,6bb5e3a1d3d33c5db48aeb2feb9ba125ac0daeeca2d842b2e02d5875228b2034,site_fold_0,0.4248160193480827,0.34193708332943007,0.4050483593202849,0.8697902454433605,0.890857662174803,0.8847649508894527,0.8749918446482708,0.9112638925084438,0.9054373335225225
seoul_flood_2023_00098,1,2023,2022,69999efddf274f8271d36927d9ec9541d3c52ecbcda9f4fd5d4e4576776c0f81,site_fold_2,0.6313969977558224,0.62433941967566,0.637391744166089,0.8545709312070553,0.8621824969063753,0.8492845896713347,0.8392199704269184,0.7552128603194694,0.7554146633935218
seoul_flood_2023_00239,1,2023,2022,2d536fc8f243ee74cda2625ce6b41f0808c1a746c242a68cc049153db304cec3,site_fold_4,0.6528235961212026,0.8025110513174757,0.8808926040330531,0.9756764780989837,0.9635644433709969,0.9773856132880246,0.9762915324988546,0.9727543004582283,0.9475563828088738
seoul_flood_2023_00099,1,2023,2022,f20722d01f05a742b8dec71af1e8e07cd63b8a6c64dabe657c23086f84b1cc72,site_fold_4,0.6293597606520052,0.6593675957977005,0.6475716496291798,0.8542011639600278,0.6483486950101969,0.8453175051595554,0.6229602406860958,0.8242994164693553,0.5859430418398942
seoul_flood_2023_00240,1,2023,2022,3ad5a64b1adf89e718a6b754a2a9d66bb8b911be81bf90bc31007aa5e3b55b65,site_fold_1,0.6316890695671356,0.8212507540520904,0.8945131962748959,0.9875122745525824,0.9772091320913797,0.9870308634751342,0.9832630992441922,0.9307219465130803,0.9282213169045574
seoul_flood_2023_00100,1,2023,2022,45e322c42efd83690f4dfb0ff1d1bbb111f8a340eead50dd2d0b80db07f8e193,site_fold_0,0.6652132811751877,0.6508363738314664,0.6528896519812809,0.8066263830640088,0.6868345359164116,0.8295268712743716,0.7532048684204622,0.8292385868706291,0.7005565892915122
seoul_flood_2023_00241,1,2023,2022,fd9b2055defb5a8b5d9a6ad4ec71b2866a897478c50ac25e466cf2ebb31972b3,site_fold_2,0.6310481700341426,0.82581236939406,0.9202356516220751,0.9800391974682232,0.9531889177553089,0.9722980654942279,0.949167602229985,0.9451600991403417,0.8930222364821988
seoul_flood_2023_00101,1,2023,2022,cde4ea100a86579780194fd2a9211067fff3ec841acaf671446c7e1a10100140,site_fold_2,0.6329106739352621,0.6247560413986233,0.6378029021395131,0.8749610524014154,0.6628699220050405,0.8669818052646041,0.632288833008885,0.788812643466067,0.5838707010187092
seoul_flood_2023_00244,1,2023,2022,45eade17eef3d54e8ae3d65c6c2fe09751b2504861f44169da0daab75d8028e3,site_fold_4,0.28100774263846395,0.4201831284057854,0.34529317484851746,0.3374463633553622,0.2295840252902774,0.21335393949410464,0.08844440204611094,0.4970884443060274,0.2569246859309191
seoul_flood_2024_00041,1,2024,2023,437d4e1375e418c1898eaf0ae2743a3a3897e3504fcb93ac4cb1d44ca1794e2d,site_fold_1,0.5334533936324538,0.5745787401340016,0.6298243200560489,0.2560537455208925,0.5229683628496499,0.3170294185595007,0.4684439288281479,0.2211125361921751,0.3771000285073322
seoul_flood_2024_00007,1,2024,2023,bb4ef8ec9e43272a080f1429baad8954fb44bfba666cbe0407e5a401a7cbe57c,site_fold_1,0.5160833535233276,0.5662279734181952,0.5345738179126365,0.6797361380689495,0.797893493628196,0.5563797872234562,0.6648295836995955,0.4856748052869749,0.7441078448954737
seoul_flood_2024_00061,1,2024,2023,fcc88c7839e8fbf3b46125b0962e2d83e51fa121fb2ad474578c0205a69158a3,site_fold_1,0.6540030467148179,0.8090969392408809,0.8325810887658411,0.8950418573945139,0.9056850735614893,0.9020289275879423,0.9295298088734313,0.8967275171767487,0.945282817656874
seoul_flood_2024_00043,1,2024,2023,123bf2caaf4935a556e8202150c1fa202134ea1b2f1300bbcd7d8c0eaeec8db2,site_fold_3,0.670665271021026,0.7231897985601226,0.6528738416689117,0.9866802354277018,0.9858370184941453,0.9715221265288604,0.965431210600378,0.9780647866307091,0.9738606158135382
seoul_flood_2024_00008,1,2024,2023,f81340838ca8d98e7a73bb0e3af78d74d80c528b295742e4fb99440aaed665fe,site_fold_2,0.21634937396779494,0.15222134925270955,0.33753442632354136,0.15617363945675655,0.05243731828601548,0.25157800473249653,0.09665155041726042,0.4094263790129484,0.14491342124521467
seoul_flood_2024_00062,1,2024,2023,2936fe9484566290154a4a78f1271b029cc6c88fdef60a4f432e5bf00e8a5520,site_fold_3,0.6873327982395719,0.545165178004261,0.6571589025122239,0.9381750834560383,0.8844519742676038,0.9316418293773193,0.8808134525271548,0.9206353949799984,0.8941955064305697
seoul_flood_2024_00044,1,2024,2023,a740d451ba6b1561554cb9fcec4fafe896119054b664fa3843f905be77b05322,site_fold_4,0.5334474779658963,0.6836714362326972,0.7160053810854644,0.8175622608902811,0.8444888740501375,0.8172369713453874,0.842917604144873,0.9136933470366975,0.8795884449966854
seoul_flood_2024_00009,1,2024,2023,e511340b55220ca5cd74855047a854ce0e58734aaa0e70dd27409a906657097c,site_fold_3,0.5207183540505668,0.29667454662994686,0.41043175350322275,0.4474525635863415,0.1885321242996539,0.6049459796496911,0.3375111340007805,0.8373344529552228,0.44658623686032156
seoul_flood_2024_00046,1,2024,2023,29c21a43454c116be3b275e72bea1085c7e3a46b402c40cbecd77815d561a6c4,site_fold_4,0.4397668742152303,0.5974985025136911,0.5864698440182098,0.4993868713384094,0.5146219836079472,0.4063690690054427,0.4347666957549678,0.5640922580398806,0.4330115255763073
seoul_flood_2024_00010,1,2024,2023,00796b29fe88d57e702ccb4f39268f140294a0ccce5940d0e9de2cd48648f6e3,site_fold_2,0.40720732939529686,0.44070181799710695,0.5107675219171192,0.7629135485394715,0.48049614623238934,0.7838109143775691,0.470869588304142,0.5991277796434913,0.36208363584436865
seoul_flood_2024_00048,1,2024,2023,7202cf9a0478f75db97858316a56aae958a1fe3a3a300fdd8c9f15c8d98b8795,site_fold_3,0.5524043890043568,0.8791609087666402,0.8367491187266225,0.9589882456856186,0.9606140572032947,0.9563318202897735,0.9528691647322,0.8971892293800564,0.932702742688101
seoul_flood_2024_00011,1,2024,2023,ffbf9e54cd41025956746859bd5ec126cd181dc76ec068864b593b2c72ce3cfa,site_fold_3,0.36764000737057506,0.41088460836886087,0.45161093136553,0.5610305149175745,0.6738258659177401,0.5711361304689017,0.7215255809178133,0.6594424899954446,0.640728221812599
seoul_flood_2024_00055,1,2024,2023,b73912d269b006bf961cd5418321dbc3a3ddd9e0782ae7fc2e87b7201c11b4b3,site_fold_0,0.5719676983738554,0.8041078011194079,0.7540371742458171,0.7445485166257972,0.8622822959986096,0.7235386357273872,0.885505481836741,0.7715726306921917,0.8284978588677889
seoul_flood_2024_00012,1,2024,2023,80a618b88b8e6324b97cbe64c342ff6711e3161d146da345ab6070b95880e439,site_fold_4,0.7095906074760038,0.7902670749036038,0.6730795234858721,0.9558857354875586,0.9137116193646645,0.8754555724408268,0.8273538362404934,0.9752835051738208,0.9466401496357306
seoul_flood_2024_00063,1,2024,2023,bd1b8d0105f1dc87aa3d99df0e4cec2c47adbd7400d6c185bd25421ba23dde1e,site_fold_3,0.6695503271018082,0.8209270533945574,0.8395317276511296,0.834833959838897,0.7234960340660747,0.7829563413078947,0.5769405842323605,0.615674991759448,0.5498489607051082
seoul_flood_2024_00013,1,2024,2023,757a23417a3e32f5178c71d73aa0af81284864b4cea9764741e4edab5aa5daef,site_fold_0,0.4058112289500509,0.33089266099204234,0.597190534210186,0.00018777456646192,0.0008498177457641512,0.00042341917342131666,0.0015199153030429086,0.0002008395132477959,0.0013773223374666241
seoul_flood_2024_00067,1,2024,2023,948d2d09df15eb7f7191ace14981ba5c0ab110c09fcefb90834aab93c7c078bd,site_fold_0,0.6401474113488642,0.7893385052479696,0.7874005296393196,0.8337079247168148,0.9088038108846646,0.7850984397188249,0.9131011933377862,0.8159743202912297,0.8759383849219375
seoul_flood_2024_00014,1,2024,2023,9d2e0e628256e0e8794e82426aa235d02ec76a3dc6aad4e9ac3c5a814f9829d1,site_fold_2,0.6356829216706789,0.7604494989857489,0.7671352366797168,0.9399858562198483,0.8355860312645199,0.8772721497134084,0.6730224924945521,0.7895821796802287,0.35268702753946995
seoul_flood_2024_00068,1,2024,2023,0cd3a852ecf4dc5dfeeccb70c7c7c9ef166021c2b5eab3853b7473d5589777a4,site_fold_3,0.6353800439419267,0.8234648351904443,0.7880798566906262,0.7951633568798917,0.8975400092433901,0.7796820106900271,0.891294827146064,0.749674028911885,0.8744365913550645
seoul_flood_2024_00015,1,2024,2023,971f5541f6195b192b925d8efefffbeca88d01c4a9f0a60d74dde196ee0c86d1,site_fold_2,0.6829293757136022,0.8851329126630937,0.8224092505313412,0.9643173554833873,0.8955736675236385,0.9552125680247446,0.8870628172523786,0.934426851990205,0.7954590363035978
seoul_flood_2024_00069,1,2024,2023,7ab3d273ca7380c8698814a0811a1fe680f9d78ab49ee0d92911a4c107de8238,site_fold_2,0.6178557354101871,0.8332805595156798,0.7715204058503184,0.9625255380813927,0.8920686804600094,0.9586891179626821,0.8949231489346486,0.9722727139055147,0.9098231348842373
seoul_flood_2024_00016,1,2024,2023,e3e50f5e44035dce95e5b6d8138e134698d49eee758b5eec26535a51bde85df7,site_fold_0,0.41411609583604597,0.6452855614515237,0.6604760063196824,0.4179903709014083,0.7713305988203641,0.7715203588641266,0.9360600334532296,0.57618308702881,0.7585007014856623
seoul_flood_2024_00070,1,2024,2023,e803b0ddd0c957cf8b860f04d63d206bc58c4a7e216618b57c60191c479923d1,site_fold_1,0.6225702039825477,0.8176385052695039,0.74137316163192,0.8428881437665394,0.8082620048347393,0.8549350673966668,0.8202171769029671,0.8297310597408876,0.8128419937963725
seoul_flood_2024_00017,1,2024,2023,70760aecf195bae192f5baf7428743d230db64ee9aa273bad54777a29fa61d56,site_fold_1,0.5991640000882344,0.7102778501098981,0.7072765425233251,0.9959388009358716,0.9830287789131908,0.9948434177545283,0.9706440738716741,0.9950366156071694,0.980569150352183
seoul_flood_2024_00093,1,2024,2023,63766b2550ac2953f858ddfec3231520fd87d6dfca7d9e0ac9c396ec7684e38b,site_fold_1,0.6627818768563202,0.9176928907092309,0.8734216796723508,0.9680953972389311,0.9582452739601767,0.98322850643699,0.9816501276202582,0.9620339009527876,0.9343423119385154
seoul_flood_2024_00018,1,2024,2023,3693df7f5d8484c40a64e5edfe29168feaab0a3d8ad2d5ef780c0be6f0e46a79,site_fold_0,0.6461895043806803,0.502984054780012,0.5084321007614494,0.9494669128906997,0.9038014681576463,0.8885988889943316,0.779134516837363,0.9548353126502152,0.8677287919980398
seoul_flood_2024_00094,1,2024,2023,604a183e9f44726cdef3c553ac7408e85ae4b02ccd41506423055ce6ebe1b7d3,site_fold_2,0.6743867291257171,0.1724814080770912,0.17561963583869947,0.5864640614412052,0.908620870094863,0.7212243691517284,0.9505244823728561,0.3121890761115495,0.8486904962794648
seoul_flood_2024_00019,1,2024,2023,5a25b979c2422917f17db7df5dd87a2297c474a9b3d62c792bff7d427ea669bf,site_fold_2,0.6366511268265026,0.8017443842230323,0.8280054633877059,0.9875674917396997,0.9730832247644422,0.9826447233119424,0.9617709528508562,0.9781238481627424,0.9415276777760283
seoul_flood_2024_00096,1,2024,2023,79e0a2a000dd61aa37a52001d61342cb8a1c5d1e016976766fc295b4c94b56cc,site_fold_0,0.7055383962104204,0.8100545911087463,0.8192390032638445,0.8676116841089482,0.9258129154849277,0.7551199049605445,0.8984003863469994,0.715421640224521,0.7775488874618776
seoul_flood_2024_00020,1,2024,2023,13ddeac8fe6671414275b639d61a07e9c672c7476e5ccdf793402e7aaeb515d8,site_fold_2,0.5940649393763235,0.905786238024703,0.9469893978559979,0.9079677727908301,0.8389659214282317,0.9400508955125804,0.8727244163587166,0.8940280508478153,0.8334659487434845
seoul_flood_2024_00097,1,2024,2023,2f886984eaa4246f0d5b4af68316375d1b6bdd3583792bcce78bba0fee5cbef1,site_fold_0,0.68807032599224,0.65661754962309,0.6612436995113691,0.8438880375836144,0.849594110876634,0.9194157509898012,0.9190532597837076,0.6881028245996742,0.8219763854029877
seoul_flood_2024_00021,1,2024,2023,e124f13166523cb7b6c4c8e441002a9277718c2ebd4cbf13029b4f79c18ecc01,site_fold_0,0.6862252469362539,0.4917139022851231,0.6202639695223832,0.8375278613602407,0.6492338935849221,0.8431195632456516,0.6891517090451321,0.7352869698582413,0.536381743946005
seoul_flood_2024_00098,1,2024,2023,02b5a35da5c0d1c7b55d751771925c966c8fa2149315a4ea571297a2e00589d4,site_fold_0,0.6068529766702018,0.5805656969974174,0.45877754642562757,0.8711459361735078,0.9432016855066849,0.867050843372425,0.9204753981895561,0.878373377761613,0.9242617041868774
seoul_flood_2024_00022,1,2024,2023,9273fd03db09618bb97fc47b4ab967ad480bfc45f45e026bbdb076e81845adc8,site_fold_1,0.6586307846310102,0.6305795558752426,0.5970029296789939,0.07476774651502986,0.1184232752545554,0.17341803308824938,0.20569038567647802,0.2169904080734657,0.22413583369313497
seoul_flood_2024_00099,1,2024,2023,28444bca6837218bf4d704ba4f93934ae8e92a43af99913e4cec692d5abd5c9f,site_fold_0,0.6106655742573196,0.1447283034732583,0.12082507097813304,0.00863091834066588,0.00233206840634233,0.007462400835851232,0.001440993290090882,0.01387736227555598,0.002187799640717969
seoul_flood_2024_00023,1,2024,2023,9632c60e0ed4c6223ae3b937ce22f1876fb6cdeb28c7f55bc33e2ce939b58e6d,site_fold_4,0.6747556470928548,0.8370725520684007,0.8656203007524877,0.98572061382259,0.9676936531526471,0.977129914438101,0.9518632858063694,0.9910746141111705,0.9724604947115485
seoul_flood_2024_00100,1,2024,2023,847fee03f196da88ca147fdf7626ad98f52286f7ea498dd829ca73fc6754a405,site_fold_1,0.6707444496141375,0.8352946001640106,0.8926052877685651,0.9592628997547945,0.9286034181813806,0.9797540674502847,0.9511785660607975,0.9115973855226337,0.7892342542670491
seoul_flood_2024_00025,1,2024,2023,c819cede6995ea40f0f68f04316d2019be37ac994dd418a0cbdec1c843dea159,site_fold_1,0.5431846147337936,0.5158638617050286,0.5128202792350908,0.9196043412761413,0.8540231477689804,0.8716931432859709,0.7832359602201966,0.8914605289238624,0.7902684711751483
seoul_flood_2024_00101,1,2024,2023,b29f3a9d05c34c68522b01fe2640595e685f4c88f5d8e969f08db1a8e186643c,site_fold_2,0.4726560728182749,0.9162022704466315,0.8433598308566826,0.9587423332660947,0.9478695074404948,0.959097907422194,0.9420227876361578,0.8604520412381066,0.8108572409049386
seoul_flood_2024_00026,1,2024,2023,5601cfe0dafd37c847a7491e472fc4c99c05a8f729d671a071c556aa12d1cc69,site_fold_2,0.5343582885284894,0.8596844575044247,0.8395133773446627,0.9668727740123746,0.9394614124806291,0.9755823651742577,0.9571578443508787,0.9368069182808336,0.8593271304636837
seoul_flood_2024_00102,1,2024,2023,77738368915709589f9285d3dbfbdc93e438bffdbe2b754c7ab44d8cbb4dac84,site_fold_0,0.6974659896638615,0.888462401601793,0.822248252731415,0.811919798591841,0.8218577647718548,0.8298029988746095,0.8527160290990127,0.7475566327757237,0.7608998475847016
seoul_flood_2024_00027,1,2024,2023,420e8c48ebc7ccbf83d2395b4da0611b4c8dc5279fe949942775ff2ccb1f5fee,site_fold_2,0.30719134968281875,0.10689013936068426,0.09407303510762131,0.5811301381403504,0.49133572163813266,0.36167125343976103,0.25671093584308774,0.9438488160945793,0.7853085301061903
seoul_flood_2024_00103,1,2024,2023,99026cbc6581e1dda7853aac956f2790cb89367aded1a3bc771ebbde0df131e3,site_fold_1,0.6328692963091541,0.8641341791889923,0.6626635408544167,0.9869653230857096,0.9710648064018053,0.9703225538452145,0.9288553471574721,0.9827819896169231,0.9477304720629152
seoul_flood_2024_00028,1,2024,2023,4ba93dbfdb004cedc56f5c631fad8150f58d482ea512ef4108dc18ece34c55a6,site_fold_0,0.6297852151862051,0.8666718975461781,0.8822096371678918,0.7724278208317172,0.9182801987828136,0.8349373351105964,0.9481923750384036,0.8507180700783233,0.9407387339726182
seoul_flood_2024_00104,1,2024,2023,8d7f23048bda7bb098f76ccf0fe517f0812889d3669924c1d3df7a7c3beb466e,site_fold_4,0.6855553373300266,0.9752031227908758,0.9439430070625774,0.999319071148239,0.9984533767276361,0.9987386169064395,0.9980972770991318,0.9867285514336963,0.975464777444933
seoul_flood_2024_00029,1,2024,2023,3e44220d47bea9d8726118dbc011d3073c17208543dc34617d2426bd0b013376,site_fold_3,0.63220468679776,0.7748276086710568,0.5487077067763789,0.9881654702183483,0.9731634658607143,0.9849630531290735,0.9626028923582098,0.983343638327203,0.9310280243071887
seoul_flood_2024_00105,1,2024,2023,b070070fb490cb378ac75ab72a1cdec8f99ca298a47ea83535ff462f4218a566,site_fold_0,0.634923428539818,0.9322348631612156,0.9282306605304298,0.9460199382390794,0.9582741111187286,0.9475155550936815,0.9580713615387393,0.9363300692974061,0.9376484995036138
seoul_flood_2024_00030,1,2024,2023,03119c1c5c1adcbae5fd24c55ada049a8f1452bfcfcd3e573fa9bebf91752bb0,site_fold_3,0.6458546837711127,0.40931456722761916,0.38414488811925807,0.9122733525460597,0.6205573610643215,0.9267609403937813,0.6532342427854817,0.9572569352161193,0.7351569848508382
seoul_flood_2024_00106,1,2024,2023,8a10ba040bee51a4dfb38952aa2bf48f827db9c60619fd3afaf104dd06491a34,site_fold_2,0.5739714657430924,0.7312711571923306,0.6818660893930093,0.9682363397065523,0.9476188722011752,0.9644848973698185,0.940192053000058,0.9404942790717862,0.9214401273472308
seoul_flood_2024_00031,1,2024,2023,13147c272b4c57eb35511cf391e997f00dc7d10b3a1f309bf6f9a86e80bd6d98,site_fold_0,0.6643027422070021,0.5414973982551836,0.5938247082357292,0.98011199962719,0.9642616093140519,0.952559042321623,0.9412705037809583,0.8797528023477104,0.8163872553822866
seoul_flood_2024_00107,1,2024,2023,168cd363d196b4cea35e3fbd5c31a32fe30f602e59fd2e486239d28906f9d02d,site_fold_1,0.6396397559874087,0.857697953747624,0.674640097290204,0.8431920589136291,0.9121687074284661,0.5674179863576185,0.631161429002962,0.6700913846026125,0.6110863231749905
seoul_flood_2024_00032,1,2024,2023,580ebce2e64ba8e209c7b1cebf7178a8945d8200b9c28e17ef913090e1016c84,site_fold_1,0.5189442538664144,0.6668519263796001,0.7743409343967506,0.9425890993519306,0.8126620063391367,0.9165909687286388,0.753204548963691,0.9640689054877108,0.8220358159434678
seoul_flood_2024_00108,1,2024,2023,642d2d7d6191dca8abc1ab275b94fdac98c447af754257111014110d2816b94b,site_fold_2,0.43697870604643263,0.5788345808591071,0.5754771630152383,0.8776452233659046,0.9135516102589344,0.8701770549257203,0.8764487570980933,0.9152219911989443,0.929328373471226
seoul_flood_2024_00033,1,2024,2023,825340dcf23951f2d8e47a605ed2e1b965b6967c54812a042734b3eda4bc5c96,site_fold_0,0.11228622052053627,0.8230356314555786,0.8871742303910607,0.6887963359562209,0.8569478687608344,0.8254941705830393,0.9114808619299428,0.8756153753907233,0.9195624084804075
seoul_flood_2024_00109,1,2024,2023,1a5ac1cf0c6d290a58dd20ffa384cfc5a1c391aa45217ea6646abf4d6d3cd048,site_fold_0,0.6610683895563026,0.7585418785190018,0.65738457582791,0.9643973728882894,0.9354589403734498,0.9615431821563296,0.9035400747670872,0.910924706746235,0.8428014294110394
seoul_flood_2024_00034,1,2024,2023,e5b6ce851537198eb60726302c43334dbe511f11228c46cc6fe4387bcb048678,site_fold_1,0.598720229155149,0.6377105145773772,0.733313152641133,0.9490520701368993,0.8678636376440794,0.938643945447612,0.8401559401917398,0.9349901417330088,0.7306118024791459
seoul_flood_2024_00110,1,2024,2023,e06015435d8e64d0e545abf7950cc1a141c6e072d8a8bc68d033a5d44da502c7,site_fold_4,0.6566523817577639,0.7617030753052733,0.6553790789387305,0.956080273876158,0.7834781830262411,0.9135123343603784,0.6969891107022596,0.9046007922925126,0.7798099162404952
seoul_flood_2024_00038,1,2024,2023,38da3f8f9cf16edf6f767e063dbcce4cd45bf9964614ea38636c127bfd87bf07,site_fold_0,0.38668630936955867,0.7540705893966619,0.6278630847400559,0.9180475888265429,0.7595769102215951,0.8875505047730131,0.6061519636531267,0.9038742888811298,0.6591202760481488
seoul_flood_2024_00111,1,2024,2023,39bb7133a5a101fdedcd7174962b3f0100428b3745479f0cd22475a6ec2e451e,site_fold_0,0.6775077184678797,0.9376947465339729,0.9033938054406838,0.9988896851751576,0.9977815144597562,0.9987780561512413,0.9973394981976168,0.9934919949348509,0.9890736124277562
seoul_flood_2024_00039,1,2024,2023,83e08aa3e97db1d52d86474b863a153e2cc9377b044e7cac80a279df233b1119,site_fold_3,0.5388637652092034,0.61167553105567,0.6877563272817842,0.729467626096796,0.5470212300819166,0.7383613586152288,0.543002144799092,0.7001538257902244,0.5019395135336778
seoul_flood_2024_00112,1,2024,2023,976afaf01c54fedf9ff44d35ddf4ab9dd2ec59cd6f6522f18ed8ec0bb0a0420f,site_fold_2,0.6747497195466764,0.10119609261213236,0.07459853025879933,0.9410738000107577,0.7338822190111608,0.9843719332693033,0.876074951874752,0.9133945455512402,0.7077257502075233
seoul_flood_2024_00040,1,2024,2023,571c211904d10956955b5efb4fa653d8e5f9f7eb62867184c400a15c68241389,site_fold_2,0.6749999244922431,0.6714017008084616,0.728740838742825,0.9773426210781122,0.9970176357078402,0.949244556721477,0.99275807204284,0.9172538207989359,0.9800491888063904
seoul_flood_2024_00113,1,2024,2023,fbcf72bad940a495b5c781c0dacec95037e2444e074e00b823baaff2a70a2897,site_fold_0,0.691879582516144,0.230613776455735,0.19515369217008058,0.05869422834639061,0.43528015727142744,0.060051379293585144,0.7356831206028421,0.025913916018030895,0.10314434643668355
seoul_flood_2024_00047,1,2024,2023,17f667ebdcf62fddc91ad9b0250bb9b2adc97cb183d86891c48fee18be6e5cef,site_fold_1,0.4946618842805786,0.4813301518611221,0.3966543848799853,0.20972678683324572,0.24862899274496042,0.13841429283095946,0.16222953193544776,0.4743587643187268,0.486735825375306
seoul_flood_2024_00114,1,2024,2023,6aed3ebb380da99b9ee22cdafb43ad80499c1bff6c3499d470dc7ee07d89c849,site_fold_2,0.5017232368585873,0.195483334977082,0.1965397063236253,0.6405194109776778,0.6909084485126851,0.6976165107687368,0.5567203337457408,0.9453777506239137,0.9871623415528056
seoul_flood_2024_00050,1,2024,2023,45e0d39429832b452a4c887bb71b185d61412763fa2b471282d7f26b4d5b2a6d,site_fold_4,0.48997298234667896,0.5814894464045611,0.5042514950744913,0.5313758643475778,0.6212073706022122,0.3919996728850323,0.6115401597896029,0.42131196944519145,0.35899566040053693
seoul_flood_2024_00115,1,2024,2023,7738cfb0acdc52887fd9690f1d5b486d23901783ababf94e5884b74aebb7b7a6,site_fold_4,0.496823108463148,0.7053664870911737,0.7196837888779728,0.9644320227564132,0.8895513216401264,0.9477834150759982,0.857451946340001,0.9141168901099025,0.8632323730494861
seoul_flood_2024_00066,1,2024,2023,3249f0c73043197204ff8e0eb2de32de25359d1a88ab3e65135ed05df3e17632,site_fold_4,0.7068842119283146,0.7384599052891566,0.682917594844822,0.9629874458884203,0.9268404745948179,0.9600520584724149,0.9235290581739292,0.9281301594998878,0.9047614913598443
seoul_flood_2024_00116,1,2024,2023,7d0ace58f1bf6a48eed8c62e46a71a458d0fecfa8f511947d46a0167e6837f9c,site_fold_2,0.5141645493783837,0.14116954344589436,0.1175216951621179,0.7644666484818131,0.6022713650038168,0.8013084995977086,0.5674521778358805,0.8633108467960303,0.7011500751257058
seoul_flood_2024_00073,1,2024,2023,287234d601433e40a271d9ddd26ead9f9308af2b1677c85e3834012d64e6e7d2,site_fold_3,0.648613951105602,0.5807834192117071,0.4882508513328468,0.6518053664180934,0.06125029603298081,0.6789088494446799,0.05294821539977341,0.4502932518010373,0.07410111411731547
seoul_flood_2024_00117,1,2024,2023,96bfd72b61bf954f2785d404c928759454d7b17f1b9112b500e5bef0de66965f,site_fold_3,0.5221470135672486,0.8869006412986323,0.8906825212275054,0.7803798249808932,0.9031138152037341,0.739337376332076,0.8876088107877196,0.7639894052800851,0.900006606720608
seoul_flood_2024_00085,1,2024,2023,3becba3274152e21c153ada0da15bb1d8f5a0a5aa386ebae6fe6064d468e125d,site_fold_4,0.6305494352725758,0.6672127931575133,0.6399281224351431,0.9977283013273743,0.9964146505226279,0.9964520686614192,0.994846057193546,0.9901523353049587,0.9873890944686718
seoul_flood_2024_00118,1,2024,2023,08e8ba1a5228798be26cec1295ab372eef931328d892df9a0a6f83f388090f1f,site_fold_1,0.56584662241892,0.7293982885533761,0.7300905215463528,0.8274785833750077,0.9258020001931621,0.80366067192135,0.9143151879587303,0.9370796419423305,0.961656759275677
seoul_flood_2024_00087,1,2024,2023,038885154917f49461b2bd823ed84f168eb6f07b4247e762aa3785177bf2f1a8,site_fold_4,0.406075052548568,0.7518688480315372,0.6909888391251425,0.9739448790661771,0.8232323718009517,0.9575064817529739,0.8416732835643617,0.9847059246826939,0.9290625934557906
seoul_flood_2024_00090,1,2024,2023,e2021107777c58ae4753e65b214bcf759eb5dade508d589c0faa3ecf220f7db4,site_fold_0,0.5348820499367941,0.5351749704157368,0.6230079186104777,0.9991740479403899,0.9982349469197435,0.9982897354401862,0.9965991030766491,0.9979730175215145,0.9950812900179461
seoul_flood_2024_00092,1,2024,2023,9a1836775b51d543b83e763701479475aa2241ddd6420af60260e1c2994536b2,site_fold_0,0.668550681189411,0.7444528276247029,0.8183444474006206,0.9592947965088628,0.8691403268791492,0.9642970359438768,0.8761523160553504,0.9186299284999542,0.8149171672168589
seoul_flood_2024_00095,1,2024,2023,5609876fb475b5f8749245964924f472f2921b55d27942248654e089174fcb3d,site_fold_3,0.6073743640861243,0.7669026943222155,0.660130530057221,0.776620154147689,0.9245882842795833,0.751613546270334,0.8814910256080016,0.8306265512676071,0.9341463335086636
bg_2018_0008,0,2018,2017,e01f18c6157377aa8fea34d0849ee57ba81780ea6b458a684b38b58c1f249aa7,site_fold_1,0.0034893848578283594,0.002183914980235391,0.002867501363243856,0.01383911209791607,0.004382223825930453,0.02442665162516275,0.017802264755184094,0.576318086759087,0.11643883748961271
bg_2018_0012,0,2018,2017,031f604ccd8decf0bc0c0f1b46d764f67618a666286b5ef046ba714fd32ce319,site_fold_2,0.005109880983418471,0.0004848571321372354,0.000347937038848457,0.0005076523343713311,0.00015614874779446537,0.00046728809565525466,0.00014438797462483643,0.0022198729324530565,0.0003548076138788558
bg_2018_0014,0,2018,2017,96f4653cba9c5b8fffc448302fa973dfcae2a21030235ce4f086544c824fafd7,site_fold_0,8.758617403672154e-07,0.00017250370251510188,0.0003888472145956708,0.000211712996328518,0.00012017404123822882,0.002917092426797761,0.0023869584576297616,0.10603178003079777,0.0775035262503098
bg_2018_0016,0,2018,2017,b567922b1a6e50fee3cb576e2441824a9c83fd4dd5fac5d1c44c98d81360cfb7,site_fold_1,0.0037204706383679423,0.009531548643985348,0.022194333022373575,0.09585867316079748,0.12672944868734207,0.10359217764116385,0.14662478213083882,0.0062899840278537065,0.00778689959143284
bg_2018_0019,0,2018,2017,6edce6b5be5a6297cfc6785fe6eb1f9255b7a66545fc3bea508c64d379a86f22,site_fold_4,7.281916311810495e-07,2.6686876446204877e-06,1.9488589740440437e-06,1.5642596091144809e-06,1.087822056059665e-06,2.2750160593410783e-06,2.057427420021811e-06,0.010607961326605908,0.011574848182396033
bg_2018_0021,0,2018,2017,a74f251b2c3000fafc6ffa15b42a8c8767d1d7f96385ec57c9a92bad2775d4d8,site_fold_2,0.0014076479662758986,3.8012717183096454e-05,2.8400179426718735e-05,0.001283548052315881,0.000574536525939118,0.006346294862809183,0.0028852712633906643,0.005118860721960502,0.012278730201510438
bg_2018_0023,0,2018,2017,707cefe99fb18e837868489d84317ae20f18934da0f4afa2a1f2b42c41ecaec8,site_fold_1,0.04521978264740274,0.001407735528825116,0.002288778954670525,9.0880444544595e-06,5.3898384657567955e-05,4.349959058556065e-05,0.0005492535642510262,0.00016941505836901295,0.00173627942494801
bg_2018_0025,0,2018,2017,7c6261366bf8edda64089f460e853aeaeda958dee0f29ba57605120c552ce3ad,site_fold_2,0.568753000589886,0.23526408194107612,0.3645307119504501,0.028479261203116505,0.001997110211201835,0.0538879860216937,0.007178379954412976,0.1331849372314363,0.027998369465821512
bg_2018_0027,0,2018,2017,07e4e2986cc515ff4959416c897bb00877a6b5e8b3b13ea6b922aa271b685181,site_fold_1,0.43153196004940597,0.013293367693430366,0.013575117827110602,0.0008701281349071179,0.011525645235714942,0.0007866922260728327,0.011204297393703037,0.005743666094136916,0.04928114364341613
bg_2018_0029,0,2018,2017,d85443019e270af275d8e6dd883eb545895d895bb3302685db5c485b48671cbe,site_fold_4,0.10893820120444965,0.010848190109580626,0.007239539230897682,0.43884991648586613,0.2652670580628155,0.45376934243490524,0.2255241180687574,0.07365194510777852,0.10913034720637604
bg_2018_0031,0,2018,2017,294277d42644ddf4e441a0ce7c53aca2bfa06820f022b5f34069e9a8a30356b2,site_fold_4,0.6462386034877389,0.00022438261308983446,0.0001325474275886374,0.0006421727191086681,0.0018740271515378883,0.0006332887772165835,0.0013931942607722369,0.0015443878037822393,0.006490362039373552
bg_2018_0033,0,2018,2017,21e62fc153d7c067a581956f9285d808728d0fbcc3f743972121ab385b7f240d,site_fold_3,0.6071768601659259,0.4798315876480278,0.4534824995476411,0.0625772788567214,0.2025918251249257,0.09293364310853913,0.46419381566050166,0.032579954211628855,0.12314549299600001
bg_2018_0035,0,2018,2017,84e4269b50220afc54cd94d366ce19c65299d35df850ceaee93eadc2d1fba7df,site_fold_2,0.007226148675090076,0.0003439827157973214,0.0005847183304259232,0.004876105965964704,0.02566784069428343,0.012350447323904765,0.14226640064293372,0.08703959922998245,0.5177163906793266
bg_2018_0037,0,2018,2017,ec12ead14120d4fd24d16cabbbd241eb1d0fe9c16ad943805a4312845283d462,site_fold_4,0.41527361694151643,0.2768137319198547,0.2891208582430759,0.0008165674539768803,0.0017348166533935761,0.001204706372700052,0.002158251746087593,0.0022831008229701848,0.0033699822645168504
bg_2018_0040,0,2018,2017,b8e6d522bdee72713691c7fcf5a63989a868dfd95bd2cab5437e22511b06187d,site_fold_1,0.3422584171686854,0.07466840220519345,0.09951865907177594,0.0038992983300781274,0.001582643530826391,0.012979511455379405,0.001989050132046753,0.01262292685685441,0.0016462996302208008
bg_2018_0041,0,2018,2017,2fd1ce506e821d00b2c7dc4f3c74578abf6a9aa737fc9b17501c9a890c7b32f4,site_fold_2,0.5268640978383038,0.22593442387656495,0.2165706184396817,0.009293533193702451,0.007197274007362495,0.01901520185190965,0.02058463613100515,0.2782882307920061,0.09461682960501219
bg_2018_0042,0,2018,2017,c5c162e440897a82f0cf5001e5831e1ef3a67dfe6bf07a591a79a43cc3ff74f5,site_fold_1,0.46024220449587205,0.1954830832167694,0.015275936301601857,0.0011308001040507636,0.001333555257832234,0.00016500168753320202,0.00022983026021118435,0.002302070784905157,0.001143674067321402
bg_2018_0043,0,2018,2017,3dc07fb46bf80b6eecd3b849850467fc614be95e21cbda76c3c7cdf7a7106cf4,site_fold_2,0.009474924716748663,1.2124252861719937e-05,1.7346291319825457e-05,6.402088574077993e-06,1.3100805186399318e-05,1.554081291388609e-05,4.990096682165107e-05,0.000968263494958706,0.001648182078570848
bg_2018_0045,0,2018,2017,5abac985a6deaa808eecb6a2742d5a724388c8f6c7ad871704b78b4066e386dc,site_fold_1,0.4680900744499086,0.7149727918481382,0.8394488895258925,0.4041945478166924,0.5309362760357961,0.4002274970883895,0.40195689447067584,0.20445545335502519,0.08439548013078532
bg_2018_0047,0,2018,2017,9b143e553b172de0a0dbcd667fcc44ff4424a8f9c8019d9c4a4518f7420b41af,site_fold_0,0.007383608244054602,0.0006412034793202979,8.862379298161407e-05,0.0022447689794990624,0.002210618722601438,0.0016991892518481953,0.0026952073252528653,0.0441198136985943,0.05221958906701543
bg_2018_0049,0,2018,2017,1a44f043ff970d264d22e596a5e8bcb7dd2eeaed1035fc9b3d7de0c36349a6e3,site_fold_3,0.6451935567955268,0.35590788449200106,0.4452141357715516,0.4581457851481699,0.6876987140390939,0.553646169938719,0.7710722301262337,0.46311103537847004,0.6687246627790534
bg_2018_0051,0,2018,2017,748d2b899e4eb3beab4800bc94e8ff516e34ed0db3aef051813bec260a8670ce,site_fold_2,0.238282251396947,0.09989943132840211,0.07416142366117633,0.07044010240287624,0.05440756415396512,0.053704097999646025,0.04942148403428955,0.08503683298418352,0.12057221811321282
bg_2018_0052,0,2018,2017,dcd99ae5f275a0be2458b09742536127a22d13b902bd53e5ac740a04f46f77f3,site_fold_3,0.6596326298986037,0.23472949930380885,0.18463085038529345,0.05498481787289212,0.07046247027401252,0.05245525256465734,0.07077147539969539,0.19525222240688725,0.22697787035143516
bg_2018_0053,0,2018,2017,ef5548ab378a0d6f1136921f787bedefcf308b5bf6f03841ab384a58392a796f,site_fold_3,0.3228771858605926,0.0008891414237907563,0.0008023271200234737,1.1980204589494296e-06,3.8459330044845565e-07,5.695848347489177e-06,1.018178223798899e-06,0.007116311455967439,0.001114784138236662
bg_2018_0054,0,2018,2017,8b97daeee954f5cf8ce99941964f6b69aafbd08ff670db5383f686bb16668c44,site_fold_1,0.6126913793136661,0.2166077882020919,0.11648584708492177,0.006799929107752066,0.010562283803369089,0.002443406623827169,0.004364919195001314,0.01926285324284392,0.02180463248097939
bg_2018_0056,0,2018,2017,dc2c073fab33fa44d4232f769c5e6003d6870f75c7967861a7b52e38d7c69572,site_fold_4,0.45217061333145664,0.013412822932483187,0.010498515143696064,0.7100443667457528,0.8629044107191133,0.49906640832391125,0.6763726992081592,0.6643410026989734,0.8315484147492329
bg_2018_0057,0,2018,2017,d40effa8069de0fc26ed37d2c749ab608986996e969ab3f7db4ee96472d380dc,site_fold_1,0.6055447397142868,0.42438102583039217,0.7069511183072896,0.4694561501429213,0.15811624328746196,0.7677166280634606,0.3445846195151499,0.49279326432918735,0.3431182987462699
bg_2018_0058,0,2018,2017,203ddd064d80fc0d4e7bff11a0776d9e93419a3a6037aa9adc2c7505290a1813,site_fold_4,0.5195047695275379,0.05544112890961425,0.10886781498088297,0.46563080664200157,0.08470129115678089,0.42114264690171166,0.06941021250610029,0.5798012432131587,0.40691950401687665
bg_2018_0059,0,2018,2017,f9a9ec68c6f1d2a1231e5e83d38745b60d61290ff74ac936aa8f0683822eb8eb,site_fold_0,0.07132990678542005,0.5261012793772624,0.7082511366566292,0.15331136039047474,0.0878476400836367,0.3086550868146537,0.2870305155017995,0.14057646619424288,0.17181602400368165
bg_2018_0061,0,2018,2017,320a5b870363bc27bd783e6d2b485a8d3972cfc67854a5a58639a25fc374f980,site_fold_0,0.6257814434651958,2.813910808529635e-05,1.1784192036143815e-05,4.777287438833029e-07,1.965254076273827e-05,5.314725953005793e-07,5.883540663255876e-06,0.00018270103877637972,0.0054142640323618695
bg_2018_0062,0,2018,2017,b72bc3515d6491d4fb990553794908030b77eceda6076312844c64f5685529fc,site_fold_4,0.4912825445039261,0.37762805942156796,0.3497842411301542,0.07579521759749246,0.013791607683921894,0.06584989185094069,0.01864530289163714,0.1861692237581161,0.042683634931518076
bg_2018_0064,0,2018,2017,7cf777b87c15c35cb12a26b7d8ad0f56654c2b75b6447578107c0cef8bdd2e29,site_fold_1,0.525846104512969,0.5814283160694201,0.4118914134769828,0.7262856507765176,0.6451026049306016,0.5073123592004491,0.5980932896486895,0.8760577726446908,0.8611448848400839
bg_2018_0065,0,2018,2017,2ae3e4a48561eae2ac17dd839dccd2bfa7997585727481cf2cc5ad1a544cbb29,site_fold_3,0.05305471427527434,0.0006906204658602062,0.0004991452551220503,0.0002321203607049745,0.00034112735974128693,0.0001240261083626698,0.00022549861926524244,0.008488621982787324,0.02238914620930425
bg_2018_0066,0,2018,2017,a5a2dc9c1dbe6d7af6f51645bd09cb467e8f7c186eb7d91b2a155cea8ae622ed,site_fold_3,0.4810024982098607,0.1148074886688436,0.04427916149424011,0.0003767109455818102,0.0032252396960421553,0.000338900750448801,0.0015071018331366585,0.0008425240753194175,0.005052043287192585
bg_2018_0067,0,2018,2017,b687a30ed837278ff4dadcfdef30f40b2986a06c7c79ed57693b3e6b2b1a9d33,site_fold_4,0.527810423741003,0.5641962832477513,0.5687478265912175,0.6982195363249879,0.9560254972017249,0.735567458132691,0.9604952958307812,0.6474125201551583,0.9117928141679909
bg_2018_0069,0,2018,2017,19b54b72bdde6c4bd3cbe2546f3414a4ff56cd60d6a2bcdf3d6f1f199e8b9a7a,site_fold_2,0.5771824780439392,0.32911349855900324,0.5752474659228075,0.01474750290435401,0.0010102748943697458,0.01879091386013343,0.0025962553633101823,0.010013117763456397,0.005447023374344174
bg_2018_0071,0,2018,2017,48da3e414015f3351b42e87e9218a6ceaedce537a926ba13d8759590bdad9d81,site_fold_3,0.655668102502571,0.7217363083699304,0.5289372704649715,0.7399290302296653,0.8921436168720106,0.700797307102285,0.8535563028860733,0.6895587958591218,0.8797968416011123
bg_2018_0072,0,2018,2017,ea2e9240baa8efb8641cef5f652b1f430fd03b8bb6bdcae03cd85c7be7d79e6c,site_fold_1,0.6694627284788944,0.4573757659655769,0.4091830682710804,0.005277262552806173,0.013653070062773547,0.0070078547728127365,0.018599062928676607,0.010502786876058358,0.03926861252329234
bg_2018_0073,0,2018,2017,eb67dc3c4a6302c161ea7c937485d56e520ac962c08ed97fcd8cb6d32e101eed,site_fold_1,0.6404631499449249,0.608114833550745,0.3496819517529789,0.39868010375930324,0.24153318372689322,0.08748871808972637,0.07768303535991646,0.06410615264349516,0.08319743080709574
bg_2018_0074,0,2018,2017,0661378a425c8a66c4aa539a6016f77d94444565f19a404c200d8da71d881e6f,site_fold_0,0.5997615917253378,0.27157501213707175,0.3157632150805951,0.007159755351682984,0.008124501784283094,0.00889520890921767,0.009602573188862196,0.055335986512295945,0.06917974113261474
bg_2018_0075,0,2018,2017,c1f90f1983b063e2d466b9b1bebe90d7fc37a3d7d52615c416a054934dc3850f,site_fold_4,0.6488205208444504,0.7069594094431005,0.8849280012168924,0.12819677848433203,0.21900062293162859,0.15063334086069727,0.29542689075798717,0.08748430149301603,0.37109789616120153
bg_2018_0076,0,2018,2017,b0bb5e94bbb58bef0707986a0b214f4618e10f100ec3660f7f792c139b83b7bf,site_fold_3,0.5614244690869227,0.7266963886161555,0.8367525247960809,0.0050955587556693,0.02710144507482137,0.007344402540970111,0.039770641356133216,0.003215590094361676,0.01090108655586072
bg_2018_0078,0,2018,2017,a5ca7d8f214e2cdbd499bf191e3ef82542d8fc7c4eb63c250906aecb6d052776,site_fold_1,0.5502639321871878,0.009398270361039154,0.07133653402944225,2.6492153331461267e-05,0.001136846803075791,0.00043169841763422343,0.008816685866029716,0.00036691854509235275,0.014170902863681322
bg_2018_0079,0,2018,2017,387293de0a4d2562776968a4c928898f0c153e19c243293da6f2314332ce8e09,site_fold_0,0.6934499367713858,0.6569578172651737,0.5294860749089358,0.007817432576831197,0.01012108934955607,0.019094673935234924,0.01987300133569498,0.024110683167859494,0.014132472733464048
bg_2018_0080,0,2018,2017,e647221675ed4239c7ecfb607d39fbe04e5956323af3be0aa98f0d64ac923420,site_fold_2,0.6424820571905502,0.8305887325622243,0.891936543582469,0.02797262536486655,0.06007063620588703,0.14902795670599803,0.22242068270885684,0.012672195787941154,0.016948042900908275
bg_2018_0081,0,2018,2017,a79ec02ce4ac7963f73a96c80a4ea1fc557a0747a742e20e54654266ddade15f,site_fold_4,0.6986196832708296,0.8113700515905244,0.7436331134208388,0.6765368450778121,0.614567222122466,0.6292573217735107,0.5389469213713569,0.48666127219291133,0.6605811516789961
bg_2018_0082,0,2018,2017,5535d9eaa37e4d1a7b852f0870d6bc9cf8d44c2c849c46b6e3bc123aea922f98,site_fold_0,0.6804459310677324,0.9635220050751716,0.9929282305627617,0.0017863223061702538,0.05097605919840349,0.0014588251205761744,0.08246921611959547,0.0004967706231906612,0.006653563344898464
bg_2018_0083,0,2018,2017,fe080c2d9abb132cc64d5557983b111ff97e3f58f287666fd5faa26bdb192287,site_fold_2,0.6585000757876198,0.7244885016868217,0.6114232984770731,0.05145172805146899,0.7732295648207813,0.041692993900000475,0.6532647760578519,0.0685601888932034,0.4710330221864707
bg_2018_0085,0,2018,2017,f3ce6092bb24123a060a0495483d50073de4e4ee953fe58bd28e219e1a83baa1,site_fold_3,0.06413980878685449,0.006744360382124181,0.00341388817804111,0.012670332115702667,0.018895516225106188,0.013551723266986336,0.010530976248776235,0.06567968866907696,0.08782660780960616
bg_2018_0086,0,2018,2017,2f8d0c0da0be361972dcf84753d6a3e08b6dad88a520b7d1a92b86f9b38320ac,site_fold_1,0.5511651901106156,0.16392540118743595,0.1591832830469579,0.001968105292255808,0.0037990409580394755,0.004052306861022713,0.004266508021298763,0.02121122279524261,0.0088698943369723
bg_2018_0088,0,2018,2017,d948566b5d11292ec582eb153178eebb116e8d9e510bbbb560baf1319dcb07ea,site_fold_4,0.31085716779181954,0.23030275713009957,0.24452843209084868,0.021832603016936594,0.013446396902129685,0.03208807299401107,0.02026675827963181,0.1006437776333575,0.12643068250785605
bg_2018_0089,0,2018,2017,30e0262a5079f27f544cfa11a50c2dac7696a1223e31b6a5743a25b88178f3f9,site_fold_1,0.6398229342381245,0.5417003528090849,0.4240670282577224,0.030936077793174487,0.18845039766786773,0.0532850531737009,0.160800475580043,0.025994867501819806,0.2578409247821238
bg_2018_0090,0,2018,2017,0ea0ea06867904ade6f0cc97d06bcc3a15a536e081b0765ae05da45dd08c935e,site_fold_3,0.6649265520421643,0.5203872197925065,0.3549575171199374,0.5139766072421817,0.15590767570662448,0.5189276114656793,0.14887577066538613,0.4555582698130759,0.31803547667302545
bg_2018_0091,0,2018,2017,982618d21af830b045f8c249c93b9fe8c0ca46e8eef0f38a41b858d40f182133,site_fold_1,0.6165675675477356,0.5634801607906756,0.4359501518331632,0.6417632915686012,0.5968842894649544,0.5272643154656924,0.4797503593576558,0.5124837209851032,0.46821308385480637
bg_2018_0092,0,2018,2017,1329ca34dd0aa22bba0143275ea656df9883ad433541073bcd4a263e3256d123,site_fold_3,0.6057524880100867,0.27736195645120704,0.3210654857407021,0.4287038157325365,0.5776191206485997,0.43744852225003833,0.6058623761154697,0.17564184271271394,0.2690672406849094
bg_2018_0093,0,2018,2017,39af272ed4011f905c7675ca8e5251a45ad8be334a928f57454f06824c57b67d,site_fold_1,0.5610993277010558,0.6800593185606103,0.5614580262656266,0.3846481472072508,0.12107375915381757,0.3024159931138188,0.051735181121478784,0.3685377765214295,0.11768929145908928
bg_2018_0098,0,2018,2017,09cec87c34c3457792131d98f4e5ea7c0de72227cb164719da0895a2dd49e29f,site_fold_4,0.5687344774859312,0.008691435436709536,0.00578569252359706,0.09677708246558794,0.9790205316764197,0.06324037193453157,0.8538802328059668,0.12611939260044408,0.8705178725626799
bg_2018_0099,0,2018,2017,eab8096d803acb18cc201f6ace31bbda179073d5e6a99e0d73d2ec05bccdf772,site_fold_0,0.04722565936015698,0.10461634568003425,0.0544689465811954,0.0005402066073172233,0.00024104862158531124,0.0008709176504457393,0.0003048632796602306,0.003338019013511338,0.0035381168721291953
bg_2018_0101,0,2018,2017,0e3e2e1f0d7500e89ab5386ac3395e82b86d098339e82b63a4f96b3de677403b,site_fold_4,0.37597283634527634,0.20219957901448535,0.21780377338205517,0.009960289112814633,0.03785820088194227,0.01365713617150238,0.029815208514470327,0.012847082713843085,0.04088348566113575
bg_2018_0102,0,2018,2017,d083f6498d7fbd2e9d25a6ad0b6797fb6e2c24cc6ad3d7ca5f9713008c86dd50,site_fold_1,0.5600892635352006,0.03519908775050961,0.04280508911889216,6.0835844511764125e-05,0.00012735025644825999,0.00011750754459058388,0.00018217854429615385,0.00012660416890624259,0.00021647984643598676
bg_2018_0103,0,2018,2017,094fe38ba748a64e5efdec7fb8286b4be6aadc362ada39934354d5551a5da3d0,site_fold_3,0.18070548051421514,0.18058041705099487,0.21900511820362764,0.09707908644840152,0.18882470639551688,0.16181308141074105,0.3702714884224311,0.30688483399545263,0.5227185356750027
bg_2018_0104,0,2018,2017,381d18bd61e34cf882bdfdf6012481b10927e35d12e6647db1266ea9a179de4a,site_fold_0,0.18317065569382954,0.0008064206664505473,0.00028508344964355323,0.0053925214791204195,0.01819979327786513,0.0202442513570977,0.02290872313572766,0.01644354911757541,0.029772088305210682
bg_2018_0105,0,2018,2017,5bb0f3030646a3eca15b3c715c0a2cc5c67d8a64036f4b26e788799479fcac9b,site_fold_4,0.6031603898564393,0.6585858259512656,0.7047910956675478,0.23441952275687586,0.6716253883449198,0.3198830466236426,0.7453862046817827,0.6321479624102111,0.8831098002613086
bg_2018_0107,0,2018,2017,121ca7306a2ae0103033e3004279ef3e80366ab277effbd7df933cd44df93378,site_fold_4,0.633638077410873,0.7350435368530613,0.8651900140407535,0.3231898036273323,0.8680318492835195,0.3457392311750587,0.8966454264414268,0.681063860979894,0.9386790370333392
bg_2018_0110,0,2018,2017,fe94a8a6361778f583248af09d52d2f8beaeed2c3a1047494990e54232abf263,site_fold_3,0.6554137797244943,0.5002993204571309,0.365912609860524,0.49839050848206135,0.8548700360095335,0.417799373124068,0.7711487469919197,0.49995149064826505,0.8758339290268548
bg_2018_0112,0,2018,2017,9b8cfb8dd01fd7117ec530b8b1be50f430e0bba381744f956eee96179adeacee,site_fold_1,0.5969006203035498,0.8306469189312942,0.894745509185705,0.9675348388035062,0.9765585641037766,0.9781315072172552,0.9745239526677484,0.8695531495475788,0.906936318550145
bg_2018_0113,0,2018,2017,574a670bce4623563698b796be6af8072c206bfd8806e5f36ff822a332eff57b,site_fold_2,0.40891597156225135,0.10784783337032817,0.10851515515029612,0.8165791638394424,0.6989487645939879,0.8615984748286521,0.862028568657752,0.3290362792053522,0.3162727542326746
bg_2018_0114,0,2018,2017,cbf698a2629e0c40badff8fdce66678097136d982ad6e328f5e174702db1ac72,site_fold_1,0.6408860508840232,0.08572564898889576,0.06540151040525144,7.227633793590345e-05,1.304189337047233e-06,0.00012230523909203322,5.187233967810273e-06,0.004609293521098719,0.0003834310150588082
bg_2018_0115,0,2018,2017,48ba22de3d6960040834837c9f93bad7da1ff9aa12c70c28cf23329daa5556b9,site_fold_0,0.6580018889889927,0.3714577305077047,0.3319428556665251,0.02568777884265904,0.0067213950088638175,0.029330326378897147,0.008600835433630463,0.04904998781113837,0.008426605628578852
bg_2018_0116,0,2018,2017,b89dc14cbabd117f4baa55fee005974d32ebb678421d282b6faf5919d4c5513d,site_fold_0,0.13810805065240522,0.07606622262897361,0.016127333991815224,0.3997502369961634,0.5249095152858352,0.1480043568262901,0.22651777162435122,0.8609017131817227,0.8190775181469931
bg_2018_0117,0,2018,2017,259d5e4e331efc426e8d5cb37d174767fad44812d9c8aac2673f920f15e78ad6,site_fold_0,0.5678095266532021,0.5935082269102626,0.4163572603877094,0.0003486867149589545,0.0005099025631545346,0.00022637094207192212,0.00041234158266818707,0.0016571561022358007,0.006272363186821964
bg_2018_0118,0,2018,2017,8e82547d47b9be467e201fcc7a5aecc54c71aded64e0ac980099b8678439acd8,site_fold_4,0.6697270844556475,0.4497170991488369,0.503112696186337,0.0023383437487514316,0.012734628088618251,0.0023514698558278514,0.012585873165736944,0.01292426128114875,0.040414841515838594
bg_2018_0120,0,2018,2017,1cdab643d1b940b0693fcbf08e8a99e52473b61131de923eb8b284c32f00c4d4,site_fold_3,0.3918591373609764,0.3258247907737019,0.31297249972342217,0.14277966199933834,0.030381722369776137,0.15254695509907398,0.04965165550321615,0.04471742487778751,0.01713580421314879
bg_2018_0122,0,2018,2017,bf6cb7c3b436132579c4c247e107989902b49e1a3a297a787f54b840578a302e,site_fold_3,0.35262164403092777,0.18354989802423424,0.1071535569615083,0.0008428807772507214,0.002380853151905767,0.0010253008335151968,0.001963816004616741,0.0005990356527314213,0.0014023690679060704
bg_2018_0124,0,2018,2017,74a593ab813090c62b6028480a668a3959fb4e059bcc73876ed08db88d30bda2,site_fold_1,0.39927632754792985,0.007270299763989558,0.011210281752144089,0.0017384877427724748,0.011281084191405583,0.005559623664008065,0.02051156767668507,0.015098027209297801,0.10229175646559342
bg_2018_0125,0,2018,2017,669228cb6311c26fa81b0cc72a9f043cf099e2aec5da6174c5343570362b53f9,site_fold_4,0.018962519852682942,0.0017661165321650185,0.0007219017868007508,0.5992625443599477,0.005528328986959332,0.5615926912591275,0.004962337870918885,0.04928361370759005,0.014002116205012943
bg_2018_0129,0,2018,2017,9d517f55ae5613be7e9c1f546afa3a8453196835262a2da69354022e181623af,site_fold_1,0.6346071694028468,0.6362153396977548,0.4485973096619026,0.34207163542639224,0.45336269714760014,0.4933951383406999,0.42818638979827145,0.2885952450377059,0.2256878097524053
bg_2018_0130,0,2018,2017,30fc7f1fd06b41eaa1cbfba3302ccf7b637fb6b97d364777008dcc7203e27e88,site_fold_3,0.6800015852193402,0.5814541544124471,0.5426544883760662,0.9245764537446458,0.9705995412980906,0.9436296676621465,0.9672521240271239,0.9405910201189397,0.9736148646130649
bg_2018_0131,0,2018,2017,c70088b5f5ed553ac8d54c56b48c1be5b90a722246b8993e86f8ab252abee2b8,site_fold_2,0.578712272659681,0.6658148312881031,0.6913387524858529,0.9360165458246972,0.9546572826124883,0.9401974698048374,0.9332092904303261,0.8824233530776393,0.8992076706842005
bg_2018_0133,0,2018,2017,f4be26be42aa63779b31705fdb787991f04b62cc376f4011ad45d4e46a90aadc,site_fold_3,0.6805006853550344,0.7453189714041806,0.8169807416027457,0.01018549883776505,0.020255685032124212,0.026742608565755218,0.025103107328933127,0.010795763940216913,0.02286899313450399
bg_2018_0135,0,2018,2017,d4a9a61f6e816b947950df9ce5dcf1ba5199c097b89c4e2ff3146444ea11cb5e,site_fold_0,0.14858245459583783,0.22323915332444533,0.29099958741708026,0.7617411995071979,0.7936475322255901,0.7790918038518443,0.8858660935795178,0.6893350743473701,0.8702504303505363
bg_2018_0137,0,2018,2017,b1c60d3479151c265d732f1691c8965b5045f9f996bc435e7cc5093bbabaa7ca,site_fold_0,0.5809966661233821,0.42869539552908215,0.3410303320850786,5.7899042567368815e-05,0.0003157859107511988,8.835487643237743e-05,0.000435949668186906,8.921512720528891e-05,0.0004243823892668853
bg_2018_0138,0,2018,2017,8c4da60d1d75cffc9bd0bb476c0dc48b8024afb93b7ec5dce86a348e4a515c7e,site_fold_1,0.0018327860661607597,0.00046614906560652803,0.00030846785886119065,0.0054282131079715495,0.020910388086321507,0.005658234030462371,0.04070897396670956,0.047890523908404176,0.20729359624459023
bg_2018_0140,0,2018,2017,25491912f96991025541d5f5da5a1ed06d902fbef16223d74ebe72a74b2706c0,site_fold_0,0.19503764546013724,0.3205644209990888,0.22013038040400246,0.2792162556873741,0.054505363071014105,0.30930651008093907,0.052680647308465056,0.33454542893105316,0.118230025773328
bg_2018_0142,0,2018,2017,27cf11d64439127707db65caff07bd9f503a61a6427d56ac8b3df0c792261c04,site_fold_2,2.694985616004856e-10,6.630614636377526e-19,1.4788340473654497e-20,8.792525859273387e-23,3.789469370286107e-19,8.141815125067417e-22,8.612585381473555e-18,0.0029294031467535036,0.0001573011490849538
bg_2018_0144,0,2018,2017,48a8d4b27be3f5a3d567610c033ac715c6277500103c9ec2d712f0b3bd427f0b,site_fold_4,0.46302024819217286,0.7869018624296752,0.6719927166915454,0.7762285590170893,0.7907735917788636,0.8151671818047712,0.8637822698489974,0.8759340120005666,0.900693960432324
bg_2018_0146,0,2018,2017,e889077796f75a8bf06a0218348506ff1aa58361a026a2158158d33545d8f8e8,site_fold_4,0.6181214930314863,0.7563692932698547,0.6130286638165294,0.5967013687964822,0.5945900553301472,0.6255278653680904,0.5163633243712544,0.6089137820998632,0.7462824161683642
bg_2018_0148,0,2018,2017,7e9ec81c8ea1517e7c97d3f130bd8da15eded8367199dea08912d7fec27678bc,site_fold_4,0.6918737717117852,0.8114627227423202,0.7714141679612604,0.5449537534552329,0.3301828851583053,0.5583374730662725,0.36690411131031697,0.5992558559118033,0.436088933100064
bg_2018_0150,0,2018,2017,2d514b854a9419024c44d135af3eff0d5ec793684c36bece8e6471bba25f3d4b,site_fold_2,0.034105354353572905,0.0013876140700671412,0.0010707585799045072,0.0005797482688959391,0.007341256501998952,0.0006888015987041645,0.010968684980345308,0.008926753832766992,0.10503697014419974
bg_2018_0152,0,2018,2017,ce81223ed4abc36fdbbc236f8ffb7d0ee9ea969f12ac8750196c90345354cd48,site_fold_1,0.3011335511209017,0.0083208449477683,0.008034558435451755,5.0101158659045165e-05,0.0004816497069290849,3.793373076922339e-05,0.0003143994752876868,0.00020505034309401476,0.0017958556223579714
bg_2018_0154,0,2018,2017,eaa88e45dc34bbc37c2c1c462247981c702e40fc4de264f8bfd709abb71da6d3,site_fold_2,0.15828646487612683,0.10353862929916033,0.042629761803369394,0.48649305939656134,0.1826710522957584,0.4006498335952873,0.1308236031131925,0.48528418006128,0.5791546877089317
bg_2018_0155,0,2018,2017,37a1b32ea4828c6949829c840f5a2c1015383861dcde49e417670a4242964123,site_fold_1,0.15524343125889242,0.03068837996793331,0.02598678822012444,7.078247052455426e-05,0.00013370695024759617,0.00010375778849974293,0.00011565277501272095,0.0004261354174323953,0.0004052295817416979
bg_2018_0157,0,2018,2017,10931396412cd75603aea0d3abeeaa86eab99d3b921d1b092b41bbab3e6b3ef3,site_fold_3,0.6472985875012138,0.5984478516775567,0.46353863737021117,0.00478228561085214,0.007264783369767295,0.005225961705440803,0.008821092566059945,0.008456475841701444,0.011146215882290915
bg_2018_0161,0,2018,2017,d49b5fbc9ceb41ca0416f4cdb698a4166b7a68f5b61831b3c486481ab9266d59,site_fold_0,0.6328029219067838,0.7296659305063725,0.6169695239966038,0.9042955817958116,0.8458688807063719,0.9318215670787041,0.8809464423871225,0.9173312714144078,0.7977090731704019
bg_2018_0163,0,2018,2017,aa4923f93f3935d9017a178e2e2a00c39f8bda9e0d5768ff25899acb453cfe4f,site_fold_4,0.7057190096374489,0.6144597318881162,0.621447013347448,0.5097214404984316,0.7816448198155979,0.5086601656002401,0.7371361344843065,0.4253354421739285,0.8024487946102067
bg_2018_0165,0,2018,2017,d2fe77c5494009de82c48b234cc00ce5e962100afef8729763eebcde1fdb3ee6,site_fold_4,0.606927139401459,0.5624067127061517,0.4810426725069026,0.01143942241990354,0.0010944723089710436,0.00594830971764684,0.00042495810509814104,0.02086323006925809,0.0017357042377164652
bg_2018_0167,0,2018,2017,4a3e32b2592c4bca0306e12810e632bbc064edd22a18e37cda46c14b345b44bb,site_fold_3,0.0030248611301719125,0.0043377588253188226,0.012386991469104443,0.0004343897851800878,1.5298334437611159e-06,0.0011471783521704222,4.970304332976537e-06,0.01352294852173521,0.00022380437009797093
bg_2018_0176,0,2018,2017,f2237c29d27bd0b5346f0be444cdf4b5a741aa2fba630c9086b59654a04a210f,site_fold_2,0.5172336263210361,0.09677340766192968,0.12984141235138483,0.0038837604346924296,0.00012758573395298684,0.001219613786226392,6.141317095269509e-05,0.013345886043070746,0.0007774317028481653
bg_2018_0178,0,2018,2017,e61f9b395ebe806bb4173411398360588d9e72421527f2deafa2fdbbbb195b65,site_fold_4,0.6148036824255347,0.48295076552748345,0.49989854413829204,0.8975119323360242,0.7223428591018307,0.8852751090598178,0.7547151978875519,0.9048008750109614,0.7476241080218947
bg_2018_0180,0,2018,2017,a113ed2181e2dafdd3bd4c517c782ea37e2fc64120cbcccfd433bc0ea0d1188c,site_fold_2,0.4316192055646754,0.0015173499360265923,0.0014863983602122896,0.00010660281892775464,0.000266757603382052,0.0001717135299417083,0.000869274969432944,0.001100774656494197,0.006435859024399743
bg_2018_0182,0,2018,2017,338e23f9b352e3105dbde6ef929db218b89c42bef0ff3192ba71868dc1c03e11,site_fold_1,0.3695821657161818,0.5124901541932568,0.5643745369852113,0.22910487374391345,0.6412766855080722,0.3019693452559677,0.6636840312458431,0.45022207962283617,0.83484479400035
bg_2018_0191,0,2018,2017,cbc1c3c2479947688ce7ff97d13516aff256f9ff10811bac671aee0b4c32337a,site_fold_4,0.0698958610656146,0.001107326858008008,0.0004683619264867318,0.005377911568184079,0.0006396332114104688,0.003206655496474791,0.0005704089737142065,0.00014403121831631612,9.612258579065332e-05
bg_2018_0193,0,2018,2017,61dbfdd28521f9308c90c25b11338b8d4a84bcf61abdb389858a2ac8ee611700,site_fold_3,0.5847101696536712,0.3698486716201514,0.4487728149250291,0.5229501532650065,0.30566944423237047,0.6899933447178669,0.454785853856124,0.18186774575160491,0.33311491312584723
bg_2018_0195,0,2018,2017,84ed77966a29277f09a9d25467f5d8ab0f66d8e58892bfa6b237ad9a9a82cd74,site_fold_2,0.03335872457157049,0.0001586083241443671,0.000130508994389633,0.0029234952850534374,0.09305726873000748,0.008255866827972481,0.2563397645770941,0.017980591486393856,0.500709109349789
bg_2018_0197,0,2018,2017,085eb8211e0d2e935d23d26841e01d26a6fd4d394c7185918f5965368be91c14,site_fold_4,0.6732322182070164,0.8724939011157826,0.9394887332138933,0.936145337277397,0.9276619236593242,0.9404608410878841,0.9440622659134915,0.8795390794330114,0.7624117710961067
bg_2018_0199,0,2018,2017,83039e54e1fa37ee25521fbe29d0a288ee1d48abb96cc75dc80796ea6e46a80e,site_fold_3,0.04238122094736194,0.012920413781027417,0.007149770421419729,0.0036474938953700636,0.0006098652514135353,0.0012829644635754902,0.0001420634645795451,0.00209201627706958,0.0003405215970361226
bg_2018_0208,0,2018,2017,7fcd19c49f8ef373af77d30b6ea657701de171b59c2cc99c492381c7fa79eb53,site_fold_2,1.3555851063436567e-05,0.0005075137436652895,0.0007868043069178367,1.158084995049637e-06,1.077058612012599e-08,5.155752603706855e-06,1.16933669406331e-07,0.0015572397134301704,4.400642773327176e-05
bg_2018_0210,0,2018,2017,81ecec5ea53df338cb8dec8a3d93efdf89b240e40ceb46e53c9c62deeb7134ad,site_fold_4,0.6921208312341283,0.6240138081725407,0.5129766644042124,0.7592399591620327,0.8585678765677169,0.6393004457108176,0.787915262083865,0.6957225522855662,0.7553795257674092
bg_2018_0212,0,2018,2017,d62a426cec03061a92b4b16ff9276a42c85c45c9bef3ede5653bbbd82d16c4a6,site_fold_1,0.573404519230748,0.49926496616932303,0.24266575413445995,0.0031253382019082675,0.001181814389675897,0.003309337681408151,0.0007512884125007081,0.01267037817181181,0.004243767127166711
bg_2018_0214,0,2018,2017,adcf989dc565c016087934f1ab4ba3b574fbe4b87d6ce6c4c0efac4ac2994595,site_fold_3,0.5685166105063978,0.6709089413682761,0.6752504699736985,0.9683237379559994,0.9862759560264952,0.9656703347788267,0.9654367769086131,0.24299337347650823,0.2631993999851684
bg_2018_0227,0,2018,2017,f6e58d1a82b10079ee37183b7cf9cacaf6d4a553dd204c84c7040b1b90f871aa,site_fold_3,0.00012187111077983082,0.00017216219959291865,4.691109211735692e-05,5.526406176305933e-05,0.00010231812314529942,1.7008703652628718e-05,2.743209422450949e-05,0.010260142930762665,0.007323790409270206
bg_2018_0229,0,2018,2017,571d300f79ea95c93212637680e248e7f42521541f8f5180c48bc4344a8082b1,site_fold_1,0.15572994682533348,0.002327436390822765,0.0008388482364981544,0.0013980208940109723,0.0033790358078054565,0.000639013183896295,0.0013264514678581875,0.0009446739043866472,0.00409865354088718
bg_2019_0008,0,2019,2018,e01f18c6157377aa8fea34d0849ee57ba81780ea6b458a684b38b58c1f249aa7,site_fold_1,0.0034893848578283594,0.005387033026769378,0.0013895310872438307,0.00180850861634603,0.0025822570435573345,0.0005782642011119131,0.002650930037268072,0.12223148547256535,0.050148125727587804
bg_2019_0012,0,2019,2018,031f604ccd8decf0bc0c0f1b46d764f67618a666286b5ef046ba714fd32ce319,site_fold_2,0.005109880983418471,0.005290937178383447,0.0002746107012917099,0.0008182078441680758,0.0007211546981239583,5.7823462223819446e-05,1.9539185015102292e-05,0.0006262741159024203,0.00011927526340606711
bg_2019_0014,0,2019,2018,96f4653cba9c5b8fffc448302fa973dfcae2a21030235ce4f086544c824fafd7,site_fold_0,8.758617403672154e-07,0.0004526115033747131,0.0001366866441819376,9.778839225990736e-05,0.0012054513078234828,3.882726939487325e-05,0.0002944948690479077,0.022216528241861513,0.06961420455862193
bg_2019_0016,0,2019,2018,b567922b1a6e50fee3cb576e2441824a9c83fd4dd5fac5d1c44c98d81360cfb7,site_fold_1,0.0037204706383679423,0.06127375698322646,0.007819511915258063,0.2269690490804275,0.5222353644318743,0.012332481227541705,0.027270469244820985,0.0019655956581352213,0.002926270720526317
bg_2019_0019,0,2019,2018,6edce6b5be5a6297cfc6785fe6eb1f9255b7a66545fc3bea508c64d379a86f22,site_fold_4,7.281916311810495e-07,2.3164080724566787e-06,1.2064323700438455e-06,2.0171427266130023e-07,1.7595556274949306e-06,7.62328911119508e-08,5.699459176625665e-07,0.002146528805085442,0.004969270204364727
bg_2019_0021,0,2019,2018,a74f251b2c3000fafc6ffa15b42a8c8767d1d7f96385ec57c9a92bad2775d4d8,site_fold_2,0.0014076479662758986,3.145305445228748e-05,4.1324815427315724e-05,0.00036951470021587713,4.9640374452386815e-05,0.0013704314442906137,0.0001598382630558374,0.003036946358582993,0.0012216871326202576
bg_2019_0023,0,2019,2018,707cefe99fb18e837868489d84317ae20f18934da0f4afa2a1f2b42c41ecaec8,site_fold_1,0.04521978264740274,0.003737625984982323,0.0004965575788001015,5.315506513420257e-05,0.00012390891400824612,2.8003507863816492e-06,1.1230094634618315e-05,0.00013212059931317637,0.00040136977707981033
bg_2019_0025,0,2019,2018,7c6261366bf8edda64089f460e853aeaeda958dee0f29ba57605120c552ce3ad,site_fold_2,0.568753000589886,0.26693897495774743,0.21566459149620404,0.0016200056552824387,0.007076499758813727,0.0013595790837654601,0.010679977264362225,0.011075865112058478,0.05603351601691624
bg_2019_0027,0,2019,2018,07e4e2986cc515ff4959416c897bb00877a6b5e8b3b13ea6b922aa271b685181,site_fold_1,0.43153196004940597,0.02976983098036418,0.0062004333836804615,0.000317178415196481,0.0028293496478966388,5.470176725873578e-05,0.0006885928036923434,0.0013816277295599733,0.01063370873861638
bg_2019_0029,0,2019,2018,d85443019e270af275d8e6dd883eb545895d895bb3302685db5c485b48671cbe,site_fold_4,0.10893820120444965,0.0257489378752387,0.004206364590461536,0.04092122714480181,0.29286198591430185,0.012160704238550065,0.07908551561966398,0.017524927002850313,0.018409627500829473
bg_2019_0031,0,2019,2018,294277d42644ddf4e441a0ce7c53aca2bfa06820f022b5f34069e9a8a30356b2,site_fold_4,0.6462386034877389,0.0005539483083178869,4.5795196529938026e-05,0.0002284233707123771,0.0009314363319411893,2.2436895055851077e-05,4.0578778889837945e-05,0.0006740420391592661,0.00041209108064433334
bg_2019_0033,0,2019,2018,21e62fc153d7c067a581956f9285d808728d0fbcc3f743972121ab385b7f240d,site_fold_3,0.6071768601659259,0.4480480294472982,0.39797715635535785,0.021611048230654985,0.26025948348612243,0.01035511988464433,0.08365787532130538,0.006303970311921532,0.03791658378773075
bg_2019_0035,0,2019,2018,84e4269b50220afc54cd94d366ce19c65299d35df850ceaee93eadc2d1fba7df,site_fold_2,0.007226148675090076,0.0013650490999745739,0.00015944458805627307,0.0029729937596213,0.01478982656974344,0.0004815840536295282,0.0012955409745807752,0.029641087227235782,0.03496978410477527
bg_2019_0037,0,2019,2018,ec12ead14120d4fd24d16cabbbd241eb1d0fe9c16ad943805a4312845283d462,site_fold_4,0.41527361694151643,0.40124052780126296,0.26410187732216583,0.00017039958072722106,0.000577970060848137,0.00017768419424140551,0.0004771864246140865,0.0003952612919545516,0.001283832323541916
bg_2019_0040,0,2019,2018,b8e6d522bdee72713691c7fcf5a63989a868dfd95bd2cab5437e22511b06187d,site_fold_1,0.3422584171686854,0.00747241676910895,0.19933235232208957,3.0621535505334395e-05,6.504135677988804e-05,0.0016749993909784587,0.0013568785403910385,0.0021125972996499536,0.00047001962648672015
bg_2019_0041,0,2019,2018,2fd1ce506e821d00b2c7dc4f3c74578abf6a9aa737fc9b17501c9a890c7b32f4,site_fold_2,0.5268640978383038,0.3312585102911805,0.20204156347360405,0.0015575095788535808,0.0014840615151879488,0.0012104705207928326,0.0023133116393079453,0.048417657979480964,0.03160891986847
bg_2019_0042,0,2019,2018,c5c162e440897a82f0cf5001e5831e1ef3a67dfe6bf07a591a79a43cc3ff74f5,site_fold_1,0.46024220449587205,0.13350359327149613,0.18682414576406525,7.285060031479853e-05,0.0003441872022048067,0.00017873790011264947,0.0006205865755387214,0.00026963021191721834,0.0006032884898596022
bg_2019_0043,0,2019,2018,3dc07fb46bf80b6eecd3b849850467fc614be95e21cbda76c3c7cdf7a7106cf4,site_fold_2,0.009474924716748663,7.552786247155348e-05,4.462401469047884e-06,5.4328596491285395e-06,5.7846122738955604e-05,6.321112475121415e-07,3.82189111051588e-06,0.0003970453920076903,0.00068665502531306
bg_2019_0045,0,2019,2018,5abac985a6deaa808eecb6a2742d5a724388c8f6c7ad871704b78b4066e386dc,site_fold_1,0.4680900744499086,0.8454073210355272,0.6966993308466667,0.27994002395204265,0.27012731732710704,0.15266185486275574,0.13243967070724957,0.049343818378701915,0.042803952870904785
bg_2019_0047,0,2019,2018,9b143e553b172de0a0dbcd667fcc44ff4424a8f9c8019d9c4a4518f7420b41af,site_fold_0,0.007383608244054602,0.0008755558436968809,0.0001595054108318926,0.0003474779967582841,0.0016650464515112502,0.0002458202350596363,0.00023720260422010653,0.01336742034672857,0.01856046406940884
bg_2019_0049,0,2019,2018,1a44f043ff970d264d22e596a5e8bcb7dd2eeaed1035fc9b3d7de0c36349a6e3,site_fold_3,0.6451935567955268,0.512897857879949,0.28942255688052737,0.1723644525242675,0.36759106130354197,0.10033504278576721,0.2953631946528136,0.148092114135747,0.27988405285346035
bg_2019_0051,0,2019,2018,748d2b899e4eb3beab4800bc94e8ff516e34ed0db3aef051813bec260a8670ce,site_fold_2,0.238282251396947,0.08580007859848092,0.10051292012835844,0.013086513653359355,0.03373907389734496,0.015500522864806748,0.028585512572477323,0.018804528254091495,0.04430573613966961
bg_2019_0052,0,2019,2018,dcd99ae5f275a0be2458b09742536127a22d13b902bd53e5ac740a04f46f77f3,site_fold_3,0.6596326298986037,0.3929004653322789,0.18193131947134186,0.01889212752686884,0.010954654542834017,0.01206176421322645,0.00897217891845664,0.0724969835326315,0.0588782942045961
bg_2019_0053,0,2019,2018,ef5548ab378a0d6f1136921f787bedefcf308b5bf6f03841ab384a58392a796f,site_fold_3,0.3228771858605926,0.0004414664074444275,0.0014219388608903505,5.865809312964592e-06,6.915253910126471e-08,3.1957727972764845e-05,1.5234558203982992e-07,0.040331820080711775,5.945230505583802e-05
bg_2019_0054,0,2019,2018,8b97daeee954f5cf8ce99941964f6b69aafbd08ff670db5383f686bb16668c44,site_fold_1,0.6126913793136661,0.2062591484472325,0.21433361759391067,0.00045937079687133553,0.0018835054755707691,0.0012430585386438693,0.00420394730746684,0.003129557547779395,0.011429462377897649
bg_2019_0056,0,2019,2018,dc2c073fab33fa44d4232f769c5e6003d6870f75c7967861a7b52e38d7c69572,site_fold_4,0.45217061333145664,0.06531752910313869,0.013437275605668118,0.5832498739977239,0.6552483119230426,0.1970095719265313,0.22652758341869553,0.37728082866208024,0.2637705701868249
bg_2019_0057,0,2019,2018,d40effa8069de0fc26ed37d2c749ab608986996e969ab3f7db4ee96472d380dc,site_fold_1,0.6055447397142868,0.6978649458494676,0.43533364278899134,0.6227320440251141,0.3565714752662598,0.4920906145547502,0.21237390752076973,0.38752460857142573,0.39350671121215197
bg_2019_0058,0,2019,2018,203ddd064d80fc0d4e7bff11a0776d9e93419a3a6037aa9adc2c7505290a1813,site_fold_4,0.5195047695275379,0.0849426758582717,0.16225505620524866,0.17582060735593774,0.10699955356501843,0.21134332540372874,0.10244192619987288,0.3738719421536313,0.26980538818816924
bg_2019_0059,0,2019,2018,f9a9ec68c6f1d2a1231e5e83d38745b60d61290ff74ac936aa8f0683822eb8eb,site_fold_0,0.07132990678542005,0.7130322582839044,0.6344311388115874,0.07842941362571525,0.13542443387681963,0.10482037203025603,0.20605981349266467,0.05113603773986682,0.15695406422255345
bg_2019_0061,0,2019,2018,320a5b870363bc27bd783e6d2b485a8d3972cfc67854a5a58639a25fc374f980,site_fold_0,0.6257814434651958,1.6385329980064567e-05,1.8569078463643638e-05,5.638726800662287e-07,2.6091986544436456e-05,3.2429019361500038e-06,3.2730824142900076e-05,0.0005495584008601412,0.006356030282457025
bg_2019_0062,0,2019,2018,b72bc3515d6491d4fb990553794908030b77eceda6076312844c64f5685529fc,site_fold_4,0.4912825445039261,0.5330761281954363,0.36970750447970485,0.015512389201974917,0.012874950151637412,0.016055293411310196,0.014770005623422915,0.05683528607518789,0.03437998937690645
bg_2019_0064,0,2019,2018,7cf777b87c15c35cb12a26b7d8ad0f56654c2b75b6447578107c0cef8bdd2e29,site_fold_1,0.525846104512969,0.5834988078011969,0.48778952684788984,0.40765141115563,0.1795081815568573,0.5577499370908288,0.42460190309182744,0.7974287690486714,0.68333737607567
bg_2019_0065,0,2019,2018,2ae3e4a48561eae2ac17dd839dccd2bfa7997585727481cf2cc5ad1a544cbb29,site_fold_3,0.05305471427527434,0.0016199175957807264,0.00019657798254228614,0.00017757407580347513,0.0003228098251776786,1.2653655885809315e-05,1.507731078029719e-05,0.0032626362994724327,0.00510303951473812
bg_2019_0066,0,2019,2018,a5a2dc9c1dbe6d7af6f51645bd09cb467e8f7c186eb7d91b2a155cea8ae622ed,site_fold_3,0.4810024982098607,0.08824302873526316,0.11603683999591319,2.1477335340509977e-05,0.00024482125432883603,4.7923486988168136e-05,0.0004920203991554109,8.716796330925658e-05,0.00039280712920996766
bg_2019_0067,0,2019,2018,b687a30ed837278ff4dadcfdef30f40b2986a06c7c79ed57693b3e6b2b1a9d33,site_fold_4,0.527810423741003,0.6402894646671657,0.5273992935011694,0.6007190886191139,0.8817935767056712,0.5150540812488781,0.8620682401935993,0.5619046164374604,0.8272359968035524
bg_2019_0069,0,2019,2018,19b54b72bdde6c4bd3cbe2546f3414a4ff56cd60d6a2bcdf3d6f1f199e8b9a7a,site_fold_2,0.5771824780439392,0.47182005559070606,0.40449049566189416,0.0015959725505836552,0.0015002148642168922,0.001479648124099438,0.0022225820472910438,0.005846083556122122,0.008028872216792944
bg_2019_0071,0,2019,2018,48da3e414015f3351b42e87e9218a6ceaedce537a926ba13d8759590bdad9d81,site_fold_3,0.655668102502571,0.6526245481998056,0.6887087448623725,0.6052215106694275,0.6907790892856505,0.7111438865391867,0.7385320611325821,0.6189560872796326,0.6845985804671341
bg_2019_0072,0,2019,2018,ea2e9240baa8efb8641cef5f652b1f430fd03b8bb6bdcae03cd85c7be7d79e6c,site_fold_1,0.6694627284788944,0.4567230731369593,0.4250222130564315,0.0010818234809333426,0.0028689390300793705,0.0020223186362510383,0.006043356805781762,0.003413457530118933,0.023928369849813887
bg_2019_0073,0,2019,2018,eb67dc3c4a6302c161ea7c937485d56e520ac962c08ed97fcd8cb6d32e101eed,site_fold_1,0.6404631499449249,0.6853060749324207,0.3824770735069072,0.37070031270490184,0.2673916806154525,0.11351891231152324,0.1060175559773346,0.035810226573610354,0.0634377809660535
bg_2019_0074,0,2019,2018,0661378a425c8a66c4aa539a6016f77d94444565f19a404c200d8da71d881e6f,site_fold_0,0.5997615917253378,0.3103808859350641,0.35127142637753067,0.0016893960970350806,0.015180985308275084,0.0034632423426215232,0.016732639495920475,0.011856640739681946,0.07436377134103564
bg_2019_0076,0,2019,2018,b0bb5e94bbb58bef0707986a0b214f4618e10f100ec3660f7f792c139b83b7bf,site_fold_3,0.5614244690869227,0.8137202743318198,0.7026225521467497,0.001728164857145014,0.003373566819071985,0.0010250214535940407,0.0024475118982959605,0.0007939997181095624,0.001782467867098238
bg_2019_0078,0,2019,2018,a5ca7d8f214e2cdbd499bf191e3ef82542d8fc7c4eb63c250906aecb6d052776,site_fold_1,0.5502639321871878,0.01572867042549972,0.03973520237074759,0.00010947189503743639,0.0001618663437258463,0.0001723232617916362,0.00011871199752203144,0.0002570669711868892,0.0004886111814743503
bg_2019_0079,0,2019,2018,387293de0a4d2562776968a4c928898f0c153e19c243293da6f2314332ce8e09,site_fold_0,0.6934499367713858,0.6759621716683836,0.6202051337744223,0.004155733987574312,0.003671209776670322,0.008832625583691954,0.007835790882636157,0.010534465754038635,0.0068258507523476
bg_2019_0081,0,2019,2018,a79ec02ce4ac7963f73a96c80a4ea1fc557a0747a742e20e54654266ddade15f,site_fold_4,0.6986196832708296,0.8537517712792967,0.7789871684390114,0.7342632698988651,0.28017448339222095,0.5836088675450175,0.2724356659721189,0.31738561653183145,0.23556644629834927
bg_2019_0082,0,2019,2018,5535d9eaa37e4d1a7b852f0870d6bc9cf8d44c2c849c46b6e3bc123aea922f98,site_fold_0,0.6804459310677324,0.942485610308493,0.9844306517270918,0.0015444423085367827,0.016648250050254464,0.0023828316958970997,0.037354111827118563,0.00035628125333338033,0.0018656789078848699
bg_2019_0083,0,2019,2018,fe080c2d9abb132cc64d5557983b111ff97e3f58f287666fd5faa26bdb192287,site_fold_2,0.6585000757876198,0.7601299508388387,0.6944055619352295,0.04439842991413565,0.18354918719463437,0.02479437640838287,0.1596688186885736,0.016657805140391557,0.13329389745148643
bg_2019_0085,0,2019,2018,f3ce6092bb24123a060a0495483d50073de4e4ee953fe58bd28e219e1a83baa1,site_fold_3,0.06413980878685449,0.014656587174797613,0.003412787335120131,0.007826229970788199,0.007257795385041612,0.003638569701276011,0.0025308725647807027,0.0578610474009734,0.011912380790709488
bg_2019_0086,0,2019,2018,2f8d0c0da0be361972dcf84753d6a3e08b6dad88a520b7d1a92b86f9b38320ac,site_fold_1,0.5511651901106156,0.21758211362355234,0.16728689724678109,0.001016960745272754,0.0006074066762821577,0.0012019065080745646,0.0004539807199654728,0.008653044932976018,0.0014738297751977125
bg_2019_0088,0,2019,2018,d948566b5d11292ec582eb153178eebb116e8d9e510bbbb560baf1319dcb07ea,site_fold_4,0.31085716779181954,0.36561409242075377,0.22359781785059477,0.012776011816097676,0.009096690301025872,0.01298883391790016,0.008751938163969877,0.07036839367620512,0.041630982250046925
bg_2019_0089,0,2019,2018,30e0262a5079f27f544cfa11a50c2dac7696a1223e31b6a5743a25b88178f3f9,site_fold_1,0.6398229342381245,0.6156735466470026,0.4339018453498536,0.004801086468955533,0.017554805463663385,0.00511815430965687,0.01607579859518119,0.0058119775040552735,0.04612123753697934
bg_2019_0090,0,2019,2018,0ea0ea06867904ade6f0cc97d06bcc3a15a536e081b0765ae05da45dd08c935e,site_fold_3,0.6649265520421643,0.5669539166618395,0.432426226624518,0.25201928513930055,0.03798769179481629,0.2923013719423482,0.06579583505241429,0.39485038092267993,0.10971532063222804
bg_2019_0091,0,2019,2018,982618d21af830b045f8c249c93b9fe8c0ca46e8eef0f38a41b858d40f182133,site_fold_1,0.6165675675477356,0.5436483638692473,0.48910357689531486,0.49000340866387754,0.43416455315831903,0.4651615763774926,0.42691925482941706,0.32420343100792987,0.4261941832295545
bg_2019_0092,0,2019,2018,1329ca34dd0aa22bba0143275ea656df9883ad433541073bcd4a263e3256d123,site_fold_3,0.6057524880100867,0.4660532996561809,0.26794763233033303,0.14597564778474356,0.43849827640532507,0.06863129745534326,0.28119739250112513,0.04345850867057609,0.1253609520242564
bg_2019_0093,0,2019,2018,39af272ed4011f905c7675ca8e5251a45ad8be334a928f57454f06824c57b67d,site_fold_1,0.5610993277010558,0.6000294890632656,0.6141004510570168,0.01202981083597094,0.07909895732198659,0.037742800120011265,0.21489003414245827,0.02996822295532058,0.255037890716695
bg_2019_0098,0,2019,2018,09cec87c34c3457792131d98f4e5ea7c0de72227cb164719da0895a2dd49e29f,site_fold_4,0.5687344774859312,0.021426716241022853,0.0054727310793840625,0.24642423963620275,0.9637602673141281,0.009793338548006804,0.2510949848555156,0.020947557634680612,0.14155984952821304
bg_2019_0099,0,2019,2018,eab8096d803acb18cc201f6ace31bbda179073d5e6a99e0d73d2ec05bccdf772,site_fold_0,0.04722565936015698,0.1512367775600337,0.08350273780817091,0.00024030777778834365,4.228075384843386e-05,0.00013856070071550393,3.0074846912692703e-05,0.0009861612979393162,0.0005170228710833276
bg_2019_0101,0,2019,2018,0e3e2e1f0d7500e89ab5386ac3395e82b86d098339e82b63a4f96b3de677403b,site_fold_4,0.37597283634527634,0.2863753307024684,0.22751613687911715,0.0011284927451183293,0.019562098570713546,0.0010465939744821067,0.01507073817211159,0.0018029841062811621,0.013008745546187125
bg_2019_0102,0,2019,2018,d083f6498d7fbd2e9d25a6ad0b6797fb6e2c24cc6ad3d7ca5f9713008c86dd50,site_fold_1,0.5600892635352006,0.039276932732616406,0.048497124882691506,2.7875576484371625e-06,2.424899450361824e-05,2.69404832156608e-06,4.3686447480059966e-05,4.11440041710669e-06,4.1844621533797934e-05
bg_2019_0103,0,2019,2018,094fe38ba748a64e5efdec7fb8286b4be6aadc362ada39934354d5551a5da3d0,site_fold_3,0.18070548051421514,0.18554914065760136,0.24977913245464492,0.02509512796564533,0.04630817060528598,0.09182036787375308,0.1600540276151309,0.12467159242739898,0.2719438871414911
bg_2019_0104,0,2019,2018,381d18bd61e34cf882bdfdf6012481b10927e35d12e6647db1266ea9a179de4a,site_fold_0,0.18317065569382954,0.00037879293336925827,0.00022722736486887636,0.0025007490684481283,0.004194561872886749,0.0024095307788908576,0.002226443641046247,0.011686661131934444,0.007693008303652637
bg_2019_0105,0,2019,2018,5bb0f3030646a3eca15b3c715c0a2cc5c67d8a64036f4b26e788799479fcac9b,site_fold_4,0.6031603898564393,0.720698771648874,0.6467000379200419,0.1030638922479707,0.24315802574931414,0.12566222894141116,0.4095843847503926,0.2602045111747471,0.6637833541048754
bg_2019_0107,0,2019,2018,121ca7306a2ae0103033e3004279ef3e80366ab277effbd7df933cd44df93378,site_fold_4,0.633638077410873,0.8299711478390981,0.6829835632169569,0.15513696178488015,0.3001395627268488,0.23334366059883688,0.5008883047238708,0.3371449907630423,0.7100346682766143
bg_2019_0110,0,2019,2018,fe94a8a6361778f583248af09d52d2f8beaeed2c3a1047494990e54232abf263,site_fold_3,0.6554137797244943,0.5651773701528837,0.3947213037064322,0.288173493487051,0.521409920287456,0.22286209357231107,0.4045246448098872,0.28843724500767165,0.5461409100356189
bg_2019_0112,0,2019,2018,9b8cfb8dd01fd7117ec530b8b1be50f430e0bba381744f956eee96179adeacee,site_fold_1,0.5969006203035498,0.9467860788772683,0.8311631251001635,0.7498629254270162,0.9330183742422272,0.6881515432797795,0.9160794869322212,0.27449203444867737,0.7772184815037089
bg_2019_0113,0,2019,2018,574a670bce4623563698b796be6af8072c206bfd8806e5f36ff822a332eff57b,site_fold_2,0.40891597156225135,0.08481262318187535,0.1165981241991896,0.5705340664604635,0.5040007554068631,0.7774853920650074,0.8020489724182435,0.15105790769455446,0.271215660131929
bg_2019_0114,0,2019,2018,cbf698a2629e0c40badff8fdce66678097136d982ad6e328f5e174702db1ac72,site_fold_1,0.6408860508840232,0.10232340211133678,0.0781074634030653,0.0006957292519722535,1.0582679749234476e-05,0.00022159774638804065,1.011874567829659e-05,0.007583918900279512,0.0007090391305788802
bg_2019_0115,0,2019,2018,48ba22de3d6960040834837c9f93bad7da1ff9aa12c70c28cf23329daa5556b9,site_fold_0,0.6580018889889927,0.4765045089306652,0.3367245727283736,0.014973569808589002,0.013859523643925743,0.012566936761309037,0.020850482909561475,0.03416979623802867,0.015735265697067798
bg_2019_0116,0,2019,2018,b89dc14cbabd117f4baa55fee005974d32ebb678421d282b6faf5919d4c5513d,site_fold_0,0.13810805065240522,0.1058080566559947,0.09332895033497252,0.3022387071672451,0.5754171179212308,0.2919428693729683,0.6109704614683208,0.7823453019923488,0.8587440786568943
bg_2019_0117,0,2019,2018,259d5e4e331efc426e8d5cb37d174767fad44812d9c8aac2673f920f15e78ad6,site_fold_0,0.5678095266532021,0.5097058456299414,0.4452315353823188,0.0002631934878814343,0.00012367352574245037,0.0007878041082476224,0.00044264787462666044,0.0020353026105520595,0.002838567512561276
bg_2019_0118,0,2019,2018,8e82547d47b9be467e201fcc7a5aecc54c71aded64e0ac980099b8678439acd8,site_fold_4,0.6697270844556475,0.5175274334016042,0.4378116021287868,0.000784726408878199,0.005939952550656255,0.0008128977240678636,0.004240897589144179,0.0031969208859922295,0.011539289295073883
bg_2019_0120,0,2019,2018,1cdab643d1b940b0693fcbf08e8a99e52473b61131de923eb8b284c32f00c4d4,site_fold_3,0.3918591373609764,0.4045114412214789,0.3264910569430379,0.022095445735093967,0.048363212010308985,0.03096589683894504,0.07080048125278973,0.008766335696760079,0.020087550040287006
bg_2019_0122,0,2019,2018,bf6cb7c3b436132579c4c247e107989902b49e1a3a297a787f54b840578a302e,site_fold_3,0.35262164403092777,0.2521406672409931,0.14877294389216458,0.0005327919642315158,0.00027845294223236743,0.0003791389138707628,0.000374622249944179,0.0013814053410341285,0.00025484809619801023
bg_2019_0124,0,2019,2018,74a593ab813090c62b6028480a668a3959fb4e059bcc73876ed08db88d30bda2,site_fold_1,0.39927632754792985,0.022662264102260896,0.005379970955488744,0.005869709772529337,0.004373990681510184,0.0011680165327183978,0.0007755907376917451,0.008611496493259641,0.021579918852990765
bg_2019_0125,0,2019,2018,669228cb6311c26fa81b0cc72a9f043cf099e2aec5da6174c5343570362b53f9,site_fold_4,0.018962519852682942,0.004830701286355039,0.0006373753636018208,0.18270978536917507,0.001733744870468247,0.1090828850051127,0.001084845974373928,0.03320562319596039,0.0016066303597365439
bg_2019_0129,0,2019,2018,9d517f55ae5613be7e9c1f546afa3a8453196835262a2da69354022e181623af,site_fold_1,0.6346071694028468,0.6439637863728984,0.5442134599084896,0.07354282895016112,0.4257618047065022,0.08215408453061045,0.40647779941852286,0.04191418119034409,0.31486347738998643
bg_2019_0130,0,2019,2018,30fc7f1fd06b41eaa1cbfba3302ccf7b637fb6b97d364777008dcc7203e27e88,site_fold_3,0.6800015852193402,0.6310238391478384,0.5455089439470195,0.7761060868595762,0.909852728533256,0.8142323298401936,0.879139019055653,0.8554508249819818,0.8952083504921371
bg_2019_0131,0,2019,2018,c70088b5f5ed553ac8d54c56b48c1be5b90a722246b8993e86f8ab252abee2b8,site_fold_2,0.578712272659681,0.6981461496053318,0.7306943149632095,0.5225909548890622,0.9113068461420782,0.5378397631696524,0.9132829772012188,0.3270021413957937,0.9367576223135954
bg_2019_0135,0,2019,2018,d4a9a61f6e816b947950df9ce5dcf1ba5199c097b89c4e2ff3146444ea11cb5e,site_fold_0,0.14858245459583783,0.3451578273935956,0.16036415016138955,0.6927820443863068,0.6784162414043134,0.43412778563261556,0.4530345149615727,0.695724740202455,0.5701645032618312
bg_2019_0137,0,2019,2018,b1c60d3479151c265d732f1691c8965b5045f9f996bc435e7cc5093bbabaa7ca,site_fold_0,0.5809966661233821,0.39926405313023056,0.3509546748912493,0.026872437355298623,0.00013564222246937937,0.08451135199071542,0.0005099002939821308,0.02988989160529716,0.0001426033031580843
bg_2019_0138,0,2019,2018,8c4da60d1d75cffc9bd0bb476c0dc48b8024afb93b7ec5dce86a348e4a515c7e,site_fold_1,0.0018327860661607597,0.0005646871541403417,0.00018922215858989234,0.0005895176006429261,0.004188689750130746,0.0001552293373240275,0.0019674695335158607,0.006369753032945031,0.037672078096045024
bg_2019_0140,0,2019,2018,25491912f96991025541d5f5da5a1ed06d902fbef16223d74ebe72a74b2706c0,site_fold_0,0.19503764546013724,0.3874543166752279,0.3214718802540045,0.07153474024968025,0.04948389650797858,0.06607128488974316,0.04580209529173112,0.10015311229503289,0.11835628631448193
bg_2019_0142,0,2019,2018,27cf11d64439127707db65caff07bd9f503a61a6427d56ac8b3df0c792261c04,site_fold_2,2.694985616004856e-10,3.357192115467698e-18,1.8859346467240187e-20,3.6646673165315564e-23,2.1588581280935373e-18,1.5927229045042603e-22,2.3779046746460034e-17,0.0003647167337578855,0.0003077040152282128
bg_2019_0144,0,2019,2018,48a8d4b27be3f5a3d567610c033ac715c6277500103c9ec2d712f0b3bd427f0b,site_fold_4,0.46302024819217286,0.8237614978372135,0.777077939059148,0.2982765441841828,0.539180150432436,0.3482094437116903,0.7729569156955534,0.47010280493137474,0.7944670244369041
bg_2019_0146,0,2019,2018,e889077796f75a8bf06a0218348506ff1aa58361a026a2158158d33545d8f8e8,site_fold_4,0.6181214930314863,0.8110507587846401,0.7334940630653835,0.2621019858582621,0.20545851273640717,0.31810986790720985,0.25659019906364494,0.32906718243277,0.4344330403786574
bg_2019_0148,0,2019,2018,7e9ec81c8ea1517e7c97d3f130bd8da15eded8367199dea08912d7fec27678bc,site_fold_4,0.6918737717117852,0.8657690423619352,0.8045604198241442,0.0640839383551512,0.2239062719033922,0.0690553175470451,0.2988140245649367,0.07128713608500634,0.25559599871720995
bg_2019_0150,0,2019,2018,2d514b854a9419024c44d135af3eff0d5ec793684c36bece8e6471bba25f3d4b,site_fold_2,0.034105354353572905,0.003893152524543451,0.0006716798628045012,0.00012443373472173795,0.0018549772568323619,3.423551156740028e-05,0.00040822287657161767,0.0018597684664136143,0.005294393910573966
bg_2019_0152,0,2019,2018,ce81223ed4abc36fdbbc236f8ffb7d0ee9ea969f12ac8750196c90345354cd48,site_fold_1,0.3011335511209017,0.057385878433911686,0.004276130609259232,0.0002180681935529662,0.0010732335829801787,1.3819100461301063e-05,4.871408749035409e-05,9.341255285060222e-05,0.00024180246441124497
bg_2019_0154,0,2019,2018,eaa88e45dc34bbc37c2c1c462247981c702e40fc4de264f8bfd709abb71da6d3,site_fold_2,0.15828646487612683,0.0718989041732333,0.06247521597799272,0.19418066250050528,0.13680234826796162,0.21184023257938442,0.10852955753591849,0.31905470384402407,0.4767393975364729
bg_2019_0155,0,2019,2018,37a1b32ea4828c6949829c840f5a2c1015383861dcde49e417670a4242964123,site_fold_1,0.15524343125889242,0.052120489936821245,0.01789313330647803,1.3517591791838435e-05,0.0004089073097288061,5.962910692946156e-06,7.058219980618354e-05,0.0001224200455797196,0.00033924200500812896
bg_2019_0157,0,2019,2018,10931396412cd75603aea0d3abeeaa86eab99d3b921d1b092b41bbab3e6b3ef3,site_fold_3,0.6472985875012138,0.6856333375517029,0.5231143478363772,0.0078022259281720074,0.0042458674353798515,0.002980147661146946,0.001527022705445536,0.00529306888777581,0.0028872441188672474
bg_2019_0161,0,2019,2018,d49b5fbc9ceb41ca0416f4cdb698a4166b7a68f5b61831b3c486481ab9266d59,site_fold_0,0.6328029219067838,0.8357933773645458,0.7415531829973512,0.7692861653051817,0.6380455145739873,0.8632706372800181,0.7572097693055835,0.8239066580728787,0.6325332982436085
bg_2019_0163,0,2019,2018,aa4923f93f3935d9017a178e2e2a00c39f8bda9e0d5768ff25899acb453cfe4f,site_fold_4,0.7057190096374489,0.6064315475942758,0.6235160780690692,0.00038552998926790144,0.01240039088018593,0.0005085601397614941,0.03278131142476764,0.002203980754858868,0.027389297360101268
bg_2019_0165,0,2019,2018,d2fe77c5494009de82c48b234cc00ce5e962100afef8729763eebcde1fdb3ee6,site_fold_4,0.606927139401459,0.6326043163024784,0.4883748791301104,4.640835307991741e-05,0.0002188984602349409,0.00010846715803468988,0.00032638998043846095,0.0003719003658009749,0.0005285299453430894
bg_2019_0167,0,2019,2018,4a3e32b2592c4bca0306e12810e632bbc064edd22a18e37cda46c14b345b44bb,site_fold_3,0.0030248611301719125,0.09003263495176586,0.001844055728629124,0.0005827358992919825,5.493963145053882e-05,1.2128160458455235e-05,2.684222888631578e-07,0.004319141569691871,0.00011122589424419278
bg_2019_0176,0,2019,2018,f2237c29d27bd0b5346f0be444cdf4b5a741aa2fba630c9086b59654a04a210f,site_fold_2,0.5172336263210361,0.28347919087541446,0.04160724080442205,0.0003137118062338402,5.0377669682409816e-05,0.00010021342465430004,3.8971961532142444e-05,0.0015125266018874428,0.0005908744624387808
bg_2019_0178,0,2019,2018,e61f9b395ebe806bb4173411398360588d9e72421527f2deafa2fdbbbb195b65,site_fold_4,0.6148036824255347,0.7010504976801497,0.5018264292581748,0.47166013106559046,0.4244971631683479,0.6266113226445713,0.6860354755365075,0.5782894700958837,0.6503732505758831
bg_2019_0180,0,2019,2018,a113ed2181e2dafdd3bd4c517c782ea37e2fc64120cbcccfd433bc0ea0d1188c,site_fold_2,0.4316192055646754,0.028759015410681037,0.0008130194349343279,0.000227695624734156,0.00047887564847426926,2.6394265846384645e-05,4.5326565915973574e-05,0.0009957306428170646,0.0015254085114175487
bg_2019_0182,0,2019,2018,338e23f9b352e3105dbde6ef929db218b89c42bef0ff3192ba71868dc1c03e11,site_fold_1,0.3695821657161818,0.5920550723598074,0.5411911767209115,0.06495724769855703,0.27217235938806944,0.07642183214069616,0.37462884464306095,0.1071397754226032,0.5950134144096009
bg_2019_0191,0,2019,2018,cbc1c3c2479947688ce7ff97d13516aff256f9ff10811bac671aee0b4c32337a,site_fold_4,0.0698958610656146,0.0042796530730540286,0.00033004294770192237,0.005004925232983611,0.005396244976466046,0.00035073997854414337,0.0002921405046877922,0.00011772542117973516,6.922346820297449e-05
bg_2019_0193,0,2019,2018,61dbfdd28521f9308c90c25b11338b8d4a84bcf61abdb389858a2ac8ee611700,site_fold_3,0.5847101696536712,0.40611785429320973,0.3967049529224623,0.03249789830004826,0.08019642346674054,0.05561662655978991,0.16457708128831952,0.014254408489500367,0.06847173022937596
bg_2019_0195,0,2019,2018,84ed77966a29277f09a9d25467f5d8ab0f66d8e58892bfa6b237ad9a9a82cd74,site_fold_2,0.03335872457157049,0.00014672383684587428,6.343335449697972e-05,0.0016380162351781508,0.014520481292510075,0.0010863150833861376,0.0077278890107675136,0.027626147645399498,0.04774961248108478
bg_2019_0197,0,2019,2018,085eb8211e0d2e935d23d26841e01d26a6fd4d394c7185918f5965368be91c14,site_fold_4,0.6732322182070164,0.948509354397427,0.8679114980160741,0.9302804563655557,0.9550595284245326,0.8352355690290006,0.9235000117774889,0.6980355562876633,0.8719656292192102
bg_2019_0199,0,2019,2018,83039e54e1fa37ee25521fbe29d0a288ee1d48abb96cc75dc80796ea6e46a80e,site_fold_3,0.04238122094736194,0.02881166558707369,0.009173118992227114,0.0011212414118345361,0.00033371920785695496,0.00017700348202055863,6.398057630635067e-05,0.0012384111424287058,5.787693655858789e-05
bg_2019_0208,0,2019,2018,7fcd19c49f8ef373af77d30b6ea657701de171b59c2cc99c492381c7fa79eb53,site_fold_2,1.3555851063436567e-05,0.001643660499692875,0.00032997176309604726,6.141425080012586e-07,2.887226631369849e-08,6.803720544446383e-07,3.9342732352993884e-08,0.0004955502476488755,2.8679720059787242e-05
bg_2019_0210,0,2019,2018,81ecec5ea53df338cb8dec8a3d93efdf89b240e40ceb46e53c9c62deeb7134ad,site_fold_4,0.6921208312341283,0.6556815276849565,0.6271994031371853,0.41863053121052335,0.5186730484748238,0.39732307770765213,0.5609241286192647,0.5060227525041942,0.42997366997337993
bg_2019_0212,0,2019,2018,d62a426cec03061a92b4b16ff9276a42c85c45c9bef3ede5653bbbd82d16c4a6,site_fold_1,0.573404519230748,0.3886809446854516,0.4792691193692832,0.00013538757446764289,0.0006848518581772574,0.00036966407272650463,0.0018412903275612364,0.000989484661438335,0.005101998181342987
bg_2019_0214,0,2019,2018,adcf989dc565c016087934f1ab4ba3b574fbe4b87d6ce6c4c0efac4ac2994595,site_fold_3,0.5685166105063978,0.7130370689634025,0.5770748037317617,0.3932214959173862,0.9266733760511321,0.2729857963252316,0.7896503030735331,0.0460470445709583,0.04846303009148877
bg_2019_0227,0,2019,2018,f6e58d1a82b10079ee37183b7cf9cacaf6d4a553dd204c84c7040b1b90f871aa,site_fold_3,0.00012187111077983082,0.00010778611995428083,7.587112999492965e-05,5.004479274664176e-07,0.0002807832722531852,8.872061148081118e-08,1.1886543573666036e-05,0.0002948210218983823,0.002809343289900565
bg_2019_0229,0,2019,2018,571d300f79ea95c93212637680e248e7f42521541f8f5180c48bc4344a8082b1,site_fold_1,0.15572994682533348,0.005539115888395397,0.0006700345105043469,0.001989187077010724,0.0033418036716488233,9.050767561628661e-05,0.00015369137168367444,0.00045559175960670076,0.0006770236329002726
bg_2020_0008,0,2020,2019,e01f18c6157377aa8fea34d0849ee57ba81780ea6b458a684b38b58c1f249aa7,site_fold_1,0.0034893848578283594,0.004440509037535742,0.005173575908010884,0.002285994030298081,0.0007510827167920735,0.004462206503387059,0.006749961208837446,0.19390820725707253,0.044280335681691096
bg_2020_0012,0,2020,2019,031f604ccd8decf0bc0c0f1b46d764f67618a666286b5ef046ba714fd32ce319,site_fold_2,0.005109880983418471,0.002680459625199536,0.003989088816640251,0.009314617874275693,0.004132961190790876,0.005277022598663929,0.001110358094432726,0.007280710672178781,0.0005234491029688967
bg_2020_0014,0,2020,2019,96f4653cba9c5b8fffc448302fa973dfcae2a21030235ce4f086544c824fafd7,site_fold_0,8.758617403672154e-07,0.0002026083489853847,0.0011357671403680605,0.0004607880705623789,0.000424190747144959,0.0036622403119401523,0.0056104028769687515,0.16421715808488535,0.10742425245560712
bg_2020_0016,0,2020,2019,b567922b1a6e50fee3cb576e2441824a9c83fd4dd5fac5d1c44c98d81360cfb7,site_fold_1,0.0037204706383679423,0.058791351473094666,0.12687160545881948,0.49233124835158737,0.5252258280041784,0.5948569809374165,0.58586436698471,0.011405757212058528,0.004250269133451951
bg_2020_0019,0,2020,2019,6edce6b5be5a6297cfc6785fe6eb1f9255b7a66545fc3bea508c64d379a86f22,site_fold_4,7.281916311810495e-07,3.4577083387196073e-06,1.687939336209656e-06,5.832828085942065e-07,1.5627203254339344e-07,1.0002639873053053e-06,5.857719805453264e-07,0.0077362428008950134,0.0028150268759930307
bg_2020_0021,0,2020,2019,a74f251b2c3000fafc6ffa15b42a8c8767d1d7f96385ec57c9a92bad2775d4d8,site_fold_2,0.0014076479662758986,3.463216507019394e-05,5.415908669823604e-05,0.00409869532226173,8.977152127025257e-05,0.012727390311114872,0.0004123636689347531,0.016061943627499947,0.0018712439011670582
bg_2020_0023,0,2020,2019,707cefe99fb18e837868489d84317ae20f18934da0f4afa2a1f2b42c41ecaec8,site_fold_1,0.04521978264740274,0.006433588602695792,0.0017775956021836954,0.00028568115823675283,0.001407465529587215,7.03329709396962e-05,0.0003350587051670601,0.00033862628583568365,0.0012926648069936221
bg_2020_0025,0,2020,2019,7c6261366bf8edda64089f460e853aeaeda958dee0f29ba57605120c552ce3ad,site_fold_2,0.568753000589886,0.2510240401479756,0.31737721735981345,0.047803853604243406,0.012050377731048936,0.04135261956068196,0.015135800947209604,0.2581319522058007,0.09735863400310765
bg_2020_0027,0,2020,2019,07e4e2986cc515ff4959416c897bb00877a6b5e8b3b13ea6b922aa271b685181,site_fold_1,0.43153196004940597,0.08384760495186157,0.024207148272567713,0.018122887242742206,0.019482390852744485,0.003711740624775579,0.006754092177075953,0.021492226041878986,0.035414285657460604
bg_2020_0029,0,2020,2019,d85443019e270af275d8e6dd883eb545895d895bb3302685db5c485b48671cbe,site_fold_4,0.10893820120444965,0.041034398427740544,0.012974686829438156,0.5924747358053293,0.10980003696552153,0.36464856206771434,0.029772587959122333,0.19737887808781124,0.016124217790616475
bg_2020_0031,0,2020,2019,294277d42644ddf4e441a0ce7c53aca2bfa06820f022b5f34069e9a8a30356b2,site_fold_4,0.6462386034877389,0.0007562826344767742,0.00016280323424993544,0.00648430394547333,0.0033593100784439023,0.0014508262516598784,0.00033990639538502914,0.00953537258328331,0.002704406813191821
bg_2020_0033,0,2020,2019,21e62fc153d7c067a581956f9285d808728d0fbcc3f743972121ab385b7f240d,site_fold_3,0.6071768601659259,0.490115505695645,0.5241076455769282,0.06504188749831626,0.48267014761535887,0.08856833398471294,0.5620277282613556,0.03068674594949066,0.09374870554098026
bg_2020_0035,0,2020,2019,84e4269b50220afc54cd94d366ce19c65299d35df850ceaee93eadc2d1fba7df,site_fold_2,0.007226148675090076,0.0015474105587156188,0.0011853981554837355,0.04299141699460017,0.02156350085420295,0.035582379279958734,0.01584928998831195,0.2155050776858281,0.05660646408721094
bg_2020_0037,0,2020,2019,ec12ead14120d4fd24d16cabbbd241eb1d0fe9c16ad943805a4312845283d462,site_fold_4,0.41527361694151643,0.36656265556816764,0.4165362816603753,0.00878040076621652,0.0025551458933392025,0.0069154832326260175,0.0013526645963014882,0.023640927693302,0.002939081925789319
bg_2020_0040,0,2020,2019,b8e6d522bdee72713691c7fcf5a63989a868dfd95bd2cab5437e22511b06187d,site_fold_1,0.3422584171686854,0.0198039241989174,0.03568830495890395,0.0013355229077348747,0.001054555607885815,0.0037884153288838774,0.0018315101196907234,0.02226436155724642,0.002795111652022253
bg_2020_0041,0,2020,2019,2fd1ce506e821d00b2c7dc4f3c74578abf6a9aa737fc9b17501c9a890c7b32f4,site_fold_2,0.5268640978383038,0.2650817002819052,0.33614686288005663,0.015841239403160973,0.003513434377524267,0.01941343237376589,0.006381068281188762,0.5563629025850041,0.0570258912770744
bg_2020_0042,0,2020,2019,c5c162e440897a82f0cf5001e5831e1ef3a67dfe6bf07a591a79a43cc3ff74f5,site_fold_1,0.46024220449587205,0.06642616690909502,0.1418930686585596,0.0004978118989358698,0.0007656154531595418,0.0011569899097284,0.0014510517258871781,0.0039581881465770435,0.001155335100181592
bg_2020_0043,0,2020,2019,3dc07fb46bf80b6eecd3b849850467fc614be95e21cbda76c3c7cdf7a7106cf4,site_fold_2,0.009474924716748663,9.866647545074138e-05,5.108467656774176e-05,6.295750381420033e-05,7.190765239413455e-05,7.790482484957686e-05,7.966070023718977e-05,0.0020813673670106534,0.0014296757291232206
bg_2020_0045,0,2020,2019,5abac985a6deaa808eecb6a2742d5a724388c8f6c7ad871704b78b4066e386dc,site_fold_1,0.4680900744499086,0.7360622544452659,0.8951470475326845,0.5842857648593378,0.7082150774177254,0.5422951124003463,0.6905739048525755,0.16565703040700647,0.11353765302656295
bg_2020_0047,0,2020,2019,9b143e553b172de0a0dbcd667fcc44ff4424a8f9c8019d9c4a4518f7420b41af,site_fold_0,0.007383608244054602,0.0001861698679737146,0.0005906301264628905,0.002802001155280753,0.001330210288130024,0.009545776197548553,0.002784239263087422,0.16394392392128035,0.05652963497546599
bg_2020_0049,0,2020,2019,1a44f043ff970d264d22e596a5e8bcb7dd2eeaed1035fc9b3d7de0c36349a6e3,site_fold_3,0.6451935567955268,0.6260723669174147,0.5161565398996665,0.6982690041630135,0.5999107004618375,0.7422358038268705,0.6454939212593747,0.6262438196239106,0.4031656241998103
bg_2020_0051,0,2020,2019,748d2b899e4eb3beab4800bc94e8ff516e34ed0db3aef051813bec260a8670ce,site_fold_2,0.238282251396947,0.12617441104581234,0.1194426799755165,0.07561770185523368,0.08581921778517612,0.09846986677924154,0.17326191453248677,0.11602288476523022,0.13677820026053128
bg_2020_0052,0,2020,2019,dcd99ae5f275a0be2458b09742536127a22d13b902bd53e5ac740a04f46f77f3,site_fold_3,0.6596326298986037,0.3834161621518312,0.37760749181463277,0.13682111867466298,0.09133775126109625,0.14627251306601805,0.0952299958186675,0.4288098961260578,0.3269059025766608
bg_2020_0053,0,2020,2019,ef5548ab378a0d6f1136921f787bedefcf308b5bf6f03841ab384a58392a796f,site_fold_3,0.3228771858605926,0.01295312252714831,0.0007081879532716309,0.0012308988669652882,5.272015294286078e-05,7.291471861501127e-05,7.011974538459775e-06,0.2044537046379571,0.006819314440114915
bg_2020_0054,0,2020,2019,8b97daeee954f5cf8ce99941964f6b69aafbd08ff670db5383f686bb16668c44,site_fold_1,0.6126913793136661,0.19536722910133136,0.2491703374375016,0.004961610604316624,0.0101701188767674,0.010323243545696276,0.017705805583214274,0.04552686370276177,0.05175791801159747
bg_2020_0056,0,2020,2019,dc2c073fab33fa44d4232f769c5e6003d6870f75c7967861a7b52e38d7c69572,site_fold_4,0.45217061333145664,0.26809026902160893,0.1692659853109172,0.9833164147769773,0.3044051108509811,0.9742837764398649,0.28588122654346076,0.9711321805648366,0.18608749164199317
bg_2020_0057,0,2020,2019,d40effa8069de0fc26ed37d2c749ab608986996e969ab3f7db4ee96472d380dc,site_fold_1,0.6055447397142868,0.6370429422928898,0.7647835324501978,0.7646580205119105,0.7307127570023003,0.828014403214586,0.7216973631821609,0.6737490544847918,0.7060878371006187
bg_2020_0058,0,2020,2019,203ddd064d80fc0d4e7bff11a0776d9e93419a3a6037aa9adc2c7505290a1813,site_fold_4,0.5195047695275379,0.055303853575223785,0.2741835866744107,0.29263270106791833,0.4603404895182565,0.3973741377386838,0.4304198821035015,0.5317417304808651,0.7136273023155765
bg_2020_0059,0,2020,2019,f9a9ec68c6f1d2a1231e5e83d38745b60d61290ff74ac936aa8f0683822eb8eb,site_fold_0,0.07132990678542005,0.7677833996848722,0.8669405586928312,0.7079839833994034,0.4704024968726019,0.7824725163307753,0.7250497150215249,0.49586380569315225,0.3749982899461639
bg_2020_0061,0,2020,2019,320a5b870363bc27bd783e6d2b485a8d3972cfc67854a5a58639a25fc374f980,site_fold_0,0.6257814434651958,4.62162663229753e-06,1.0253355173013152e-05,1.0143314289064562e-06,0.0006730147347416386,4.607618565604063e-07,0.0005318439022269692,0.0003531992120193512,0.16966743548173924
bg_2020_0062,0,2020,2019,b72bc3515d6491d4fb990553794908030b77eceda6076312844c64f5685529fc,site_fold_4,0.4912825445039261,0.4884287415076973,0.5086372688308975,0.1025640170947828,0.02303817732606369,0.09503288550818435,0.02897356580685084,0.253610149786316,0.0597661047519972
bg_2020_0064,0,2020,2019,7cf777b87c15c35cb12a26b7d8ad0f56654c2b75b6447578107c0cef8bdd2e29,site_fold_1,0.525846104512969,0.6939271375274666,0.5125241514458836,0.7896084123053374,0.672680399409445,0.6097985532382469,0.6215644665242661,0.9322535686368802,0.8838392218309694
bg_2020_0065,0,2020,2019,2ae3e4a48561eae2ac17dd839dccd2bfa7997585727481cf2cc5ad1a544cbb29,site_fold_3,0.05305471427527434,0.0017215822005759427,0.0008414472707410911,0.0012497326857957927,0.00018737738548877596,0.00031477467985636693,0.00016626827034239462,0.014520431046833274,0.009548708709251386
bg_2020_0066,0,2020,2019,a5a2dc9c1dbe6d7af6f51645bd09cb467e8f7c186eb7d91b2a155cea8ae622ed,site_fold_3,0.4810024982098607,0.1360198182554358,0.09080552404182649,0.00047687770724914836,0.0008355046142210118,0.0003342989554266956,0.0004313115924866492,0.0009327428597834887,0.0007755636711739771
bg_2020_0067,0,2020,2019,b687a30ed837278ff4dadcfdef30f40b2986a06c7c79ed57693b3e6b2b1a9d33,site_fold_4,0.527810423741003,0.6214689378543012,0.6065435112789509,0.9344215931660135,0.9632723122083783,0.9197349490280787,0.9562025621334964,0.8966108210506416,0.9478415797915494
bg_2020_0069,0,2020,2019,19b54b72bdde6c4bd3cbe2546f3414a4ff56cd60d6a2bcdf3d6f1f199e8b9a7a,site_fold_2,0.5771824780439392,0.2897169584968178,0.6180125119047986,2.7556751147104476e-05,0.0006606551694971044,0.0005537534860360345,0.0052165108995668,0.0012424608247930697,0.043762936858904804
bg_2020_0071,0,2020,2019,48da3e414015f3351b42e87e9218a6ceaedce537a926ba13d8759590bdad9d81,site_fold_3,0.655668102502571,0.6508434959902232,0.6425564923216439,0.7181263750909074,0.9082583619453041,0.7711396736132551,0.9378313316559345,0.7495778490826005,0.9077213249258178
bg_2020_0072,0,2020,2019,ea2e9240baa8efb8641cef5f652b1f430fd03b8bb6bdcae03cd85c7be7d79e6c,site_fold_1,0.6694627284788944,0.5028475524669728,0.45960013768585384,0.010407611807282719,0.004653148253055544,0.0072416114759982445,0.0037167366369593212,0.02386823912985374,0.015276283909524289
bg_2020_0073,0,2020,2019,eb67dc3c4a6302c161ea7c937485d56e520ac962c08ed97fcd8cb6d32e101eed,site_fold_1,0.6404631499449249,0.7480534446333029,0.45442243119835374,0.8389757829883129,0.8215117009333981,0.4223724226010232,0.5557552751496213,0.18678994430569157,0.2692663278020258
bg_2020_0074,0,2020,2019,0661378a425c8a66c4aa539a6016f77d94444565f19a404c200d8da71d881e6f,site_fold_0,0.5997615917253378,0.29856773718179913,0.4378397703813913,0.003724714839291212,0.018831858264097803,0.00737354925852542,0.02335254028112615,0.019832736408356956,0.10733156193585641
bg_2020_0076,0,2020,2019,b0bb5e94bbb58bef0707986a0b214f4618e10f100ec3660f7f792c139b83b7bf,site_fold_3,0.5614244690869227,0.7378620564536154,0.8445724462748487,0.025067805006631964,0.015316128182190488,0.029655131063712717,0.0261306472470501,0.014343536088869333,0.005562604874709009
bg_2020_0078,0,2020,2019,a5ca7d8f214e2cdbd499bf191e3ef82542d8fc7c4eb63c250906aecb6d052776,site_fold_1,0.5502639321871878,0.08177296954491811,0.11049869129498605,0.006077561101183828,0.0022013617703751857,0.014175021287363162,0.004608428962090104,0.006179890161686786,0.0019397401243066964
bg_2020_0079,0,2020,2019,387293de0a4d2562776968a4c928898f0c153e19c243293da6f2314332ce8e09,site_fold_0,0.6934499367713858,0.6397684458398815,0.6519990122685038,0.006155282215587605,0.01798919405934923,0.010619634418845253,0.029953952161347573,0.009877733525182699,0.031082534303278845
bg_2020_0081,0,2020,2019,a79ec02ce4ac7963f73a96c80a4ea1fc557a0747a742e20e54654266ddade15f,site_fold_4,0.6986196832708296,0.8500874511389358,0.8391235622452251,0.9164887114713302,0.7771234597352857,0.8481149353621883,0.6609532729351928,0.6326545346264254,0.637550711728479
bg_2020_0082,0,2020,2019,5535d9eaa37e4d1a7b852f0870d6bc9cf8d44c2c849c46b6e3bc123aea922f98,site_fold_0,0.6804459310677324,0.9481691885321175,0.9823523363523968,0.017607043887975377,0.055586564545262146,0.02147584246918869,0.12660028429142492,0.001966977524154877,0.004569661543356096
bg_2020_0083,0,2020,2019,fe080c2d9abb132cc64d5557983b111ff97e3f58f287666fd5faa26bdb192287,site_fold_2,0.6585000757876198,0.7580636620825096,0.7285230135624701,0.2742204669319717,0.7742421740685036,0.14494711389369466,0.6436379620292552,0.1598246427936719,0.5234058182693171
bg_2020_0085,0,2020,2019,f3ce6092bb24123a060a0495483d50073de4e4ee953fe58bd28e219e1a83baa1,site_fold_3,0.06413980878685449,0.02097067319484637,0.008948001504208575,0.012051429072022774,0.04255785537410924,0.014576342101489935,0.06728094716287605,0.1112779547216977,0.20344149528984554
bg_2020_0086,0,2020,2019,2f8d0c0da0be361972dcf84753d6a3e08b6dad88a520b7d1a92b86f9b38320ac,site_fold_1,0.5511651901106156,0.1704707395855296,0.3218484053917954,0.025264739824439577,0.004936327832221472,0.026375114700626173,0.0030164561987424576,0.13108745758962093,0.008816225576750334
bg_2020_0088,0,2020,2019,d948566b5d11292ec582eb153178eebb116e8d9e510bbbb560baf1319dcb07ea,site_fold_4,0.31085716779181954,0.2941004799965837,0.3831874911608445,0.05243381621932913,0.035630901287381986,0.07531643581117783,0.04305343026013447,0.21619359916048508,0.1764495137531529
bg_2020_0089,0,2020,2019,30e0262a5079f27f544cfa11a50c2dac7696a1223e31b6a5743a25b88178f3f9,site_fold_1,0.6398229342381245,0.5859571240596616,0.5785479528923893,0.041929653234760514,0.08765682656026397,0.030847417829596928,0.03944113206145769,0.035560543281929334,0.13906825470607098
bg_2020_0090,0,2020,2019,0ea0ea06867904ade6f0cc97d06bcc3a15a536e081b0765ae05da45dd08c935e,site_fold_3,0.6649265520421643,0.5860428565675816,0.48882579378806856,0.7233322818947088,0.6272815666963648,0.6520842372417612,0.5791199129212594,0.8015940485946842,0.7602267316088235
bg_2020_0091,0,2020,2019,982618d21af830b045f8c249c93b9fe8c0ca46e8eef0f38a41b858d40f182133,site_fold_1,0.6165675675477356,0.5310192425191894,0.5327936602834736,0.9157527279169212,0.9210245770377402,0.8244479143281367,0.81435704148287,0.850858727958258,0.8246455434591963
bg_2020_0092,0,2020,2019,1329ca34dd0aa22bba0143275ea656df9883ad433541073bcd4a263e3256d123,site_fold_3,0.6057524880100867,0.5021065149838928,0.5332126321930757,0.6497811708774449,0.5639175868363387,0.46183527421856274,0.5280071001498219,0.22969577916922876,0.16366035976656393
bg_2020_0093,0,2020,2019,39af272ed4011f905c7675ca8e5251a45ad8be334a928f57454f06824c57b67d,site_fold_1,0.5610993277010558,0.6344620960699513,0.6308009939652632,0.34714976087862753,0.12963718501316693,0.2653637149320654,0.07666734690590167,0.3833420571523551,0.14953547593982833
bg_2020_0098,0,2020,2019,09cec87c34c3457792131d98f4e5ea7c0de72227cb164719da0895a2dd49e29f,site_fold_4,0.5687344774859312,0.03188351807599314,0.019950745444063507,0.8895034139848401,0.9763589971566364,0.8579426672419391,0.970571477902374,0.16402664321672475,0.34752802648143905
bg_2020_0099,0,2020,2019,eab8096d803acb18cc201f6ace31bbda179073d5e6a99e0d73d2ec05bccdf772,site_fold_0,0.04722565936015698,0.1043002325243533,0.12556067241608065,0.00481568594798853,0.0003598211719561349,0.004605329580428592,0.0004680840075607108,0.025467414408942287,0.003810264238321187
bg_2020_0101,0,2020,2019,0e3e2e1f0d7500e89ab5386ac3395e82b86d098339e82b63a4f96b3de677403b,site_fold_4,0.37597283634527634,0.2211355644613836,0.37122687632072354,0.037927217537609824,0.06647269984101446,0.04663445994811706,0.053614047695559705,0.05313594735842189,0.03436909928076936
bg_2020_0102,0,2020,2019,d083f6498d7fbd2e9d25a6ad0b6797fb6e2c24cc6ad3d7ca5f9713008c86dd50,site_fold_1,0.5600892635352006,0.051009395545761775,0.05890712067189481,0.00011135472010041592,8.227728062624105e-05,0.00015318055472191428,9.737515575465365e-05,9.997408366518005e-05,9.813575133224265e-05
bg_2020_0103,0,2020,2019,094fe38ba748a64e5efdec7fb8286b4be6aadc362ada39934354d5551a5da3d0,site_fold_3,0.18070548051421514,0.17453146739789827,0.28389252485086625,0.15158191055419515,0.3269526201883671,0.2974714344181358,0.5473178141994927,0.5093323457965641,0.6321694630809861
bg_2020_0104,0,2020,2019,381d18bd61e34cf882bdfdf6012481b10927e35d12e6647db1266ea9a179de4a,site_fold_0,0.18317065569382954,0.0010194939102116055,0.0003307685535849383,0.03168756470017711,0.04933738372095068,0.026315418520476617,0.034014220672462174,0.06364621093645322,0.09188639649819826
bg_2020_0105,0,2020,2019,5bb0f3030646a3eca15b3c715c0a2cc5c67d8a64036f4b26e788799479fcac9b,site_fold_4,0.6031603898564393,0.7088730274896242,0.7404586612299344,0.6414067308868965,0.7777960588042695,0.6662721694878988,0.796623159512309,0.8396775411904857,0.8706133727877362
bg_2020_0107,0,2020,2019,121ca7306a2ae0103033e3004279ef3e80366ab277effbd7df933cd44df93378,site_fold_4,0.633638077410873,0.7935984884118527,0.7889117477440559,0.5287026762395002,0.7523896365009073,0.5721243192343041,0.7843537809899715,0.7286863068495181,0.8714546014660377
bg_2020_0110,0,2020,2019,fe94a8a6361778f583248af09d52d2f8beaeed2c3a1047494990e54232abf263,site_fold_3,0.6554137797244943,0.5019846231530058,0.49210639441890064,0.7131404706956238,0.8448943997575062,0.6469853076804254,0.7731014967559177,0.7581918315363694,0.8206214823685436
bg_2020_0112,0,2020,2019,9b8cfb8dd01fd7117ec530b8b1be50f430e0bba381744f956eee96179adeacee,site_fold_1,0.5969006203035498,0.8989681215317075,0.9537419043734939,0.9879912965353151,0.9825768304580845,0.9882048395197012,0.9804836402547868,0.9230796394340097,0.884311730857635
bg_2020_0114,0,2020,2019,cbf698a2629e0c40badff8fdce66678097136d982ad6e328f5e174702db1ac72,site_fold_1,0.6408860508840232,0.14727144951202098,0.15778403961546097,0.008775107926845273,0.0014391758605857875,0.0071787158337112906,0.0024540014869349628,0.039941879775017,0.018203517067514795
bg_2020_0115,0,2020,2019,48ba22de3d6960040834837c9f93bad7da1ff9aa12c70c28cf23329daa5556b9,site_fold_0,0.6580018889889927,0.448518663904981,0.47210603921406136,0.12737273912474106,0.030601517122771014,0.09322409401383712,0.035892884220674375,0.21199748516918238,0.031648142004507794
bg_2020_0116,0,2020,2019,b89dc14cbabd117f4baa55fee005974d32ebb678421d282b6faf5919d4c5513d,site_fold_0,0.13810805065240522,0.06922719900497729,0.13755433374497988,0.607502970265865,0.8648466187757821,0.6190670393696435,0.8658612558014931,0.9297638172642091,0.96771466160555
bg_2020_0117,0,2020,2019,259d5e4e331efc426e8d5cb37d174767fad44812d9c8aac2673f920f15e78ad6,site_fold_0,0.5678095266532021,0.5745359036707977,0.34930272122721734,0.0024088267004952384,0.00048821663251992953,0.0032770182761628626,0.0009659665523321808,0.017799915724983146,0.01252154654835978
bg_2020_0118,0,2020,2019,8e82547d47b9be467e201fcc7a5aecc54c71aded64e0ac980099b8678439acd8,site_fold_4,0.6697270844556475,0.5339353772818298,0.5559887910784358,0.012782237242627876,0.022062897201164864,0.010776375741545725,0.01735907345122496,0.03185061698185319,0.024312034965533618
bg_2020_0120,0,2020,2019,1cdab643d1b940b0693fcbf08e8a99e52473b61131de923eb8b284c32f00c4d4,site_fold_3,0.3918591373609764,0.3923607822162878,0.4394633960208185,0.14132812877871587,0.1442160303530581,0.17801884734585038,0.25487690129866475,0.07348737491268752,0.06730716557021478
bg_2020_0122,0,2020,2019,bf6cb7c3b436132579c4c247e107989902b49e1a3a297a787f54b840578a302e,site_fold_3,0.35262164403092777,0.26280794497595605,0.23884684852895746,0.004059750732939538,0.0008198078936176322,0.0028089596864223345,0.000939122881634244,0.0049969504640036974,0.002701880095836342
bg_2020_0124,0,2020,2019,74a593ab813090c62b6028480a668a3959fb4e059bcc73876ed08db88d30bda2,site_fold_1,0.39927632754792985,0.015937776935779295,0.023333203925491087,0.0409689168946836,0.02630975052964267,0.028255515605276147,0.01700356233848507,0.05939207218027283,0.06048184458931255
bg_2020_0125,0,2020,2019,669228cb6311c26fa81b0cc72a9f043cf099e2aec5da6174c5343570362b53f9,site_fold_4,0.018962519852682942,0.003076606944622055,0.0022537839884788427,0.45682197887261405,0.0024345063296376886,0.4701937214011625,0.002388320551462352,0.059496456755606275,0.0107570557961051
bg_2020_0129,0,2020,2019,9d517f55ae5613be7e9c1f546afa3a8453196835262a2da69354022e181623af,site_fold_1,0.6346071694028468,0.5538793729751029,0.6098490324123907,0.4426070405885571,0.3215426625580398,0.6050487641281652,0.419239139270261,0.3803766274861137,0.20885444788674215
bg_2020_0130,0,2020,2019,30fc7f1fd06b41eaa1cbfba3302ccf7b637fb6b97d364777008dcc7203e27e88,site_fold_3,0.6800015852193402,0.5718703807178398,0.6093048352995791,0.9283786779597498,0.894611777806976,0.922106601485685,0.8686596666552875,0.9539789745874715,0.8938180989138025
bg_2020_0131,0,2020,2019,c70088b5f5ed553ac8d54c56b48c1be5b90a722246b8993e86f8ab252abee2b8,site_fold_2,0.578712272659681,0.739699548457791,0.8038350075317277,0.9321611814946841,0.9313655472118127,0.9424799843505136,0.9282167152126635,0.8877267348044372,0.9057285523101237
bg_2020_0133,0,2020,2019,f4be26be42aa63779b31705fdb787991f04b62cc376f4011ad45d4e46a90aadc,site_fold_3,0.6805006853550344,0.8368767162313837,0.922482112130242,0.018892331348431084,0.021853999373840756,0.06349803887593607,0.046693010472053834,0.03802610172641163,0.04853231651788076
bg_2020_0135,0,2020,2019,d4a9a61f6e816b947950df9ce5dcf1ba5199c097b89c4e2ff3146444ea11cb5e,site_fold_0,0.14858245459583783,0.2824866859383773,0.39921553892535333,0.8656884225782859,0.9380819226348469,0.8178082404805606,0.9512379282495557,0.7962288800777212,0.929051369825649
bg_2020_0137,0,2020,2019,b1c60d3479151c265d732f1691c8965b5045f9f996bc435e7cc5093bbabaa7ca,site_fold_0,0.5809966661233821,0.3177313622436815,0.3329988688769622,0.005461167864166339,0.9784941538566834,0.003654997586208399,0.9895847713258056,0.007719836879376017,0.9550603269282223
bg_2020_0138,0,2020,2019,8c4da60d1d75cffc9bd0bb476c0dc48b8024afb93b7ec5dce86a348e4a515c7e,site_fold_1,0.0018327860661607597,0.0007179746214736798,0.00022732575617475208,0.004524885155318077,0.0019475403189657039,0.0021037028692294786,0.003529892061294061,0.03434168740797124,0.05845914939065576
bg_2020_0140,0,2020,2019,25491912f96991025541d5f5da5a1ed06d902fbef16223d74ebe72a74b2706c0,site_fold_0,0.19503764546013724,0.2939248658074807,0.45123622955605647,0.27692477485055306,0.14872268714420905,0.3012729101557602,0.18401600423635958,0.33957088669886015,0.38429281379681246
bg_2020_0142,0,2020,2019,27cf11d64439127707db65caff07bd9f503a61a6427d56ac8b3df0c792261c04,site_fold_2,2.694985616004856e-10,4.443241737797959e-18,1.2124435768608177e-19,1.2889157872920366e-21,6.092750306635055e-17,6.362260858296668e-21,8.57786297323392e-16,0.004873033043011101,0.00264134851773892
bg_2020_0144,0,2020,2019,48a8d4b27be3f5a3d567610c033ac715c6277500103c9ec2d712f0b3bd427f0b,site_fold_4,0.46302024819217286,0.7974320833894089,0.8305982855446918,0.8555163478154941,0.8936199815886945,0.8895680527460333,0.9400111987058622,0.8968082220384828,0.941082168245945
bg_2020_0146,0,2020,2019,e889077796f75a8bf06a0218348506ff1aa58361a026a2158158d33545d8f8e8,site_fold_4,0.6181214930314863,0.736385163146711,0.807497270634691,0.689619785099724,0.5778467196932673,0.7918064815943874,0.659242845707635,0.7783948212649352,0.7738356084177006
bg_2020_0148,0,2020,2019,7e9ec81c8ea1517e7c97d3f130bd8da15eded8367199dea08912d7fec27678bc,site_fold_4,0.6918737717117852,0.8635170540962214,0.8659249303535289,0.4609858599183384,0.2097505326134137,0.6049839758375268,0.3622260404591256,0.5241927311757211,0.22189303824853054
bg_2020_0150,0,2020,2019,2d514b854a9419024c44d135af3eff0d5ec793684c36bece8e6471bba25f3d4b,site_fold_2,0.034105354353572905,0.002490561386881376,0.0028510121191884534,0.003069282951080531,0.0009627197558842088,0.003869843731153651,0.0015238882209756702,0.024468401463919712,0.005376548561118011
bg_2020_0152,0,2020,2019,ce81223ed4abc36fdbbc236f8ffb7d0ee9ea969f12ac8750196c90345354cd48,site_fold_1,0.3011335511209017,0.025915150177170818,0.05435219173399401,0.00041011088666664726,0.003158489191491662,0.0003000096460331678,0.0029508720324852044,0.0003518874161208433,0.0009378271690689113
bg_2020_0154,0,2020,2019,eaa88e45dc34bbc37c2c1c462247981c702e40fc4de264f8bfd709abb71da6d3,site_fold_2,0.15828646487612683,0.0636427877496248,0.05058765205025609,0.6004312764617203,0.36063342660981956,0.44931152112672335,0.20140682858402423,0.6973077296855672,0.6806836877938596
bg_2020_0155,0,2020,2019,37a1b32ea4828c6949829c840f5a2c1015383861dcde49e417670a4242964123,site_fold_1,0.15524343125889242,0.08868001078615909,0.07847069714305083,0.00012310471614343223,0.0020562200304776713,7.158929896645165e-05,0.0009083396678797641,0.00041138032997288667,0.0016658055202769105
bg_2020_0157,0,2020,2019,10931396412cd75603aea0d3abeeaa86eab99d3b921d1b092b41bbab3e6b3ef3,site_fold_3,0.6472985875012138,0.6717554597917049,0.6092954587616142,0.09731912805953837,0.048032367268888314,0.05690893673077794,0.026966631905377222,0.04042063057882974,0.020532014915475103
bg_2020_0161,0,2020,2019,d49b5fbc9ceb41ca0416f4cdb698a4166b7a68f5b61831b3c486481ab9266d59,site_fold_0,0.6328029219067838,0.7861217330700722,0.8734446378283137,0.9004139156091929,0.8749916284420357,0.9599141304256386,0.9589722196296997,0.9296641520563819,0.9147275122042969
bg_2020_0163,0,2020,2019,aa4923f93f3935d9017a178e2e2a00c39f8bda9e0d5768ff25899acb453cfe4f,site_fold_4,0.7057190096374489,0.6111674599240516,0.6629341120353932,0.4461442395145941,0.024661472030503343,0.5249259188513746,0.05155977038571636,0.615827245622547,0.06649941521584328
bg_2020_0165,0,2020,2019,d2fe77c5494009de82c48b234cc00ce5e962100afef8729763eebcde1fdb3ee6,site_fold_4,0.606927139401459,0.6544795381263283,0.5693572675628318,0.0010379861114311292,0.00024810759962686527,0.0008564005945716962,0.00014486800202039344,0.004231211675833193,0.0003705674116570499
bg_2020_0167,0,2020,2019,4a3e32b2592c4bca0306e12810e632bbc064edd22a18e37cda46c14b345b44bb,site_fold_3,0.0030248611301719125,0.06399220377171785,0.10621482537411074,0.009025915074803185,3.748771035166541e-05,0.01303552285046842,5.550555848834032e-05,0.04029224982255097,0.0003675497005661795
bg_2020_0176,0,2020,2019,f2237c29d27bd0b5346f0be444cdf4b5a741aa2fba630c9086b59654a04a210f,site_fold_2,0.5172336263210361,0.39905570079637404,0.20143192000136445,0.05624514275285331,0.0008200882902643518,0.011884213504793427,0.000326750422967493,0.11920708009507093,0.004362144702475867
bg_2020_0178,0,2020,2019,e61f9b395ebe806bb4173411398360588d9e72421527f2deafa2fdbbbb195b65,site_fold_4,0.6148036824255347,0.6067192092706055,0.7304518238750488,0.8952082659808687,0.8301831131641333,0.9054466945897013,0.8330882249627429,0.9143502477229946,0.833431791878147
bg_2020_0180,0,2020,2019,a113ed2181e2dafdd3bd4c517c782ea37e2fc64120cbcccfd433bc0ea0d1188c,site_fold_2,0.4316192055646754,0.014514104300685183,0.031106670841680464,0.0012531580443946428,0.0008160640346120249,0.0019948855475743626,0.0023954232064540095,0.0038470142559687377,0.005113234277689923
bg_2020_0182,0,2020,2019,338e23f9b352e3105dbde6ef929db218b89c42bef0ff3192ba71868dc1c03e11,site_fold_1,0.3695821657161818,0.6256450766918946,0.6668451065346905,0.503462195384037,0.6265583772918674,0.5063541012824926,0.6849204804232141,0.6573730979178335,0.7238863755245357
bg_2020_0191,0,2020,2019,cbc1c3c2479947688ce7ff97d13516aff256f9ff10811bac671aee0b4c32337a,site_fold_4,0.0698958610656146,0.008677685518404093,0.0015026243719496965,0.012782143959753812,0.005249916528169418,0.0038287229457958974,0.0019645172048888514,0.00011558508311146987,0.0001450628855166413
bg_2020_0193,0,2020,2019,61dbfdd28521f9308c90c25b11338b8d4a84bcf61abdb389858a2ac8ee611700,site_fold_3,0.5847101696536712,0.43671487827257366,0.4600127084294408,0.4532617895329704,0.19093806231521748,0.5043887778426588,0.26254502562073695,0.310413536077796,0.12815011656706066
bg_2020_0195,0,2020,2019,84ed77966a29277f09a9d25467f5d8ab0f66d8e58892bfa6b237ad9a9a82cd74,site_fold_2,0.03335872457157049,0.00026071610278830047,8.34156546485949e-05,0.02294092240799003,0.04161322846034094,0.016959613192803476,0.05234114333077414,0.1186644992396519,0.1901482447361467
bg_2020_0197,0,2020,2019,085eb8211e0d2e935d23d26841e01d26a6fd4d394c7185918f5965368be91c14,site_fold_4,0.6732322182070164,0.961168488525273,0.9518034268930171,0.9932056690416419,0.9893078856838545,0.9928722848355069,0.9896393047078625,0.9567198823995837,0.9527725248114878
bg_2020_0199,0,2020,2019,83039e54e1fa37ee25521fbe29d0a288ee1d48abb96cc75dc80796ea6e46a80e,site_fold_3,0.04238122094736194,0.038773354604683924,0.018050112442880212,0.016774334692013063,0.0003225831918681829,0.007437774055670571,0.00012731959373616606,0.010684586834407017,0.00016149841468142027
bg_2020_0208,0,2020,2019,7fcd19c49f8ef373af77d30b6ea657701de171b59c2cc99c492381c7fa79eb53,site_fold_2,1.3555851063436567e-05,0.0007166188670684897,0.0013608903576091624,1.3235610489264205e-06,5.2295378682631086e-08,4.513319512698817e-06,1.983796354432325e-07,0.0015081851799017005,6.242345593724234e-05
bg_2020_0210,0,2020,2019,81ecec5ea53df338cb8dec8a3d93efdf89b240e40ceb46e53c9c62deeb7134ad,site_fold_4,0.6921208312341283,0.6848304455433777,0.6795082184194394,0.8100849526653938,0.8389597596332115,0.8384264831181485,0.850207876665346,0.8343622909015389,0.8049074727716603
bg_2020_0212,0,2020,2019,d62a426cec03061a92b4b16ff9276a42c85c45c9bef3ede5653bbbd82d16c4a6,site_fold_1,0.573404519230748,0.28928712934024936,0.4391972501577327,0.0033853007248142047,0.0009324916444029811,0.00870374989164047,0.002302064972538348,0.020857369661842363,0.006507393150875725
bg_2020_0214,0,2020,2019,adcf989dc565c016087934f1ab4ba3b574fbe4b87d6ce6c4c0efac4ac2994595,site_fold_3,0.5685166105063978,0.735167227077659,0.6860191215999419,0.8600626109236451,0.9208954373690768,0.8204672509827687,0.8590153256476425,0.2589881313507953,0.12113713354068986
bg_2020_0227,0,2020,2019,f6e58d1a82b10079ee37183b7cf9cacaf6d4a553dd204c84c7040b1b90f871aa,site_fold_3,0.00012187111077983082,7.763856732306434e-05,0.0001613207955878106,2.0576741365079302e-05,2.1782431424676754e-05,1.4482876419938402e-05,1.600234941231335e-05,0.0054786778282473365,0.0010995520300436938
bg_2020_0229,0,2020,2019,571d300f79ea95c93212637680e248e7f42521541f8f5180c48bc4344a8082b1,site_fold_1,0.15572994682533348,0.007782278354398486,0.0026719283428876975,0.002582549793618869,0.02688230347107352,0.0007159722119171796,0.0061809862947442866,0.000526458805952142,0.005940170660770319
bg_2023_0008,0,2023,2022,e01f18c6157377aa8fea34d0849ee57ba81780ea6b458a684b38b58c1f249aa7,site_fold_1,0.0034893848578283594,0.03743851961450024,0.006240539707581736,0.3713810610322382,0.018693930622141336,0.18529251944185243,0.020560533702741805,0.9090203298983607,0.10537233148247316
bg_2023_0012,0,2023,2022,031f604ccd8decf0bc0c0f1b46d764f67618a666286b5ef046ba714fd32ce319,site_fold_2,0.005109880983418471,0.005162391514842357,0.0007987290763917767,0.01113587997086351,0.002237869353394417,0.00208328683129588,0.0001084884095878739,0.008160627163973448,0.0001647680738336138
bg_2023_0014,0,2023,2022,96f4653cba9c5b8fffc448302fa973dfcae2a21030235ce4f086544c824fafd7,site_fold_0,8.758617403672154e-07,0.0004607603532762902,0.0001885344602100359,0.00984973377364093,0.0005398764745423437,0.014936479313138996,0.0008908903885912735,0.5817199414543565,0.08477215524448745
bg_2023_0016,0,2023,2022,b567922b1a6e50fee3cb576e2441824a9c83fd4dd5fac5d1c44c98d81360cfb7,site_fold_1,0.0037204706383679423,0.05971464272779764,0.13302145357178738,0.7923372825280728,0.6517362550242859,0.8518390276411665,0.7848909903063054,0.10990176528268979,0.02354827006695596
bg_2023_0019,0,2023,2022,6edce6b5be5a6297cfc6785fe6eb1f9255b7a66545fc3bea508c64d379a86f22,site_fold_4,7.281916311810495e-07,1.2409170526992227e-05,7.124984289035029e-07,1.1424095766640133e-06,1.7851290057939736e-07,5.851957590581702e-07,1.4423765477420102e-07,0.014286629030026678,0.002402083995526984
bg_2023_0021,0,2023,2022,a74f251b2c3000fafc6ffa15b42a8c8767d1d7f96385ec57c9a92bad2775d4d8,site_fold_2,0.0014076479662758986,4.35090578034043e-05,0.00012805341016158573,0.0038297449114183804,9.581597340389323e-05,0.02534313561954959,0.0007038525626238059,0.023481787656015253,0.0021621681727124575
bg_2023_0023,0,2023,2022,707cefe99fb18e837868489d84317ae20f18934da0f4afa2a1f2b42c41ecaec8,site_fold_1,0.04521978264740274,0.005634067798271748,0.0009193728272087325,7.480763445233498e-05,0.00029842880914039536,7.463180689349738e-06,5.2206167260716644e-05,0.00013957095313269017,0.0006607264266639404
bg_2023_0025,0,2023,2022,7c6261366bf8edda64089f460e853aeaeda958dee0f29ba57605120c552ce3ad,site_fold_2,0.568753000589886,0.31022695705500486,0.2129910050139308,0.09402179236360894,0.07147558342404768,0.09980169977349952,0.07791951239485913,0.4083745209335125,0.2510526574211529
bg_2023_0027,0,2023,2022,07e4e2986cc515ff4959416c897bb00877a6b5e8b3b13ea6b922aa271b685181,site_fold_1,0.43153196004940597,0.09986974314417243,0.05329876741304017,0.11188985942186669,0.327688847775118,0.036164329096426834,0.08892938903294005,0.09381157667622815,0.2220022539318894
bg_2023_0029,0,2023,2022,d85443019e270af275d8e6dd883eb545895d895bb3302685db5c485b48671cbe,site_fold_4,0.10893820120444965,0.030040753696525365,0.006523681270639586,0.7006737031979167,0.04313132221990427,0.5801648417125013,0.03224741615241052,0.24966620755416097,0.005383669456918707
bg_2023_0031,0,2023,2022,294277d42644ddf4e441a0ce7c53aca2bfa06820f022b5f34069e9a8a30356b2,site_fold_4,0.6462386034877389,0.0008832235513789402,0.0002563487139019647,0.0022622462431934214,0.0006457818861603008,0.0010476361494241168,0.00018300210761304806,0.006343559331639915,0.0011859906870000604
bg_2023_0033,0,2023,2022,21e62fc153d7c067a581956f9285d808728d0fbcc3f743972121ab385b7f240d,site_fold_3,0.6071768601659259,0.49695470417908477,0.4432754554354482,0.20194955323058333,0.035443942058123123,0.20518990666962617,0.03672406482913846,0.18716977021891684,0.008874417718274295
bg_2023_0035,0,2023,2022,84e4269b50220afc54cd94d366ce19c65299d35df850ceaee93eadc2d1fba7df,site_fold_2,0.007226148675090076,0.0020897695480135334,0.0014149235039912801,0.14642527453531445,0.01771842211915103,0.10932359147963959,0.010207707353701509,0.4527806523680921,0.01615024900607337
bg_2023_0037,0,2023,2022,ec12ead14120d4fd24d16cabbbd241eb1d0fe9c16ad943805a4312845283d462,site_fold_4,0.41527361694151643,0.32739401421075426,0.21842832453848043,0.017983885504611535,0.14688059736214243,0.01127630672136919,0.06524427568435315,0.04815636463095748,0.30938622791811365
bg_2023_0040,0,2023,2022,b8e6d522bdee72713691c7fcf5a63989a868dfd95bd2cab5437e22511b06187d,site_fold_1,0.3422584171686854,0.2725352179825427,0.43527501779388167,0.0004256294950900846,0.007878164219928239,0.0009295031283322115,0.005728889504669973,0.0017213024772943487,0.03350679819740353
bg_2023_0041,0,2023,2022,2fd1ce506e821d00b2c7dc4f3c74578abf6a9aa737fc9b17501c9a890c7b32f4,site_fold_2,0.5268640978383038,0.3821877902545827,0.3422805694785601,0.35577973038484856,0.047376472303511316,0.4353202812548669,0.09945400003785299,0.914716551466201,0.4856873961334783
bg_2023_0042,0,2023,2022,c5c162e440897a82f0cf5001e5831e1ef3a67dfe6bf07a591a79a43cc3ff74f5,site_fold_1,0.46024220449587205,0.16442674576442537,0.10051132940436347,0.013190217760035467,0.2311851805684728,0.0030256123881444693,0.08482557413264187,0.013644501012347932,0.1719829486702498
bg_2023_0043,0,2023,2022,3dc07fb46bf80b6eecd3b849850467fc614be95e21cbda76c3c7cdf7a7106cf4,site_fold_2,0.009474924716748663,0.00010466859210327228,3.3801423549557295e-05,7.986668157864884e-05,0.00018797253737926753,4.2055867349009776e-05,0.00010111848813529448,0.002587492218138219,0.0015737759919318378
bg_2023_0045,0,2023,2022,5abac985a6deaa808eecb6a2742d5a724388c8f6c7ad871704b78b4066e386dc,site_fold_1,0.4680900744499086,0.4156704300936617,0.5589949492032918,0.5521976696211517,0.6621828866076049,0.24895762788817596,0.41666663007157506,0.07140201749661827,0.149078489119899
bg_2023_0047,0,2023,2022,9b143e553b172de0a0dbcd667fcc44ff4424a8f9c8019d9c4a4518f7420b41af,site_fold_0,0.007383608244054602,0.0016240822864647098,0.0004711680759705897,0.054131481656718064,0.0186766245933444,0.03530884058427173,0.011790397917782205,0.35653491963454026,0.19274308358846207
bg_2023_0049,0,2023,2022,1a44f043ff970d264d22e596a5e8bcb7dd2eeaed1035fc9b3d7de0c36349a6e3,site_fold_3,0.6451935567955268,0.5657440925294748,0.5092023746455446,0.8243327278645772,0.9320994353960642,0.7403001085776343,0.8824895932023219,0.7131677357179244,0.7068943863359534
bg_2023_0051,0,2023,2022,748d2b899e4eb3beab4800bc94e8ff516e34ed0db3aef051813bec260a8670ce,site_fold_2,0.238282251396947,0.08476160217881405,0.18259534691660714,0.37987854143533106,0.14997536395015992,0.35497344609878123,0.14815881537552472,0.24734919951285572,0.15901450725626123
bg_2023_0052,0,2023,2022,dcd99ae5f275a0be2458b09742536127a22d13b902bd53e5ac740a04f46f77f3,site_fold_3,0.6596326298986037,0.34969093360404846,0.16989378694413704,0.02743334724114107,0.005516722406877375,0.013203519805770482,0.003681449542273857,0.05537587662409477,0.011993295738715437
bg_2023_0053,0,2023,2022,ef5548ab378a0d6f1136921f787bedefcf308b5bf6f03841ab384a58392a796f,site_fold_3,0.3228771858605926,0.03379251388210095,0.15627425965028857,0.0002944434629319421,0.000334359915272949,0.0015194381266643469,0.0017862374094003953,0.010167823525717816,0.024907328796465338
bg_2023_0054,0,2023,2022,8b97daeee954f5cf8ce99941964f6b69aafbd08ff670db5383f686bb16668c44,site_fold_1,0.6126913793136661,0.435734256433862,0.3714365823788043,0.001932819336682897,0.021389219046632123,0.0013059658362332396,0.016186420754896222,0.006674858085845188,0.13703030963746363
bg_2023_0056,0,2023,2022,dc2c073fab33fa44d4232f769c5e6003d6870f75c7967861a7b52e38d7c69572,site_fold_4,0.45217061333145664,0.40030335403908474,0.46164358775408415,0.12580243623290882,0.16225648729143127,0.1536623425824817,0.15595023965014315,0.19459909019099567,0.1226615227999935
bg_2023_0057,0,2023,2022,d40effa8069de0fc26ed37d2c749ab608986996e969ab3f7db4ee96472d380dc,site_fold_1,0.6055447397142868,0.7108217688051742,0.5571984402907785,0.6968787611447285,0.7836636276616558,0.6648996175516468,0.675676876245975,0.553147111471229,0.6476199657592577
bg_2023_0058,0,2023,2022,203ddd064d80fc0d4e7bff11a0776d9e93419a3a6037aa9adc2c7505290a1813,site_fold_4,0.5195047695275379,0.15230862955667512,0.2279980432268514,0.19219900982497026,0.45551891743533307,0.12748267117678663,0.24087132787688287,0.3137538954283347,0.39772109389468235
bg_2023_0059,0,2023,2022,f9a9ec68c6f1d2a1231e5e83d38745b60d61290ff74ac936aa8f0683822eb8eb,site_fold_0,0.07132990678542005,0.7189676995436488,0.8279048074620001,0.7964659388416466,0.7589293653706117,0.865144825114757,0.8986673148304535,0.5461926471254576,0.7085017097731618
bg_2023_0061,0,2023,2022,320a5b870363bc27bd783e6d2b485a8d3972cfc67854a5a58639a25fc374f980,site_fold_0,0.6257814434651958,0.0005451868114073604,4.014448795064581e-05,0.00010339481394904389,0.0032133232592921252,2.153577953611613e-05,0.0005677029359543579,0.009023804948042837,0.10218913309997127
bg_2023_0062,0,2023,2022,b72bc3515d6491d4fb990553794908030b77eceda6076312844c64f5685529fc,site_fold_4,0.4912825445039261,0.5399225908499675,0.4861380018072022,0.031014032801202362,0.02091220474600764,0.033804986866776146,0.03935658580417427,0.10879806258988471,0.1032906411876548
bg_2023_0064,0,2023,2022,7cf777b87c15c35cb12a26b7d8ad0f56654c2b75b6447578107c0cef8bdd2e29,site_fold_1,0.525846104512969,0.6441447586811408,0.6288687960006049,0.5089194969938226,0.3750892831687452,0.7312938910565177,0.691615904804913,0.8633148774730797,0.8429480131888025
bg_2023_0065,0,2023,2022,2ae3e4a48561eae2ac17dd839dccd2bfa7997585727481cf2cc5ad1a544cbb29,site_fold_3,0.05305471427527434,0.0035597516889224004,0.0005105845027407811,0.0012861376898546748,0.00031551529366276424,0.00012365041251501384,3.19410811566745e-05,0.00820779836027101,0.004466954981319453
bg_2023_0066,0,2023,2022,a5a2dc9c1dbe6d7af6f51645bd09cb467e8f7c186eb7d91b2a155cea8ae622ed,site_fold_3,0.4810024982098607,0.13631985997507665,0.1020382173011714,0.00024776309729116175,0.0025067619932717606,0.00020067294645403235,0.0013342907295998136,0.000989527121912151,0.0038617500337675046
bg_2023_0067,0,2023,2022,b687a30ed837278ff4dadcfdef30f40b2986a06c7c79ed57693b3e6b2b1a9d33,site_fold_4,0.527810423741003,0.5162816585794231,0.5790412631683735,0.7274064344373162,0.8384246113013105,0.6706193556205831,0.8442357095444359,0.6443622651141542,0.8260140035538703
bg_2023_0069,0,2023,2022,19b54b72bdde6c4bd3cbe2546f3414a4ff56cd60d6a2bcdf3d6f1f199e8b9a7a,site_fold_2,0.5771824780439392,0.4299736361138533,0.40349154014271343,0.28382287042013266,0.017154457464741868,0.10097447076788206,0.009167939841762899,0.3596696383093825,0.04579330582817689
bg_2023_0071,0,2023,2022,48da3e414015f3351b42e87e9218a6ceaedce537a926ba13d8759590bdad9d81,site_fold_3,0.655668102502571,0.6372651126614959,0.5667647134585787,0.381367222344485,0.534664777099777,0.3580842349463164,0.6508032733282337,0.4651000877289037,0.5101887908506243
bg_2023_0072,0,2023,2022,ea2e9240baa8efb8641cef5f652b1f430fd03b8bb6bdcae03cd85c7be7d79e6c,site_fold_1,0.6694627284788944,0.5544598673653269,0.4731272618394203,0.0059664598530952346,0.010189565891231097,0.006955503374641774,0.019197256583890734,0.016348368043341093,0.07807258374598908
bg_2023_0073,0,2023,2022,eb67dc3c4a6302c161ea7c937485d56e520ac962c08ed97fcd8cb6d32e101eed,site_fold_1,0.6404631499449249,0.75960753899429,0.5157221378021423,0.42850979575778614,0.49841361953364044,0.10680668294215652,0.2675815204495403,0.07356760470070184,0.13931571726776817
bg_2023_0074,0,2023,2022,0661378a425c8a66c4aa539a6016f77d94444565f19a404c200d8da71d881e6f,site_fold_0,0.5997615917253378,0.35858171613573536,0.44758427676784096,0.07778795645032961,0.04056360461219955,0.12415025454826688,0.047854745040176415,0.28941344873586494,0.11957450668626902
bg_2023_0076,0,2023,2022,b0bb5e94bbb58bef0707986a0b214f4618e10f100ec3660f7f792c139b83b7bf,site_fold_3,0.5614244690869227,0.7233782014794937,0.757641671335312,0.05279384920708429,0.040502681377958254,0.06633548232574059,0.06112582905431827,0.02789021544240742,0.0537536529166849
bg_2023_0078,0,2023,2022,a5ca7d8f214e2cdbd499bf191e3ef82542d8fc7c4eb63c250906aecb6d052776,site_fold_1,0.5502639321871878,0.20882552776736646,0.2557198392466713,0.007470872081773255,0.04452057737944518,0.008548333251929633,0.042380133634440174,0.006743821203019497,0.021910031911724165
bg_2023_0079,0,2023,2022,387293de0a4d2562776968a4c928898f0c153e19c243293da6f2314332ce8e09,site_fold_0,0.6934499367713858,0.6021966135239792,0.6445041707477398,0.00755619321553195,0.18980513148254605,0.02361054464630321,0.37113934913203944,0.02893062327945501,0.33578414085206737
bg_2023_0081,0,2023,2022,a79ec02ce4ac7963f73a96c80a4ea1fc557a0747a742e20e54654266ddade15f,site_fold_4,0.6986196832708296,0.8477001292375479,0.8161976512353151,0.7664332232002165,0.8310612680515639,0.6112028882536696,0.7165724114337658,0.5209671808437447,0.590935597341845
bg_2023_0082,0,2023,2022,5535d9eaa37e4d1a7b852f0870d6bc9cf8d44c2c849c46b6e3bc123aea922f98,site_fold_0,0.6804459310677324,0.9732972290301146,0.9955844391630779,0.23972714456557784,0.8561036777521807,0.5175691023257685,0.9660034007015691,0.07735669157672548,0.3636242389414638
bg_2023_0083,0,2023,2022,fe080c2d9abb132cc64d5557983b111ff97e3f58f287666fd5faa26bdb192287,site_fold_2,0.6585000757876198,0.698002401204655,0.717239691340512,0.04537347229285721,0.46651697664495095,0.04246724436014431,0.4319003592969871,0.07295445138082092,0.2829916356870978
bg_2023_0085,0,2023,2022,f3ce6092bb24123a060a0495483d50073de4e4ee953fe58bd28e219e1a83baa1,site_fold_3,0.06413980878685449,0.006891877572110883,0.005174192477726674,0.0057949924883940246,0.01625505581102918,0.006803225962804841,0.025188782157464618,0.10090001428525802,0.10363745452771446
bg_2023_0086,0,2023,2022,2f8d0c0da0be361972dcf84753d6a3e08b6dad88a520b7d1a92b86f9b38320ac,site_fold_1,0.5511651901106156,0.21411302534276852,0.29625633583151983,0.019698051620126673,0.12672431505615073,0.00843835551782985,0.027420679714783222,0.04340566594978084,0.06841181436925665
bg_2023_0088,0,2023,2022,d948566b5d11292ec582eb153178eebb116e8d9e510bbbb560baf1319dcb07ea,site_fold_4,0.31085716779181954,0.1697448268926289,0.2541305505091231,0.0605206124016004,0.040882431313377245,0.0491246207567698,0.04713759968182141,0.22851225047033075,0.16889310943131014
bg_2023_0089,0,2023,2022,30e0262a5079f27f544cfa11a50c2dac7696a1223e31b6a5743a25b88178f3f9,site_fold_1,0.6398229342381245,0.614747172203766,0.5998857360823414,0.10493320000639,0.09609131537067865,0.11638149449021522,0.07249340942473696,0.14121253138566053,0.20862726667306242
bg_2023_0090,0,2023,2022,0ea0ea06867904ade6f0cc97d06bcc3a15a536e081b0765ae05da45dd08c935e,site_fold_3,0.6649265520421643,0.6981799096776036,0.6763653985883055,0.6331726023587093,0.665198356308637,0.770201987829511,0.7995377645736759,0.7827506465019197,0.8389868508961668
bg_2023_0091,0,2023,2022,982618d21af830b045f8c249c93b9fe8c0ca46e8eef0f38a41b858d40f182133,site_fold_1,0.6165675675477356,0.6000587662421234,0.6214468696163427,0.6835043015800751,0.8596173860194886,0.7709009168079228,0.8559961275616985,0.6966476777383735,0.8524956076777566
bg_2023_0092,0,2023,2022,1329ca34dd0aa22bba0143275ea656df9883ad433541073bcd4a263e3256d123,site_fold_3,0.6057524880100867,0.5584569449913602,0.4238628397068729,0.438728414759319,0.30082409926069253,0.32675167006305367,0.32857982375140227,0.12104244345009231,0.05816072910679183
bg_2023_0093,0,2023,2022,39af272ed4011f905c7675ca8e5251a45ad8be334a928f57454f06824c57b67d,site_fold_1,0.5610993277010558,0.747859033069793,0.6034890997224627,0.09568189103071405,0.1932775419095406,0.11102519635068643,0.15078706058648725,0.09978974766104064,0.1270451739316954
bg_2023_0098,0,2023,2022,09cec87c34c3457792131d98f4e5ea7c0de72227cb164719da0895a2dd49e29f,site_fold_4,0.5687344774859312,0.055856508163106756,0.007270787422231428,0.746413327088391,0.9974685809789358,0.7781319402375364,0.9959527134994718,0.5966246148488856,0.931320418746769
bg_2023_0099,0,2023,2022,eab8096d803acb18cc201f6ace31bbda179073d5e6a99e0d73d2ec05bccdf772,site_fold_0,0.04722565936015698,0.11477945269995911,0.08667037310147237,0.00441376899124794,0.00024797648443524535,0.0021816535145812977,0.00023626319832278266,0.02511510918594509,0.005684822236666026
bg_2023_0101,0,2023,2022,0e3e2e1f0d7500e89ab5386ac3395e82b86d098339e82b63a4f96b3de677403b,site_fold_4,0.37597283634527634,0.20189740139413487,0.27560890574374786,0.011160494678666054,0.16301548332342386,0.014893346258642467,0.1289687253275864,0.019495940861903534,0.10534172861978652
bg_2023_0102,0,2023,2022,d083f6498d7fbd2e9d25a6ad0b6797fb6e2c24cc6ad3d7ca5f9713008c86dd50,site_fold_1,0.5600892635352006,0.10547901179071892,0.16555119924809408,5.118268611791292e-05,0.0032291191888935075,0.00012728232003613897,0.008490847303156544,6.573180839106448e-05,0.0031118962452341688
bg_2023_0103,0,2023,2022,094fe38ba748a64e5efdec7fb8286b4be6aadc362ada39934354d5551a5da3d0,site_fold_3,0.18070548051421514,0.32919350362863614,0.37817248084183536,0.08041074288221914,0.28194994522607814,0.18523888931830934,0.4693303163842222,0.43716534060622503,0.7192952651047726
bg_2023_0104,0,2023,2022,381d18bd61e34cf882bdfdf6012481b10927e35d12e6647db1266ea9a179de4a,site_fold_0,0.18317065569382954,0.0041443721035743335,0.0004912072407856558,0.01098301892104296,0.04326565172152138,0.006991202928161747,0.015614952018548085,0.016011551173352886,0.03642683274298612
bg_2023_0105,0,2023,2022,5bb0f3030646a3eca15b3c715c0a2cc5c67d8a64036f4b26e788799479fcac9b,site_fold_4,0.6031603898564393,0.7309844863410206,0.7024361920354133,0.6044704096003206,0.8433206206382601,0.6535475034917158,0.8756531206568814,0.8331558499620986,0.9230386157442284
bg_2023_0107,0,2023,2022,121ca7306a2ae0103033e3004279ef3e80366ab277effbd7df933cd44df93378,site_fold_4,0.633638077410873,0.7876770205999174,0.7755288891584903,0.48242330764253566,0.8400583220971649,0.5561748960917355,0.8923533852622731,0.7416096941313206,0.9150554288422408
bg_2023_0110,0,2023,2022,fe94a8a6361778f583248af09d52d2f8beaeed2c3a1047494990e54232abf263,site_fold_3,0.6554137797244943,0.557634208012418,0.4396888635247208,0.7299468533608877,0.9045718916710498,0.5848170196402559,0.8676513508211633,0.8007354005767837,0.9003936287782579
bg_2023_0112,0,2023,2022,9b8cfb8dd01fd7117ec530b8b1be50f430e0bba381744f956eee96179adeacee,site_fold_1,0.5969006203035498,0.8525928801078312,0.8430556928558459,0.972178110489474,0.9964962694208288,0.979549506291725,0.996193051804389,0.9314580743132693,0.989980471451887
bg_2023_0114,0,2023,2022,cbf698a2629e0c40badff8fdce66678097136d982ad6e328f5e174702db1ac72,site_fold_1,0.6408860508840232,0.04228705529698668,0.05919187855801139,0.0016434087662758863,0.0030108097694731407,0.0013885938770662827,0.008520097725475169,0.021513885700727275,0.09181369843620163
bg_2023_0115,0,2023,2022,48ba22de3d6960040834837c9f93bad7da1ff9aa12c70c28cf23329daa5556b9,site_fold_0,0.6580018889889927,0.48318932844143375,0.4460578791866825,0.07737226419446962,0.5090011286910308,0.06226320834645005,0.5400159599580935,0.09206072221274272,0.3505222515119572
bg_2023_0116,0,2023,2022,b89dc14cbabd117f4baa55fee005974d32ebb678421d282b6faf5919d4c5513d,site_fold_0,0.13810805065240522,0.21436395605531747,0.11660317204266538,0.8153517589682935,0.8345661108099037,0.6864498242092275,0.785582725906449,0.9648411360887816,0.9630726715957417
bg_2023_0117,0,2023,2022,259d5e4e331efc426e8d5cb37d174767fad44812d9c8aac2673f920f15e78ad6,site_fold_0,0.5678095266532021,0.5073718432563918,0.4361083257213163,0.00046660036550201766,0.0003850042338018279,0.0013442864350831918,0.0012412260007506682,0.009227572068994681,0.010248924494876528
bg_2023_0118,0,2023,2022,8e82547d47b9be467e201fcc7a5aecc54c71aded64e0ac980099b8678439acd8,site_fold_4,0.6697270844556475,0.5277009776834893,0.5252730320411071,0.021610952555077115,0.11514775319717854,0.02805478214069512,0.09445939895723404,0.05167911457951311,0.2779881161635359
bg_2023_0120,0,2023,2022,1cdab643d1b940b0693fcbf08e8a99e52473b61131de923eb8b284c32f00c4d4,site_fold_3,0.3918591373609764,0.3667046524189881,0.48219987161688216,0.01558237047001673,0.08076575913407677,0.023378210310138443,0.1659738337407516,0.03669513127582644,0.11362845690610734
bg_2023_0122,0,2023,2022,bf6cb7c3b436132579c4c247e107989902b49e1a3a297a787f54b840578a302e,site_fold_3,0.35262164403092777,0.2070890848843218,0.22667117274061677,0.0025405367285697687,0.001123524121591729,0.0022719013464293602,0.0017300344171458937,0.004415581195033799,0.0011964440694565666
bg_2023_0124,0,2023,2022,74a593ab813090c62b6028480a668a3959fb4e059bcc73876ed08db88d30bda2,site_fold_1,0.39927632754792985,0.023474375834113555,0.030773710083525314,0.008353148958782232,0.0208913562218439,0.010452417349707928,0.02698838071744706,0.02848600757022892,0.09154252365463314
bg_2023_0125,0,2023,2022,669228cb6311c26fa81b0cc72a9f043cf099e2aec5da6174c5343570362b53f9,site_fold_4,0.018962519852682942,0.0017389449132239267,0.0010769784318116445,0.7364123722131792,0.001034403965847613,0.7178583974943034,0.0014112755975962587,0.09515780377033962,0.0027018548715024675
bg_2023_0129,0,2023,2022,9d517f55ae5613be7e9c1f546afa3a8453196835262a2da69354022e181623af,site_fold_1,0.6346071694028468,0.702894846008162,0.6185374492092593,0.7301636861583761,0.8414028216275394,0.5665033292272988,0.7114665085711739,0.39221851496591553,0.48639690503614313
bg_2023_0130,0,2023,2022,30fc7f1fd06b41eaa1cbfba3302ccf7b637fb6b97d364777008dcc7203e27e88,site_fold_3,0.6800015852193402,0.6086982141443862,0.5619755994624072,0.851168465580654,0.890623503568067,0.895330644498178,0.9015671589934712,0.9080458498765217,0.867117581891024
bg_2023_0131,0,2023,2022,c70088b5f5ed553ac8d54c56b48c1be5b90a722246b8993e86f8ab252abee2b8,site_fold_2,0.578712272659681,0.7716821627046491,0.8124079097391302,0.8094442533283743,0.8750992388145616,0.8442800143330416,0.9042264954174803,0.7778222749716454,0.9234546842037471
bg_2023_0133,0,2023,2022,f4be26be42aa63779b31705fdb787991f04b62cc376f4011ad45d4e46a90aadc,site_fold_3,0.6805006853550344,0.729783974566477,0.808956324503339,0.14039037092664824,0.3391696664484592,0.20974366809873768,0.4146172650239684,0.13234412431055864,0.29659027198270743
bg_2023_0135,0,2023,2022,d4a9a61f6e816b947950df9ce5dcf1ba5199c097b89c4e2ff3146444ea11cb5e,site_fold_0,0.14858245459583783,0.3827048483292512,0.3404930801110359,0.9082504208888601,0.8452193713378989,0.9260946523752845,0.915504342084583,0.9174071165182308,0.7892321156836424
bg_2023_0137,0,2023,2022,b1c60d3479151c265d732f1691c8965b5045f9f996bc435e7cc5093bbabaa7ca,site_fold_0,0.5809966661233821,0.34348613258191213,0.22387873400397018,0.16667930546368148,0.038525261436553014,0.20010408543437772,0.05825379346720548,0.12847560218808687,0.023449806399020577
bg_2023_0138,0,2023,2022,8c4da60d1d75cffc9bd0bb476c0dc48b8024afb93b7ec5dce86a348e4a515c7e,site_fold_1,0.0018327860661607597,0.0016584002723795666,0.0004919617179090002,0.014536417782163781,0.03240048006113692,0.00472120412850535,0.024666680437481676,0.08856440560849066,0.2006084157636162
bg_2023_0140,0,2023,2022,25491912f96991025541d5f5da5a1ed06d902fbef16223d74ebe72a74b2706c0,site_fold_0,0.19503764546013724,0.4472422871243357,0.35119137354336827,0.461624274152328,0.0633277354339013,0.31986772048990025,0.036992187541627225,0.36647470893609735,0.06408033795609344
bg_2023_0142,0,2023,2022,27cf11d64439127707db65caff07bd9f503a61a6427d56ac8b3df0c792261c04,site_fold_2,2.694985616004856e-10,7.381115641720089e-18,1.770970520668007e-19,8.273890597869701e-21,2.0993607658246114e-15,9.57415668145668e-20,4.480955398951215e-14,0.04282932172013308,0.09367706475667834
bg_2023_0144,0,2023,2022,48a8d4b27be3f5a3d567610c033ac715c6277500103c9ec2d712f0b3bd427f0b,site_fold_4,0.46302024819217286,0.806583317653233,0.743264692864859,0.39464686703523744,0.5812259959021664,0.4439174202616905,0.7440579913124905,0.6442796193482775,0.8029445675267577
bg_2023_0146,0,2023,2022,e889077796f75a8bf06a0218348506ff1aa58361a026a2158158d33545d8f8e8,site_fold_4,0.6181214930314863,0.7371554222985236,0.7913087508012,0.6949080170552088,0.8626074046636987,0.7512162344173201,0.8861903363897542,0.6821596237629585,0.8958259559554792
bg_2023_0148,0,2023,2022,7e9ec81c8ea1517e7c97d3f130bd8da15eded8367199dea08912d7fec27678bc,site_fold_4,0.6918737717117852,0.8630032854852124,0.7887036851753653,0.534989698066661,0.2773996379577768,0.6712003778416564,0.44205333234967753,0.6432994947520274,0.39972983016161584
bg_2023_0150,0,2023,2022,2d514b854a9419024c44d135af3eff0d5ec793684c36bece8e6471bba25f3d4b,site_fold_2,0.034105354353572905,0.003649673259075929,0.001631047655161522,0.006677275767915424,0.0007014907781477412,0.005414239509097275,0.0006143507179375385,0.04162798763624274,0.003037167559725983
bg_2023_0152,0,2023,2022,ce81223ed4abc36fdbbc236f8ffb7d0ee9ea969f12ac8750196c90345354cd48,site_fold_1,0.3011335511209017,0.03420787910285193,0.0480386858634057,0.0014368407510424958,0.008261543674156659,0.0016701929266400143,0.009242772469851402,0.002185606406618913,0.003578724577610092
bg_2023_0154,0,2023,2022,eaa88e45dc34bbc37c2c1c462247981c702e40fc4de264f8bfd709abb71da6d3,site_fold_2,0.15828646487612683,0.03482037076714755,0.08264096741679508,0.7731050118482757,0.5303702043149988,0.7547521191973834,0.49776719275214387,0.8518475597926696,0.6699641586185835
bg_2023_0155,0,2023,2022,37a1b32ea4828c6949829c840f5a2c1015383861dcde49e417670a4242964123,site_fold_1,0.15524343125889242,0.2073022925860871,0.07553131617759365,7.670980273783749e-05,0.0015596023858555816,2.7834990381777464e-05,0.00030381840078246453,0.0006570819659110416,0.0012916290168683085
bg_2023_0157,0,2023,2022,10931396412cd75603aea0d3abeeaa86eab99d3b921d1b092b41bbab3e6b3ef3,site_fold_3,0.6472985875012138,0.663264712996508,0.4115836037838551,0.03940969590542599,0.04918124645371222,0.022317820849417365,0.04589098247598946,0.03289587974180648,0.022045186349437623
bg_2023_0161,0,2023,2022,d49b5fbc9ceb41ca0416f4cdb698a4166b7a68f5b61831b3c486481ab9266d59,site_fold_0,0.6328029219067838,0.6995627922905722,0.6373604094259981,0.8937269807895091,0.9794935608870026,0.912421398474975,0.9847699672922718,0.9111275476601399,0.9872886691033737
bg_2023_0163,0,2023,2022,aa4923f93f3935d9017a178e2e2a00c39f8bda9e0d5768ff25899acb453cfe4f,site_fold_4,0.7057190096374489,0.635964219250675,0.5460082200763696,0.3146840451129219,0.27599582664022376,0.42564807318123526,0.3743134104073374,0.5400373081746331,0.464682748820522
bg_2023_0165,0,2023,2022,d2fe77c5494009de82c48b234cc00ce5e962100afef8729763eebcde1fdb3ee6,site_fold_4,0.606927139401459,0.5771521573405602,0.5861321356228419,0.005554286395488535,0.005258704261016449,0.011998378139022844,0.006342657922593719,0.03804499951074314,0.016440853008821463
bg_2023_0167,0,2023,2022,4a3e32b2592c4bca0306e12810e632bbc064edd22a18e37cda46c14b345b44bb,site_fold_3,0.0030248611301719125,0.03849352785303573,0.018472442848679025,0.004667303530626142,1.0960335401446366e-05,0.0016792907906525727,2.9905224355719676e-06,0.012841941788417332,9.343142784813915e-05
bg_2023_0176,0,2023,2022,f2237c29d27bd0b5346f0be444cdf4b5a741aa2fba630c9086b59654a04a210f,site_fold_2,0.5172336263210361,0.13814662445628398,0.27748723975529993,0.024647955412891033,0.23320521088460783,0.010030377753723367,0.18070936654218717,0.08125600894356898,0.5252989292276091
bg_2023_0178,0,2023,2022,e61f9b395ebe806bb4173411398360588d9e72421527f2deafa2fdbbbb195b65,site_fold_4,0.6148036824255347,0.7335022664910077,0.5884593232185346,0.7959237255258746,0.7957674982704648,0.8560801468431604,0.8660016454061134,0.8879870008559008,0.8342341146886353
bg_2023_0180,0,2023,2022,a113ed2181e2dafdd3bd4c517c782ea37e2fc64120cbcccfd433bc0ea0d1188c,site_fold_2,0.4316192055646754,0.04379649105094051,0.006625861988719553,0.005986775708300704,0.012128090187980434,0.0019517558043239604,0.004111721157801112,0.010107464932985845,0.019478345460311988
bg_2023_0182,0,2023,2022,338e23f9b352e3105dbde6ef929db218b89c42bef0ff3192ba71868dc1c03e11,site_fold_1,0.3695821657161818,0.4870896643044444,0.4659451958599021,0.7567055425503368,0.8225851739363913,0.8642846304310662,0.8839234829127571,0.912207334961952,0.9431163514240957
bg_2023_0191,0,2023,2022,cbc1c3c2479947688ce7ff97d13516aff256f9ff10811bac671aee0b4c32337a,site_fold_4,0.0698958610656146,0.02323164764637649,0.0020641508025236364,0.3184654534014563,0.017727764098309215,0.044770310959197875,0.0026586798638724655,0.0009822271296763894,0.0001284326271703034
bg_2023_0193,0,2023,2022,61dbfdd28521f9308c90c25b11338b8d4a84bcf61abdb389858a2ac8ee611700,site_fold_3,0.5847101696536712,0.37160230513266507,0.3690230513358036,0.06408596018362761,0.6705331898800846,0.08776962297653396,0.7480048567766074,0.0427050483393067,0.5809541228228183
bg_2023_0195,0,2023,2022,84ed77966a29277f09a9d25467f5d8ab0f66d8e58892bfa6b237ad9a9a82cd74,site_fold_2,0.03335872457157049,0.0010495646092348744,0.00010272060055625371,0.1089851435181859,0.04502518320708128,0.09084913047109812,0.02643699782604727,0.36702060942502746,0.10947790808240682
bg_2023_0197,0,2023,2022,085eb8211e0d2e935d23d26841e01d26a6fd4d394c7185918f5965368be91c14,site_fold_4,0.6732322182070164,0.9479237491299733,0.9077674967166987,0.9964992043099115,0.9871134440086992,0.9934134562086171,0.9833754786057124,0.9675033855687605,0.9456384785375171
bg_2023_0199,0,2023,2022,83039e54e1fa37ee25521fbe29d0a288ee1d48abb96cc75dc80796ea6e46a80e,site_fold_3,0.04238122094736194,0.14676565672551473,0.012225025044677087,0.0695097176937836,0.0012365958813780852,0.006833946604218196,8.258255747271322e-05,0.007500315380115334,0.00019896046808301251
bg_2023_0208,0,2023,2022,7fcd19c49f8ef373af77d30b6ea657701de171b59c2cc99c492381c7fa79eb53,site_fold_2,1.3555851063436567e-05,0.0008365432875667368,0.0019869246028079764,2.8104216832222367e-06,1.1785469616267642e-07,1.4165024103812592e-05,7.021525816582675e-07,0.0019480970590921391,0.00015313574410542164
bg_2023_0210,0,2023,2022,81ecec5ea53df338cb8dec8a3d93efdf89b240e40ceb46e53c9c62deeb7134ad,site_fold_4,0.6921208312341283,0.5792309707658501,0.65333428263375,0.83922679842228,0.894818342426037,0.854586779898089,0.9077134150784311,0.7854232126493095,0.8465799951199303
bg_2023_0212,0,2023,2022,d62a426cec03061a92b4b16ff9276a42c85c45c9bef3ede5653bbbd82d16c4a6,site_fold_1,0.573404519230748,0.6781061018395848,0.44768770803249625,0.0362505507272041,0.010424581100142195,0.014854791302918667,0.004570887643193016,0.04962396661252636,0.03303038508059537
bg_2023_0214,0,2023,2022,adcf989dc565c016087934f1ab4ba3b574fbe4b87d6ce6c4c0efac4ac2994595,site_fold_3,0.5685166105063978,0.557460634900729,0.6507863823301233,0.925419869379394,0.6929911143261926,0.9257902626721597,0.5822486349181382,0.132915331391548,0.07672848457361135
bg_2023_0227,0,2023,2022,f6e58d1a82b10079ee37183b7cf9cacaf6d4a553dd204c84c7040b1b90f871aa,site_fold_3,0.00012187111077983082,0.00011890123295397965,7.754863975725422e-05,5.931430580462365e-06,4.910011331533028e-06,2.4988352358519416e-06,1.6718624929482885e-06,0.0006472038095758639,0.0003165630535525236
bg_2023_0229,0,2023,2022,571d300f79ea95c93212637680e248e7f42521541f8f5180c48bc4344a8082b1,site_fold_1,0.15572994682533348,0.00900213106544908,0.0015010766299350213,0.0020326410338823843,0.01538186874718593,0.0002905464137112693,0.0009711288347081955,0.001111799682693624,0.0028614403568088783
bg_2024_0008,0,2024,2023,e01f18c6157377aa8fea34d0849ee57ba81780ea6b458a684b38b58c1f249aa7,site_fold_1,0.0034893848578283594,0.003024679002208995,0.0470305120112819,0.046574566897650646,0.002995109250850949,0.19664179742602816,0.09779218047143923,0.407971435201598,0.23512256451867455
bg_2024_0012,0,2024,2023,031f604ccd8decf0bc0c0f1b46d764f67618a666286b5ef046ba714fd32ce319,site_fold_2,0.005109880983418471,0.0012753564930908189,0.0049905137113140435,0.008759353932208901,0.003815254436837402,0.007704665968690129,0.003008413215999137,0.004798865207186114,0.0015959674064700321
bg_2024_0014,0,2024,2023,96f4653cba9c5b8fffc448302fa973dfcae2a21030235ce4f086544c824fafd7,site_fold_0,8.758617403672154e-07,0.00017211760112725854,0.0006592709178070075,0.008997047912045097,0.00032643228113775986,0.137117578924728,0.0150129157933041,0.6643964887905792,0.30331320881656854
bg_2024_0016,0,2024,2023,b567922b1a6e50fee3cb576e2441824a9c83fd4dd5fac5d1c44c98d81360cfb7,site_fold_1,0.0037204706383679423,0.03561067192840142,0.09992296383035268,0.8435935381397677,0.6630527199414065,0.873811281420143,0.8116965052581426,0.05550720637867949,0.085534184034602
bg_2024_0019,0,2024,2023,6edce6b5be5a6297cfc6785fe6eb1f9255b7a66545fc3bea508c64d379a86f22,site_fold_4,7.281916311810495e-07,4.975675339333432e-06,5.297278922613198e-06,1.9079308107325374e-05,1.5518925561812481e-06,9.302576139859101e-06,1.9540087196414854e-06,0.031200142575326252,0.016851250300650475
bg_2024_0021,0,2024,2023,a74f251b2c3000fafc6ffa15b42a8c8767d1d7f96385ec57c9a92bad2775d4d8,site_fold_2,0.0014076479662758986,0.000112436805214971,7.408920267617246e-05,0.006184599083194182,8.768004525317694e-05,0.014155808931890383,0.00032437878731542315,0.0097823113082443,0.003893536590938906
bg_2024_0023,0,2024,2023,707cefe99fb18e837868489d84317ae20f18934da0f4afa2a1f2b42c41ecaec8,site_fold_1,0.04521978264740274,0.0022362404952951834,0.00256179619329069,3.28764719765582e-05,2.6762229831232712e-05,3.626512794654711e-05,0.00010719380527636758,0.00012153557119967921,0.000537482624782188
bg_2024_0025,0,2024,2023,7c6261366bf8edda64089f460e853aeaeda958dee0f29ba57605120c552ce3ad,site_fold_2,0.568753000589886,0.3389695933660318,0.31559482322241394,0.09605204055567276,0.059726786258518315,0.10698000432299283,0.09734123712836613,0.27181514584872923,0.26375881909403853
bg_2024_0027,0,2024,2023,07e4e2986cc515ff4959416c897bb00877a6b5e8b3b13ea6b922aa271b685181,site_fold_1,0.43153196004940597,0.013179558508262546,0.07245954393449855,0.011495350725417585,0.031653647584829275,0.0812471837971361,0.30407915889833825,0.10932353459367486,0.256215681369507
bg_2024_0029,0,2024,2023,d85443019e270af275d8e6dd883eb545895d895bb3302685db5c485b48671cbe,site_fold_4,0.10893820120444965,0.01285896823461102,0.013537383996315298,0.7468536864869146,0.295060985770784,0.6294518639643771,0.1769916415334516,0.10841509773870768,0.049150137550403566
bg_2024_0031,0,2024,2023,294277d42644ddf4e441a0ce7c53aca2bfa06820f022b5f34069e9a8a30356b2,site_fold_4,0.6462386034877389,0.000649824644791287,0.0002283746084729985,0.007215477512276708,0.0028709935161823413,0.0023139729711165614,0.0005616139576499931,0.018855177423495732,0.004417539558150221
bg_2024_0033,0,2024,2023,21e62fc153d7c067a581956f9285d808728d0fbcc3f743972121ab385b7f240d,site_fold_3,0.6071768601659259,0.47660603010047187,0.4983934097426251,0.1007023138761068,0.3113257395646875,0.16427784521160943,0.5977275565871178,0.11954882010336301,0.14487236332427783
bg_2024_0035,0,2024,2023,84e4269b50220afc54cd94d366ce19c65299d35df850ceaee93eadc2d1fba7df,site_fold_2,0.007226148675090076,0.0010883095650768536,0.0014591400040438011,0.04024627102503761,0.04855398775743129,0.09024678557541461,0.142160801281437,0.08636958237622398,0.2616706072604745
bg_2024_0037,0,2024,2023,ec12ead14120d4fd24d16cabbbd241eb1d0fe9c16ad943805a4312845283d462,site_fold_4,0.41527361694151643,0.3303697381621788,0.255262312950068,0.06022606953707122,0.03257333687873902,0.05794610433361286,0.030666148846241498,0.1697755193158927,0.0909765822413054
bg_2024_0040,0,2024,2023,b8e6d522bdee72713691c7fcf5a63989a868dfd95bd2cab5437e22511b06187d,site_fold_1,0.3422584171686854,0.44689787426165056,0.4241018436291069,0.005549121333430154,0.003300031867752084,0.02059058090911532,0.002790061672939601,0.01679333103330219,0.003226063194277784
bg_2024_0041,0,2024,2023,2fd1ce506e821d00b2c7dc4f3c74578abf6a9aa737fc9b17501c9a890c7b32f4,site_fold_2,0.5268640978383038,0.42454750857569645,0.3129654776213701,0.23472224343178774,0.48753563062898525,0.0922069707973812,0.38569449142479023,0.7449964987698076,0.8384553818447437
bg_2024_0042,0,2024,2023,c5c162e440897a82f0cf5001e5831e1ef3a67dfe6bf07a591a79a43cc3ff74f5,site_fold_1,0.46024220449587205,0.5265055425204448,0.1109170620745142,0.4724813937118349,0.11424997783670278,0.20026192206168464,0.023341030416145152,0.20364839854811195,0.013245527480368443
bg_2024_0043,0,2024,2023,3dc07fb46bf80b6eecd3b849850467fc614be95e21cbda76c3c7cdf7a7106cf4,site_fold_2,0.009474924716748663,7.661287062950517e-05,5.052552732922375e-05,9.646938676414714e-05,0.00019017143264206827,8.353500283111117e-05,0.0001549052266653001,0.0016078197180757652,0.004107160325091026
bg_2024_0045,0,2024,2023,5abac985a6deaa808eecb6a2742d5a724388c8f6c7ad871704b78b4066e386dc,site_fold_1,0.4680900744499086,0.3879590883869994,0.4253249371609986,0.3328940553410821,0.4118152809368601,0.5115904629238591,0.5604482050336905,0.05790949888285869,0.0696106185648014
bg_2024_0047,0,2024,2023,9b143e553b172de0a0dbcd667fcc44ff4424a8f9c8019d9c4a4518f7420b41af,site_fold_0,0.007383608244054602,0.0011658307254299844,0.000749262520047952,0.0079490869275358,0.032148049720963884,0.009199365175967335,0.03875101574547503,0.0692995265409367,0.2608006296613665
bg_2024_0049,0,2024,2023,1a44f043ff970d264d22e596a5e8bcb7dd2eeaed1035fc9b3d7de0c36349a6e3,site_fold_3,0.6451935567955268,0.44745806178390163,0.4828113518754304,0.8905965024426142,0.8828500259483993,0.9284816450914036,0.9186276027500567,0.8849716773688516,0.6887211791315284
bg_2024_0051,0,2024,2023,748d2b899e4eb3beab4800bc94e8ff516e34ed0db3aef051813bec260a8670ce,site_fold_2,0.238282251396947,0.11708780700898458,0.07165726800315883,0.5225316634504172,0.5235451606828566,0.3768447801497308,0.2985964206031435,0.14338197753103948,0.29611789960599133
bg_2024_0052,0,2024,2023,dcd99ae5f275a0be2458b09742536127a22d13b902bd53e5ac740a04f46f77f3,site_fold_3,0.6596326298986037,0.3448272262004425,0.2527679933877041,0.015532462262470332,0.0157193890037038,0.01663051309042062,0.025617609682352663,0.04554708163197576,0.038211086807604905
bg_2024_0053,0,2024,2023,ef5548ab378a0d6f1136921f787bedefcf308b5bf6f03841ab384a58392a796f,site_fold_3,0.3228771858605926,0.11823663840961077,0.035039976073079133,0.0003398259773678563,0.0003215843323290597,0.00046511009496971175,0.0005840660728973454,0.007458082280708274,0.011876554962641499
bg_2024_0054,0,2024,2023,8b97daeee954f5cf8ce99941964f6b69aafbd08ff670db5383f686bb16668c44,site_fold_1,0.6126913793136661,0.3237050815899604,0.3724306657546202,0.0062651857194585495,0.005861662818881371,0.0067085150414840705,0.005532027748168417,0.02335049654260612,0.02198354406841185
bg_2024_0056,0,2024,2023,dc2c073fab33fa44d4232f769c5e6003d6870f75c7967861a7b52e38d7c69572,site_fold_4,0.45217061333145664,0.32360326899071895,0.41889133570662473,0.5270167561595107,0.3807883075055612,0.471975433175672,0.28437435624657237,0.48768594804959636,0.2075590600166418
bg_2024_0057,0,2024,2023,d40effa8069de0fc26ed37d2c749ab608986996e969ab3f7db4ee96472d380dc,site_fold_1,0.6055447397142868,0.7632616667376247,0.6834232309564976,0.8814762060003969,0.8048788828053802,0.7655635394483309,0.49268641156237286,0.6400434731602855,0.5035619222950704
bg_2024_0058,0,2024,2023,203ddd064d80fc0d4e7bff11a0776d9e93419a3a6037aa9adc2c7505290a1813,site_fold_4,0.5195047695275379,0.18741518405183227,0.2628520850274548,0.3657147698582227,0.5697447744593703,0.4347251720688044,0.5159497574298223,0.4351353896153988,0.49511840858393885
bg_2024_0059,0,2024,2023,f9a9ec68c6f1d2a1231e5e83d38745b60d61290ff74ac936aa8f0683822eb8eb,site_fold_0,0.07132990678542005,0.5893969322960244,0.853071699324238,0.7354538952590427,0.9018570410881448,0.8229149767508872,0.9573990425670945,0.30571663532311244,0.7494269402338661
bg_2024_0061,0,2024,2023,320a5b870363bc27bd783e6d2b485a8d3972cfc67854a5a58639a25fc374f980,site_fold_0,0.6257814434651958,2.3322013038964078e-05,0.0005880694135389685,5.5863402577592644e-05,0.0016734361142624018,0.00047954056969737736,0.011461604586438972,0.014962766031339466,0.15864883056644627
bg_2024_0062,0,2024,2023,b72bc3515d6491d4fb990553794908030b77eceda6076312844c64f5685529fc,site_fold_4,0.4912825445039261,0.49593046271406666,0.42773160510010844,0.07357572232335026,0.06090129074096519,0.031273239533779716,0.025605656203603062,0.14597402765025316,0.09923562693698391
bg_2024_0064,0,2024,2023,7cf777b87c15c35cb12a26b7d8ad0f56654c2b75b6447578107c0cef8bdd2e29,site_fold_1,0.525846104512969,0.660894123533241,0.5818464474233341,0.2833564436318749,0.65264884675628,0.17819636702836686,0.5495460668638517,0.49100165365273657,0.8088103066730936
bg_2024_0065,0,2024,2023,2ae3e4a48561eae2ac17dd839dccd2bfa7997585727481cf2cc5ad1a544cbb29,site_fold_3,0.05305471427527434,0.002321592127119049,0.0017593217674590053,0.002080378214255623,0.00043397393054748394,0.0006750975511641915,0.0004425161990721947,0.005864598423435822,0.011773269823516744
bg_2024_0066,0,2024,2023,a5a2dc9c1dbe6d7af6f51645bd09cb467e8f7c186eb7d91b2a155cea8ae622ed,site_fold_3,0.4810024982098607,0.2419111809588115,0.11893281982219937,0.00328910021835797,0.008696070250841712,0.0012749685607768727,0.002156021734959179,0.0018721619315848928,0.0034640189028593395
bg_2024_0067,0,2024,2023,b687a30ed837278ff4dadcfdef30f40b2986a06c7c79ed57693b3e6b2b1a9d33,site_fold_4,0.527810423741003,0.5704149336329561,0.4651631494274287,0.7968061499107904,0.7538823492637237,0.7010993194720179,0.5692374227358562,0.8160371730914541,0.6497059094196443
bg_2024_0069,0,2024,2023,19b54b72bdde6c4bd3cbe2546f3414a4ff56cd60d6a2bcdf3d6f1f199e8b9a7a,site_fold_2,0.5771824780439392,0.37275034296310827,0.35151741810925485,0.23692320855817586,0.3341171178421885,0.2190319911535274,0.29129541997364417,0.1915918453778136,0.3068430220795616
bg_2024_0071,0,2024,2023,48da3e414015f3351b42e87e9218a6ceaedce537a926ba13d8759590bdad9d81,site_fold_3,0.655668102502571,0.6960804176582652,0.558362424993015,0.44412108928003124,0.7439515374078111,0.4360473777113596,0.6568813046500442,0.4207647992290031,0.6565618510536256
bg_2024_0072,0,2024,2023,ea2e9240baa8efb8641cef5f652b1f430fd03b8bb6bdcae03cd85c7be7d79e6c,site_fold_1,0.6694627284788944,0.537767384149181,0.4569329134438972,0.03235724530986806,0.011002150922983914,0.026266047284724085,0.013033888139998435,0.04438727102114702,0.04416390133594973
bg_2024_0073,0,2024,2023,eb67dc3c4a6302c161ea7c937485d56e520ac962c08ed97fcd8cb6d32e101eed,site_fold_1,0.6404631499449249,0.8273815426373,0.45089206157984846,0.5367944654600504,0.6290440312719606,0.24389829125483367,0.30779494014882236,0.077890939634557,0.14335702123798894
bg_2024_0074,0,2024,2023,0661378a425c8a66c4aa539a6016f77d94444565f19a404c200d8da71d881e6f,site_fold_0,0.5997615917253378,0.4141747734647621,0.3514005826390804,0.025523261260378332,0.03842306664282613,0.04918966164095325,0.06607751465147121,0.09355437159148741,0.158198084759021
bg_2024_0076,0,2024,2023,b0bb5e94bbb58bef0707986a0b214f4618e10f100ec3660f7f792c139b83b7bf,site_fold_3,0.5614244690869227,0.7949939420361635,0.7551995124747716,0.10423386235385938,0.14422333131522017,0.08504655554883378,0.14486695953047385,0.05157003375656874,0.05104416228849679
bg_2024_0078,0,2024,2023,a5ca7d8f214e2cdbd499bf191e3ef82542d8fc7c4eb63c250906aecb6d052776,site_fold_1,0.5502639321871878,0.011212384404358556,0.6267073852511766,0.0009448318409040648,0.0014956438230830076,0.042872389727490766,0.08751210639737637,0.00387954914106886,0.012233068021526898
bg_2024_0079,0,2024,2023,387293de0a4d2562776968a4c928898f0c153e19c243293da6f2314332ce8e09,site_fold_0,0.6934499367713858,0.6116898846278073,0.5977658464886075,0.026476301688617743,0.013429362367185319,0.08408508702103254,0.03798356527366803,0.08234400271336821,0.02405257677711187
bg_2024_0081,0,2024,2023,a79ec02ce4ac7963f73a96c80a4ea1fc557a0747a742e20e54654266ddade15f,site_fold_4,0.6986196832708296,0.8260769395829762,0.8383452794157051,0.9920349623691329,0.4875143822497749,0.9892062272656447,0.4723625320242317,0.963737342566818,0.3086688043951722
bg_2024_0082,0,2024,2023,5535d9eaa37e4d1a7b852f0870d6bc9cf8d44c2c849c46b6e3bc123aea922f98,site_fold_0,0.6804459310677324,0.9623282425819755,0.9923756543187386,0.35955508418201737,0.7152203026495727,0.5745304745294894,0.9287974437410671,0.09286354407161715,0.17746656458254306
bg_2024_0083,0,2024,2023,fe080c2d9abb132cc64d5557983b111ff97e3f58f287666fd5faa26bdb192287,site_fold_2,0.6585000757876198,0.6409830460972132,0.6792361103152272,0.10753414203959877,0.35823244894688666,0.12595241108137115,0.392007397183916,0.12432478722067895,0.2797637575481371
bg_2024_0085,0,2024,2023,f3ce6092bb24123a060a0495483d50073de4e4ee953fe58bd28e219e1a83baa1,site_fold_3,0.06413980878685449,0.003450106861462125,0.003819615558053764,0.0032241318632354374,0.0023874150698602746,0.003915307201945887,0.007023829575618843,0.014038074553933248,0.08208132949085709
bg_2024_0086,0,2024,2023,2f8d0c0da0be361972dcf84753d6a3e08b6dad88a520b7d1a92b86f9b38320ac,site_fold_1,0.5511651901106156,0.1802658461774826,0.20481795639623548,0.018849919356842784,0.0258754055196515,0.028779882126997874,0.027415506605712778,0.02649316802576336,0.04045891292455991
bg_2024_0088,0,2024,2023,d948566b5d11292ec582eb153178eebb116e8d9e510bbbb560baf1319dcb07ea,site_fold_4,0.31085716779181954,0.25798347918271997,0.1560774301967633,0.08115002777856099,0.0496174632400499,0.1096844510867919,0.04681132036337085,0.28808233763936775,0.18939714347064848
bg_2024_0089,0,2024,2023,30e0262a5079f27f544cfa11a50c2dac7696a1223e31b6a5743a25b88178f3f9,site_fold_1,0.6398229342381245,0.7967779753151185,0.5679173396997955,0.7500636475177889,0.4488076687203052,0.7920395214156744,0.27921494424129856,0.7624837203375161,0.5047144608604491
bg_2024_0090,0,2024,2023,0ea0ea06867904ade6f0cc97d06bcc3a15a536e081b0765ae05da45dd08c935e,site_fold_3,0.6649265520421643,0.6778920026602168,0.6446266185017656,0.5698826970755058,0.8846914566792442,0.5255781459963026,0.7825455199924732,0.6298213196788895,0.8835254364087338
bg_2024_0091,0,2024,2023,982618d21af830b045f8c249c93b9fe8c0ca46e8eef0f38a41b858d40f182133,site_fold_1,0.6165675675477356,0.6101393213700509,0.5622004679327994,0.9430780255417943,0.8407915689698411,0.9409856269073272,0.8005629633435541,0.9422153744879913,0.8466626445703676
bg_2024_0092,0,2024,2023,1329ca34dd0aa22bba0143275ea656df9883ad433541073bcd4a263e3256d123,site_fold_3,0.6057524880100867,0.45680873044885456,0.4830137348269884,0.5480268995243993,0.5316109866013444,0.4744594194516539,0.5053752295973414,0.17213455103541347,0.2413715161667038
bg_2024_0093,0,2024,2023,39af272ed4011f905c7675ca8e5251a45ad8be334a928f57454f06824c57b67d,site_fold_1,0.5610993277010558,0.5564827057391317,0.654011359429251,0.20425229118228327,0.23180780719071634,0.2422383152708392,0.16546125081739965,0.1948447696171239,0.15675822791844074
bg_2024_0098,0,2024,2023,09cec87c34c3457792131d98f4e5ea7c0de72227cb164719da0895a2dd49e29f,site_fold_4,0.5687344774859312,0.014349043778943816,0.04554786721573784,0.9756433119963923,0.980435877469287,0.9785842550151023,0.9841100489312052,0.9572992039203396,0.839190166473283
bg_2024_0099,0,2024,2023,eab8096d803acb18cc201f6ace31bbda179073d5e6a99e0d73d2ec05bccdf772,site_fold_0,0.04722565936015698,0.09218344508219181,0.07476705203935942,0.0010842727225559054,0.000333430265669763,0.0010637087940253023,0.00035625601436960723,0.008983154547521084,0.0036280390455281056
bg_2024_0101,0,2024,2023,0e3e2e1f0d7500e89ab5386ac3395e82b86d098339e82b63a4f96b3de677403b,site_fold_4,0.37597283634527634,0.13164336324510775,0.2493637122929661,0.01198275250905667,0.17254883687963052,0.01607548915166584,0.16172886143139714,0.04140641182669737,0.11870083391165118
bg_2024_0102,0,2024,2023,d083f6498d7fbd2e9d25a6ad0b6797fb6e2c24cc6ad3d7ca5f9713008c86dd50,site_fold_1,0.5600892635352006,0.10193980102566355,0.14205242173397156,0.00040811072702822847,0.0009622875388319341,0.0007705928734270337,0.0020569245040043048,0.00038506762605496287,0.0006644035001871317
bg_2024_0103,0,2024,2023,094fe38ba748a64e5efdec7fb8286b4be6aadc362ada39934354d5551a5da3d0,site_fold_3,0.18070548051421514,0.3371805567776844,0.41816086939180674,0.077680617374106,0.3283438761953382,0.1476406581505872,0.44439360782987286,0.3220562820809225,0.6970872479369803
bg_2024_0104,0,2024,2023,381d18bd61e34cf882bdfdf6012481b10927e35d12e6647db1266ea9a179de4a,site_fold_0,0.18317065569382954,0.0017036462365516176,0.002992579595248134,0.016420886059909434,0.009061628955118816,0.059941062425158204,0.028795113740030846,0.01630704532170975,0.01724961942275315
bg_2024_0105,0,2024,2023,5bb0f3030646a3eca15b3c715c0a2cc5c67d8a64036f4b26e788799479fcac9b,site_fold_4,0.6031603898564393,0.559585156214408,0.7182738169585586,0.7230090805262865,0.9183172297213852,0.5860453404859022,0.8742748486228817,0.8593481418591927,0.9116199089507909
bg_2024_0107,0,2024,2023,121ca7306a2ae0103033e3004279ef3e80366ab277effbd7df933cd44df93378,site_fold_4,0.633638077410873,0.739209281143185,0.7356026558449654,0.823188832190883,0.9163430714489125,0.6512613756992309,0.8319041470438419,0.7738654797019509,0.8878734803721701
bg_2024_0110,0,2024,2023,fe94a8a6361778f583248af09d52d2f8beaeed2c3a1047494990e54232abf263,site_fold_3,0.6554137797244943,0.5441562988594675,0.4960234061108657,0.9355926740804803,0.9262745773615763,0.9234815131733722,0.907896243965834,0.9074019440654075,0.927107234115558
bg_2024_0112,0,2024,2023,9b8cfb8dd01fd7117ec530b8b1be50f430e0bba381744f956eee96179adeacee,site_fold_1,0.5969006203035498,0.9180739150227513,0.8607792765327048,0.9975251474598168,0.990178460951651,0.9972637241434048,0.9846214505869022,0.9885061588197495,0.9449810097877938
bg_2024_0114,0,2024,2023,cbf698a2629e0c40badff8fdce66678097136d982ad6e328f5e174702db1ac72,site_fold_1,0.6408860508840232,0.11250446934629296,0.10016898203745155,0.009070425060280617,0.01110056816999061,0.007593474749063019,0.010655106975871721,0.05099357219405812,0.06196787521898284
bg_2024_0115,0,2024,2023,48ba22de3d6960040834837c9f93bad7da1ff9aa12c70c28cf23329daa5556b9,site_fold_0,0.6580018889889927,0.4551221948371662,0.2566449779465758,0.0777724523676112,0.16171932976793937,0.026120237947181636,0.0530633205783672,0.03138892138513343,0.0879926090469863
bg_2024_0116,0,2024,2023,b89dc14cbabd117f4baa55fee005974d32ebb678421d282b6faf5919d4c5513d,site_fold_0,0.13810805065240522,0.18009861965723056,0.22360410310473933,0.8726344414834072,0.9498826473363332,0.827590788205996,0.9229373685859522,0.9729479663665852,0.9686895300082674
bg_2024_0117,0,2024,2023,259d5e4e331efc426e8d5cb37d174767fad44812d9c8aac2673f920f15e78ad6,site_fold_0,0.5678095266532021,0.4972463814880995,0.35851607920637196,0.0010866768274641304,0.001018023495474814,0.00105976343635068,0.0010246952830675333,0.012753564914131882,0.014865223755567421
bg_2024_0118,0,2024,2023,8e82547d47b9be467e201fcc7a5aecc54c71aded64e0ac980099b8678439acd8,site_fold_4,0.6697270844556475,0.5275577305285345,0.5169925684733675,0.1299810212748538,0.10779295850899863,0.11090094364288011,0.08072681769416691,0.45061380359151126,0.15674205790664317
bg_2024_0120,0,2024,2023,1cdab643d1b940b0693fcbf08e8a99e52473b61131de923eb8b284c32f00c4d4,site_fold_3,0.3918591373609764,0.33175574052612294,0.31635095170320765,0.0466883765609605,0.03529032578196338,0.031884685990013394,0.03913557976712079,0.06449833126188262,0.03584890975745894
bg_2024_0122,0,2024,2023,bf6cb7c3b436132579c4c247e107989902b49e1a3a297a787f54b840578a302e,site_fold_3,0.35262164403092777,0.16249955659165494,0.20077738440643886,0.00860262191655032,0.001307016446033316,0.009317946358570023,0.0019399464637509945,0.016755971661128036,0.0021414391502834257
bg_2024_0124,0,2024,2023,74a593ab813090c62b6028480a668a3959fb4e059bcc73876ed08db88d30bda2,site_fold_1,0.39927632754792985,0.010515743750306953,0.016942612172647493,0.006520227740251193,0.01373391790507621,0.014789359287924417,0.022505369628380324,0.04215849726919859,0.11039085906590297
bg_2024_0125,0,2024,2023,669228cb6311c26fa81b0cc72a9f043cf099e2aec5da6174c5343570362b53f9,site_fold_4,0.018962519852682942,0.0026757543471002667,0.0006557931030636417,0.8736741353262595,0.007466966801522452,0.8701307851159957,0.0074324583709741,0.1152926572120613,0.012036370415603967
bg_2024_0129,0,2024,2023,9d517f55ae5613be7e9c1f546afa3a8453196835262a2da69354022e181623af,site_fold_1,0.6346071694028468,0.7375598570219322,0.571310500580497,0.5276053024559659,0.60168507034709,0.8080102479381557,0.7001459696266129,0.507810394569981,0.293104324890872
bg_2024_0130,0,2024,2023,30fc7f1fd06b41eaa1cbfba3302ccf7b637fb6b97d364777008dcc7203e27e88,site_fold_3,0.6800015852193402,0.5867552563755074,0.5104045617644256,0.8726333644984221,0.9166711682391538,0.8016487568924723,0.8343740072618313,0.8506468775189833,0.838424635574954
bg_2024_0131,0,2024,2023,c70088b5f5ed553ac8d54c56b48c1be5b90a722246b8993e86f8ab252abee2b8,site_fold_2,0.578712272659681,0.6947184111350131,0.8446825065684898,0.798981694902288,0.9556775515774472,0.7969408253133957,0.947243435380841,0.8128313281572169,0.9180687630204925
bg_2024_0133,0,2024,2023,f4be26be42aa63779b31705fdb787991f04b62cc376f4011ad45d4e46a90aadc,site_fold_3,0.6805006853550344,0.7481349385995216,0.7516566683926124,0.2563656368618809,0.24560455699804473,0.3587875823838889,0.2702365538125863,0.21057754239518384,0.21397742024902883
bg_2024_0135,0,2024,2023,d4a9a61f6e816b947950df9ce5dcf1ba5199c097b89c4e2ff3146444ea11cb5e,site_fold_0,0.14858245459583783,0.3416730449180861,0.38531572450749263,0.8518071836055977,0.9455432899916075,0.8302141121529776,0.9567690159738129,0.7070055004579533,0.9381882077162518
bg_2024_0137,0,2024,2023,b1c60d3479151c265d732f1691c8965b5045f9f996bc435e7cc5093bbabaa7ca,site_fold_0,0.5809966661233821,0.3735803402856268,0.26302841980308006,0.5790363628166862,0.34150988134588095,0.4091963163681842,0.22301480085743264,0.3829516575888079,0.14759155005323013
bg_2024_0138,0,2024,2023,8c4da60d1d75cffc9bd0bb476c0dc48b8024afb93b7ec5dce86a348e4a515c7e,site_fold_1,0.0018327860661607597,0.0004704222523559363,0.0013474292053914747,0.026455403532780267,0.001835239091231202,0.03187566796517345,0.013917119128363154,0.12734091180805682,0.15407574982960107
bg_2024_0140,0,2024,2023,25491912f96991025541d5f5da5a1ed06d902fbef16223d74ebe72a74b2706c0,site_fold_0,0.19503764546013724,0.38688030201364704,0.3347141738534943,0.39115236269419484,0.20707125579604074,0.3018346533284006,0.12878252534615023,0.2604520483532348,0.19633723155590047
bg_2024_0142,0,2024,2023,27cf11d64439127707db65caff07bd9f503a61a6427d56ac8b3df0c792261c04,site_fold_2,2.694985616004856e-10,5.0452956403269546e-18,2.211094136353487e-19,8.3202973320516e-21,1.1454265393439633e-15,9.660586243672046e-20,1.979168901345382e-14,0.0458178940350304,0.03355044210459348
bg_2024_0144,0,2024,2023,48a8d4b27be3f5a3d567610c033ac715c6277500103c9ec2d712f0b3bd427f0b,site_fold_4,0.46302024819217286,0.7194069890953979,0.8311014063640455,0.7499068566090166,0.5810777484353223,0.8459909582627133,0.7682677755403213,0.8973943691066414,0.7316576344117212
bg_2024_0146,0,2024,2023,e889077796f75a8bf06a0218348506ff1aa58361a026a2158158d33545d8f8e8,site_fold_4,0.6181214930314863,0.7881404680332137,0.743473838398722,0.8569425951274311,0.6856703424163118,0.904299909055051,0.7581448198026021,0.8312626586968438,0.7329855519066869
bg_2024_0148,0,2024,2023,7e9ec81c8ea1517e7c97d3f130bd8da15eded8367199dea08912d7fec27678bc,site_fold_4,0.6918737717117852,0.7763443415126647,0.8729950557565247,0.6107840960377647,0.5380137529238516,0.6913640012081077,0.7139142397062209,0.7096899232754524,0.530732528645647
bg_2024_0150,0,2024,2023,2d514b854a9419024c44d135af3eff0d5ec793684c36bece8e6471bba25f3d4b,site_fold_2,0.034105354353572905,0.001581990855053184,0.0024549556016064786,0.001973504811438745,0.0019279967747787403,0.004101316576789525,0.005686078578322623,0.010223298213431254,0.015812969105628284
bg_2024_0152,0,2024,2023,ce81223ed4abc36fdbbc236f8ffb7d0ee9ea969f12ac8750196c90345354cd48,site_fold_1,0.3011335511209017,0.022667379664193733,0.02519452198773488,0.0017382022725063691,0.004059496506670183,0.0014649976148055884,0.003585237374699285,0.0018747927383874082,0.004456483593932283
bg_2024_0154,0,2024,2023,eaa88e45dc34bbc37c2c1c462247981c702e40fc4de264f8bfd709abb71da6d3,site_fold_2,0.15828646487612683,0.06753910861702483,0.021116548335856928,0.8063866564024964,0.5611282205681499,0.6765389411273417,0.337023317588672,0.606685833981606,0.679166964478279
bg_2024_0155,0,2024,2023,37a1b32ea4828c6949829c840f5a2c1015383861dcde49e417670a4242964123,site_fold_1,0.15524343125889242,0.0566972343322897,0.18747963527081268,6.966459347552171e-05,0.00017051130468596432,0.00022316291436852163,0.0006788330697451011,0.0010505077471850677,0.0018732267561221087
bg_2024_0157,0,2024,2023,10931396412cd75603aea0d3abeeaa86eab99d3b921d1b092b41bbab3e6b3ef3,site_fold_3,0.6472985875012138,0.6288032810771547,0.5491909299366939,0.19388061614708552,0.08062832928807742,0.11412841775299355,0.05654495096616209,0.14795829237272876,0.03761820352126411
bg_2024_0161,0,2024,2023,d49b5fbc9ceb41ca0416f4cdb698a4166b7a68f5b61831b3c486481ab9266d59,site_fold_0,0.6328029219067838,0.678232202248931,0.7006192281919917,0.9345209738222151,0.902450788867604,0.9407997465198202,0.931731929070483,0.9205719083158395,0.8604492134460086
bg_2024_0163,0,2024,2023,aa4923f93f3935d9017a178e2e2a00c39f8bda9e0d5768ff25899acb453cfe4f,site_fold_4,0.7057190096374489,0.5622497120852136,0.6211120807497843,0.4941969128436353,0.16890829978897312,0.4838600810032762,0.1998239571086339,0.7748114587995579,0.2207941419387405
bg_2024_0165,0,2024,2023,d2fe77c5494009de82c48b234cc00ce5e962100afef8729763eebcde1fdb3ee6,site_fold_4,0.606927139401459,0.4668434768415382,0.5784502823023902,0.0742824518743117,0.004370468648206289,0.0608509518496713,0.0028122115153187996,0.1865872107358398,0.00844146141984301
bg_2024_0167,0,2024,2023,4a3e32b2592c4bca0306e12810e632bbc064edd22a18e37cda46c14b345b44bb,site_fold_3,0.0030248611301719125,0.018567594842662884,0.030813259858069167,0.00019597481512968602,7.640151983751505e-06,0.0002986456809602144,1.9873308695586882e-05,0.001428614364769175,0.00039391789740025586
bg_2024_0176,0,2024,2023,f2237c29d27bd0b5346f0be444cdf4b5a741aa2fba630c9086b59654a04a210f,site_fold_2,0.5172336263210361,0.04280147365338912,0.0908517549412541,0.043442239713724046,0.005938527330755116,0.040096434182276076,0.006047735482440326,0.12568525940591058,0.04349479000750479
bg_2024_0178,0,2024,2023,e61f9b395ebe806bb4173411398360588d9e72421527f2deafa2fdbbbb195b65,site_fold_4,0.6148036824255347,0.640330462467166,0.7002712310234926,0.6909117158604606,0.7766995415658281,0.7680206681904794,0.8469925468305313,0.8865589160684704,0.8606774378242125
bg_2024_0180,0,2024,2023,a113ed2181e2dafdd3bd4c517c782ea37e2fc64120cbcccfd433bc0ea0d1188c,site_fold_2,0.4316192055646754,0.006679930896032123,0.030828218268279504,0.0004996995549634856,0.003114353370511559,0.0012514422448192035,0.013646341892956564,0.002084483780992926,0.02512556136339999
bg_2024_0182,0,2024,2023,338e23f9b352e3105dbde6ef929db218b89c42bef0ff3192ba71868dc1c03e11,site_fold_1,0.3695821657161818,0.5267110704905014,0.5289770169985544,0.9577140158509666,0.9312536795483658,0.9234464764601569,0.8748172216834931,0.9566059951003644,0.9358704314240781
bg_2024_0191,0,2024,2023,cbc1c3c2479947688ce7ff97d13516aff256f9ff10811bac671aee0b4c32337a,site_fold_4,0.0698958610656146,0.0022410038643145007,0.011944585911428362,0.0864300839133396,0.01190420399852108,0.313949071503622,0.09617220306937553,0.0014548549452452029,0.0007192603063231109
bg_2024_0193,0,2024,2023,61dbfdd28521f9308c90c25b11338b8d4a84bcf61abdb389858a2ac8ee611700,site_fold_3,0.5847101696536712,0.34111840661158926,0.4214381242004853,0.32339121285367706,0.08883446616056859,0.2991354216648313,0.09459368345222348,0.09367894536924116,0.0623363151286163
bg_2024_0195,0,2024,2023,84ed77966a29277f09a9d25467f5d8ab0f66d8e58892bfa6b237ad9a9a82cd74,site_fold_2,0.03335872457157049,0.00021086403433936358,0.0005289081519334195,0.019680590064755612,0.1131632446093198,0.041605478598918055,0.264478217424045,0.05091585788620466,0.46177135869731906
bg_2024_0197,0,2024,2023,085eb8211e0d2e935d23d26841e01d26a6fd4d394c7185918f5965368be91c14,site_fold_4,0.6732322182070164,0.9445634270082942,0.9425184053672485,0.9910697706767571,0.9835028889325044,0.9949140029540631,0.9917210439187996,0.9474401237018005,0.9507809058013409
bg_2024_0199,0,2024,2023,83039e54e1fa37ee25521fbe29d0a288ee1d48abb96cc75dc80796ea6e46a80e,site_fold_3,0.04238122094736194,0.010366616684425994,0.139764122555875,0.0015320233744652108,7.908279408590547e-05,0.006777606716894231,0.0016040434243299873,0.002806537786726236,0.0005258961440515487
bg_2024_0208,0,2024,2023,7fcd19c49f8ef373af77d30b6ea657701de171b59c2cc99c492381c7fa79eb53,site_fold_2,1.3555851063436567e-05,0.0003397043060432994,0.0005856640961292201,4.1810498313359175e-07,2.9223708577298158e-08,2.553487707507255e-06,2.6588614575786155e-07,0.000626107810633848,0.0001336667890209505
bg_2024_0210,0,2024,2023,81ecec5ea53df338cb8dec8a3d93efdf89b240e40ceb46e53c9c62deeb7134ad,site_fold_4,0.6921208312341283,0.5906924340703039,0.544032803119645,0.9642121573197125,0.8399795179230575,0.9406371216441786,0.802328341773804,0.9409668067221029,0.6251006770605171
bg_2024_0212,0,2024,2023,d62a426cec03061a92b4b16ff9276a42c85c45c9bef3ede5653bbbd82d16c4a6,site_fold_1,0.573404519230748,0.5780122440111923,0.5606594669134206,0.01730355974586109,0.0213992005893791,0.017731448575654035,0.014975192629991845,0.03944174312371515,0.02601861431789898
bg_2024_0214,0,2024,2023,adcf989dc565c016087934f1ab4ba3b574fbe4b87d6ce6c4c0efac4ac2994595,site_fold_3,0.5685166105063978,0.695242367540775,0.4728584810257079,0.6608727736304758,0.9208515503637454,0.43395885965613085,0.8624526332441191,0.04163971004532666,0.12525254331903227
bg_2024_0227,0,2024,2023,f6e58d1a82b10079ee37183b7cf9cacaf6d4a553dd204c84c7040b1b90f871aa,site_fold_3,0.00012187111077983082,0.00022918397411599993,7.729880970746409e-05,4.409540503493477e-06,9.131091231812816e-06,1.0984605604964956e-06,5.41555136497039e-06,0.0005225544846826112,0.0006420386237340523
bg_2024_0229,0,2024,2023,571d300f79ea95c93212637680e248e7f42521541f8f5180c48bc4344a8082b1,site_fold_1,0.15572994682533348,0.004244030269211843,0.00506730561033568,0.0019714646194243595,0.0012278115973521583,0.0016877710809570087,0.0017116250545160321,0.0009260310319801767,0.0016786090114616812
