sample_id,label,event_year,feature_year,site_id,fold_id,terrain,T_DW_event,T_DW_prior,T_DW_event_AE_event,T_DW_event_AE_prior,T_DW_prior_AE_event,T_DW_prior_AE_prior,AE_event,AE_prior
seoul_flood_2018_00324,1,2018,2017,a1b1fca44bc1ff34acebce1d2dec2893d4eccf3bfe1ad7734248e10fe47f54c7,site_fold_3,0.6202131948070568,0.7410150063613838,0.6420514247714376,0.9456765165914748,0.9476254063142222,0.942759455301918,0.9237392806282086,0.9437683242214222,0.8952399686270607
seoul_flood_2018_00005,1,2018,2017,e88f89ee8b1977d499627aace65949860075e37faa7075fb202f3b9c70914306,site_fold_2,0.5894340961714674,0.716036614867341,0.7858642754650419,0.8697635922375873,0.9288861413862709,0.877195165948324,0.9557276267609235,0.9155532670309103,0.9459740518390456
seoul_flood_2018_00723,1,2018,2017,f792ca6fa3b7966d7fa888f7aba498b9357ec720fd74b0d523038cf5741af0bd,site_fold_2,0.6180137570658997,0.8951867494115385,0.929764716085069,0.8874643251902632,0.986018640765306,0.7942617959336912,0.9864747270100044,0.5843400065106404,0.9234714667014232
seoul_flood_2018_00741,1,2018,2017,0c53dcd495b829b20efb3cd45350dae6ad9e1f288bc99042e9b015befbc96aea,site_fold_1,0.6080228790085378,0.5000308524911493,0.7377882767318648,0.9472200556359327,0.9132561341678432,0.9729566506985057,0.9462782222145809,0.9797567548086171,0.9495196914814205
seoul_flood_2018_00325,1,2018,2017,a83737b63d9a503d7d831fb52ed8b58f380bae7bb9a6ea2c93390c680f809ee1,site_fold_0,0.5855247795066897,0.9030045746820787,0.928517003110551,0.9989667036001092,0.9989656922596071,0.9991795563414797,0.9990922681131839,0.9945855662383651,0.992393263361024
seoul_flood_2018_00006,1,2018,2017,ac7d7cf118db0102628ab6d0633c011aa5b6a76e06adea19ae1b020a71924fb9,site_fold_1,0.6439842975232455,0.5846938698524131,0.7251065455534862,0.955519224505168,0.8761516412052704,0.9599799351543563,0.8862474839058534,0.9620556184868576,0.8829357274701031
seoul_flood_2018_00724,1,2018,2017,cd69195557cdbdaf5ce455c634a40f8ef2384631b031d6bf23b3bfbf753d27c3,site_fold_1,0.5772149281765186,0.871364408987017,0.8856417524132904,0.9755631617688623,0.9855226444453872,0.9688169882381145,0.9889436651360368,0.9530834273268652,0.9779969711121582
seoul_flood_2018_00742,1,2018,2017,281ee18e6f6caaecbe9a202ceb6e7b72f1f1c841efc7b7cee1fc3c5652f3683d,site_fold_1,0.6178407461949688,0.5154116134204508,0.6726089531027045,0.939159502890247,0.9713671961178896,0.9359903773178586,0.9710096313040947,0.9872308469639856,0.991532214337191
seoul_flood_2018_00326,1,2018,2017,0b759919b089a0a22e2f525d49ab414e3f532557f3abde425e5117e4866d8812,site_fold_0,0.6383732977528179,0.6681397384924372,0.730707058181205,0.9440547930872313,0.9561005551988269,0.9350185986078227,0.9269558285019043,0.7917507106151596,0.8424496195834643
seoul_flood_2018_00011,1,2018,2017,1d041d03fe3492d616ef2e8ff830888228eb12026dc49e31cce9a305e5ed7e06,site_fold_1,0.5606224554012029,0.6532697141327565,0.6264289378407514,0.6439164576293197,0.867270306501388,0.5665789717878966,0.8035830713244293,0.6432554846991478,0.7855876062866588
seoul_flood_2018_00725,1,2018,2017,016fdce57ee065cde1e7a7d9c7335988a9c8740d99386001979a8db655fe94fd,site_fold_3,0.6562694905813877,0.9592156121472208,0.9631951940714769,0.9785308805515804,0.989872262781332,0.9521982209146501,0.9861918604777069,0.8756601670969858,0.9632244238280356
seoul_flood_2018_00743,1,2018,2017,7620be273e51d04036dd429b1780df3112895de3b62b1d436d4774dbb49c4d76,site_fold_3,0.5912083213185113,0.6221836980693947,0.7685219676795942,0.9778022147317356,0.9375887051355346,0.9871097375090774,0.9653461913082685,0.9812755845177283,0.9110743866569669
seoul_flood_2018_00327,1,2018,2017,053d6f8c081d5d4514368aeca0fcac700fbe7e896de8295fc6772f272a3546f3,site_fold_2,0.5697167248892847,0.691911153837524,0.6924285798311258,0.7220201595550992,0.8077388161626436,0.8084469744577842,0.8823982063741013,0.662024815622365,0.7719711298450107
seoul_flood_2018_00012,1,2018,2017,9df6541a039a93123871f9d79f5b8006457ed47b9ce2268ed5d86a5099fcbcc7,site_fold_1,0.6377462070267992,0.7884751696597964,0.9012436586196376,0.9553135433360499,0.9297966732547753,0.9673400933527653,0.971381931178566,0.8548052295964209,0.7773722453543973
seoul_flood_2018_00726,1,2018,2017,b7cfe4f3036b3920a9c0cea41a0880e97030fd6eba18c0725e204f88cfc566dc,site_fold_2,0.5806663966797854,0.7458203256091585,0.9582551015678875,0.9294893728140899,0.9200497934204774,0.9675582750936041,0.9842293234564587,0.8945174116228437,0.8296813192376543
seoul_flood_2018_00744,1,2018,2017,3a238d50e2af219ba4ec25c647463d9ea7d1f63a9a1d239c41f91c75c557643a,site_fold_2,0.5687871729149651,0.5220124444531768,0.6103484548607309,0.9482140926263524,0.842136143197748,0.935998428288221,0.843389234819006,0.9770771450828576,0.9205599975324615
seoul_flood_2018_00328,1,2018,2017,c350b7a0650780eee86eed1205b21bc8e309f3758943c1e32321cec0af94c026,site_fold_1,0.6068599596253461,0.8338143062142434,0.7301661351966083,0.9805050394483563,0.9454504232313758,0.9724029698464765,0.9279505864549783,0.9678375996068895,0.8980917682164996
seoul_flood_2018_00020,1,2018,2017,388a682307c61eec5c4cc5e96e9adecbf7434ab3669180ed93edde5abf56ec24,site_fold_1,0.46728153411258516,0.4010467145203518,0.5087617205794303,0.904924794046733,0.8175864973387574,0.8960581772807831,0.7809140886214567,0.8573847291565844,0.79287304632529
seoul_flood_2018_00727,1,2018,2017,c750d53cddbd6712ab9b87d84b0fa4436f78f820dbb071fee232eebeb0c9dc63,site_fold_1,0.2006916657102898,0.21152062809241856,0.14019633271738535,0.31006005827616995,0.35663869373838725,0.2767901737579931,0.2623661733700884,0.30089561669152326,0.29326073121863144
seoul_flood_2018_00745,1,2018,2017,3522d53dc7424cb162deeb350bf2fbeaae2820630dafe096b0b77802e2cb3cc5,site_fold_3,0.5712377688839104,0.417987011935576,0.5339925090873078,0.9597420273848123,0.9375521000853999,0.9656690134612413,0.9388828696693006,0.9798555500172705,0.9418605532228164
seoul_flood_2018_00329,1,2018,2017,918ba9f59e992e22e19d2a2a57747a530407ff0a2caaae7081813c50b7096c64,site_fold_1,0.6068599596253461,0.8338143062142434,0.7301661351966083,0.9805050394483563,0.9454504232313758,0.9724029698464765,0.9279505864549783,0.9678375996068895,0.8980917682164996
seoul_flood_2018_00021,1,2018,2017,3b97d95dd112fb934e3360de60c479a157c794139261e92b084fedd6f79a6971,site_fold_1,0.27150092383381874,0.45384792241063415,0.4638245500780063,0.6728673695681515,0.7047114687707057,0.7580074425755827,0.7958467521479539,0.6595417093825752,0.7310963484765406
seoul_flood_2018_00728,1,2018,2017,1567ff21af4f0e60ece05b1b1f97f6688f3122fa285400a649e9f6911f4eb7d8,site_fold_2,0.566945672729373,0.7780816575111469,0.7888670753550192,0.9870925162109191,0.9321858863417021,0.9859432728213063,0.9427546659620865,0.8859045296510987,0.6265225943504013
seoul_flood_2018_00746,1,2018,2017,f2cba0d9a3d3f61556a8daef88c437a1b6ffdb591f7f34d3bd05083858f871d0,site_fold_4,0.5536216709933441,0.3196761249519571,0.3777309884964109,0.8229200386202108,0.8153392969679716,0.8697249272567666,0.7890599358572806,0.9751560403289711,0.9317137760591788
seoul_flood_2018_00330,1,2018,2017,ccc187526c6e506022a98020a10e694ebed7f9288bcab382e7573d1639ce746f,site_fold_3,0.592475742826543,0.755389247390645,0.6333154694805816,0.9761911706795102,0.9267497203343886,0.9622656749937339,0.9214936138679645,0.9479709722154437,0.8321205386500047
seoul_flood_2018_00022,1,2018,2017,37ac8c59899fdee8a996aecc0b960138157b4d540236c004fac05624e9a802dd,site_fold_0,0.5701855578963001,0.6268634774754046,0.6306614444224115,0.9996256742948659,0.9989897289955556,0.9997303938366396,0.9986895928334879,0.9987449460889422,0.995321740101468
seoul_flood_2018_00729,1,2018,2017,c52b915e27b4091750b43512b670caee102702467a59260cb6dc9389b90583f9,site_fold_2,0.4350314546361515,0.9051495680519623,0.8413720611159058,0.999740545962364,0.9997694257487597,0.9997874985720296,0.9996232555930599,0.934902661979162,0.9592129718210987
seoul_flood_2018_00747,1,2018,2017,c7edb11248be6812169ef801e912dbf2da345059d9f63db27f0a5fa68b0be9c7,site_fold_4,0.5534107884598568,0.700711702909756,0.5734220320329984,0.9974509768520942,0.9952241788485509,0.9967128559570356,0.9952890880477879,0.9975996117064254,0.9827185861307562
seoul_flood_2018_00331,1,2018,2017,1d35c36c5c8376735746df76324bd49ab4a065010f8d30d93d79cb28dc3150e4,site_fold_3,0.6298784561219684,0.803123999788666,0.8565445762905316,0.9682567576077576,0.9412349508680604,0.9656425195514734,0.9529522470849184,0.9548474022048403,0.9262496786433069
seoul_flood_2018_00025,1,2018,2017,53a24fef9ef8807e2cc28e2f06874c151ec3c800b1fc78566a38dfc78c97939f,site_fold_0,0.5954990597099135,0.46045954229024577,0.2520538329875436,0.9527110127336017,0.9826535711394402,0.9350256885733417,0.9829152922154502,0.8454773346683269,0.9459606052878871
seoul_flood_2018_00730,1,2018,2017,2188fc31bf1b87a414d865159779d5c75063bd89ee3bba3de439f0c8935be81b,site_fold_3,0.3521382587981536,0.6797918650573285,0.8167123654088997,0.9719960194174445,0.9804659980099201,0.9688421692726179,0.9767343732294003,0.9249890196237942,0.9587609295540899
seoul_flood_2018_00748,1,2018,2017,efa5830a13132042247e314874bb44bc8008ea34483223557638b3c466ae6d7b,site_fold_1,0.602785667239921,0.5831437699356014,0.5046220317854823,0.9937173154607376,0.9888642247955557,0.9926054919593859,0.9877793982703322,0.9973927437737433,0.9928084677069053
seoul_flood_2018_00332,1,2018,2017,381acfff536f180dba5bf633c798bf56cbb21042110d410ba141294bbb24c97e,site_fold_4,0.6121040509267636,0.806289801822132,0.8751768786890122,0.9769033833098345,0.9259157849156894,0.9792281850077685,0.9473936087868451,0.9640502863185936,0.8873519817831584
seoul_flood_2018_00040,1,2018,2017,659d244386f4866b404465faceec6356e38de3adfd161893e5fd8ef2a036df9f,site_fold_2,0.6124808662752931,0.9206881992492755,0.933572671148947,0.9770234219876117,0.9958410444260732,0.9849977281302261,0.996827741654227,0.9749880292346521,0.9731449907039063
seoul_flood_2018_00749,1,2018,2017,6d7587c462684477b7bfd3915ed0660269aefa70ae2fb0556af7aa5c82ac789c,site_fold_2,0.553062035768772,0.5405302949473249,0.714944897441632,0.7344885792322219,0.7201841437600305,0.7007386430206963,0.7560577111148669,0.3632191643320466,0.2675602086799249
seoul_flood_2018_00333,1,2018,2017,605ee8a54d1aaa4b9701f183e63067ac88aacf7d6bda1ef075ab1637bfd92de5,site_fold_0,0.576404604558568,0.69271912320855,0.6671042384936651,0.982669538853223,0.9840723338989097,0.9821308829984092,0.9852156347223489,0.9736601461210331,0.9466222765326909
seoul_flood_2018_00043,1,2018,2017,cda8b7236e56129d5f1016fb65a3cb4103a46fdbfd7644c4b4c8f1aa856ea226,site_fold_1,0.6419853315057674,0.8422510611202919,0.8998014797205351,0.9922534883146558,0.9832285813908568,0.9917621516206676,0.9875315723234038,0.98120596101988,0.944211171965264
seoul_flood_2018_00750,1,2018,2017,3813ecb1452f6add0e764ae12869927bdd31ead5da2599a59a4786f1c1d338fb,site_fold_4,0.5710669368499137,0.4752281523758525,0.603537999317206,0.9279174239436284,0.9063807041208614,0.9073416191656619,0.8622960973054353,0.9478718076933151,0.828907757749203
seoul_flood_2018_00334,1,2018,2017,c8a1f2ad0894e015f83443c9267b0394232ddbc3070594550ee0c906ef8fb4d8,site_fold_0,0.6038928919721217,0.7177891414483814,0.6914140616377399,0.9508462022584802,0.9367169106165414,0.9598731756740386,0.945702168500167,0.948013030915764,0.9084861879608039
seoul_flood_2018_00044,1,2018,2017,b85e697ac2a50ccb96d372f5cc922136a327bc212ce3ef91b6d535dd5a1433cc,site_fold_2,0.5422080729463208,0.39907308391662194,0.27816266625200353,0.9961635981072899,0.9989480488532264,0.9937699481880574,0.9972397391677835,0.9584576599277003,0.9798519231515226
seoul_flood_2018_00751,1,2018,2017,1d014c0252c9d1e801cd15c8ef78f472bea4869776885c791bbf25c842eca006,site_fold_1,0.6151073046313726,0.5759858676364749,0.7339185225439988,0.9636920985489762,0.9565204832492965,0.9586143911961138,0.9556252115364516,0.9567638973202275,0.8978424089264195
seoul_flood_2018_00335,1,2018,2017,b2f2b60c254e7490190f41b9c16af5d8de91579749b3fd585287c90ddc3a9f8c,site_fold_4,0.5676422284121442,0.9440901585920739,0.9791948724136006,0.9833829625597962,0.9854109045649131,0.9892110482552956,0.9903333722214954,0.9716623411405854,0.9599461661350879
seoul_flood_2018_00050,1,2018,2017,79f8b2c51da51d091269b8226eaa9c01c48c24aea78c15bf3cdc5ce731a6e3af,site_fold_0,0.6213095049305664,0.5614057035466483,0.7185027231701481,0.945383019528721,0.876117646913905,0.9668617891923713,0.8801426198804947,0.982652733756713,0.9057743766673606
seoul_flood_2018_00752,1,2018,2017,4299d7148be312faca910ed1a45c3f59ab862b0ae0e28fb46a59d325163411e8,site_fold_1,0.5878049175623498,0.5538802949442493,0.6882365992074225,0.9416998500255316,0.9218732162427636,0.9605298306506906,0.9311023381675738,0.9785782261636726,0.9237561431215205
seoul_flood_2018_00336,1,2018,2017,58dcf847e10eb5935155f8eaf1b4d1599acff4602e20f9ba360e9e0b5f450524,site_fold_2,0.5551422629142655,0.83503923609453,0.8839653698756057,0.9038614509948998,0.9168580624785965,0.923252025189102,0.9565964780966595,0.8714502698809281,0.9121092829616758
seoul_flood_2018_00053,1,2018,2017,624e10d71a7f47b984636b6edb8bdaeb5b127bfda9d61227a0b41f3151c86416,site_fold_3,0.6228565201853749,0.6409499476023383,0.8719832373247688,0.9940453528838207,0.9963715293706683,0.9950002509134609,0.9954520968525986,0.9799447271312147,0.961781186612328
seoul_flood_2018_00753,1,2018,2017,326d3e32f81727903e6e38e8d66e8f45c0f49a83fd1d55dc4bf18b1596746aaf,site_fold_4,0.5364404710722357,0.6126365753144356,0.5816732468743493,0.968183792914489,0.9256926348871813,0.9765493366710372,0.9461820195207159,0.9606836810953594,0.8334757675964205
seoul_flood_2018_00731,1,2018,2017,7e27002406c970b9f0ad3eef70363e745220a81e62d98ccc076ed94360476b50,site_fold_0,0.5271339714936141,0.9242676536915635,0.9436759802721231,0.9769378196078048,0.8613092539879804,0.9968415845797753,0.9705597305854136,0.9149689097786701,0.8524249858833728
seoul_flood_2018_00056,1,2018,2017,48b35a72390e799e3ddeeb233e3c32a9ac9aaddacb845ae849a8bcb07b4e71f4,site_fold_0,0.6228357585575484,0.9373872789990426,0.9388870921624621,0.9927331574809011,0.9904757497369865,0.995786225662539,0.9895286917321822,0.9723847313491333,0.843668886261224
seoul_flood_2018_00754,1,2018,2017,97789c0161bd76a063a56684677dbb07715ff06ff30edbf9dd137f6c3b398409,site_fold_3,0.5048794068157432,0.5387551866875772,0.6631467134045164,0.9764453067059545,0.9210616674410744,0.9795535641370275,0.9522187153464297,0.9537727888362549,0.8298348082261875
seoul_flood_2018_00732,1,2018,2017,e5fa1ea429c64ce2505d006be1fb818f4d0046e475d298ccb992113713754a16,site_fold_3,0.6120447372277618,0.6060347251826794,0.33169507089157313,0.9828011848862279,0.9798797428134154,0.9732793525459983,0.9730515284909412,0.9664794285595689,0.953670280249193
seoul_flood_2018_00057,1,2018,2017,21e378c1bde8ed37fbd884d8f7bf3aa6571b63b171072ae0243436ac2a33da03,site_fold_2,0.5335271585853711,0.7618663912217676,0.823526736687775,0.9997150644969128,0.9997643980459939,0.9998297984658306,0.999512293646333,0.9882697022655873,0.9920064440187458
seoul_flood_2018_00755,1,2018,2017,f7652aa85c77cbc87997e2756749f15c92d172deeefd4982fdea8e0c0e1ecc05,site_fold_3,0.5712377688839104,0.417987011935576,0.5339925090873078,0.9597420273848123,0.9375521000853999,0.9656690134612413,0.9388828696693006,0.9798555500172705,0.9418605532228164
seoul_flood_2018_00733,1,2018,2017,1a260a4112fa78b379fdd3363e95fb3f2dab1c04edc8b1adb13fd6674ef65186,site_fold_1,0.6366619833074364,0.7006228472040527,0.7293931806049072,0.9964598331345832,0.9874772275905086,0.9981137122567745,0.9898461130968185,0.9922997077184301,0.9779579585786004
seoul_flood_2018_00061,1,2018,2017,dad1c77fbc783427bafba867dc3676e700063a0f8bf0cba6999b50341c608236,site_fold_4,0.5547047750532154,0.9391705619725669,0.9838709054811576,0.9925176039996486,0.9980654745792606,0.9975758811149492,0.999211678362062,0.9556727485586755,0.9916152412069531
seoul_flood_2018_00756,1,2018,2017,d820383513b0930310149682bf4fa107808fe3139631b684f8cddbf29663c7a1,site_fold_3,0.5547917392305449,0.5243634750968835,0.6470029066966301,0.9691014007053849,0.9689877970803453,0.9765033667414784,0.973508217508098,0.9854235334469248,0.9714670893963296
seoul_flood_2018_00734,1,2018,2017,41db34bc751872c31e82c1435d7851e06d4acbddc1fe6a1b119b517cb9da914e,site_fold_3,0.5030091036281265,0.6017633313982139,0.5254228289468971,0.989750415109786,0.9955565446681374,0.9766689196188549,0.9887020078541552,0.9754481247524774,0.9835315322567221
seoul_flood_2018_00062,1,2018,2017,9f7481cc4bd4e573144e61fce0fa90b22b1866ba41db60d60147951b6a558950,site_fold_3,0.28136844872202194,0.12211194706317706,0.03897401691867406,0.9458403635960688,0.9903823165488603,0.8797960462972757,0.951260080335511,0.9252998753326186,0.986775137281984
seoul_flood_2018_00757,1,2018,2017,8bf60aa3320ff1085bdb260f4de4d79abcec85d2751865de7bc81c6e7f5c9230,site_fold_2,0.5522687548112449,0.5519800603310486,0.6775242259411669,0.9196201389503021,0.8351911974310615,0.9252866802731559,0.8633462666283089,0.9693719948829835,0.9056468850671129
seoul_flood_2018_00735,1,2018,2017,9a2a6d96d61b642accdc67fe6199408ae6318794974446f6e6849d5d9b096ab1,site_fold_2,0.627202882429282,0.5299873180563395,0.3732265708499928,0.5946117337167085,0.4981761952797195,0.7007321773750114,0.5012555924047525,0.7851216651263827,0.5165891167497088
seoul_flood_2018_00064,1,2018,2017,ee0fed5c78b685055fd38ef69d86e32bb9b0540bd39afaa2454136cc247e7709,site_fold_2,0.5766364578122671,0.19284159757389982,0.18723118038513217,0.9955384183463221,0.9950207126560862,0.9888210970382575,0.9864143744525717,0.9852593758239713,0.9825361727900579
seoul_flood_2018_00758,1,2018,2017,705e49ec80245d662e9cf4181ff34571db06dfe1e4d68d6be85d478bb8638e6d,site_fold_0,0.58290678604037,0.6663146625192201,0.7446436184766073,0.9377843548188496,0.8965333164221265,0.947960301768168,0.9246542883231174,0.9761443102775961,0.9403867220666142
seoul_flood_2018_00736,1,2018,2017,3a631fbb8ea1590814892f1b2dbb54dd3a3d627eee72ad04c6730da37e0c1d54,site_fold_2,0.47334063213252275,0.672090540221548,0.5878063945808726,0.9988949465821183,0.9992363617723896,0.9995770421923289,0.9992894664582896,0.9956196447348561,0.9944850400843986
seoul_flood_2018_00065,1,2018,2017,8eab2f8b57512faca1a4b9278339274fb6f1b87d275b8d9d89afaa1fa7b1bef5,site_fold_3,0.4326321312282329,0.9366475535567744,0.9336637369610594,0.6009642032996682,0.09373698118282929,0.7678281583733315,0.09838578646882495,0.4802814963036142,0.18023517784274462
seoul_flood_2018_00759,1,2018,2017,3079dfeaba1faf9d566c7050ff2ec5201d3799d5b4bc7d5fc23a1983a3885e4a,site_fold_2,0.5687871729149651,0.5869233850458392,0.7920275104998624,0.9632271564985494,0.8862888269275154,0.974306939786043,0.9414264118789498,0.9770771450828576,0.9205599975324615
seoul_flood_2018_00737,1,2018,2017,112344c4987a5f696346382e2b12cbf7f30d7e84fa4b1a4e4543ad0e8ded311a,site_fold_0,0.3799109173064272,0.323868509722495,0.21411420989072372,0.9891457759825095,0.9961261411642578,0.9871159415719843,0.9960134694448725,0.9907048300783529,0.9947218539587594
seoul_flood_2018_00069,1,2018,2017,2b3e5e6e494b7fe4dad6a6696e4750401a2405216cf6320548ed8ca7ad9d4225,site_fold_0,0.6137933507031061,0.7299234096015251,0.722098962244028,0.982219160362141,0.9679590899505166,0.984490562143103,0.952146965692,0.9328869977575709,0.914897059691033
seoul_flood_2018_00760,1,2018,2017,d19d4648cf65ca6ea86331157fa9bf7b652de1ccb3a2155cabc6bf5f2b500ff2,site_fold_2,0.5637794374133361,0.4893632992285963,0.6856299070492,0.9861665210235766,0.9863042971950341,0.9859588429918092,0.9902849031643824,0.9890246049731843,0.9844402338399906
seoul_flood_2018_00738,1,2018,2017,b219ab5ae8913d32375632f6109b09c84f177543da505670ae46e9c08117413d,site_fold_1,0.37645678176735314,0.3817899461204252,0.29514955256121667,0.9707415252754347,0.9866083778171352,0.9725715352950393,0.9837993769069857,0.9779613174564127,0.9875553194971765
seoul_flood_2018_00071,1,2018,2017,7adaa6b8000bc42a464e78f70fa2d413bbf039dd656438fd0e5654cd9ae0975f,site_fold_2,0.5346063857384425,0.6209662598659451,0.7041496769447525,0.999632443386248,0.9984697018152197,0.9998947375883019,0.9989073791957718,0.9958421318635492,0.9832660684682646
seoul_flood_2018_00761,1,2018,2017,649a028f0cab3f8dce663c2991f00eb3df881d64269eedcbdf1a0f16a1ac86ad,site_fold_0,0.6021297257395787,0.8549681589541585,0.810120213560508,0.9993120084032687,0.997104034931846,0.9995082033484598,0.9973308812636414,0.9990814118456498,0.9967285219556508
seoul_flood_2018_00739,1,2018,2017,d1408d944ffa98ee9c0008881a700f860a827354ea90fa56a5140e08bc15ca6f,site_fold_1,0.5557301052714865,0.8317251785668398,0.9517001365236987,0.7365679893141077,0.4908026495210765,0.8829953045471886,0.8325613738163091,0.5875625949936233,0.5452316085455797
seoul_flood_2018_00074,1,2018,2017,275e9fc1dbbb45fea3e5c12324184c1afc46cc59e56490e9b814a413a9db3ce2,site_fold_2,0.5096117779017564,0.6260860855783106,0.6303796486188136,0.9980346411703754,0.9972937374787603,0.9974691269645836,0.9956418217059525,0.969186398829303,0.9652883331930256
seoul_flood_2018_00762,1,2018,2017,51e73d067106dedd680d04080ccf46f7803895ebabffcad1563ccaf312909474,site_fold_0,0.5641122387812444,0.8927632033608642,0.9201726960914524,0.9805165370289284,0.9820964695338621,0.9719168788692173,0.9868642476397719,0.9872880740643256,0.9414614099483622
seoul_flood_2018_00740,1,2018,2017,138f9834a140c30fe1cb1013f09b6df844aff508584439948cb9fc3ecb933306,site_fold_4,0.5645432749612846,0.3950655661879544,0.5840082519828574,0.9261213838432982,0.4001767704490797,0.9692086423373969,0.689596719379572,0.5773177217061639,0.07435545663700396
seoul_flood_2018_00080,1,2018,2017,5b18f1a9783d4518a71dc4dcda4a948cc51404a72c5c09734ee122e18d3f95ef,site_fold_3,0.5640716257559621,0.839436655571766,0.9104080770829625,0.998324299944076,0.9985588101666444,0.9981917351855627,0.9988680426452178,0.9795720501409351,0.9728553541746559
seoul_flood_2018_00763,1,2018,2017,2ec78c588853f99c32d1ede1fa1ac3ddfaf067a1b750ed949481cb32e682495f,site_fold_0,0.5977096598611781,0.6020956661564596,0.6115703670667443,0.8511241608004484,0.9244319820281803,0.8380417098310045,0.9393287949965735,0.6629631373242749,0.9048167699517695
seoul_flood_2018_00083,1,2018,2017,53f21c0284ddea8549b752d3c5ff3be611c28804d4f6564a5f13a1ff0a5b11bd,site_fold_4,0.6116599988642867,0.825181544169848,0.8810468075748734,0.9977185392944365,0.9984756503469359,0.997961402894855,0.9988924689817367,0.9760421132360049,0.9879266958090981
seoul_flood_2018_00764,1,2018,2017,05d3f478e28ca860362a10d492fa9a67f8c033caa6ab9ca380f53048b367b481,site_fold_0,0.5350711860903283,0.5116951751283568,0.497105185523348,0.5304214854884597,0.903007821037245,0.32480105305650797,0.7771398829875655,0.5231015543020192,0.9275262585982816
seoul_flood_2018_00085,1,2018,2017,0765f22659ab1c730be3c132151cb333cb8e887f92fc902404be8b7a4e4d42d8,site_fold_4,0.5944040312741753,0.8532811460143683,0.8824496865852863,0.9995497905945429,0.9994847541298771,0.999744320214659,0.9995712453371072,0.980522174578817,0.9738447123107605
seoul_flood_2019_00001,1,2019,2018,fcb0a15bb5a2205a02887417432d9ab19ce9374453c6aa345161e4520f3b6176,site_fold_1,0.6341451697548037,0.9796144411710734,0.8808563353301253,0.9998927956871084,0.9999656695299939,0.9988326024960521,0.9997473025343143,0.9907210829958613,0.998516549967135
seoul_flood_2019_00002,1,2019,2018,5fd8b087336a389f8364b4a246a938ed21be409b952c86585a9f54ddd749638b,site_fold_0,0.3182412352331168,0.40878263956765054,0.13555535989851186,0.013358662186704192,0.10201030777439254,0.008177813615620914,0.03490202126729476,0.011402562620752954,0.06541917712786159
seoul_flood_2019_00004,1,2019,2018,54cd0bb8ec5fe2848ec2ecae95098289bd76d30ee662d04ac03f69be0465d9d9,site_fold_0,0.6645473808368327,0.36554238398166994,0.27835310438830513,0.000728612598196556,0.017894529851211288,0.00024225914711459474,0.004730560360024234,0.0003164066206439341,0.0030776492890106024
seoul_flood_2019_00003,1,2019,2018,547e2d01ac7557cf394ed69c6db6d5d02025d9fe473ef3bf7490e9270bc0d793,site_fold_0,0.503644114079899,0.7639989052527495,0.6243920421924538,0.12477294140460139,0.7730015418086646,0.12427579940497739,0.6799231207068949,0.016150698347901032,0.3004819891160169
seoul_flood_2019_00005,1,2019,2018,fd65d6658f5c8b220975c11acba4fd65d878d6713aff553ae1f91f6159a3afc7,site_fold_1,0.6092303511995166,0.5608427924664684,0.4205768790460505,0.8468833019494206,0.9252910123908109,0.6867622103642247,0.8469676503842526,0.7463564052509668,0.9690736591883787
seoul_flood_2020_00031,1,2020,2019,60cd8eda4cf981487d922b2bc9e94f935b3640c72165ca20371285f105bfbc4f,site_fold_2,0.6338241935526718,0.7202102156448706,0.7567917086291219,0.4242449228436477,0.5879264827337431,0.48318277495286116,0.6795510853968872,0.5333087348279578,0.7590989372944882
seoul_flood_2018_00087,1,2020,2019,3c515eb667611eba105aabdc662f06d42cc067b6a4d35327bb2f79d1c65ea40e,site_fold_2,0.5174339089722773,0.7579016914512844,0.6091221268329153,0.999179147636906,0.9996147811886522,0.9964839936931286,0.9963665456424862,0.9823845773217942,0.977495675632606
seoul_flood_2020_00161,1,2020,2019,c90712fd2ef2d9873c9b89acd3eeca11a6a7a57e145395af8d2a70433783d621,site_fold_3,0.5444419999165376,0.4115943719854672,0.6229985591524237,0.028479046237164553,0.004620917310122698,0.06572737698348614,0.01230743173527754,0.11499250288619452,0.011093161650811893
seoul_flood_2020_00038,1,2020,2019,7222b0a726b4d6c589b7367aa03cd95be294d02ac9a05538f65edde4b0fec905,site_fold_4,0.5833870312864373,0.6329218617923889,0.7744288116020634,0.15541078120081292,0.15878462969438614,0.3308920798040195,0.27970540445326514,0.14330271598424338,0.11998963013129887
seoul_flood_2020_00032,1,2020,2019,cb715ed173479e77ef2d6ac026302a54a58d9972f9db28988c05158b74d71cf0,site_fold_3,0.11422816955598229,0.10676712006959334,0.0474691524120424,0.21527309289518898,0.5167218751672571,0.10604423301263405,0.26882044490574625,0.3001689227820407,0.3387610882387204
seoul_flood_2020_00008,1,2020,2019,18a42675611639157295738f87f0005ce33c610aa2b3bc131d1c81844bbf3344,site_fold_1,0.2127422959960012,0.5424412187510073,0.6448543580044168,0.7325064860569738,0.5969400559923993,0.8259368157241818,0.6514570864994962,0.29640400880979956,0.04123734548236238
seoul_flood_2020_00162,1,2020,2019,18934a7e51159b2f8bb68012fdb6bd5b0f75ef97656072bd5eef4b836fad42ac,site_fold_4,0.5532849862367869,0.8591594215977842,0.8470635764142455,0.9520615566327434,0.9972335148731762,0.90692100425051,0.9962657130731057,0.3143429824679116,0.8676050851796172
seoul_flood_2020_00041,1,2020,2019,20f45fbd0cd6c1b2391ffe209cca7f6998b68037228bc730a5c77074aaf53eb2,site_fold_3,0.4808603364058438,0.4355100212236871,0.47689479653173605,0.36511420058427607,0.209997048180337,0.45451461927907,0.25686936544634126,0.39860146569031807,0.19695260673939674
seoul_flood_2020_00033,1,2020,2019,ef6b220ac91c0f350535c2927f95ad072f275f16ff047695c8ca1b82121c76c4,site_fold_2,0.2971398302899422,0.28936391499125375,0.4171619808632882,0.8880019898028283,0.907489559655244,0.9634205283837336,0.9131742941398242,0.762787532724093,0.724050515796045
seoul_flood_2020_00016,1,2020,2019,e10a1d4b0b322dbb7542eab7927bf9f8e9d224d52e55caa6bac671aeb120f13f,site_fold_1,0.6302637682536292,0.6516772677082961,0.6207369985072636,0.5315479929767104,0.7519044148154321,0.6605046571399183,0.8272187666509437,0.4885289692093648,0.8148778142033443
seoul_flood_2020_00163,1,2020,2019,262d20d84cc21b6ee00c5d5c466254ab88ec02c9f15fc316248a69cd528083f8,site_fold_2,0.49056950386028253,0.4615363780920171,0.4037880910687148,0.8019064095506826,0.5544798179361536,0.5515950050527666,0.2296518933561749,0.39228112595118736,0.2034574197699684
seoul_flood_2020_00155,1,2020,2019,f4b457f52bf5d3e32988f5e0f4e9e9ab2afcfa6bfbde1a658ba24fdee3240d98,site_fold_2,0.46684307555656884,0.3478285324229296,0.21921923400710766,0.99999999978774,0.9999999716181484,0.9999999996754578,0.9999999368695083,0.9999976188747209,0.9997985711485328
seoul_flood_2020_00034,1,2020,2019,10c46e4c62d7fdf5ed72a30e7772ba427dc77d249e30d5db3813c87d6a25358d,site_fold_1,0.6323571928914419,0.8466285217706326,0.9093059836897927,0.987472994040644,0.9724004376482197,0.9901911258374315,0.9794876889742403,0.9519666282052862,0.9691561302297311
seoul_flood_2020_00017,1,2020,2019,75b5b3fdff7bad158fcf1d9e2521788292a2fdd529262e14a8c3c7e1065b5167,site_fold_3,0.6195502043589413,0.9216685815720645,0.910468601819863,0.9442785032439108,0.9916358455096291,0.9633487477220648,0.9907695551344063,0.5150116831602805,0.8459897155639112
seoul_flood_2020_00164,1,2020,2019,d38c663073cd86f011cced4de194b87e1b9d16bb8b5389e5ccf62d2aa8ebad41,site_fold_2,0.5813537120741624,0.37464375056390264,0.4982648178357979,0.388157877707164,0.5803547553598996,0.38524549861828294,0.6128681611849436,0.10850055075110254,0.13371011612795897
seoul_flood_2020_00156,1,2020,2019,3555de32ff588ee5c192166c9fc69526e5cdb8a175dba83f459952df5027364b,site_fold_2,0.4979769751538627,0.3469700512165238,0.15935051795220906,0.9999999696387876,0.9999998694877253,0.9999999423059198,0.9999996972010596,0.9998340772037162,0.9995343586010288
seoul_flood_2020_00035,1,2020,2019,7e6c491cfb15eceaaa54161669de732ec9dde775dd0633a75e28ff537399fb74,site_fold_0,0.613166666152114,0.8380993027953757,0.8705944099237706,0.9828476052159668,0.9463312168076725,0.9900157828881049,0.9674770984618674,0.9463700358711407,0.8872308065553369
seoul_flood_2020_00024,1,2020,2019,08886a1567bf070a2898b735962da5b5637940828754011bfd419b9efba0e6fb,site_fold_0,0.551084196467764,0.5408403188112219,0.5019605694095192,0.4592782825271769,0.1721087059921615,0.4868921076637159,0.19251387769371414,0.6753573513820174,0.2200162904393967
seoul_flood_2020_00165,1,2020,2019,40392281aeb3adb0c0778c84507c484136bcf21550dc3461d47533208cc16d0d,site_fold_4,0.5807665926266236,0.8266123986861118,0.685390105151732,0.9729398192264559,0.9924406141599333,0.9616893441739807,0.9911407515944296,0.6783298612761564,0.9469329323044344
seoul_flood_2020_00157,1,2020,2019,7b2db85225e0120ee8866f4d1af9bd2aa38f479e3462310696a9b7979bf3c97c,site_fold_2,0.4979769751538627,0.45026924732161394,0.43377481238101323,0.9999954741388052,0.9999995938765949,0.9999916897856643,0.9999988443726079,0.9928197208616567,0.9998319597279942
seoul_flood_2020_00036,1,2020,2019,a40d0bba62c999d879457048f04d7b8deff936b8ce065f1b93ed9f9b9add1779,site_fold_2,0.5472815239292543,0.6197478425994202,0.7057199399118408,0.05514903646594689,0.01175339804891717,0.09881755064635486,0.027842340801419705,0.3192650075232707,0.06914283727133687
seoul_flood_2020_00026,1,2020,2019,60c400e61de242770e7da27016af5b1594a883cf59b9a9d86a72b9faa255f301,site_fold_0,0.5711396206135562,0.8145687668317512,0.8391536600901478,0.9939370222991457,0.9824430139235466,0.9942688210106119,0.9635925678916022,0.961834854123913,0.7716779920644842
seoul_flood_2020_00158,1,2020,2019,0ebe6e4adbc9b4123af967a249ff6160cb782d1ce30ef79fdfebfa0de565d9e2,site_fold_3,3.909358022485961e-06,1.2734576550841555e-06,4.1465668927703265e-07,0.1361363874168168,0.2781558966096544,0.08720139388578318,0.0461376441902232,0.9832738328288232,0.9962918971376866
seoul_flood_2020_00037,1,2020,2019,68064bd8597c3a2f5dcea7760664869c422926f714498f30c771c4ac7d10c12c,site_fold_3,0.7501498712662746,0.5872319017846511,0.7250459331731809,0.1422315196371381,0.12665346307571154,0.17189213957184607,0.27470564917112433,0.17374510739029397,0.16806852577236844
seoul_flood_2020_00027,1,2020,2019,159756d275658a6eea185326c1c8b8bdf783cb6ed665eec07e2c6cfd1f90fd46,site_fold_2,0.5749399378801341,0.9883854015533244,0.9934938568072029,0.9998314702299532,0.9998578720331748,0.9997820143446938,0.999673064237575,0.9978736684783461,0.9942951653029485
seoul_flood_2020_00159,1,2020,2019,19c1885565e56c290d21634561050e4e1cc121630fe7468379a765458fc7dd94,site_fold_4,0.47589821173488983,0.6098534448668007,0.8052170820143784,0.999962901720488,0.9998123879038191,0.9992148982014032,0.9995731084589947,0.9963539844927297,0.9905108716229561
seoul_flood_2020_00052,1,2020,2019,8f04d29a85b032d3db48171fa74a0e015c47781d33e5eb50b4beb7c8e972e2d5,site_fold_3,0.618347203152737,0.9922571756500909,0.9931596605270425,0.9997896608641883,0.9996618561506831,0.9987249896192459,0.9986058372968044,0.9531540448308791,0.9366525027149043
seoul_flood_2020_00028,1,2020,2019,e311ebab0d1322dd22364ea30cd114fc805926a72b5d28893510e9a4da436f4d,site_fold_3,0.6336202513794346,0.9986073177608196,0.9985323374795098,0.9998747568684183,0.9996182061301067,0.9997109412992654,0.998538460668089,0.9912827310131764,0.9455948657930103
seoul_flood_2020_00160,1,2020,2019,456d2ad59c7004e996a1bb2640f7a4c7791206f398afcf1712627e80ebbe03d5,site_fold_4,0.48185932854823793,0.12677069789765744,0.0076220725399836625,0.01634030906858006,0.1164041934712185,0.0008470887669050494,0.008206971621634808,0.059633740883103886,0.11770712160834634
seoul_flood_2020_00053,1,2020,2019,e92a42c30861ff8dd3c05bd15d469cecd2a4a795eabff79eb9735e228dfa1377,site_fold_0,0.6015531262889684,0.7810136548218815,0.9491546293765338,0.9904620301886752,0.9582598498147855,0.9951195483107633,0.9806139209041351,0.9916450690026221,0.9168155494635155
seoul_flood_2020_00029,1,2020,2019,e54e33160a2670c6606515444b193b0c29f0b4c0ce102243371879c9fa07af70,site_fold_0,0.6417407198127394,0.6373718628059306,0.6443017392383527,0.9958517146470098,0.9838988556644189,0.9976323564954709,0.9850628075770794,0.9938620790904572,0.9631267688049082
seoul_flood_2020_00054,1,2020,2019,903fe509e1173017f2664fdb60235e5c0fecf5698740e6cbaf813caacf9bafe2,site_fold_1,0.5294615171309968,0.8543905763735608,0.8991662372573085,0.9318130818772656,0.7908522546643678,0.9496928452283953,0.8859861348841301,0.8973158371926158,0.8106897892436632
seoul_flood_2020_00030,1,2020,2019,4892c95f9d4be5fe6e9e807cecd47c952f44a5088c5322e9a089f89958183f58,site_fold_4,0.6232414401890293,0.12021120044396855,0.4123819662276545,0.7115551944259013,0.6687626284296194,0.6804538672525028,0.6319438380893817,0.6418440997493873,0.37938188776166576
seoul_flood_2020_00055,1,2020,2019,4da29f2b0d9cdcc836f9470f506600c4a9c7d272b3e99196aaf402c8da14efe6,site_fold_1,0.6457883264230776,0.6727864785547752,0.775501581557765,0.9043108483607771,0.9202524694517822,0.870312252624869,0.8524770967552814,0.8823610532846416,0.8278223653469958
seoul_flood_2020_00049,1,2020,2019,11883d7fa62f924dcca67e6b71805e13ffe7284cfa99d3aab7e71251afc42871,site_fold_4,0.5927298783275438,0.5854704145133547,0.6447623117464126,0.9511799123906404,0.9039929484799992,0.9773012980238973,0.9248389016880443,0.6769854636993412,0.48058734730233893
seoul_flood_2020_00056,1,2020,2019,fe81cdb1e697e8d9d4e8a80b1d37984835eaf1d7832d50438399759015467427,site_fold_1,0.5611328790625391,0.6730890868821009,0.8053506498733002,0.7163610539414318,0.8718407002406826,0.6477650802639755,0.8156375100779966,0.8931332155948372,0.9160606070585648
seoul_flood_2020_00050,1,2020,2019,c16f2de5175ab6c9c3347be190453bea3fbc24fe1f20f10b5b6eed4088860d86,site_fold_1,0.44918718970782445,0.3611168429541831,0.32962870072527445,0.7102733488139904,0.5906403114777401,0.7679457152664616,0.6200314472691495,0.7392881120344066,0.6295353271983761
seoul_flood_2020_00057,1,2020,2019,85a1a4d286c1a53ca36fa8ceeca235ad1b2f583d127de7ab084cc0882321ff74,site_fold_3,0.5845770648020889,0.4971937071340457,0.714136214993326,0.46352579439139285,0.4869981440311256,0.6436727655418348,0.5472714809385746,0.6994523482173771,0.645099797679644
seoul_flood_2020_00051,1,2020,2019,01b405d8db875779338248b392bebddac1a9f6fb16604928d371454ee69e0204,site_fold_1,0.4843981537959066,0.3123248202408014,0.34253887291143154,0.8115571438358707,0.819548632261909,0.7464292155729223,0.7852500629572685,0.8936339629739152,0.9488475661207848
seoul_flood_2020_00058,1,2020,2019,6d3dd7eae848fa7d6717b0f8ee7631b0158b96c9cd6f237d2c2e4c179d9af571,site_fold_3,0.6470741904863234,0.8531639529407298,0.8270464039330908,0.6571923030371303,0.4604724574911154,0.7614330964721967,0.5830308149827383,0.7485345894955788,0.762142706190708
seoul_flood_2020_00059,1,2020,2019,e5b2c0eae5350cbd21ab8dc75a8db32c3f296c350d962b4a4bf95ca07aa71bb7,site_fold_1,0.5396452434558142,0.1522459201930653,0.2609332310557009,0.3728639328806859,0.3442185189216109,0.47782263192286967,0.4627183984260362,0.599445080132583,0.5215408234400396
seoul_flood_2020_00060,1,2020,2019,dc52b7037a37162ca7aeba0c259fcd2d421b8bf018e5cc39e00ec8d22374ef17,site_fold_4,0.6402586910854293,0.8892723776313894,0.9413175076274317,0.979682542017771,0.9363610102127508,0.9906316953298845,0.9587150475868245,0.9450983539004312,0.8366204715995764
seoul_flood_2020_00061,1,2020,2019,63766b2550ac2953f858ddfec3231520fd87d6dfca7d9e0ac9c396ec7684e38b,site_fold_0,0.652753698359519,0.874006727476041,0.9129782667721948,0.9893309913333418,0.9869621127536854,0.9960367274909568,0.994340810908832,0.9692383202232198,0.9505356782704159
seoul_flood_2020_00062,1,2020,2019,8266c76f416d89566523a98da79764c403297610b0a135f5a5ebe1be9695c216,site_fold_1,0.6827607480185389,0.7388095128556582,0.7973133544956122,0.920436347661151,0.9792357427063934,0.9478671260849173,0.979076872519388,0.8901141803704096,0.9653617927080465
seoul_flood_2020_00063,1,2020,2019,df5c84717faba2883b1eaff076e8fb3415343781d918d34433bbca08fcd8e080,site_fold_3,0.5625607857831163,0.8010934575922756,0.8378365733268999,0.9209815563371058,0.9705947097664607,0.9350564755050694,0.9784967527001788,0.7630084364995156,0.8895724527303949
seoul_flood_2020_00064,1,2020,2019,e99e51efa4aad35446fd6eeed904db223ad457aabb180255994303345c8ed2a4,site_fold_1,0.7001944311136643,0.9105569251324027,0.9284080624857038,0.997328975449075,0.9936795222974729,0.9982784829556122,0.9945614327786658,0.9729047176209911,0.9706352517418224
seoul_flood_2020_00065,1,2020,2019,03f72303926d55a23a3475a8ba15ff8d5fbd5acd435609a29c889cc220ab2047,site_fold_2,0.6083765817124159,0.880119930147715,0.8247995464056185,0.9970663829987576,0.9930163011374329,0.9983491234020732,0.9889204263847464,0.9831327781267544,0.9465597324042989
seoul_flood_2020_00066,1,2020,2019,8346ac8e8c0e93102650b8a71656bdbaac4d11ea774826e6cd08a89d08ea03c1,site_fold_0,0.6657438937192165,0.9317561319563286,0.872697939640237,0.9949795689003863,0.9938558984616146,0.995765814541356,0.9922694663032491,0.9829838873430387,0.9727472053362879
seoul_flood_2020_00067,1,2020,2019,058fbbcdcf0d4578013e341b772cf94f2a02c13400f39a0c2c101529bad541b0,site_fold_4,0.639970035846183,0.9755899249165707,0.9767575705125682,0.9993445875978685,0.9982797976559222,0.9993887235650426,0.9980364391830924,0.9768174454541925,0.9730086582192997
seoul_flood_2020_00068,1,2020,2019,d42b20bbd4e6bc379486f37ee4112e847759b2099f5dedb9a751a364e5621901,site_fold_0,0.6747497307176848,0.8916200262503801,0.9208860933217686,0.9481332954936098,0.7940222947914798,0.9728308326226415,0.888141632850572,0.9187792771270663,0.7353931757990878
seoul_flood_2020_00069,1,2020,2019,ca563eafd2455af056608fba6c9ac053308d757ff5046eab790cb80c2a839fc5,site_fold_1,0.7151581957819698,0.8725520891052901,0.9145836496385287,0.911779398364432,0.715586018537713,0.9583985059476585,0.8686199961739645,0.9261666373780839,0.8126335761543859
seoul_flood_2020_00070,1,2020,2019,aa4fc57098b6444a72f7e54fad0bd94f7d13e0ed964d0da4f74baa4a28879a81,site_fold_4,0.6541312988082715,0.9465265274921475,0.9576849753586092,0.9943259689196297,0.9880377162525175,0.9979577800747067,0.995539090981587,0.9766884768535959,0.9629210067751476
seoul_flood_2020_00071,1,2020,2019,eb16dd72df019be8aaed131448ff14d6fa2e90652a14ac21d8168900287d1771,site_fold_4,0.5976182766219713,0.9838966737219493,0.9865176699232295,0.9759470746158174,0.9545352958992019,0.9901144296115126,0.9843151120851555,0.8762941089108439,0.8099734963642825
seoul_flood_2020_00072,1,2020,2019,ddd0ee00f74b24696844c4bf71e040308c72a4828d9cf64169a64e13cdfe5cf1,site_fold_4,0.566593211498632,0.9421599370799553,0.9532387949477813,0.9989916864254628,0.9982082021059961,0.9980788949766324,0.9963836030586625,0.9651972123943864,0.9728573152763662
seoul_flood_2020_00073,1,2020,2019,df6af837ab1e8ab5974dbc7660158495b8788ed4c013bde7047e1bd168e85eb4,site_fold_3,0.5694408058419814,0.4318962234253596,0.538527762974074,0.6522893737384633,0.6315546428870442,0.6814121992135266,0.7153669683030853,0.7326056651611172,0.639368287099896
seoul_flood_2020_00074,1,2020,2019,2cf7023a2041036172a96ac21f090d9cd58b1730cc9f9e95a6c212caec306f78,site_fold_2,0.5868387328213521,0.598085069271901,0.631214734945327,0.5834317900721646,0.442604742184891,0.6612265881035441,0.410134092846668,0.7709505678983112,0.5681316426536577
seoul_flood_2020_00075,1,2020,2019,e798af31805b93f2a373a142b3747c8dd0ae6e681f2c5a7759cddd703fd2d4b9,site_fold_3,0.628760161581783,0.6288820321442086,0.6763340187515584,0.8586277946847266,0.6239034046328018,0.9144982920366493,0.7071270137140466,0.7395032291124226,0.4178841435766685
seoul_flood_2020_00076,1,2020,2019,847fee03f196da88ca147fdf7626ad98f52286f7ea498dd829ca73fc6754a405,site_fold_4,0.633316037704812,0.8240060021010391,0.7219046125281102,0.9884545083203011,0.9725508045438528,0.9902012395224233,0.9645557507153232,0.9286679380720543,0.8393091133858276
seoul_flood_2020_00077,1,2020,2019,ec99fd509b9e2467c4e1ceff5f845246f9e79dccf916d6cc7264606f24baa3eb,site_fold_2,0.6168169068763116,0.5298594129044963,0.7404300084747936,0.9238766475527279,0.9577451884514059,0.9511359638648139,0.9639622437430531,0.9336574264136561,0.9527565897413197
seoul_flood_2020_00078,1,2020,2019,2a970bd1e5da9c66f6c1d11324148b0c4aa0e7d91fd8c59caeed1de1c30ab379,site_fold_3,0.6618600984121719,0.9350325726853622,0.9554112624139518,0.9707152998562579,0.970202567969614,0.9748699268191782,0.9768449560576211,0.9103818330549933,0.8980437831137231
seoul_flood_2020_00079,1,2020,2019,5aa2d66777c3e62df2fdb8eba1789b466006935c4c7891a25a62d120eb0a99c4,site_fold_2,0.6409606976790186,0.8056882169258944,0.832955443031204,0.9426395934185997,0.8071639124601137,0.9583495088907378,0.7656162513926272,0.9268036947086811,0.7279009172881115
seoul_flood_2020_00080,1,2020,2019,ea0d9b27de5b3a497afb216d359db965021e8cc09be25f62cdbc2de869da116a,site_fold_0,0.6259431808935966,0.6082335764471631,0.6276155258895495,0.9880840233740997,0.9726884172020136,0.9912830315945218,0.9722610185978328,0.9675616782405396,0.9654440109486718
seoul_flood_2020_00081,1,2020,2019,f013ca10ef383f71858c29d3fb13140635d86a1ce3ec15fd5b0453fdb37c02f3,site_fold_4,0.6166447307667445,0.5675073229727335,0.582901776119831,0.8948657334602995,0.7111599857605202,0.9181348002677282,0.8271181982042665,0.8521004792143373,0.7626828458428174
seoul_flood_2020_00082,1,2020,2019,b89594e6b2febff01ff6a0c0643adc8e4dc82e340c686e371c14308620dd0fea,site_fold_2,0.5944211380704162,0.6692729179407868,0.6397934570810456,0.7476596193275827,0.7569170784662038,0.8582237224418445,0.7969537095740072,0.7838753113578101,0.8262845025327963
seoul_flood_2020_00083,1,2020,2019,713f69f5010d35e7e66d51cf3ba9fe812d012df85bfad7f672554d4ac92faaf3,site_fold_4,0.5761509501983021,0.9795925244127092,0.9883584166112924,0.995732546541706,0.9997854107434013,0.9960996821996423,0.9997795810121467,0.7154186028710232,0.9695124817755952
seoul_flood_2020_00084,1,2020,2019,a6975803fcd9ed59082319f235a19be9cc856dc8e8022bbd04605b4189502d25,site_fold_3,0.47623335362718494,0.6871776247279544,0.7301894779250038,0.6576784767718026,0.8540034195347911,0.6558411484700231,0.7750600843272717,0.41058924299590566,0.6998287949607093
seoul_flood_2020_00085,1,2020,2019,c20bab6ce4577490838ddb71db53f4891556cc2f04806b8d6cb43622ce57bbfd,site_fold_1,0.6338479537710633,0.9832371027651481,0.9835633622005241,0.9933851252448761,0.9973062783860779,0.9884651027880961,0.9985383092216434,0.8948620634812411,0.9854927306111539
seoul_flood_2020_00086,1,2020,2019,4e19ce88d34fe87d0a2a5e11416f6eb85c46b0fcf2e107a638f171186779bbd6,site_fold_2,0.6376592025141652,0.8727024611811848,0.9208532623441281,0.9893143256230925,0.9807247417294624,0.9712445983601895,0.9665046310477338,0.9420282583215909,0.8415904997943988
seoul_flood_2020_00087,1,2020,2019,3ea925bf459597c5b9524d19ac3179165e43e6bc3969bfcf1a837070522a3fbf,site_fold_2,0.49581075497162863,0.6346710394624618,0.4567873093032794,0.8751417986313403,0.9106161254285832,0.8915638001259738,0.8947870728360864,0.8492651248327905,0.9125604383024303
seoul_flood_2020_00088,1,2020,2019,0513a2f379edeebf9f8641c008b9c7e1dfa57ea729522adafb9c73da30072a3e,site_fold_4,0.6463927396848536,0.6721643457402164,0.5348351593811986,0.9671061745898153,0.9494182453420434,0.879724792498943,0.8920130589980702,0.6878099864575757,0.4229935366245142
seoul_flood_2020_00089,1,2020,2019,884e85d417bfc975175cd72cbd65f4c35646555ee12ee3400d790f91665881ec,site_fold_3,0.46898254363240877,0.8916932869514455,0.9649490752746431,0.9918473274094473,0.9549652380642811,0.9927923694374995,0.9432097524022498,0.9779613127410794,0.9159542933254546
seoul_flood_2020_00090,1,2020,2019,02b5a35da5c0d1c7b55d751771925c966c8fa2149315a4ea571297a2e00589d4,site_fold_0,0.6481661027371436,0.6415125759865052,0.5814289516584145,0.9801160027480516,0.9516990848548259,0.9848957839758913,0.9651067462507587,0.9607445775482338,0.9350153180367842
seoul_flood_2020_00091,1,2020,2019,2f940a2629c365a7b9e2443e66b0475548e1e3c806287a3668631816edb4c76a,site_fold_0,0.6270495392957982,0.9951483568533891,0.9946874069055787,0.9995906169051311,0.9998596459961496,0.9996171113918223,0.9998004894717175,0.9773251953114557,0.990285433861396
seoul_flood_2020_00092,1,2020,2019,ee1c8e078be4900323ab65b222f58829af044f35e5a1a009b24b1e855719d373,site_fold_3,0.4427406805300999,0.8193029535725385,0.8237614357632774,0.9985189308888411,0.9985065635159147,0.9954288265674213,0.9956468793815997,0.990766716222601,0.994001650975811
seoul_flood_2020_00093,1,2020,2019,632b8e96246333277e4d39daadf7dababa6b4157490016c2140a055401220e2e,site_fold_3,0.7027103182726956,0.4946555180322986,0.6383521455589549,0.8265627374600983,0.9393867999718591,0.8806352041231108,0.9141264715832953,0.7338104795399284,0.8114020792806186
seoul_flood_2020_00094,1,2020,2019,27b3be534d925c2e739b1225e7178079f898526288912aa01fe40a8ea9d9f566,site_fold_3,0.6516472479221022,0.5834464643434566,0.800768148018303,0.9547859218282689,0.8793195355932948,0.9689324533482712,0.9141972826919926,0.9683125073329292,0.8786217638137318
seoul_flood_2020_00095,1,2020,2019,0d59208c254d5ba3ef1452a38666a492dd0a7bc57c585d5d69901544caa14cbf,site_fold_0,0.6481141751473355,0.9879811535972358,0.9868779532284709,0.9996873499226255,0.9997378203790905,0.9997836162549077,0.9997532685531317,0.9934941235195858,0.9949746077527329
seoul_flood_2020_00096,1,2020,2019,2f638be1e5a53380c3c0717fb1c4cd1b049457fa6ebfab2e672087a582e741ad,site_fold_4,0.6529631383074064,0.9653261317863528,0.9700499692253136,0.9976163964673037,0.9923670433629079,0.9983666221657761,0.9943938583995204,0.9635074229855021,0.924486526882167
seoul_flood_2020_00097,1,2020,2019,0659d1fe4562f7d74b5948a58a76afab170728df7447d0ef6dcf6d4c783bb660,site_fold_3,0.6259523231447836,0.23993140559200646,0.4637387991493061,0.23888936133659083,0.163796915995847,0.44667798681745763,0.2826220202758643,0.40633831157203376,0.4226773567339917
seoul_flood_2020_00098,1,2020,2019,ca3b181429a7329124cce9f9f2b96cb34be7cf2b024ec1f7414d8ce713bb9465,site_fold_2,0.59340247363981,0.9955469571202665,0.994012198622283,0.9990096994908423,0.9998919265681062,0.9974009932383523,0.999716979324315,0.9841120913293185,0.9964406077163133
seoul_flood_2023_00010,1,2023,2022,cdac98a48f34f783458e25bb71bec50a9941f951adda2ef1ed119a8d4a0828ec,site_fold_4,0.5891501222354253,0.13926625008694143,0.17032651315124664,0.9389112344473003,0.9926517784198018,0.9246466303179967,0.9802682708259981,0.8456165889454859,0.9714720150457258
seoul_flood_2023_00002,1,2023,2022,56194f3b0d4ef83211b9500e873a993b7c4872605ad975779d5bd2204e40cc9c,site_fold_4,0.17434163018026835,0.40993537334851426,0.3896409850057328,0.6807697297559886,0.6526002487258881,0.7381610148463478,0.7912245212403664,0.799318344316153,0.8843201140454161
seoul_flood_2023_00043,1,2023,2022,248fd4f18691def34c6601546f753c06d11ae98cf78256a042219048350a4848,site_fold_0,0.41576908742809626,0.7114535332572508,0.7580291789183857,0.9131248322319496,0.9182562939941562,0.9447352456817624,0.95409080952546,0.9234518231051021,0.7967066802032015
seoul_flood_2023_00044,1,2023,2022,2936fe9484566290154a4a78f1271b029cc6c88fdef60a4f432e5bf00e8a5520,site_fold_2,0.5974033869965196,0.5972478203449794,0.6653292571217461,0.4297827601291469,0.8760424545627785,0.6005272413915591,0.9552568477437627,0.7022995474823152,0.9688463074471954
seoul_flood_2023_00248,1,2023,2022,b2b9daa097bd03ac3b1154ab1efb93273c2ad4ec5b9113697c086a095b80910d,site_fold_1,0.5748183641609813,0.8618570927449668,0.9305816346525372,0.9932177947501843,0.9988513125428907,0.9877652505719251,0.9989988304011556,0.9731414349267813,0.9949593784529425
seoul_flood_2023_00004,1,2023,2022,d3a0fe4a01296db4593fc36df0fde0ff144cc7a56203125c74004378d0a06b99,site_fold_1,0.6231318610362694,0.6917728535250413,0.5547915503884207,0.9468572931633065,0.9573780815270769,0.939003103844504,0.9312790638579478,0.9118176075039249,0.8614506629113555
seoul_flood_2023_00070,1,2023,2022,e02228460eb8c581c0556701b02567d9bef77a390613b7e41616f20628f49750,site_fold_3,0.5659370802533615,0.2961749442892631,0.6492371324115346,0.9960981369690212,0.9935344001237458,0.9960278386062865,0.996580184160433,0.9910673372868075,0.9852129777738206
seoul_flood_2023_00047,1,2023,2022,b4a159bd3df0eaa57b55ef4da2c655abebf1329fc1a2c1f4e393a61eb888fd51,site_fold_0,0.6310382004739368,0.7752281052120003,0.7523791281970276,0.803724591438563,0.8422821860412593,0.8080342450168029,0.8934908412452217,0.7974328998198216,0.8953429932364761
seoul_flood_2023_00009,1,2023,2022,70157f5482cb159b3b68e48336c450e93766506e243cdf9eb03590b5bc45596f,site_fold_3,0.5578680603237834,0.5867732879282856,0.5838784585130945,0.995709602540281,0.9977794201416017,0.9910224387281773,0.9957665880683017,0.9502819957199001,0.9645249407215809
seoul_flood_2023_00071,1,2023,2022,017ade65ff0240adecf03eb0741307ea502590ae6c0ef638e6e9f384025b1f8c,site_fold_4,0.5673984374319105,0.6972248573348833,0.8677699827697398,0.9939445426696635,0.9937543656894008,0.9956665164500029,0.995661782675118,0.9270851925225337,0.9481256058625928
seoul_flood_2023_00059,1,2023,2022,51c0f0b21f81c1e61262409620f2b3be9b562fa300bbdcdd2dd94f5aacccfb02,site_fold_2,0.5134181558682379,0.20949556564201763,0.26829139308911376,0.6276865285036025,0.5237014682721628,0.3808110979236871,0.40434293075530336,0.7828640260765811,0.6669310608472179
seoul_flood_2023_00012,1,2023,2022,667e30e9a3f7fb988cd90180a9d904755fa591265581c0609b8d81e4deb93970,site_fold_4,0.5893392469857167,0.8420703235126014,0.6897249674247166,0.9023002639490834,0.9710958347709374,0.9538076694802292,0.9872958630992016,0.8864242499184233,0.9620146123815668
seoul_flood_2023_00225,1,2023,2022,4ea0938144a26214fc7cd3a870d4a3879c6bc8a8b7a1be7254dce6517520b228,site_fold_1,0.713052768941584,0.9388937738631177,0.8787452813852733,0.9429099225656814,0.685456890878989,0.7716945084573645,0.4230470134354381,0.4635966634635624,0.19127389664144018
seoul_flood_2023_00067,1,2023,2022,2b039c27036068493acf6918e3daa9e63f32629a1a6faca59390d100614c1013,site_fold_0,0.6002597680463077,0.595114599213267,0.559363761164677,0.8966844804672596,0.7654923603278099,0.9104624798935127,0.6718159630076213,0.5681422098649509,0.38137971975900975
seoul_flood_2023_00013,1,2023,2022,80a618b88b8e6324b97cbe64c342ff6711e3161d146da345ab6070b95880e439,site_fold_3,0.6610906434593582,0.7182778609735726,0.593044146828247,0.49693369135434634,0.6448971621091911,0.45870416159058003,0.6667850298888962,0.8696372665552661,0.8223657262501423
seoul_flood_2023_00227,1,2023,2022,f5de86b449cb8e2ee3e8157a80068b892f7e3c9b0db6a16fe8637184ef8663d6,site_fold_2,0.6155633198692778,0.7218835308344721,0.806489693164254,0.9844823351588415,0.9937932555854223,0.9953687458455335,0.998365587163644,0.9755731032957017,0.9842617450494004
seoul_flood_2023_00068,1,2023,2022,fd65d6658f5c8b220975c11acba4fd65d878d6713aff553ae1f91f6159a3afc7,site_fold_1,0.6092303511995166,0.47075622913862675,0.5265149105122712,0.9037712976959817,0.9225005596032949,0.8868113125599145,0.9048306097139818,0.9113380801893236,0.9484721671480798
seoul_flood_2023_00015,1,2023,2022,18b4b2fdda6fc69634d44ecb3f1034bd1fc1bd99100a1cfcf3b83fafa76d9cf8,site_fold_2,0.20183624894526525,0.1392757338504217,0.1784083256945302,0.8944103936225991,0.9368933400750321,0.9159525149763758,0.9438953309547586,0.966088743519455,0.9882290826072171
seoul_flood_2023_00228,1,2023,2022,48006a51e30c32762694ec18747d1425bb4b974c56c4c0c98d57886cadd0c783,site_fold_4,0.6452126882052897,0.6649055433352151,0.830060495376806,0.8507824829234946,0.9150454398326756,0.9512592694280521,0.9873340367972675,0.7341886276913229,0.926539915246317
seoul_flood_2023_00072,1,2023,2022,2afb0fa8a1f0cc6a7ed67c17008f75bd42461bd0ba6df7c3c3d887904196895d,site_fold_1,0.6430043407719236,0.4241752633921648,0.5038417685430402,0.2598937740180946,0.6634049668278695,0.16680188664832796,0.3465519073097179,0.03460442870036023,0.2707313516803827
seoul_flood_2023_00016,1,2023,2022,9449d82b55823a2b21e722445146dd58f28c2892847ebd7d9d3528a705c333d7,site_fold_3,0.0047234178214231835,0.06502903277416416,0.12830211479578538,0.4273287045925576,0.3882697798183409,0.5484423671007036,0.5639281051591155,0.989117034845026,0.9923857628253121
seoul_flood_2023_00243,1,2023,2022,1ef45c1f3265d27b162d2e8ed4381ef427bdf586c45963e44e4392b26ba86b72,site_fold_4,0.5682532505733255,0.892275968261125,0.8946712997984263,0.9870866041559754,0.9526389016485696,0.963906341979388,0.9386846488744104,0.9339717409156001,0.8998463498784
seoul_flood_2023_00074,1,2023,2022,b9bc2f927ed11bd524706f6d4967f92b59403bf3a4c2f3c470a8c815fd79e460,site_fold_4,0.576650311621279,0.6446335716691651,0.6915755897069533,0.9706291086954194,0.966418510588767,0.985007455709533,0.9770998075719595,0.93552224405256,0.9591489970890805
seoul_flood_2023_00017,1,2023,2022,c14d98d5e804cded4ef08ae8cdf0707ca6178666fe17dbc79d181d4cc9dee14b,site_fold_4,0.711589085525056,0.9603553417956365,0.9585429336199077,0.9857356477937302,0.9926667277753917,0.9840990086361401,0.993066994758172,0.9325414829897851,0.9869311196744588
seoul_flood_2023_00250,1,2023,2022,2c7709566a2e9c494198b62a00ef526dfe6053df3b61476d6f3474d3a092eeb5,site_fold_1,0.36571966362119657,0.7228918273749977,0.7726093477479817,0.9187031504916581,0.7037087416413249,0.9336772964297,0.7750713463824194,0.9340654642297497,0.7159487862533286
seoul_flood_2023_00075,1,2023,2022,ac6920819be8e420a3aac9974fb430eca317f55a0609b05ff32e884b1c75beaf,site_fold_3,0.6488429685373044,0.6529893851142426,0.6789832292795313,0.9804387815984829,0.982080421519505,0.980072440922501,0.9757922742689256,0.9161662859278568,0.9186851357410658
seoul_flood_2023_00018,1,2023,2022,611ef7d2bb8f2df5e6108e65595a9a37b583dbd4323706a0ec255f8e960d2ddb,site_fold_2,0.27826885266014223,0.41997510635873436,0.5814336560225598,0.8896506494380375,0.886070736137526,0.9670752626539775,0.9685142749358366,0.8976737539605669,0.8773071502340405
seoul_flood_2023_00277,1,2023,2022,2e908b9152c52096e61faa554d5ff494fdeeb050209f5fc14355fe66b5e5d4d4,site_fold_2,0.648860698051713,0.6342883037422755,0.6912204084459174,0.9890902107789515,0.9922353953295701,0.9676566252905894,0.9742100778325584,0.7064084474506143,0.8912160513391115
seoul_flood_2023_00076,1,2023,2022,0059d2a4c367d474476bdb36e5406db4c952a2a967b25e3c6166b8b6fc181976,site_fold_0,0.5982044445938177,0.5947816869573003,0.6295170057871894,0.9258118276497224,0.7793990517589439,0.9515560127046219,0.8594940716265971,0.8288909183074528,0.7913684596888041
seoul_flood_2023_00021,1,2023,2022,e6acf5cf32b2d0c5cb627acd0c05f96bfb50942c86e13eeac0f97655bb35bf64,site_fold_1,0.4660500340206505,0.6044005939193244,0.5329020789167065,0.8435927725114294,0.8177707626378385,0.8709853535033327,0.8336135903804315,0.8145187531755208,0.7290310410597528
seoul_flood_2023_00077,1,2023,2022,ac006ae8566252eae229f3cdf08285ec62948465438fa1fd37525350f732bb46,site_fold_3,0.5744434254978233,0.6237146418556239,0.6104140167145297,0.9651770822283947,0.9025938251609875,0.9719359179287939,0.9178537867243101,0.9510780555993754,0.8670710871749828
seoul_flood_2023_00022,1,2023,2022,2ccee39efbee54552c27ec5f3380e8b6db91ab9da3255a83fc493c1d1767d3f3,site_fold_1,0.6647636528616613,0.6399898129661834,0.6580828885920659,0.9741495976878857,0.9981390214754483,0.9753108827095149,0.9980552832517758,0.9747198857217667,0.9988792510254862
seoul_flood_2023_00078,1,2023,2022,54043b91c4a304d4c675985edfa95ef876b138ff57a6389bfd28818074d39fc1,site_fold_3,0.6897485294091723,0.610630827276324,0.5152946596773362,0.7953207111728837,0.6661780529026573,0.7982918708351587,0.7745671135653451,0.755916771309907,0.8876682417570176
seoul_flood_2023_00028,1,2023,2022,ab9d5a9c105349411f7c92c7845f7e8ec24f10552a9a484d7dd02c0c9d6df2e1,site_fold_3,0.413861863747184,0.35495968714594217,0.23451103728620779,0.8578441435117615,0.7473295468647813,0.6632201196547975,0.43830206094775215,0.7719247024438128,0.5803850627138186
seoul_flood_2023_00079,1,2023,2022,a825d29c20ca2db6c0b5bf5ccb6ee269beedc5bda085fce5a584b3d600c91af2,site_fold_4,0.5753770610367323,0.559535064964674,0.586080097248859,0.9775511026949715,0.9878058660030048,0.9837287087590136,0.9883679260744777,0.7679200893321658,0.9434912499110251
seoul_flood_2023_00030,1,2023,2022,109d39d58c882b2875c711bbb1fbdc53ae3234b9f7c2e321096d7429e46331b6,site_fold_0,0.5752118991213803,0.9713687395500092,0.9668240084231985,0.9997013216834333,0.997543587856475,0.9997086803205496,0.9972468527526829,0.9978280127439467,0.9702872804067825
seoul_flood_2023_00080,1,2023,2022,516a51b5f7484840c5b87649d04bf5f7fe7b3f5a641c45cc08cdca8b66f74a9a,site_fold_0,0.60513448583249,0.6104460148215043,0.5921677867873556,0.8522866719444437,0.9076742206493081,0.8763721185056318,0.9293860742616428,0.7302717594827235,0.8089725433113222
seoul_flood_2023_00032,1,2023,2022,0b4d4f8312fd79b55496cf1cff09a958a968eae46e135c54724bebedf54d8400,site_fold_1,0.4482358167917651,0.42449014032590443,0.32028860834561784,0.22219142238863332,0.04487189363588372,0.18064255373888816,0.0341006984091638,0.4455722528247586,0.06701609695129926
seoul_flood_2023_00081,1,2023,2022,80dacb840448896f846147086fb6904aace095c7ed082be2f6978ab4a65d9d17,site_fold_3,0.6067484968437848,0.5841527026260691,0.616023795333167,0.7791423160987633,0.817601455743523,0.7709301992394713,0.8425154331125964,0.61082192687222,0.6811672769826869
seoul_flood_2023_00036,1,2023,2022,824b284c7bf45801707ed1a0e35648f2949764c72352ac38100d99cb94e7ed05,site_fold_2,0.47700715848994174,0.9168859875570115,0.9083692647928722,0.9786563388188438,0.9516010577112286,0.9828335646102963,0.9424181199538535,0.9292815363232737,0.806514201265608
seoul_flood_2023_00082,1,2023,2022,b45c216bee7e0d6ee0455f8bf2899fb0637e6409ddda7e861dc355e9dcf32559,site_fold_2,0.5705159084198547,0.5400585135126249,0.6356044787877172,0.9718002054089298,0.9873067434317093,0.9751031899571724,0.9871808160162358,0.911006600360718,0.9814176212823391
seoul_flood_2023_00045,1,2023,2022,047a0479a6796b37ba99d6e6577b3ffb20aab618b478d303de927d6a6faca3a4,site_fold_2,0.49106000724332655,0.7418350347977055,0.6381524874714732,0.9982761696899723,0.9657033742507085,0.9979826205679876,0.9559163739618028,0.8958823591329755,0.7355373781683754
seoul_flood_2023_00083,1,2023,2022,8cc3386043fed7e4a08a2bc9dc0aa45a181ba89b153abc9f991119c15c99e48f,site_fold_0,0.6082829775983505,0.5343542428474777,0.6042362174268346,0.9858688987227311,0.9883965078771569,0.9912999113752252,0.9917698643183275,0.9413841971104073,0.9759888871003237
seoul_flood_2023_00046,1,2023,2022,c1467d5c72e32f7e65ab4237818f35148a9e8e89d62f6c485f6e3282213122d6,site_fold_4,0.6243912274827583,0.9463770289675233,0.9771222194035032,0.9977989053428289,0.9979699359057547,0.9990606775523504,0.9990623512293602,0.98595208372156,0.9871218641871033
seoul_flood_2023_00084,1,2023,2022,227a0397ded397793104e4c0dd13029ed0f9025afe13bbec3f057cea4e5a725e,site_fold_4,0.6080630916187038,0.6450242576554007,0.6473784369134181,0.9954335216148198,0.9949905248791187,0.9961345491061218,0.9947527823470632,0.9544223688868458,0.9558342096719346
seoul_flood_2023_00222,1,2023,2022,c65581d8bf8cf915e9fe2ca51b089e97441ac2f57272bc2cdb231ee83f757ae0,site_fold_3,0.49179189615972824,0.49060859385493333,0.5081252339321356,0.9936234765193478,0.9066476855605072,0.9900900467105163,0.8679779358489157,0.9882646245318628,0.9117717103431388
seoul_flood_2023_00085,1,2023,2022,5c52fa5b830c2d85cb3619fa6dd7b6c3c4fa0ae339105571c5aacfadc1f57dca,site_fold_3,0.6344819484720386,0.6660830965502061,0.7280699094112224,0.9920256037608555,0.9938145763975428,0.9924524096018355,0.9910943926191506,0.9367960793822881,0.9463328352484942
seoul_flood_2023_00223,1,2023,2022,a3396b1b87eceeedee47469b37f3882ca3efbef67a922173e8c25c4bc7457491,site_fold_0,0.1271929589329966,0.717288056301115,0.5102773726661867,0.8354716396426747,0.44742481920999905,0.8740302273499863,0.4213422161682873,0.7523018804499393,0.4386593194151602
seoul_flood_2023_00086,1,2023,2022,a23e42946ff072eac7708b41013273d24b29f25c3b2a68f2fd71cd5555db568f,site_fold_0,0.5932561400933117,0.5921066457802274,0.5432902789558784,0.9084411819069143,0.8526903599201499,0.9374062942734002,0.9000925968910306,0.7948833759728346,0.7538362203468948
seoul_flood_2023_00224,1,2023,2022,6b1bebc088f54a96e550aaa77b7c7dc8a68bdb509ee5100ddb911beae78c5051,site_fold_0,0.5016762222836599,0.9738926225828998,0.9622757316708086,0.988819017373749,0.9872405280291804,0.9844557115436019,0.9738871801205692,0.9358230331152554,0.8644356995068981
seoul_flood_2023_00087,1,2023,2022,c806eda7ed36cd9e6ecf80572678e5580be30156dc628686a27b057e82be7f05,site_fold_0,0.6082829775983505,0.5514645289658767,0.5255049223864926,0.9846681354579857,0.9899950782489078,0.9892978902684457,0.9910563440096929,0.9413841971104073,0.9759888871003237
seoul_flood_2023_00226,1,2023,2022,5b4e991e2eaf736f1ecc63796633bf37e2674c5669ccae29f43454531101f031,site_fold_3,0.4505568210592696,0.6720278724179933,0.6200681209612028,0.8835184482805671,0.7185245294039513,0.8678599235129304,0.8155344868302296,0.8763930800913109,0.864054684122497
seoul_flood_2023_00088,1,2023,2022,5d84a21238eb09a213a6a5e8c5a2d41c6f70decc00617b93e8dda58c2d7a235f,site_fold_2,0.5908098726044417,0.5782409918500513,0.5867468143987754,0.992541318741849,0.9603539212205471,0.9925749277314371,0.9545431487138747,0.9000992658433878,0.8841372403944214
seoul_flood_2023_00229,1,2023,2022,972f0a0ebf5383f911b746160b79c88b8b0c7aa70e1b9861ff6abfa2392f939d,site_fold_3,0.5959962907957892,0.7752258579623841,0.749937383840877,0.982555432327002,0.9533605434493074,0.9705829582693295,0.9578137174388685,0.9594042463456558,0.880890362047912
seoul_flood_2023_00089,1,2023,2022,8e255f9a86ec3588ecf56d040b65bc4fbebed179e07431fc842ce550145b9863,site_fold_1,0.6332772634249467,0.7314810098128527,0.7562049416737062,0.99149227439967,0.9563367026616274,0.9945612760272494,0.9654931427554146,0.9537594694466667,0.8587921986068309
seoul_flood_2023_00230,1,2023,2022,351930c74ba2930ac78f71a4e59d24ec3a9c408c09f4bddcf7fa3699bf8a21fe,site_fold_4,0.47941418986182044,0.7616110642590286,0.6417922697904583,0.9408581629651485,0.9887909119685038,0.9756241251737426,0.9948023037266279,0.9582729548123503,0.9892669071635846
seoul_flood_2023_00090,1,2023,2022,fd6f0f91e6250a60b21fd97b70f686db535df935a8841de34f4bfbb09aa0efb0,site_fold_4,0.598855114232776,0.5464156962431687,0.5675105296249024,0.9965286943363363,0.9970647211006445,0.9965509140227923,0.9967408397139069,0.9795005370520102,0.9906242312287841
seoul_flood_2023_00231,1,2023,2022,c78427527ae5ed46cec266bf7f5102da2f65c62f603b3c800e26eace25a5c839,site_fold_0,0.2503197702860999,0.10215364975230594,0.16014416307320983,0.10662889972117966,0.02779572948786173,0.05559098737742881,0.015601730071160865,0.1506288353188189,0.08103274671816933
seoul_flood_2023_00091,1,2023,2022,ccb2187c465a4a42452f6d96c6ecd61471e4bd6347f569f84a47b5683742fac9,site_fold_1,0.652899079560211,0.6776487238234126,0.72068827856716,0.9926137224996072,0.9798126516379077,0.9954161661531417,0.9855438886529677,0.9764976356083725,0.9581489447947937
seoul_flood_2023_00232,1,2023,2022,5336135f67660856ece6ad6d54f733a34080d27dfbe335858b52eb42facdced4,site_fold_2,0.17103085279665267,0.4331698399750907,0.37148180476341913,0.3600428789662152,0.8212756642818336,0.473999700776291,0.8219405921341214,0.8742582134957622,0.9781678013657976
seoul_flood_2023_00092,1,2023,2022,8eac4c0475636dabe754422f418c76eb191e9b3e663e31e296fb69f7a6fb8cc8,site_fold_3,0.552544149688838,0.5455780578179784,0.5897094033058614,0.7171532206692052,0.6540043051275856,0.8588857785703456,0.7856204744209047,0.7134329864499148,0.6959220067612861
seoul_flood_2023_00233,1,2023,2022,e55963a41e664f031359274c8576c1cb5d6c9c2998192b355445bbfe50c138ba,site_fold_4,0.359624008234194,0.42167225957618204,0.4537590953409371,0.3973688997936711,0.7935365456879397,0.5592246358743871,0.843642808958907,0.7945696504740642,0.9502152635716539
seoul_flood_2023_00093,1,2023,2022,dc728f9adfc11d8c5c2ec698fb1df3af31c3b43457a9a69377f3e7a04f506468,site_fold_2,0.6182276672406282,0.6351811706492327,0.6562386582937687,0.9975085416117894,0.9973782248110599,0.9976141901453373,0.9971950048502801,0.9736967719209813,0.9863326886897331
seoul_flood_2023_00234,1,2023,2022,d44f553eb4a78c3e8e73f10a2584e2b08c855f4d7d091ed0bda77b9ebca91d2e,site_fold_4,0.6061916809873028,0.803316182886307,0.6919085351775918,0.9943643814446601,0.9993649446685003,0.9876936283186206,0.9985201649584432,0.9936177439879981,0.9980170086701663
seoul_flood_2023_00094,1,2023,2022,8c06fb30ac6a96f25e4c0adbd324b5185f5468e1f2512e1480789b99a603de36,site_fold_1,0.6485753436930273,0.6358384720107986,0.6929665811731412,0.9987834517569726,0.9925023394262744,0.9992979415295591,0.9961016654598941,0.9976620976847932,0.9912141607803131
seoul_flood_2023_00235,1,2023,2022,e635dda0a74d3988c04c4e76a855e983d6033e5538e0b291c2a7d019a42df52f,site_fold_4,0.34323250679517286,0.48793933996749633,0.6311543564768762,0.9577175350832203,0.7920017412229011,0.980358429775568,0.8753838548538991,0.9355404581024858,0.8331339570943145
seoul_flood_2023_00095,1,2023,2022,bcd669daed0897a45b8903b79c40b7cc6b1c557b0e8708071442ee549f83e05b,site_fold_3,0.6379976267682687,0.6407316340001474,0.676278884925637,0.993546321806558,0.9641072846364832,0.9944723557381859,0.9753741912370308,0.9890172103506492,0.9684490590951683
seoul_flood_2023_00236,1,2023,2022,3806182b64eb41706f3328e741dcc36e0a6617e9349746b3fda442906e5bc7e3,site_fold_4,0.40682788588518815,0.387155686708853,0.4867987379507768,0.9617794668620624,0.8623222561795026,0.9866590480639386,0.9135984674491353,0.9764779101084332,0.9109377701519191
seoul_flood_2023_00096,1,2023,2022,3c90eac0010785df62fd85c83633074dccd90c84ba9e27d4f2c28c78b4f0d5d6,site_fold_1,0.6529155498885321,0.6255387582514953,0.6903728191079603,0.9925162066409525,0.9363863488776833,0.9950823913748515,0.9613094064431662,0.9857094294799851,0.9238956539745619
seoul_flood_2023_00237,1,2023,2022,1b36675e1d11fd325a672ec04ac67bd989594417a5729df4f870059fa87b9d1a,site_fold_0,0.4063083484669853,0.12415301815085818,0.26071809991169387,0.9606282941023376,0.919354363318277,0.9815893745297088,0.9457890962191352,0.9698632619405909,0.9314937287167716
seoul_flood_2023_00097,1,2023,2022,72f61518a84c9a55b3352cbb5023921cad60474d413e7b72f69c74dcf2d72799,site_fold_1,0.6067651545752378,0.6220968153490621,0.7535598658763756,0.8182647656789124,0.8167517306613643,0.8928203747331662,0.8947764866590979,0.6670351145715543,0.6444816289891219
seoul_flood_2023_00238,1,2023,2022,6bb5e3a1d3d33c5db48aeb2feb9ba125ac0daeeca2d842b2e02d5875228b2034,site_fold_1,0.30348648251978694,0.16201416031514587,0.23489151604906497,0.8159391164179279,0.8066291669336738,0.8611350761298546,0.7965398795353934,0.9444277362173783,0.8916344133218104
seoul_flood_2023_00098,1,2023,2022,69999efddf274f8271d36927d9ec9541d3c52ecbcda9f4fd5d4e4576776c0f81,site_fold_2,0.528690069192864,0.6235630744216705,0.6421554619634064,0.936255719886347,0.9133962015812075,0.9421806057080964,0.8741921181764083,0.8129189273200792,0.8707619431737694
seoul_flood_2023_00239,1,2023,2022,2d536fc8f243ee74cda2625ce6b41f0808c1a746c242a68cc049153db304cec3,site_fold_2,0.5088588043700198,0.6549544792640745,0.7744261081328084,0.8592495968158386,0.8733860808387938,0.7454774357317996,0.8522040321677682,0.7947123017643023,0.8685399855982285
seoul_flood_2023_00099,1,2023,2022,f20722d01f05a742b8dec71af1e8e07cd63b8a6c64dabe657c23086f84b1cc72,site_fold_1,0.5698534022439166,0.643393607745716,0.644226206903022,0.9339147935565586,0.8303270247451388,0.9477406113634965,0.8356131212190151,0.8957843081556071,0.7331762233669199
seoul_flood_2023_00240,1,2023,2022,3ad5a64b1adf89e718a6b754a2a9d66bb8b911be81bf90bc31007aa5e3b55b65,site_fold_4,0.6141578670047307,0.9754383635507898,0.98856650416728,0.9994099618877372,0.9939453095597237,0.9994544318178199,0.995215079124002,0.9827249386640766,0.9335089910489397
seoul_flood_2023_00100,1,2023,2022,45e322c42efd83690f4dfb0ff1d1bbb111f8a340eead50dd2d0b80db07f8e193,site_fold_4,0.5163925768434419,0.5845392181539444,0.566003480307768,0.8624355845979588,0.8211825221054183,0.9194944511449468,0.8357513653474514,0.6850682073592177,0.7612906630894523
seoul_flood_2023_00241,1,2023,2022,fd9b2055defb5a8b5d9a6ad4ec71b2866a897478c50ac25e466cf2ebb31972b3,site_fold_3,0.5649182201159799,0.8109026069120804,0.9215209994859581,0.9747940734416741,0.9779530281846277,0.9540645211151562,0.964805578310356,0.8941231116950887,0.9384795728318842
seoul_flood_2023_00101,1,2023,2022,cde4ea100a86579780194fd2a9211067fff3ec841acaf671446c7e1a10100140,site_fold_4,0.5311746089337929,0.6732022397084239,0.6696909310752422,0.9699532901531631,0.8311958596342262,0.9788222704560732,0.8233418859449252,0.9084746293376191,0.7201573168843824
seoul_flood_2023_00244,1,2023,2022,45eade17eef3d54e8ae3d65c6c2fe09751b2504861f44169da0daab75d8028e3,site_fold_0,0.1794639054883394,0.1821236028346949,0.1910269845216227,0.37036622682693776,0.48611405164690213,0.38523803380020916,0.28420016323836955,0.47277278512211574,0.353891568978038
seoul_flood_2024_00041,1,2024,2023,437d4e1375e418c1898eaf0ae2743a3a3897e3504fcb93ac4cb1d44ca1794e2d,site_fold_4,0.44393117386788966,0.42890273609714485,0.6114127731792227,0.6594347337663391,0.8955524269226474,0.7425279784708415,0.9116055215084434,0.4578113292360398,0.7530307044998443
seoul_flood_2024_00007,1,2024,2023,bb4ef8ec9e43272a080f1429baad8954fb44bfba666cbe0407e5a401a7cbe57c,site_fold_4,0.46930301416142844,0.5322393524016635,0.5593186843973272,0.865651105567906,0.9324587363600716,0.8430617659794957,0.9109229345181585,0.5945075301802393,0.7601356001953447
seoul_flood_2024_00061,1,2024,2023,fcc88c7839e8fbf3b46125b0962e2d83e51fa121fb2ad474578c0205a69158a3,site_fold_4,0.5826103398094105,0.783874391763461,0.7921197740850243,0.9268472353322146,0.9290279858263981,0.934369640392187,0.9264932523589106,0.8805982641594495,0.9156760204757757
seoul_flood_2024_00043,1,2024,2023,123bf2caaf4935a556e8202150c1fa202134ea1b2f1300bbcd7d8c0eaeec8db2,site_fold_2,0.6093535563625259,0.6986651855548467,0.6074775195165625,0.9975188711172192,0.9954386055812392,0.9933355710598573,0.9875234131035445,0.9845278064117853,0.94517171205991
seoul_flood_2024_00008,1,2024,2023,f81340838ca8d98e7a73bb0e3af78d74d80c528b295742e4fb99440aaed665fe,site_fold_3,0.24520146935422935,0.05811748646173033,0.09874536271917583,0.8276469237773069,0.37407778281178655,0.8278121367864286,0.384764163804258,0.792638059608731,0.2762882209787399
seoul_flood_2024_00062,1,2024,2023,2936fe9484566290154a4a78f1271b029cc6c88fdef60a4f432e5bf00e8a5520,site_fold_2,0.5974033869965196,0.4102127721718682,0.5988943640005865,0.8667636493245267,0.7531595469312968,0.8412861268378876,0.7158290422211316,0.8641303065499064,0.8658583747024761
seoul_flood_2024_00044,1,2024,2023,a740d451ba6b1561554cb9fcec4fafe896119054b664fa3843f905be77b05322,site_fold_1,0.4601644633756137,0.6822622507623946,0.7292952044271445,0.9076899723448434,0.9543012636192038,0.9327241921143726,0.9488676214715608,0.9570531456524963,0.9755214704347308
seoul_flood_2024_00009,1,2024,2023,e511340b55220ca5cd74855047a854ce0e58734aaa0e70dd27409a906657097c,site_fold_4,0.4660949030208814,0.243111306845277,0.41741266660977006,0.67947854215639,0.5966832253375042,0.8748925266903477,0.7712059459248205,0.8979249705115513,0.8490971082848063
seoul_flood_2024_00046,1,2024,2023,29c21a43454c116be3b275e72bea1085c7e3a46b402c40cbecd77815d561a6c4,site_fold_2,0.4406961302737795,0.7395604171139448,0.6771048522355285,0.2788463229040778,0.19093934031306148,0.18821992545437788,0.24802660306657565,0.08339813410839265,0.06292325331798886
seoul_flood_2024_00010,1,2024,2023,00796b29fe88d57e702ccb4f39268f140294a0ccce5940d0e9de2cd48648f6e3,site_fold_2,0.4393141487653403,0.3328828980254467,0.37045794023998085,0.2837657806033506,0.21620868759122694,0.41767363024499116,0.2049198806496679,0.4508952318315165,0.4268130627468811
seoul_flood_2024_00048,1,2024,2023,7202cf9a0478f75db97858316a56aae958a1fe3a3a300fdd8c9f15c8d98b8795,site_fold_4,0.5025533625066946,0.8903060830183056,0.848652417475317,0.9947492122717027,0.9987930766476123,0.9918481894617601,0.997449759404206,0.9299975676569538,0.9520729379476239
seoul_flood_2024_00011,1,2024,2023,ffbf9e54cd41025956746859bd5ec126cd181dc76ec068864b593b2c72ce3cfa,site_fold_3,0.265739074326248,0.3353716001329792,0.3409991135555803,0.44878288015776907,0.4333664058209193,0.45928205127270066,0.501268206324375,0.6657713079828459,0.5835825662358685
seoul_flood_2024_00055,1,2024,2023,b73912d269b006bf961cd5418321dbc3a3ddd9e0782ae7fc2e87b7201c11b4b3,site_fold_4,0.5394442549232406,0.6628744396898671,0.6420982188833213,0.593557720298308,0.8148791758693164,0.3832666863586908,0.7551823370636649,0.6918716826841381,0.8556799763216718
seoul_flood_2024_00012,1,2024,2023,80a618b88b8e6324b97cbe64c342ff6711e3161d146da345ab6070b95880e439,site_fold_3,0.6610906434593582,0.6699376230056943,0.595487561799484,0.7599914365147608,0.5079704210015172,0.7345349830834543,0.49662277060906934,0.9398392885694117,0.7825024332238537
seoul_flood_2024_00063,1,2024,2023,bd1b8d0105f1dc87aa3d99df0e4cec2c47adbd7400d6c185bd25421ba23dde1e,site_fold_0,0.6040104344676032,0.8233671369796295,0.8180714855569486,0.9581307114890101,0.5404800790513139,0.9497435853634779,0.36753169520827467,0.7701569990263265,0.3105562025757685
seoul_flood_2024_00013,1,2024,2023,757a23417a3e32f5178c71d73aa0af81284864b4cea9764741e4edab5aa5daef,site_fold_0,0.5195906524918774,0.1321679577999926,0.5243126894119349,0.005808328586917662,0.0037396780542248826,0.007997030880717603,0.006080794701315321,0.013567190046185196,0.007823353152527456
seoul_flood_2024_00067,1,2024,2023,948d2d09df15eb7f7191ace14981ba5c0ab110c09fcefb90834aab93c7c078bd,site_fold_4,0.5704643721418884,0.5135598033851677,0.5249301110919408,0.7056033673208415,0.6283898895509468,0.5370876871378361,0.4826787315878527,0.825899980864167,0.7883417653143622
seoul_flood_2024_00014,1,2024,2023,9d2e0e628256e0e8794e82426aa235d02ec76a3dc6aad4e9ac3c5a814f9829d1,site_fold_0,0.5518073084175391,0.49862772393890326,0.6509874254609729,0.24218410792426046,0.22972931392050502,0.18191518606369506,0.17970707613752032,0.2673490227504359,0.059112557162490344
seoul_flood_2024_00068,1,2024,2023,0cd3a852ecf4dc5dfeeccb70c7c7c9ef166021c2b5eab3853b7473d5589777a4,site_fold_2,0.5732415928359618,0.7639605804765932,0.6940314762671794,0.6858415539234135,0.570727823973042,0.542428882516899,0.5259557735496416,0.6767356000447813,0.6801286509685326
seoul_flood_2024_00015,1,2024,2023,971f5541f6195b192b925d8efefffbeca88d01c4a9f0a60d74dde196ee0c86d1,site_fold_0,0.6518324283297668,0.829528114338293,0.7888691721881714,0.9758240457603884,0.6677733246698466,0.9715941899133745,0.6663863181998216,0.9652334967244725,0.5367603830512429
seoul_flood_2024_00069,1,2024,2023,7ab3d273ca7380c8698814a0811a1fe680f9d78ab49ee0d92911a4c107de8238,site_fold_3,0.609465215737622,0.8175186726910876,0.7702790701906619,0.9617010899222004,0.8878923648492493,0.9617473845956874,0.8954201524371737,0.967257871357143,0.9404178171125388
seoul_flood_2024_00016,1,2024,2023,e3e50f5e44035dce95e5b6d8138e134698d49eee758b5eec26535a51bde85df7,site_fold_0,0.511663659399852,0.4639620233008078,0.3075903123805072,0.7267335908016201,0.8523679979828916,0.9194526831707752,0.9011970987964637,0.27952957283172036,0.20803540018435285
seoul_flood_2024_00070,1,2024,2023,e803b0ddd0c957cf8b860f04d63d206bc58c4a7e216618b57c60191c479923d1,site_fold_0,0.5892747127037378,0.7314810587657234,0.6887463557863195,0.7935615457009753,0.7959806059256292,0.7479660158824738,0.7659017972151985,0.88941032280227,0.7945169149860841
seoul_flood_2024_00017,1,2024,2023,70760aecf195bae192f5baf7428743d230db64ee9aa273bad54777a29fa61d56,site_fold_0,0.5599264314428876,0.6903151067973967,0.7365688553589679,0.9988774947942608,0.9974673460576111,0.99841125091616,0.9958521793878263,0.9982086536909675,0.9974406125680498
seoul_flood_2024_00093,1,2024,2023,63766b2550ac2953f858ddfec3231520fd87d6dfca7d9e0ac9c396ec7684e38b,site_fold_0,0.652753698359519,0.8721104784146407,0.8323230290475531,0.990003160023392,0.992838598927551,0.9937503472779677,0.9955044419578952,0.9818615183642573,0.9809967561570253
seoul_flood_2024_00018,1,2024,2023,3693df7f5d8484c40a64e5edfe29168feaab0a3d8ad2d5ef780c0be6f0e46a79,site_fold_3,0.29711306269561505,0.1916475340019723,0.2009479713231865,0.9007884356954928,0.9110972789083149,0.8184302714678131,0.771754171980281,0.9419421203933911,0.821520463096629
seoul_flood_2024_00094,1,2024,2023,604a183e9f44726cdef3c553ac7408e85ae4b02ccd41506423055ce6ebe1b7d3,site_fold_4,0.6605621607085546,0.36376657316732475,0.3173276800756289,0.983778915960155,0.9993943205586847,0.9845869102128813,0.9998079642470823,0.8791053607607751,0.9976651599739177
seoul_flood_2024_00019,1,2024,2023,5a25b979c2422917f17db7df5dd87a2297c474a9b3d62c792bff7d427ea669bf,site_fold_0,0.6133588619732885,0.7956517803178333,0.8276341370794198,0.9921020011845727,0.9776531870363737,0.9897111208139647,0.9779580015950055,0.9813999364041115,0.9607803876287981
seoul_flood_2024_00096,1,2024,2023,79e0a2a000dd61aa37a52001d61342cb8a1c5d1e016976766fc295b4c94b56cc,site_fold_4,0.6264798007977725,0.5794375221179332,0.565265410829855,0.7452470424828503,0.8985577442761365,0.5190231491544275,0.8257596045315873,0.7438461101105326,0.9042833334032054
seoul_flood_2024_00020,1,2024,2023,13ddeac8fe6671414275b639d61a07e9c672c7476e5ccdf793402e7aaeb515d8,site_fold_1,0.601298752901456,0.8683748112654652,0.8707766268244492,0.9523826027186376,0.9070378679959041,0.9539368111235438,0.8901478069824982,0.9278044671111191,0.8756820099208124
seoul_flood_2024_00097,1,2024,2023,2f886984eaa4246f0d5b4af68316375d1b6bdd3583792bcce78bba0fee5cbef1,site_fold_0,0.6421540278376632,0.7122844581284407,0.72601888408175,0.9875307717601477,0.7822319962377139,0.9939449370306576,0.8788166900866718,0.898904604493768,0.619447071456088
seoul_flood_2024_00021,1,2024,2023,e124f13166523cb7b6c4c8e441002a9277718c2ebd4cbf13029b4f79c18ecc01,site_fold_1,0.6135604537548213,0.43348611404051784,0.5837047809278797,0.931538984130061,0.9315774466525507,0.9545683706966362,0.95109347329231,0.9000063075280764,0.8620542089830296
seoul_flood_2024_00098,1,2024,2023,02b5a35da5c0d1c7b55d751771925c966c8fa2149315a4ea571297a2e00589d4,site_fold_0,0.6481661027371436,0.6214441943738308,0.5013801286734815,0.9634191739080185,0.9680031068823665,0.9475839416170128,0.9603748177609178,0.9349915338293723,0.9406507574482577
seoul_flood_2024_00022,1,2024,2023,9273fd03db09618bb97fc47b4ab967ad480bfc45f45e026bbdb076e81845adc8,site_fold_3,0.5575034185847847,0.5772968083409631,0.5089077622055037,0.14884737555905628,0.09972199644290713,0.24784184074329282,0.19431795504031227,0.17470971198056032,0.1267157041201775
seoul_flood_2024_00099,1,2024,2023,28444bca6837218bf4d704ba4f93934ae8e92a43af99913e4cec692d5abd5c9f,site_fold_0,0.5703331794710585,0.057203253879001666,0.08335960589021764,0.0018744214277644938,0.0017342120328361376,0.0009166313780108537,0.0009705770857512969,0.005395311253874115,0.01022654430195346
seoul_flood_2024_00023,1,2024,2023,9632c60e0ed4c6223ae3b937ce22f1876fb6cdeb28c7f55bc33e2ce939b58e6d,site_fold_4,0.6080356946215643,0.8472540052048367,0.9215644227200857,0.9972907597964676,0.9933490924783134,0.9942316070297793,0.9848179586617524,0.9949893421224606,0.9859230598978039
seoul_flood_2024_00100,1,2024,2023,847fee03f196da88ca147fdf7626ad98f52286f7ea498dd829ca73fc6754a405,site_fold_4,0.633316037704812,0.7340411041363991,0.8786174770170826,0.9677108520623598,0.9687572337947739,0.9881420489016484,0.9846644419646396,0.9053991711642667,0.8882171225899409
seoul_flood_2024_00025,1,2024,2023,c819cede6995ea40f0f68f04316d2019be37ac994dd418a0cbdec1c843dea159,site_fold_1,0.4668872238969946,0.37895225746872246,0.3582291887908602,0.7896252875723857,0.6005815632461994,0.738470119103059,0.37291512186354864,0.7719049786158994,0.4923586885931235
seoul_flood_2024_00101,1,2024,2023,b29f3a9d05c34c68522b01fe2640595e685f4c88f5d8e969f08db1a8e186643c,site_fold_1,0.4138375709496404,0.8018239253814355,0.7169329038412663,0.9846086564897919,0.9770258476913484,0.9720551215649578,0.9754259719397796,0.9607918784839152,0.8748817501549292
seoul_flood_2024_00026,1,2024,2023,5601cfe0dafd37c847a7491e472fc4c99c05a8f729d671a071c556aa12d1cc69,site_fold_1,0.5114874567253577,0.8298697140338249,0.8142017210410081,0.9677795406638581,0.914089497298014,0.9773697050428587,0.9491990756355333,0.9479522886525449,0.8602616575878458
seoul_flood_2024_00102,1,2024,2023,77738368915709589f9285d3dbfbdc93e438bffdbe2b754c7ab44d8cbb4dac84,site_fold_0,0.6357628147571756,0.7817049480579474,0.7392936509968202,0.515678338766135,0.4713935717788257,0.5945442099203425,0.5282546599548114,0.5948409752986055,0.3697374327753626
seoul_flood_2024_00027,1,2024,2023,420e8c48ebc7ccbf83d2395b4da0611b4c8dc5279fe949942775ff2ccb1f5fee,site_fold_2,0.5146731832417161,0.4747084632006687,0.5366614912309968,0.9236657502538638,0.8918473567468754,0.8545719451184486,0.7047763442525341,0.8948607100100154,0.7040339604812101
seoul_flood_2024_00103,1,2024,2023,99026cbc6581e1dda7853aac956f2790cb89367aded1a3bc771ebbde0df131e3,site_fold_4,0.5863487722651,0.7060313974405713,0.5279191195471962,0.9892266233748884,0.9940215704395672,0.9715370170220898,0.9806760669045774,0.9926500200819992,0.9938831321205249
seoul_flood_2024_00028,1,2024,2023,4ba93dbfdb004cedc56f5c631fad8150f58d482ea512ef4108dc18ece34c55a6,site_fold_4,0.5702615246808066,0.9319402408660219,0.9515640438430831,0.9502297154822025,0.9783049362393904,0.9455324429945299,0.9879202153404205,0.8858615893134291,0.9563834960933397
seoul_flood_2024_00104,1,2024,2023,8d7f23048bda7bb098f76ccf0fe517f0812889d3669924c1d3df7a7c3beb466e,site_fold_2,0.5745611619054204,0.9254386460011393,0.8473125980118852,0.9992797898012931,0.9993309738972502,0.9985401402483247,0.9990532926489015,0.9888300822288553,0.9808052247359798
seoul_flood_2024_00029,1,2024,2023,3e44220d47bea9d8726118dbc011d3073c17208543dc34617d2426bd0b013376,site_fold_0,0.6107130138491463,0.8336484013382666,0.49772835520797126,0.9980455827536407,0.9940520082920447,0.9973125071652076,0.9868201390398661,0.9952229758707448,0.9808734462296366
seoul_flood_2024_00105,1,2024,2023,b070070fb490cb378ac75ab72a1cdec8f99ca298a47ea83535ff462f4218a566,site_fold_4,0.5888131619207256,0.9404248305829419,0.9599482702283948,0.9739444283474518,0.9870673219568976,0.9737924513196143,0.9855849277946295,0.9420102625179426,0.9687380328062813
seoul_flood_2024_00030,1,2024,2023,03119c1c5c1adcbae5fd24c55ada049a8f1452bfcfcd3e573fa9bebf91752bb0,site_fold_4,0.5983489345553329,0.5510073274441301,0.6189352863539465,0.9210173097829389,0.5736286772869844,0.9459442650711426,0.5026527951567321,0.9735267156727017,0.7459158809585053
seoul_flood_2024_00106,1,2024,2023,8a10ba040bee51a4dfb38952aa2bf48f827db9c60619fd3afaf104dd06491a34,site_fold_3,0.5230094002577107,0.5939170047347337,0.5194714196937255,0.9837565286873042,0.9415181963604904,0.9755853302400368,0.9112641078078656,0.9809618187750652,0.9502825246163971
seoul_flood_2024_00031,1,2024,2023,13147c272b4c57eb35511cf391e997f00dc7d10b3a1f309bf6f9a86e80bd6d98,site_fold_3,0.6210418014821341,0.6014685255067749,0.706919311724618,0.9965275215151445,0.9975128549525161,0.9956493826773276,0.9946020416708478,0.9714562625580435,0.9721635629650797
seoul_flood_2024_00107,1,2024,2023,168cd363d196b4cea35e3fbd5c31a32fe30f602e59fd2e486239d28906f9d02d,site_fold_0,0.5998336790795072,0.8224322262606254,0.6449295172868877,0.9068812611597826,0.9129149523848535,0.7372199744400542,0.6562604173054754,0.794331256903113,0.7600922509132371
seoul_flood_2024_00032,1,2024,2023,580ebce2e64ba8e209c7b1cebf7178a8945d8200b9c28e17ef913090e1016c84,site_fold_1,0.41488007573580066,0.3978146456949283,0.5692103416797102,0.9409678560372013,0.9212484768385562,0.9343723196258744,0.8725167947907636,0.9626829714618549,0.9476710486419645
seoul_flood_2024_00108,1,2024,2023,642d2d7d6191dca8abc1ab275b94fdac98c447af754257111014110d2816b94b,site_fold_1,0.40361034131112417,0.5598813832604419,0.5301034156186784,0.9020230263265084,0.9713413953129982,0.914583053141857,0.9678347307459959,0.939257113123759,0.9743721919527388
seoul_flood_2024_00033,1,2024,2023,825340dcf23951f2d8e47a605ed2e1b965b6967c54812a042734b3eda4bc5c96,site_fold_3,0.10595975433496069,0.8188802949234221,0.8753247809711522,0.8390905690897772,0.8005088069543971,0.8876896625905253,0.8363172682226002,0.8741998223917153,0.8550579258003953
seoul_flood_2024_00109,1,2024,2023,1a5ac1cf0c6d290a58dd20ffa384cfc5a1c391aa45217ea6646abf4d6d3cd048,site_fold_2,0.5952152990206216,0.7500944393102786,0.6941060909953425,0.9979887679630982,0.9977079751977335,0.9983171039889664,0.9962696392452242,0.9812970061645354,0.9828889935559257
seoul_flood_2024_00034,1,2024,2023,e5b6ce851537198eb60726302c43334dbe511f11228c46cc6fe4387bcb048678,site_fold_1,0.7620293380596115,0.610692853919804,0.652665966896813,0.7289556369424512,0.816932866804593,0.7838175814639391,0.8535949100844166,0.8917324525086943,0.8446721153431868
seoul_flood_2024_00110,1,2024,2023,e06015435d8e64d0e545abf7950cc1a141c6e072d8a8bc68d033a5d44da502c7,site_fold_3,0.5717917607688817,0.7281518973744806,0.5840942077813058,0.9851745994272703,0.9672148888268542,0.905049586703447,0.6775345125512605,0.8504924951473385,0.7380206839790715
seoul_flood_2024_00038,1,2024,2023,38da3f8f9cf16edf6f767e063dbcce4cd45bf9964614ea38636c127bfd87bf07,site_fold_4,0.4525732759010013,0.6803330805816401,0.6858258284139149,0.9544142243785959,0.6614397104017932,0.9213966381659012,0.5282255961667846,0.9402997101658473,0.5527939826448243
seoul_flood_2024_00111,1,2024,2023,39bb7133a5a101fdedcd7174962b3f0100428b3745479f0cd22475a6ec2e451e,site_fold_3,0.5541764525850297,0.8754431543045555,0.8185791861861829,0.9998017482851049,0.999093194217162,0.9997962990886129,0.998425464984935,0.998010271335199,0.9929060790991301
seoul_flood_2024_00039,1,2024,2023,83e08aa3e97db1d52d86474b863a153e2cc9377b044e7cac80a279df233b1119,site_fold_3,0.45111331226137114,0.5609038094074899,0.6415825457194345,0.5769194247040955,0.39003449369303805,0.6238186349846465,0.49028482994992,0.6057615534940345,0.5589012344975791
seoul_flood_2024_00112,1,2024,2023,976afaf01c54fedf9ff44d35ddf4ab9dd2ec59cd6f6522f18ed8ec0bb0a0420f,site_fold_2,0.636500669686978,0.16503080618014834,0.10514493983039101,0.9517706947164182,0.840786677816192,0.9982823780968276,0.9808568139596467,0.9765687773861977,0.9073051770276122
seoul_flood_2024_00040,1,2024,2023,571c211904d10956955b5efb4fa653d8e5f9f7eb62867184c400a15c68241389,site_fold_1,0.6547427650987578,0.5020539091895141,0.7311062545949,0.9593837852801049,0.9991928301096521,0.9096590017774481,0.9974934554799063,0.8851882953400548,0.9959279591445663
seoul_flood_2024_00113,1,2024,2023,fbcf72bad940a495b5c781c0dacec95037e2444e074e00b823baaff2a70a2897,site_fold_0,0.6400940941451289,0.6498012581180356,0.5605028254877474,0.01695420552963636,0.5679158382457399,0.017404517392970727,0.6899864279241111,0.00159107330471692,0.0873406934552578
seoul_flood_2024_00047,1,2024,2023,17f667ebdcf62fddc91ad9b0250bb9b2adc97cb183d86891c48fee18be6e5cef,site_fold_0,0.46195307578822453,0.39589844541255337,0.3480420962154103,0.027222227822502193,0.09890748140381896,0.014631976731596712,0.08959788091748808,0.08199930863252,0.23408036026585438
seoul_flood_2024_00114,1,2024,2023,6aed3ebb380da99b9ee22cdafb43ad80499c1bff6c3499d470dc7ee07d89c849,site_fold_3,0.45852155422550467,0.19609694692576263,0.19303267524239678,0.735203408451303,0.8193703125266771,0.6399458726366111,0.6347934309004475,0.9071275057898294,0.9833345667730458
seoul_flood_2024_00050,1,2024,2023,45e0d39429832b452a4c887bb71b185d61412763fa2b471282d7f26b4d5b2a6d,site_fold_4,0.5154998595693485,0.3808753735635143,0.26956762995282546,0.5989675100921682,0.9435307567476102,0.32411845118393723,0.9393752716179771,0.48329653114062504,0.6111087952267719
seoul_flood_2024_00115,1,2024,2023,7738cfb0acdc52887fd9690f1d5b486d23901783ababf94e5884b74aebb7b7a6,site_fold_2,0.4311303104282805,0.5281515547278729,0.4957119347374738,0.9561053435679207,0.9459355625878432,0.8937865908731161,0.8882396346854974,0.8826937688991328,0.8914367734747997
seoul_flood_2024_00066,1,2024,2023,3249f0c73043197204ff8e0eb2de32de25359d1a88ab3e65135ed05df3e17632,site_fold_4,0.6563473487254429,0.6660204120878899,0.5651123833925971,0.9326362923231252,0.8921655841119517,0.8913615843065534,0.8551264329210465,0.9267204803623904,0.8560548288138412
seoul_flood_2024_00116,1,2024,2023,7d0ace58f1bf6a48eed8c62e46a71a458d0fecfa8f511947d46a0167e6837f9c,site_fold_1,0.46480464525257714,0.12299755333648746,0.11724136801540436,0.6335782797599244,0.5755854882426925,0.7858651875688222,0.5650092973364322,0.8558674503954797,0.49735628929237563
seoul_flood_2024_00073,1,2024,2023,287234d601433e40a271d9ddd26ead9f9308af2b1677c85e3834012d64e6e7d2,site_fold_0,0.590768318506485,0.4896418005743613,0.4149946415213963,0.12471289032210715,0.017216815469008852,0.12746812160837367,0.01640496422919434,0.04818680811464292,0.013290730419492837
seoul_flood_2024_00117,1,2024,2023,96bfd72b61bf954f2785d404c928759454d7b17f1b9112b500e5bef0de66965f,site_fold_3,0.44312123656776414,0.8949096994914928,0.8775707144182483,0.97391648669237,0.9709075204576694,0.9260123574462714,0.9393579265630551,0.9228618541258558,0.9095769228863727
seoul_flood_2024_00085,1,2024,2023,3becba3274152e21c153ada0da15bb1d8f5a0a5aa386ebae6fe6064d468e125d,site_fold_0,0.5844168621953547,0.5706593334186907,0.6025950047024813,0.999737045325244,0.9996689495313598,0.9994841766940414,0.9990865731729177,0.997617727260368,0.9963805405615502
seoul_flood_2024_00118,1,2024,2023,08e8ba1a5228798be26cec1295ab372eef931328d892df9a0a6f83f388090f1f,site_fold_0,0.5378529394037893,0.6553146980851893,0.7290561975846985,0.8630189303385446,0.9413958620585751,0.8697606192256061,0.966375923034718,0.9494643723718786,0.9668412539987101
seoul_flood_2024_00087,1,2024,2023,038885154917f49461b2bd823ed84f168eb6f07b4247e762aa3785177bf2f1a8,site_fold_3,0.3900565447731571,0.6571431897288355,0.5677153352583933,0.9717632728611947,0.8675477664974455,0.9378564694155636,0.8166887370085925,0.9801751862121398,0.8852600322713557
seoul_flood_2024_00090,1,2024,2023,e2021107777c58ae4753e65b214bcf759eb5dade508d589c0faa3ecf220f7db4,site_fold_3,0.5063820473727442,0.5007838652173424,0.5305861336541322,0.9984848727872291,0.9962838012012235,0.9961344700878686,0.9899218362023331,0.9968178843170302,0.99367677533305
seoul_flood_2024_00092,1,2024,2023,9a1836775b51d543b83e763701479475aa2241ddd6420af60260e1c2994536b2,site_fold_4,0.5841746680843101,0.7927909933645181,0.8934573302068061,0.9674082042253199,0.8104417729913828,0.9777824389554478,0.807555280818165,0.8999544118551767,0.7845848306111828
seoul_flood_2024_00095,1,2024,2023,5609876fb475b5f8749245964924f472f2921b55d27942248654e089174fcb3d,site_fold_2,0.6321293923015874,0.7703550690833707,0.6508961116255,0.8814135019982409,0.8717600738147678,0.8199036866664822,0.8024640745198953,0.8064399822011339,0.8002493981066122
bg_2018_0033,0,2018,2017,21e62fc153d7c067a581956f9285d808728d0fbcc3f743972121ab385b7f240d,site_fold_1,0.45208519122612817,0.18309614474662658,0.07984793708647368,0.07110692773821739,0.3491727189938256,0.08551227082473316,0.43426685319431013,0.08768493311473398,0.1091006112090137
bg_2018_0037,0,2018,2017,ec12ead14120d4fd24d16cabbbd241eb1d0fe9c16ad943805a4312845283d462,site_fold_2,0.41226596815643046,0.16808324571735508,0.1438547610441876,0.0032519239524139067,0.0642548971858774,0.005556434664425731,0.06287823679168382,0.00340876110443804,0.03342949382237046
bg_2018_0041,0,2018,2017,2fd1ce506e821d00b2c7dc4f3c74578abf6a9aa737fc9b17501c9a890c7b32f4,site_fold_0,0.6489712440578003,0.6719200120967336,0.6329583105241816,0.04425042530962007,0.051085982551383795,0.05780949337687274,0.06704354968038834,0.22120580578691645,0.1019418915633018
bg_2018_0045,0,2018,2017,5abac985a6deaa808eecb6a2742d5a724388c8f6c7ad871704b78b4066e386dc,site_fold_0,0.37377680119227075,0.5487044301818232,0.5966338299425041,0.007800996367935629,0.08876153631386509,0.006435709771684738,0.08154321561791152,0.00644244337365434,0.015273196577636016
bg_2018_0049,0,2018,2017,1a44f043ff970d264d22e596a5e8bcb7dd2eeaed1035fc9b3d7de0c36349a6e3,site_fold_2,0.43250809017048,0.1455159761496057,0.31215486016371186,0.39719444716429986,0.19454094899876181,0.38042973911878886,0.21501824951213083,0.2934895581840329,0.20456606761058693
bg_2018_0051,0,2018,2017,748d2b899e4eb3beab4800bc94e8ff516e34ed0db3aef051813bec260a8670ce,site_fold_2,0.3622896021227159,0.1708612453270541,0.10895451282143992,0.14464119254519678,0.027445545919563163,0.047784076758026844,0.02166661305690291,0.033332427153255205,0.009497041839391438
bg_2018_0052,0,2018,2017,dcd99ae5f275a0be2458b09742536127a22d13b902bd53e5ac740a04f46f77f3,site_fold_0,0.5572785738419757,0.3287947584562226,0.4495718865980062,0.023231418574561215,0.014873841748712683,0.01584297254152098,0.013940160492069576,0.07279119626987154,0.1825599201080589
bg_2018_0054,0,2018,2017,8b97daeee954f5cf8ce99941964f6b69aafbd08ff670db5383f686bb16668c44,site_fold_4,0.5795249193563995,0.13986306598302034,0.034316991040448774,0.008475256337517775,0.021067922350566468,0.0008471288991911665,0.001845488302694808,0.017736905526204983,0.026365423799645626
bg_2018_0056,0,2018,2017,dc2c073fab33fa44d4232f769c5e6003d6870f75c7967861a7b52e38d7c69572,site_fold_2,0.5012731995385217,0.042205062857851645,0.01182849515390544,0.9634528433887782,0.3113484484501888,0.9862447476212889,0.4605279084102649,0.9165423904859514,0.6760018408156411
bg_2018_0058,0,2018,2017,203ddd064d80fc0d4e7bff11a0776d9e93419a3a6037aa9adc2c7505290a1813,site_fold_1,0.4972166844819738,0.004962576050480986,0.011826166249522463,0.15780557074322416,0.042803809065153145,0.32273024302165093,0.044158231423969206,0.8866870605979155,0.5297985948365146
bg_2018_0059,0,2018,2017,f9a9ec68c6f1d2a1231e5e83d38745b60d61290ff74ac936aa8f0683822eb8eb,site_fold_3,0.06687418007830159,0.7026076996256454,0.8530100851754618,0.07995835447564575,0.024553185204118158,0.3392254692196101,0.06630996656446639,0.1659127636974584,0.04427817675019256
bg_2018_0064,0,2018,2017,7cf777b87c15c35cb12a26b7d8ad0f56654c2b75b6447578107c0cef8bdd2e29,site_fold_0,0.4930682423011726,0.6719162959221869,0.3559562828096502,0.5205280721156226,0.290653140407488,0.20915658299530912,0.14104759330166028,0.7055744460430559,0.4467535140748548
bg_2018_0066,0,2018,2017,a5a2dc9c1dbe6d7af6f51645bd09cb467e8f7c186eb7d91b2a155cea8ae622ed,site_fold_4,0.4710449706259174,0.2748466736422265,0.10066211251551836,0.00043154840463394405,0.0019987670470319567,0.0005590419483794672,0.00094791503880034,0.00152417366900585,0.007079853383056633
bg_2018_0067,0,2018,2017,b687a30ed837278ff4dadcfdef30f40b2986a06c7c79ed57693b3e6b2b1a9d33,site_fold_4,0.5213373859460493,0.5349483022280621,0.462695790315901,0.5231229226181648,0.934431660765832,0.6235926952375394,0.9539421445965984,0.47198252830605025,0.8838420861759012
bg_2018_0069,0,2018,2017,19b54b72bdde6c4bd3cbe2546f3414a4ff56cd60d6a2bcdf3d6f1f199e8b9a7a,site_fold_3,0.5107447001341973,0.2019945852587073,0.36842166344147964,0.006097876669051355,2.2402795271523924e-05,0.02303213201425198,0.00015344463447966407,0.02605392283555981,0.000307195856382007
bg_2018_0071,0,2018,2017,48da3e414015f3351b42e87e9218a6ceaedce537a926ba13d8759590bdad9d81,site_fold_4,0.4381907028360465,0.44369934328116456,0.20720624323532774,0.3050860784339867,0.555548297545712,0.24349642429074347,0.4665117280789597,0.3174307824015009,0.5215693675752837
bg_2018_0072,0,2018,2017,ea2e9240baa8efb8641cef5f652b1f430fd03b8bb6bdcae03cd85c7be7d79e6c,site_fold_1,0.6457340266969314,0.4338665657916485,0.357549970187352,0.018189113845115963,0.054142265836794747,0.026682904833326623,0.044604099163678246,0.020100903478505662,0.03531252441029136
bg_2018_0073,0,2018,2017,eb67dc3c4a6302c161ea7c937485d56e520ac962c08ed97fcd8cb6d32e101eed,site_fold_0,0.6006019072123508,0.3496663739474589,0.13048659447159422,0.024043090933177875,0.0057028881255541935,0.006372373039490085,0.0008377225457688436,0.012704222708197538,0.005346180994382896
bg_2018_0074,0,2018,2017,0661378a425c8a66c4aa539a6016f77d94444565f19a404c200d8da71d881e6f,site_fold_4,0.5222865561662363,0.5811599608410706,0.7098852220493449,0.0016033001451438822,0.004706776666663744,0.011093990489545211,0.008763303235026275,0.0218555201461593,0.016890810186302042
bg_2018_0075,0,2018,2017,c1f90f1983b063e2d466b9b1bebe90d7fc37a3d7d52615c416a054934dc3850f,site_fold_4,0.5918221504660673,0.5714646686019548,0.6799532434840379,0.040007726651408754,0.02864353100250024,0.04902595972508854,0.042287165986455,0.040524972264657996,0.057702098317995
bg_2018_0076,0,2018,2017,b0bb5e94bbb58bef0707986a0b214f4618e10f100ec3660f7f792c139b83b7bf,site_fold_2,0.34301052675695237,0.639012030307783,0.7520702984946013,0.0039362923027132565,0.003954634566202097,0.004413598269931029,0.005698845692111782,0.003260483627202283,0.0020334721873420058
bg_2018_0080,0,2018,2017,e647221675ed4239c7ecfb607d39fbe04e5956323af3be0aa98f0d64ac923420,site_fold_0,0.502767134031862,0.3455347903789112,0.3701237697236495,0.00014845496312302723,0.006630242386977329,0.0010535841959705258,0.038712105299332035,0.000201527311786599,0.031236059367086434
bg_2018_0082,0,2018,2017,5535d9eaa37e4d1a7b852f0870d6bc9cf8d44c2c849c46b6e3bc123aea922f98,site_fold_1,0.6436205665753442,0.9340456965021958,0.9937098852017796,0.0022674064138779905,0.006812472415956432,0.014279653142818743,0.014135751628563776,0.001709396501091458,0.0037025421033167376
bg_2018_0086,0,2018,2017,2f8d0c0da0be361972dcf84753d6a3e08b6dad88a520b7d1a92b86f9b38320ac,site_fold_0,0.3998769534440808,0.08236817023615546,0.061648943306659494,0.00037451116956778994,0.001062975657641195,0.0009553504180585447,0.002585167537605692,0.0037896031414917097,0.0012160599877949223
bg_2018_0089,0,2018,2017,30e0262a5079f27f544cfa11a50c2dac7696a1223e31b6a5743a25b88178f3f9,site_fold_1,0.6003330105502811,0.5142645044360274,0.24726917379525057,0.1537548405563689,0.20176855237857355,0.15877881538066782,0.12917249501574596,0.08591229187347686,0.12717555612498402
bg_2018_0090,0,2018,2017,0ea0ea06867904ade6f0cc97d06bcc3a15a536e081b0765ae05da45dd08c935e,site_fold_2,0.5337130001182547,0.3444469889435941,0.1977805451687314,0.3481351293395859,0.1429846714393748,0.3231717716830207,0.1241557783355691,0.17848273832335343,0.21734651538804461
bg_2018_0091,0,2018,2017,982618d21af830b045f8c249c93b9fe8c0ca46e8eef0f38a41b858d40f182133,site_fold_0,0.5746631342379304,0.5646445314245105,0.35363267490879347,0.533732276900844,0.20728205901022834,0.36736509613231305,0.07865487532795194,0.26674975735244144,0.057119182024117476
bg_2018_0092,0,2018,2017,1329ca34dd0aa22bba0143275ea656df9883ad433541073bcd4a263e3256d123,site_fold_3,0.6473714695393711,0.17762565217787968,0.12312232964097211,0.6398008372772546,0.7433611201010041,0.6870046919537132,0.8234010422956038,0.19192368386163225,0.3468615104575559
bg_2018_0093,0,2018,2017,39af272ed4011f905c7675ca8e5251a45ad8be334a928f57454f06824c57b67d,site_fold_2,0.526439364153875,0.4993794051982312,0.40169968134042094,0.24766053453773224,0.011743714898566422,0.16628582241834555,0.005586287927429157,0.21532669590385767,0.01147545519351699
bg_2018_0101,0,2018,2017,0e3e2e1f0d7500e89ab5386ac3395e82b86d098339e82b63a4f96b3de677403b,site_fold_1,0.2579510107152003,0.1204002075728411,0.10637939520414552,0.01337617427270948,0.10275768712023033,0.03225126763754868,0.10676392348966135,0.01839652712853242,0.03763009333647406
bg_2018_0103,0,2018,2017,094fe38ba748a64e5efdec7fb8286b4be6aadc362ada39934354d5551a5da3d0,site_fold_3,0.2293609226887425,0.16643009282463406,0.19084284285724468,0.0925787367281006,0.036304855741659314,0.159686863490276,0.0731720180492264,0.4990109089017008,0.28580730490585843
bg_2018_0105,0,2018,2017,5bb0f3030646a3eca15b3c715c0a2cc5c67d8a64036f4b26e788799479fcac9b,site_fold_1,0.5281594448984539,0.6009806286828646,0.6529064133431166,0.4831928941525539,0.8591985630416634,0.5507447737457847,0.861493944556206,0.46658169989693893,0.8785965580136429
bg_2018_0107,0,2018,2017,121ca7306a2ae0103033e3004279ef3e80366ab277effbd7df933cd44df93378,site_fold_1,0.556515734255434,0.6794206356198064,0.8368380362588157,0.07675234772624723,0.6436844836721752,0.09655889678983737,0.6123531521106957,0.2719960268629575,0.7830260616563491
bg_2018_0110,0,2018,2017,fe94a8a6361778f583248af09d52d2f8beaeed2c3a1047494990e54232abf263,site_fold_1,0.673768336007815,0.5412477877337253,0.410958813824366,0.7727934912471018,0.9501293611087992,0.6916323718556683,0.9080621109952544,0.7776792172865185,0.894080198687428
bg_2018_0113,0,2018,2017,574a670bce4623563698b796be6af8072c206bfd8806e5f36ff822a332eff57b,site_fold_1,0.33017285735033314,0.32891139982512757,0.269631111125335,0.768674335741989,0.6411250495954981,0.7684612459604536,0.8039418383628323,0.2326078441389978,0.12131990121564619
bg_2018_0115,0,2018,2017,48ba22de3d6960040834837c9f93bad7da1ff9aa12c70c28cf23329daa5556b9,site_fold_0,0.569283093716974,0.3826102525638662,0.254486364567987,0.7143323997421201,0.21876706896098208,0.7273925351867757,0.2981628529816314,0.26146362083440966,0.08309960043282821
bg_2018_0116,0,2018,2017,b89dc14cbabd117f4baa55fee005974d32ebb678421d282b6faf5919d4c5513d,site_fold_3,0.166801583319468,0.03123870914159176,0.009124320463025325,0.06406197210812839,0.09342693556160989,0.02872290464033435,0.03896150246269421,0.747317789643036,0.6024572030595353
bg_2018_0118,0,2018,2017,8e82547d47b9be467e201fcc7a5aecc54c71aded64e0ac980099b8678439acd8,site_fold_3,0.5781826334077107,0.30032350578456285,0.29326047618531836,0.0017753713505331212,0.004784739911680315,0.000919954453228676,0.005083625726770528,0.0031297862009904637,0.011226542447139507
bg_2018_0120,0,2018,2017,1cdab643d1b940b0693fcbf08e8a99e52473b61131de923eb8b284c32f00c4d4,site_fold_2,0.35421582218600356,0.13756703493285208,0.10995255093309546,0.3116549451928373,0.1708054703417482,0.1571413113162165,0.15467240555645864,0.05563234056275581,0.05752667257880115
bg_2018_0122,0,2018,2017,bf6cb7c3b436132579c4c247e107989902b49e1a3a297a787f54b840578a302e,site_fold_2,0.2626531390094749,0.0785701413736391,0.037429697073513915,0.011585967755978628,0.012631614234677038,0.011689917052449933,0.014385960831350075,0.003349222124879178,0.02580652687111884
bg_2018_0129,0,2018,2017,9d517f55ae5613be7e9c1f546afa3a8453196835262a2da69354022e181623af,site_fold_1,0.5787090412374567,0.6818819357453381,0.4555242640533424,0.5812883665600439,0.7386096506581221,0.630919844663204,0.703611338232156,0.5466395300410807,0.5204372480319681
bg_2018_0131,0,2018,2017,c70088b5f5ed553ac8d54c56b48c1be5b90a722246b8993e86f8ab252abee2b8,site_fold_4,0.581634469444963,0.8328746209686816,0.8690374581659702,0.9261326214809336,0.977360606484532,0.9825604510165147,0.9870778611830563,0.7836232262565663,0.8801594008815168
bg_2018_0133,0,2018,2017,f4be26be42aa63779b31705fdb787991f04b62cc376f4011ad45d4e46a90aadc,site_fold_2,0.6426904027850219,0.6008507942344569,0.7205303056157917,0.026245025290664022,0.030956108748898814,0.05429864847125055,0.026938752409570856,0.02120700099085068,0.008745229533104727
bg_2018_0137,0,2018,2017,b1c60d3479151c265d732f1691c8965b5045f9f996bc435e7cc5093bbabaa7ca,site_fold_4,0.4909217193462972,0.4643381107540384,0.38316978455941647,0.0009906206482915398,0.0004290820444263349,0.00253275982136089,0.0005976694023767271,0.0022637886211380157,0.001329366369069611
bg_2018_0140,0,2018,2017,25491912f96991025541d5f5da5a1ed06d902fbef16223d74ebe72a74b2706c0,site_fold_3,0.2238551957196062,0.27242259186371404,0.17093155429138604,0.5408894694743711,0.06599109697857584,0.5191783291015598,0.08938206280924993,0.48234818197041707,0.110104209333862
bg_2018_0142,0,2018,2017,27cf11d64439127707db65caff07bd9f503a61a6427d56ac8b3df0c792261c04,site_fold_1,0.4731205479181718,0.011712382692323355,0.03593986440731694,2.7652052312766522e-09,1.712552478527537e-08,2.5299523762978237e-08,1.1815602575657172e-07,0.02192968258794021,0.04300921321105065
bg_2018_0144,0,2018,2017,48a8d4b27be3f5a3d567610c033ac715c6277500103c9ec2d712f0b3bd427f0b,site_fold_0,0.39995493744181493,0.6565031801658012,0.4701733318018751,0.6696943557410666,0.7635608551659163,0.6605027614030331,0.7500488850599405,0.721705462558723,0.7867355576236963
bg_2018_0146,0,2018,2017,e889077796f75a8bf06a0218348506ff1aa58361a026a2158158d33545d8f8e8,site_fold_1,0.5806164175255073,0.7004766931509452,0.4527034889770171,0.18137127022197141,0.3045154024645188,0.14251660172988295,0.13119047401265144,0.13577191055417864,0.2906768455028905
bg_2018_0148,0,2018,2017,7e9ec81c8ea1517e7c97d3f130bd8da15eded8367199dea08912d7fec27678bc,site_fold_4,0.48628535701564124,0.7511582938822189,0.6360332031212861,0.2694166300774247,0.1407460882147978,0.31917214150279455,0.3096695651714166,0.22866587028573676,0.18813564314801412
bg_2018_0154,0,2018,2017,eaa88e45dc34bbc37c2c1c462247981c702e40fc4de264f8bfd709abb71da6d3,site_fold_3,0.10839149116297694,0.05401507352507597,0.0048707677294646985,0.2829734258903313,0.06587724309656086,0.13082494903669944,0.03332431302550747,0.23506114123937177,0.04422852496833063
bg_2018_0157,0,2018,2017,10931396412cd75603aea0d3abeeaa86eab99d3b921d1b092b41bbab3e6b3ef3,site_fold_1,0.6109734679562234,0.4153444385524491,0.34289062966687406,0.0006472285613086795,0.002019758864598619,0.001011874988813844,0.003332843762728354,0.0007861383879048725,0.002093531739989321
bg_2018_0161,0,2018,2017,d49b5fbc9ceb41ca0416f4cdb698a4166b7a68f5b61831b3c486481ab9266d59,site_fold_3,0.5364364661727936,0.6682134548273836,0.5004759061317082,0.791211343509971,0.9250421666364574,0.7597457946870781,0.908933394502333,0.7942221530919599,0.8310258277675812
bg_2018_0165,0,2018,2017,d2fe77c5494009de82c48b234cc00ce5e962100afef8729763eebcde1fdb3ee6,site_fold_4,0.5438422905707861,0.798799049485521,0.8024871810825079,0.004660135334541011,0.009089228509457405,0.006497476199141543,0.008374810501088967,0.0026429972689655935,0.0025771403384900575
bg_2018_0182,0,2018,2017,338e23f9b352e3105dbde6ef929db218b89c42bef0ff3192ba71868dc1c03e11,site_fold_4,0.3513356302422832,0.6887353936633263,0.5577139248930392,0.08866050249020066,0.6980558556224347,0.08931795936538789,0.691501696482448,0.2421462251791768,0.6979485078826311
bg_2018_0193,0,2018,2017,61dbfdd28521f9308c90c25b11338b8d4a84bcf61abdb389858a2ac8ee611700,site_fold_3,0.33204587182772793,0.1365354109913645,0.18346670828271217,0.39369257624670867,0.030217775994857744,0.5466951279643827,0.05077019567911508,0.49292571211785635,0.1298032453481666
bg_2018_0197,0,2018,2017,085eb8211e0d2e935d23d26841e01d26a6fd4d394c7185918f5965368be91c14,site_fold_4,0.5429468288012576,0.8117518610656184,0.911475610593394,0.8843344240716838,0.9753636173726647,0.9497033024076416,0.9925741071566286,0.6272198677616189,0.8683560574265863
bg_2018_0210,0,2018,2017,81ecec5ea53df338cb8dec8a3d93efdf89b240e40ceb46e53c9c62deeb7134ad,site_fold_0,0.5643072244359858,0.335116896945338,0.2700345592913816,0.2244923754371185,0.3572038636638506,0.12646106028857906,0.18439421933274827,0.4352079345910139,0.5269018729688958
bg_2018_0212,0,2018,2017,d62a426cec03061a92b4b16ff9276a42c85c45c9bef3ede5653bbbd82d16c4a6,site_fold_1,0.6641070627553893,0.553275842383424,0.1942993985477938,0.0008988841076816011,0.00016025919791408524,0.0006407348558105033,7.047136823227496e-05,0.0015201016093643047,0.00018669518749742938
bg_2018_0214,0,2018,2017,adcf989dc565c016087934f1ab4ba3b574fbe4b87d6ce6c4c0efac4ac2994595,site_fold_2,0.5056765688580791,0.7580137153059783,0.7661781766915706,0.9999957726387384,0.9999713860900261,0.9999969999078953,0.9999485262324226,0.9997706259852844,0.999677807443317
bg_2019_0033,0,2019,2018,21e62fc153d7c067a581956f9285d808728d0fbcc3f743972121ab385b7f240d,site_fold_1,0.45208519122612817,0.07054662718834018,0.15013515643542355,0.025448508728063042,0.316880742255663,0.026718119535093492,0.35039759917108915,0.0406388845715704,0.07398611179141693
bg_2019_0037,0,2019,2018,ec12ead14120d4fd24d16cabbbd241eb1d0fe9c16ad943805a4312845283d462,site_fold_2,0.41226596815643046,0.25137526820733014,0.1437646317497311,0.002725456185375044,0.010207786864240384,0.0035394978111573266,0.012486089961005585,0.0017191352042262606,0.009299907717575284
bg_2019_0041,0,2019,2018,2fd1ce506e821d00b2c7dc4f3c74578abf6a9aa737fc9b17501c9a890c7b32f4,site_fold_0,0.6489712440578003,0.7310690316469568,0.7001069276673291,0.0014272052698192789,0.014452528241256514,0.0008120239476894407,0.01031800778053497,0.004529075427268688,0.05800423117969544
bg_2019_0045,0,2019,2018,5abac985a6deaa808eecb6a2742d5a724388c8f6c7ad871704b78b4066e386dc,site_fold_0,0.37377680119227075,0.7325988203109149,0.4543172856229824,0.001660620715505435,0.01381065151231859,0.00039950068727282205,0.003684365868912508,0.0004932945858018765,0.003414321545544162
bg_2019_0049,0,2019,2018,1a44f043ff970d264d22e596a5e8bcb7dd2eeaed1035fc9b3d7de0c36349a6e3,site_fold_2,0.43250809017048,0.3193747484618222,0.18071782350300594,0.07934982935963342,0.4272929532027758,0.024804126493558013,0.24560626028303473,0.05171608823287047,0.2923251453434903
bg_2019_0051,0,2019,2018,748d2b899e4eb3beab4800bc94e8ff516e34ed0db3aef051813bec260a8670ce,site_fold_2,0.3622896021227159,0.1289096049693124,0.16696069625367196,0.024904441389415007,0.08421724041327813,0.017287939880358254,0.07613113290439888,0.01034585546264971,0.027087122533222433
bg_2019_0052,0,2019,2018,dcd99ae5f275a0be2458b09742536127a22d13b902bd53e5ac740a04f46f77f3,site_fold_0,0.5572785738419757,0.45345445781767196,0.32294880352579697,0.0031909865512855374,0.005145518338142255,0.0016734650915343028,0.005471470919200681,0.006667282344472626,0.017008743748024545
bg_2019_0054,0,2019,2018,8b97daeee954f5cf8ce99941964f6b69aafbd08ff670db5383f686bb16668c44,site_fold_4,0.5795249193563995,0.11025024923999446,0.11881889895547412,0.00018132628403550423,0.004721377417622381,0.00028028440488866703,0.004603257139895617,0.0009488321301960491,0.015792169018482835
bg_2019_0056,0,2019,2018,dc2c073fab33fa44d4232f769c5e6003d6870f75c7967861a7b52e38d7c69572,site_fold_2,0.5012731995385217,0.20553636742171613,0.022687887891114897,0.920323497064423,0.7457879823192719,0.9534791953277838,0.7078518549418357,0.9341061481861487,0.8370711928031072
bg_2019_0058,0,2019,2018,203ddd064d80fc0d4e7bff11a0776d9e93419a3a6037aa9adc2c7505290a1813,site_fold_1,0.4972166844819738,0.0059726612143257,0.021209593561752192,0.012327509445769817,0.14460895285947628,0.04978057637263526,0.32446388696621853,0.35288933804346106,0.802273764993177
bg_2019_0059,0,2019,2018,f9a9ec68c6f1d2a1231e5e83d38745b60d61290ff74ac936aa8f0683822eb8eb,site_fold_3,0.06687418007830159,0.7983143182569946,0.8148674929882271,0.013189736742160752,0.15365457263972054,0.038726409365805195,0.22243189343365707,0.020122561434759236,0.15469798964709383
bg_2019_0066,0,2019,2018,a5a2dc9c1dbe6d7af6f51645bd09cb467e8f7c186eb7d91b2a155cea8ae622ed,site_fold_4,0.4710449706259174,0.2949661399568111,0.30963934301494167,0.00015062535843667014,0.0018989016764380635,0.0008862742289871498,0.003159779154188172,0.0004581760226594003,0.0016387779480305118
bg_2019_0067,0,2019,2018,b687a30ed837278ff4dadcfdef30f40b2986a06c7c79ed57693b3e6b2b1a9d33,site_fold_4,0.5213373859460493,0.5368906033336013,0.49078365392027484,0.3829111623033476,0.9236939227798623,0.465903263073422,0.9235669352532317,0.3940355497451574,0.7570752558118983
bg_2019_0071,0,2019,2018,48da3e414015f3351b42e87e9218a6ceaedce537a926ba13d8759590bdad9d81,site_fold_4,0.4381907028360465,0.30409139098912114,0.3877291295237608,0.16307729653000805,0.14787885649179858,0.46007322672163686,0.34802049706945287,0.24417327618065696,0.29250029624776097
bg_2019_0072,0,2019,2018,ea2e9240baa8efb8641cef5f652b1f430fd03b8bb6bdcae03cd85c7be7d79e6c,site_fold_1,0.6457340266969314,0.489325097097576,0.39664542077109255,0.002037290742489801,0.015106294357174586,0.003325241109425767,0.01762724817340284,0.0018061797585551189,0.031230061146440218
bg_2019_0073,0,2019,2018,eb67dc3c4a6302c161ea7c937485d56e520ac962c08ed97fcd8cb6d32e101eed,site_fold_0,0.6006019072123508,0.41413090939110825,0.16453353975151278,0.010995835627851221,0.04574835944715442,0.0025956926360140857,0.008523701874570815,0.005413779815888042,0.011955895265474685
bg_2019_0074,0,2019,2018,0661378a425c8a66c4aa539a6016f77d94444565f19a404c200d8da71d881e6f,site_fold_4,0.5222865561662363,0.6611120385444076,0.7056314145767691,0.0003377885111447508,0.008628655096663709,0.001587485599918424,0.009589450233217384,0.0011573097832158694,0.028803531086278963
bg_2019_0076,0,2019,2018,b0bb5e94bbb58bef0707986a0b214f4618e10f100ec3660f7f792c139b83b7bf,site_fold_2,0.34301052675695237,0.7798937776086252,0.5621807912164221,0.0006549090897503406,0.001108478003926633,0.00087999274338366,0.0009711878376572184,0.0005567411326698534,0.00032784543996983346
bg_2019_0082,0,2019,2018,5535d9eaa37e4d1a7b852f0870d6bc9cf8d44c2c849c46b6e3bc123aea922f98,site_fold_1,0.6436205665753442,0.8614046347385593,0.9853363630821133,0.0009536716915972002,0.001174765937563893,0.005873985720823687,0.004552837111711664,0.00036409728919199063,0.0006230169983026211
bg_2019_0086,0,2019,2018,2f8d0c0da0be361972dcf84753d6a3e08b6dad88a520b7d1a92b86f9b38320ac,site_fold_0,0.3998769534440808,0.10289019680766018,0.11103633413172495,5.238178774669165e-06,0.00040953016116739303,8.375357918753263e-06,0.0009344812682815051,6.523378484755848e-05,0.00037336382446955094
bg_2019_0089,0,2019,2018,30e0262a5079f27f544cfa11a50c2dac7696a1223e31b6a5743a25b88178f3f9,site_fold_1,0.6003330105502811,0.6647867948076026,0.29527830246712183,0.01839188331679091,0.03520670996476532,0.012439337007670173,0.04189963004739016,0.00883844124497245,0.0247709193623185
bg_2019_0090,0,2019,2018,0ea0ea06867904ade6f0cc97d06bcc3a15a536e081b0765ae05da45dd08c935e,site_fold_2,0.5337130001182547,0.33860635108935555,0.2826626671858033,0.0896400752376309,0.0410128509080293,0.19139588656353537,0.09944101089887872,0.06862331536359333,0.07511464274367854
bg_2019_0091,0,2019,2018,982618d21af830b045f8c249c93b9fe8c0ca46e8eef0f38a41b858d40f182133,site_fold_0,0.5746631342379304,0.5785795821169711,0.4711434407985714,0.10706882503395904,0.350626151048509,0.10032766339800607,0.3130822335283838,0.026176993773891336,0.11744021461453684
bg_2019_0092,0,2019,2018,1329ca34dd0aa22bba0143275ea656df9883ad433541073bcd4a263e3256d123,site_fold_3,0.6473714695393711,0.3555827462837958,0.19702095648155266,0.3009989496171694,0.7819977629828885,0.1487746802184547,0.6289589853906348,0.0387467548305073,0.2593021773078927
bg_2019_0093,0,2019,2018,39af272ed4011f905c7675ca8e5251a45ad8be334a928f57454f06824c57b67d,site_fold_2,0.526439364153875,0.42568334021640014,0.5143255734626451,0.005751868041834802,0.023499929657636625,0.021466861583940795,0.08097647227523853,0.016580064349553583,0.04176144212018109
bg_2019_0101,0,2019,2018,0e3e2e1f0d7500e89ab5386ac3395e82b86d098339e82b63a4f96b3de677403b,site_fold_1,0.2579510107152003,0.1843734865561075,0.13325852788071574,0.009168293029818942,0.02355633763308867,0.0206424341662438,0.039922831940851125,0.012414490229930127,0.015117227426721771
bg_2019_0103,0,2019,2018,094fe38ba748a64e5efdec7fb8286b4be6aadc362ada39934354d5551a5da3d0,site_fold_3,0.2293609226887425,0.1667120221161603,0.20894192069583387,0.028023926935328715,0.02050181018262217,0.13747174328602238,0.12196886074809996,0.24183758691132845,0.35500046847723626
bg_2019_0105,0,2019,2018,5bb0f3030646a3eca15b3c715c0a2cc5c67d8a64036f4b26e788799479fcac9b,site_fold_1,0.5281594448984539,0.7055595545122524,0.5656396992098626,0.35742462099602623,0.6084865550355004,0.2110969536041286,0.4199117879958014,0.15308303091694284,0.5277160615193629
bg_2019_0107,0,2019,2018,121ca7306a2ae0103033e3004279ef3e80366ab277effbd7df933cd44df93378,site_fold_1,0.556515734255434,0.8159703801219375,0.6137062903258524,0.08937362950048791,0.042541556030327485,0.1221476075685432,0.049857983270486315,0.20063969025383002,0.15735647402676525
bg_2019_0110,0,2019,2018,fe94a8a6361778f583248af09d52d2f8beaeed2c3a1047494990e54232abf263,site_fold_1,0.673768336007815,0.6168441992593175,0.47458356908138744,0.6380830564790667,0.8342351360855197,0.5517947204428242,0.7967703682613413,0.5087102021317992,0.8190320023946677
bg_2019_0113,0,2019,2018,574a670bce4623563698b796be6af8072c206bfd8806e5f36ff822a332eff57b,site_fold_1,0.33017285735033314,0.20782757486818879,0.3487304888005465,0.2253523842733256,0.6063478369293731,0.4618692774031219,0.8972173848411125,0.028588422739824405,0.25545497003867773
bg_2019_0115,0,2019,2018,48ba22de3d6960040834837c9f93bad7da1ff9aa12c70c28cf23329daa5556b9,site_fold_0,0.569283093716974,0.41492170293947356,0.3216110873901776,0.0855218996463334,0.11612795767258337,0.08332048530992758,0.21952869050999343,0.025825952755356443,0.03243195204209324
bg_2019_0116,0,2019,2018,b89dc14cbabd117f4baa55fee005974d32ebb678421d282b6faf5919d4c5513d,site_fold_3,0.166801583319468,0.043585723135188714,0.055861038958365576,0.024405980218992426,0.10398774561381981,0.047900668922381734,0.2706591002426425,0.3989726329042371,0.754674887501264
bg_2019_0118,0,2019,2018,8e82547d47b9be467e201fcc7a5aecc54c71aded64e0ac980099b8678439acd8,site_fold_3,0.5781826334077107,0.3207985796861753,0.2631134599346221,0.0007929387833961782,0.0017261256877488078,0.0006347374483212934,0.0026641967695658886,0.001333567012764713,0.00575794701327846
bg_2019_0120,0,2019,2018,1cdab643d1b940b0693fcbf08e8a99e52473b61131de923eb8b284c32f00c4d4,site_fold_2,0.35421582218600356,0.1806903252569783,0.15924482837770815,0.13669695320814174,0.15001062918256877,0.15418433395646527,0.19490751868680595,0.021403686121535707,0.060637053986249675
bg_2019_0122,0,2019,2018,bf6cb7c3b436132579c4c247e107989902b49e1a3a297a787f54b840578a302e,site_fold_2,0.2626531390094749,0.11784439831502207,0.06110663424797734,0.0014078148031824395,0.0059048011348787795,0.0018764363732931995,0.013788667649297865,0.003643137558158269,0.00515340751880737
bg_2019_0124,0,2019,2018,74a593ab813090c62b6028480a668a3959fb4e059bcc73876ed08db88d30bda2,site_fold_2,0.1835858118733466,0.0008518085649778999,3.8785228126396444e-05,0.11937670893561622,0.4814384519213068,0.14389590366783384,0.1532618480996636,0.8599039842068346,0.9851535466054169
bg_2019_0129,0,2019,2018,9d517f55ae5613be7e9c1f546afa3a8453196835262a2da69354022e181623af,site_fold_1,0.5787090412374567,0.6744217792633911,0.59112141532861,0.39478548479032854,0.7566492387640288,0.35679759078691364,0.7055308431282014,0.2312396971655212,0.6641803499138498
bg_2019_0131,0,2019,2018,c70088b5f5ed553ac8d54c56b48c1be5b90a722246b8993e86f8ab252abee2b8,site_fold_4,0.581634469444963,0.8691128190127012,0.8923184904577245,0.67198020151584,0.9747526865777474,0.8846048580687842,0.9850971966170607,0.2835210050898392,0.9138301562178834
bg_2019_0137,0,2019,2018,b1c60d3479151c265d732f1691c8965b5045f9f996bc435e7cc5093bbabaa7ca,site_fold_4,0.4909217193462972,0.3543972418379607,0.3909711963428514,0.13319615603545043,0.0005236443615682218,0.0829600086438341,0.0009140506855114866,0.39774582009608467,0.0014853985944049991
bg_2019_0140,0,2019,2018,25491912f96991025541d5f5da5a1ed06d902fbef16223d74ebe72a74b2706c0,site_fold_3,0.2238551957196062,0.36145247693351057,0.2630439241426228,0.06024308929127909,0.2232157545010603,0.04155691533771288,0.21510851517649665,0.029896064639262622,0.2970209820429886
bg_2019_0142,0,2019,2018,27cf11d64439127707db65caff07bd9f503a61a6427d56ac8b3df0c792261c04,site_fold_1,0.4731205479181718,0.06192575405238264,0.05013515803442451,1.3929914745476678e-08,1.6481909809424346e-08,1.7710753548561763e-08,7.991169327474603e-08,0.006505183851537723,0.0053965822300050745
bg_2019_0144,0,2019,2018,48a8d4b27be3f5a3d567610c033ac715c6277500103c9ec2d712f0b3bd427f0b,site_fold_0,0.39995493744181493,0.7260243430039918,0.6172452219929758,0.20707826956331762,0.6350790904922613,0.16285086654534606,0.6866327207899864,0.20324868724966572,0.6934983371831025
bg_2019_0146,0,2019,2018,e889077796f75a8bf06a0218348506ff1aa58361a026a2158158d33545d8f8e8,site_fold_1,0.5806164175255073,0.7135121929705861,0.6465129494162678,0.0710010597089747,0.1777983025518461,0.11598854514412668,0.13585166324772802,0.06915507013065109,0.2264721599306188
bg_2019_0148,0,2019,2018,7e9ec81c8ea1517e7c97d3f130bd8da15eded8367199dea08912d7fec27678bc,site_fold_4,0.48628535701564124,0.8174618793114223,0.7033480808613456,0.04473234077326477,0.06520757754041301,0.07998521951689352,0.2110480775419838,0.034157746322225735,0.07956896610561186
bg_2019_0152,0,2019,2018,ce81223ed4abc36fdbbc236f8ffb7d0ee9ea969f12ac8750196c90345354cd48,site_fold_0,0.21492401169512737,0.0007001226560014295,4.797478845934601e-06,0.00030715957999242024,0.0004234960023366343,0.0003152999126962394,0.00020246803380794627,0.0010070263854538646,0.002238884893131945
bg_2019_0154,0,2019,2018,eaa88e45dc34bbc37c2c1c462247981c702e40fc4de264f8bfd709abb71da6d3,site_fold_3,0.10839149116297694,0.016382088784916968,0.014377815198910697,0.10015347202300987,0.1330725786568006,0.05624126820637001,0.07187766414946113,0.17324982245432458,0.12104259256951737
bg_2019_0157,0,2019,2018,10931396412cd75603aea0d3abeeaa86eab99d3b921d1b092b41bbab3e6b3ef3,site_fold_1,0.6109734679562234,0.4903979387787063,0.41881358332203256,0.0008094687086737905,0.002109003593282068,0.0005597638681980522,0.002103293808283604,0.00039928407309155697,0.002117855789842444
bg_2019_0161,0,2019,2018,d49b5fbc9ceb41ca0416f4cdb698a4166b7a68f5b61831b3c486481ab9266d59,site_fold_3,0.5364364661727936,0.7481507262481231,0.6903420872029499,0.6156097319120507,0.7123573439142575,0.7210154776710054,0.8194046717844367,0.5932354539810513,0.4253214730629976
bg_2019_0165,0,2019,2018,d2fe77c5494009de82c48b234cc00ce5e962100afef8729763eebcde1fdb3ee6,site_fold_4,0.5438422905707861,0.8288646903416298,0.7465124554944544,5.266164976265242e-05,0.0006587816318744336,0.0002257693333388014,0.0009771261493600036,7.871549439910421e-05,0.00040871660882735826
bg_2019_0182,0,2019,2018,338e23f9b352e3105dbde6ef929db218b89c42bef0ff3192ba71868dc1c03e11,site_fold_4,0.3513356302422832,0.7191209771081007,0.6691441914484612,0.0498043720373705,0.10853468403023392,0.05640094335608026,0.1453720799252269,0.06206412026950379,0.23791404746861025
bg_2019_0193,0,2019,2018,61dbfdd28521f9308c90c25b11338b8d4a84bcf61abdb389858a2ac8ee611700,site_fold_3,0.33204587182772793,0.1688612850272603,0.13845202083549069,0.01173583752194717,0.05013525199123231,0.016696745409564246,0.10943011430246961,0.023415089235987174,0.09911137024185934
bg_2019_0197,0,2019,2018,085eb8211e0d2e935d23d26841e01d26a6fd4d394c7185918f5965368be91c14,site_fold_4,0.5429468288012576,0.880282713818052,0.7910793446509248,0.9476501454041725,0.9593629199822553,0.8551790517583592,0.932144875033573,0.42889382773007956,0.7151006372626107
bg_2019_0210,0,2019,2018,81ecec5ea53df338cb8dec8a3d93efdf89b240e40ceb46e53c9c62deeb7134ad,site_fold_0,0.5643072244359858,0.2826610819511476,0.3788788704741297,0.03738948612259216,0.138299737778707,0.052597262344493335,0.19394951622175932,0.16440582438089882,0.22881048116911334
bg_2019_0212,0,2019,2018,d62a426cec03061a92b4b16ff9276a42c85c45c9bef3ede5653bbbd82d16c4a6,site_fold_1,0.6641070627553893,0.4531790718720468,0.46866779044678863,8.289960249146521e-05,0.00028849865050105107,0.00011707630724339441,0.000513082062560457,0.0002039570751436495,0.0005043176170543441
bg_2019_0214,0,2019,2018,adcf989dc565c016087934f1ab4ba3b574fbe4b87d6ce6c4c0efac4ac2994595,site_fold_2,0.5056765688580791,0.8139011487415964,0.6584879158901609,0.9997880416503567,0.9999930184509027,0.9996179351586739,0.9999826082520812,0.9952027791650412,0.9996453116083569
bg_2020_0033,0,2020,2019,21e62fc153d7c067a581956f9285d808728d0fbcc3f743972121ab385b7f240d,site_fold_1,0.45208519122612817,0.0860102640336478,0.07769721345260576,0.039493742029536025,0.44511344251561274,0.070653653948132,0.6306017436425754,0.10218498917297325,0.2269313488147706
bg_2020_0037,0,2020,2019,ec12ead14120d4fd24d16cabbbd241eb1d0fe9c16ad943805a4312845283d462,site_fold_2,0.41226596815643046,0.2647370191225556,0.22893915305130472,0.25998281193507605,0.25232687875520854,0.14790643244336854,0.08811249486566251,0.08560655357871351,0.02967041922181971
bg_2020_0041,0,2020,2019,2fd1ce506e821d00b2c7dc4f3c74578abf6a9aa737fc9b17501c9a890c7b32f4,site_fold_0,0.6489712440578003,0.6745389173573394,0.8042470538431494,0.015862437283522133,0.002833250033982406,0.028417188250672343,0.0038149542025031824,0.12688365092083972,0.00900638280529897
bg_2020_0045,0,2020,2019,5abac985a6deaa808eecb6a2742d5a724388c8f6c7ad871704b78b4066e386dc,site_fold_0,0.37377680119227075,0.6137416901040831,0.7600305017714591,0.048824961773476554,0.01623256492291353,0.05276379055662935,0.023201678619397325,0.022119002504238646,0.0055955352163928745
bg_2020_0049,0,2020,2019,1a44f043ff970d264d22e596a5e8bcb7dd2eeaed1035fc9b3d7de0c36349a6e3,site_fold_2,0.43250809017048,0.46556037908107195,0.4126127928815442,0.7650434007458394,0.5552669716902817,0.591223970171904,0.28810518575669525,0.4389765213904333,0.2764277460554847
bg_2020_0051,0,2020,2019,748d2b899e4eb3beab4800bc94e8ff516e34ed0db3aef051813bec260a8670ce,site_fold_2,0.3622896021227159,0.21229493616704495,0.13587263188158072,0.2618892512360458,0.09725007205235055,0.1377696814609781,0.11729723726395447,0.0992765077343257,0.04128426955807808
bg_2020_0052,0,2020,2019,dcd99ae5f275a0be2458b09742536127a22d13b902bd53e5ac740a04f46f77f3,site_fold_0,0.5572785738419757,0.42685266714176356,0.4851238774954402,0.10480159169112405,0.032649215114789576,0.10371264827477966,0.048839936472911724,0.276471646860776,0.09309661424030528
bg_2020_0056,0,2020,2019,dc2c073fab33fa44d4232f769c5e6003d6870f75c7967861a7b52e38d7c69572,site_fold_2,0.5012731995385217,0.4589072139511875,0.23936317828239875,0.87456145876913,0.961437050068188,0.6706821883552988,0.9042012184721262,0.9094837596376543,0.6697842524940663
bg_2020_0058,0,2020,2019,203ddd064d80fc0d4e7bff11a0776d9e93419a3a6037aa9adc2c7505290a1813,site_fold_1,0.4972166844819738,0.0030435221374202955,0.030980389464385482,0.06227835762252094,0.3189341650298065,0.2705403382579196,0.3600343322169278,0.809182892001068,0.8641611021352931
bg_2020_0059,0,2020,2019,f9a9ec68c6f1d2a1231e5e83d38745b60d61290ff74ac936aa8f0683822eb8eb,site_fold_3,0.06687418007830159,0.8592354855973273,0.9239629274114123,0.5184798274274616,0.24389244358592913,0.695953276142675,0.31646840696858314,0.44062864237992627,0.12415814936719614
bg_2020_0066,0,2020,2019,a5a2dc9c1dbe6d7af6f51645bd09cb467e8f7c186eb7d91b2a155cea8ae622ed,site_fold_4,0.4710449706259174,0.21727435910252,0.2908031306990767,0.0011947248900093092,0.004057040725720011,0.0024798671255308272,0.004912090272062347,0.0029142815095924814,0.002821944347349672
bg_2020_0067,0,2020,2019,b687a30ed837278ff4dadcfdef30f40b2986a06c7c79ed57693b3e6b2b1a9d33,site_fold_4,0.5213373859460493,0.5565868771386661,0.49343753261383677,0.8906023825701198,0.9527779785576775,0.8705613732277812,0.9297957352957751,0.8561759396856147,0.8867002366256095
bg_2020_0071,0,2020,2019,48da3e414015f3351b42e87e9218a6ceaedce537a926ba13d8759590bdad9d81,site_fold_4,0.4381907028360465,0.3550619132883604,0.2199399126317459,0.3975591256918015,0.5226720920479657,0.5473825276491686,0.6825749854858251,0.5741717425398994,0.5958397113677543
bg_2020_0072,0,2020,2019,ea2e9240baa8efb8641cef5f652b1f430fd03b8bb6bdcae03cd85c7be7d79e6c,site_fold_1,0.6457340266969314,0.4853556825000996,0.4675221075482501,0.020819824199181436,0.01113033781438938,0.02277935952656923,0.008535315810027476,0.02844707791752271,0.01007466018065267
bg_2020_0073,0,2020,2019,eb67dc3c4a6302c161ea7c937485d56e520ac962c08ed97fcd8cb6d32e101eed,site_fold_0,0.6006019072123508,0.5016267014375971,0.17789010570924718,0.10501612296660308,0.09452850746753973,0.03202171560318862,0.01773871102758863,0.0672831526753417,0.028225923309064326
bg_2020_0074,0,2020,2019,0661378a425c8a66c4aa539a6016f77d94444565f19a404c200d8da71d881e6f,site_fold_4,0.5222865561662363,0.5982273638138903,0.7822289572182028,0.0011469519024103131,0.003951482440007551,0.005884265796339005,0.0063682471860227454,0.003852624362449035,0.007977602500492896
bg_2020_0076,0,2020,2019,b0bb5e94bbb58bef0707986a0b214f4618e10f100ec3660f7f792c139b83b7bf,site_fold_2,0.34301052675695237,0.6555686047570684,0.7642426793068808,0.0024456492649122617,0.0008871330291188753,0.007354170764919433,0.0024738168785495207,0.004629114505165029,0.0007402668655085658
bg_2020_0082,0,2020,2019,5535d9eaa37e4d1a7b852f0870d6bc9cf8d44c2c849c46b6e3bc123aea922f98,site_fold_1,0.6436205665753442,0.9120980520367807,0.9802652437407527,0.01429447365643201,0.0048872405646215875,0.05229068955605539,0.019958788818650482,0.002238410500777536,0.0012178094566248881
bg_2020_0086,0,2020,2019,2f8d0c0da0be361972dcf84753d6a3e08b6dad88a520b7d1a92b86f9b38320ac,site_fold_0,0.3998769534440808,0.0928120698967001,0.22831802691868341,0.0019004513584423848,0.0001558986236437995,0.003534160544332061,0.0004270638628392709,0.02455568794578915,0.00023184164480412748
bg_2020_0089,0,2020,2019,30e0262a5079f27f544cfa11a50c2dac7696a1223e31b6a5743a25b88178f3f9,site_fold_1,0.6003330105502811,0.6289313751502453,0.4944716445669624,0.12055035821540301,0.05578891761265359,0.07165662522805089,0.03162276208402134,0.06251293470205312,0.026324093575650367
bg_2020_0090,0,2020,2019,0ea0ea06867904ade6f0cc97d06bcc3a15a536e081b0765ae05da45dd08c935e,site_fold_2,0.5337130001182547,0.31565992535003096,0.28604535102671136,0.2676067786984539,0.20635640731399268,0.2767439910516853,0.19115345848851867,0.26004398346407237,0.2359702417528614
bg_2020_0091,0,2020,2019,982618d21af830b045f8c249c93b9fe8c0ca46e8eef0f38a41b858d40f182133,site_fold_0,0.5746631342379304,0.5293318847920411,0.5333695956015018,0.8793890661855185,0.6704937476510586,0.7497451761386115,0.4804489738886011,0.6558125937837553,0.2618115367530658
bg_2020_0092,0,2020,2019,1329ca34dd0aa22bba0143275ea656df9883ad433541073bcd4a263e3256d123,site_fold_3,0.6473714695393711,0.3194053628711372,0.5223923262372571,0.9126200882996692,0.869485758363911,0.7885586283051386,0.7128910347389865,0.23269924328545227,0.1389118354746953
bg_2020_0093,0,2020,2019,39af272ed4011f905c7675ca8e5251a45ad8be334a928f57454f06824c57b67d,site_fold_2,0.526439364153875,0.40779027795628614,0.5187370683844992,0.1571246787609349,0.013485515489429018,0.1582619387069854,0.014523026147012962,0.2719956127372358,0.01691935130368415
bg_2020_0101,0,2020,2019,0e3e2e1f0d7500e89ab5386ac3395e82b86d098339e82b63a4f96b3de677403b,site_fold_1,0.2579510107152003,0.15576892343757576,0.23280556238212347,0.17248752239859338,0.1425277015580571,0.3649639115317751,0.16304183684022577,0.24692433345392747,0.08251372561713044
bg_2020_0103,0,2020,2019,094fe38ba748a64e5efdec7fb8286b4be6aadc362ada39934354d5551a5da3d0,site_fold_3,0.2293609226887425,0.1365299046857771,0.24657144636908626,0.10531615805564253,0.06856248518716689,0.2848483951961187,0.21729285643498672,0.6498780403527831,0.5396579369115998
bg_2020_0105,0,2020,2019,5bb0f3030646a3eca15b3c715c0a2cc5c67d8a64036f4b26e788799479fcac9b,site_fold_1,0.5281594448984539,0.6538661520245732,0.7081401971811407,0.5060045958808427,0.9003827379454769,0.4346753989164582,0.8834516816242086,0.399792510676964,0.8053042078747287
bg_2020_0107,0,2020,2019,121ca7306a2ae0103033e3004279ef3e80366ab277effbd7df933cd44df93378,site_fold_1,0.556515734255434,0.7018974246588563,0.7672682815956541,0.2089759265288366,0.24225895413379517,0.3789662142154112,0.3376659883700042,0.5614860671829031,0.5032575357189792
bg_2020_0110,0,2020,2019,fe94a8a6361778f583248af09d52d2f8beaeed2c3a1047494990e54232abf263,site_fold_1,0.673768336007815,0.5158282301120655,0.5998034270589052,0.8391068188117878,0.9503958159457174,0.8514352189772734,0.9412373597395944,0.8724068154743305,0.9406629199331071
bg_2020_0115,0,2020,2019,48ba22de3d6960040834837c9f93bad7da1ff9aa12c70c28cf23329daa5556b9,site_fold_0,0.569283093716974,0.40085507741915055,0.3830479131517943,0.7611387257100474,0.1133216332535352,0.6390784665294715,0.16287881660500833,0.42337121024614227,0.029243636267724547
bg_2020_0116,0,2020,2019,b89dc14cbabd117f4baa55fee005974d32ebb678421d282b6faf5919d4c5513d,site_fold_3,0.166801583319468,0.02454068928029508,0.08297088185767526,0.17998404586227892,0.09996478387063652,0.4023240071996617,0.31955027013910464,0.9044667142162364,0.8243638924600302
bg_2020_0118,0,2020,2019,8e82547d47b9be467e201fcc7a5aecc54c71aded64e0ac980099b8678439acd8,site_fold_3,0.5781826334077107,0.34510697303382687,0.33787486809128403,0.01073606056680236,0.004385774255529638,0.0038946193233007852,0.0043069133611327946,0.009561616594920056,0.006689538120270177
bg_2020_0120,0,2020,2019,1cdab643d1b940b0693fcbf08e8a99e52473b61131de923eb8b284c32f00c4d4,site_fold_2,0.35421582218600356,0.18101747866167706,0.21871762997767302,0.4903260374409847,0.2601477727352758,0.528048332225613,0.37439712071013814,0.18287497486438864,0.14505294322321322
bg_2020_0122,0,2020,2019,bf6cb7c3b436132579c4c247e107989902b49e1a3a297a787f54b840578a302e,site_fold_2,0.2626531390094749,0.13525934997555514,0.10345038328690374,0.01607799676113417,0.0009565395652297301,0.015142283037268589,0.001205071416187251,0.015362202351977317,0.005280736325081351
bg_2020_0124,0,2020,2019,74a593ab813090c62b6028480a668a3959fb4e059bcc73876ed08db88d30bda2,site_fold_2,0.1835858118733466,0.0005701240495944647,0.0003540690045263077,0.7932005460130677,0.6870146748455709,0.9015059579314381,0.6540570958119443,0.9932407228382483,0.9942080946768446
bg_2020_0129,0,2020,2019,9d517f55ae5613be7e9c1f546afa3a8453196835262a2da69354022e181623af,site_fold_1,0.5787090412374567,0.5962340820031043,0.6352094367745141,0.7501631158733241,0.7453316568963427,0.8068599789390969,0.7854564200885664,0.6801473783997191,0.598332495661422
bg_2020_0131,0,2020,2019,c70088b5f5ed553ac8d54c56b48c1be5b90a722246b8993e86f8ab252abee2b8,site_fold_4,0.581634469444963,0.9116803114985554,0.9306494142412154,0.9348612397775063,0.9747698735308488,0.9848881320345457,0.986849523218589,0.8541914464886516,0.9091933196592419
bg_2020_0133,0,2020,2019,f4be26be42aa63779b31705fdb787991f04b62cc376f4011ad45d4e46a90aadc,site_fold_2,0.6426904027850219,0.7038327114362788,0.9009721255144006,0.01660752419114249,0.03586755830488532,0.05516260758053309,0.07173405219726192,0.03925627669243443,0.02367678880995014
bg_2020_0137,0,2020,2019,b1c60d3479151c265d732f1691c8965b5045f9f996bc435e7cc5093bbabaa7ca,site_fold_4,0.4909217193462972,0.22607650594279574,0.29979851245405353,0.032435890167798215,0.9989756278036458,0.04082721864538865,0.9990168268739806,0.05304324012274584,0.9997738393827211
bg_2020_0140,0,2020,2019,25491912f96991025541d5f5da5a1ed06d902fbef16223d74ebe72a74b2706c0,site_fold_3,0.2238551957196062,0.2415281182585639,0.41472409436095486,0.3759797051678914,0.09539269405783221,0.5477894770027356,0.2275593430993176,0.2515653347855996,0.24662954678691668
bg_2020_0142,0,2020,2019,27cf11d64439127707db65caff07bd9f503a61a6427d56ac8b3df0c792261c04,site_fold_1,0.4731205479181718,0.07932956369412707,0.23416378080186598,4.398659381385961e-08,1.5039870971069193e-07,2.54582511080674e-07,1.7504066994339956e-06,0.02550291244298266,0.049126955833866524
bg_2020_0144,0,2020,2019,48a8d4b27be3f5a3d567610c033ac715c6277500103c9ec2d712f0b3bd427f0b,site_fold_0,0.39995493744181493,0.65465686474145,0.6850724975791411,0.8478476785284751,0.8723881994296334,0.8920634590936196,0.9258730470313278,0.8734745244021781,0.9466794160234276
bg_2020_0146,0,2020,2019,e889077796f75a8bf06a0218348506ff1aa58361a026a2158158d33545d8f8e8,site_fold_1,0.5806164175255073,0.576561260083158,0.680902886378431,0.21297755355009662,0.5228229366283992,0.33138781606160184,0.46600680621773044,0.2858830013254082,0.689691058153363
bg_2020_0148,0,2020,2019,7e9ec81c8ea1517e7c97d3f130bd8da15eded8367199dea08912d7fec27678bc,site_fold_4,0.48628535701564124,0.829603426814635,0.7303503584308457,0.29445166108815957,0.0965489045841218,0.3256186761306151,0.2503523228012646,0.3030477315435918,0.10776820016448285
bg_2020_0152,0,2020,2019,ce81223ed4abc36fdbbc236f8ffb7d0ee9ea969f12ac8750196c90345354cd48,site_fold_0,0.21492401169512737,8.110099781808957e-05,0.0005844648740468619,0.0018414375572174818,0.0015084217673746716,0.000490363587745615,0.0007913444244415426,0.0026311788466860785,0.009526508777200992
bg_2020_0154,0,2020,2019,eaa88e45dc34bbc37c2c1c462247981c702e40fc4de264f8bfd709abb71da6d3,site_fold_3,0.10839149116297694,0.01732124703639414,0.00432217562376292,0.5810682718256365,0.39680439344201457,0.21346446140759098,0.13615068312030762,0.5004963806943142,0.2127037894036695
bg_2020_0157,0,2020,2019,10931396412cd75603aea0d3abeeaa86eab99d3b921d1b092b41bbab3e6b3ef3,site_fold_1,0.6109734679562234,0.3993914180663017,0.5063252662287818,0.011569426658977141,0.013772851095348693,0.016169339925592087,0.016455095307878802,0.005617852470844502,0.009106406784004418
bg_2020_0161,0,2020,2019,d49b5fbc9ceb41ca0416f4cdb698a4166b7a68f5b61831b3c486481ab9266d59,site_fold_3,0.5364364661727936,0.6648603931389613,0.7903423805333101,0.8164112101645595,0.7150722204956641,0.9375191673574146,0.9192458612894392,0.920620803352003,0.7056835893982463
bg_2020_0165,0,2020,2019,d2fe77c5494009de82c48b234cc00ce5e962100afef8729763eebcde1fdb3ee6,site_fold_4,0.5438422905707861,0.8491877896529654,0.8044816600404844,0.0013885514383530717,0.002552141915548052,0.0018706189623948143,0.0022479258322192592,0.001310544931852233,0.0011572111619837413
bg_2020_0182,0,2020,2019,338e23f9b352e3105dbde6ef929db218b89c42bef0ff3192ba71868dc1c03e11,site_fold_4,0.3513356302422832,0.7302121909806456,0.7279698612283647,0.31588950875574234,0.49372056966451433,0.2702424205339488,0.5320516525733846,0.4184168262187346,0.5541529627652563
bg_2020_0193,0,2020,2019,61dbfdd28521f9308c90c25b11338b8d4a84bcf61abdb389858a2ac8ee611700,site_fold_3,0.33204587182772793,0.18646162745876002,0.20060391190597157,0.24700289388095328,0.034715302033075095,0.21762677944861586,0.047756659376312134,0.3729510102822637,0.06450470552639626
bg_2020_0197,0,2020,2019,085eb8211e0d2e935d23d26841e01d26a6fd4d394c7185918f5965368be91c14,site_fold_4,0.5429468288012576,0.9048931183914309,0.8712178883603668,0.9920411020371147,0.9922119195858254,0.9896074782354052,0.9936052103528267,0.87550626740529,0.936476188629674
bg_2020_0210,0,2020,2019,81ecec5ea53df338cb8dec8a3d93efdf89b240e40ceb46e53c9c62deeb7134ad,site_fold_0,0.5643072244359858,0.2953971217679843,0.36816082419986246,0.47416169642986494,0.29536009373198446,0.5676119399934311,0.4192637929559949,0.7764821235901588,0.5425457581097191
bg_2020_0212,0,2020,2019,d62a426cec03061a92b4b16ff9276a42c85c45c9bef3ede5653bbbd82d16c4a6,site_fold_1,0.6641070627553893,0.2680723436388694,0.4327534887512754,0.0004837699537407428,0.0003321482650598525,0.0015824132327208666,0.0007429805101880051,0.003513098133753446,0.0009282684140976729
bg_2020_0214,0,2020,2019,adcf989dc565c016087934f1ab4ba3b574fbe4b87d6ce6c4c0efac4ac2994595,site_fold_2,0.5056765688580791,0.8545610864118323,0.7155935465828105,0.9999758532605181,0.99994914732224,0.999944951771864,0.9998189857396825,0.999377402132606,0.9992047148193625
bg_2023_0033,0,2023,2022,21e62fc153d7c067a581956f9285d808728d0fbcc3f743972121ab385b7f240d,site_fold_1,0.45208519122612817,0.08740338307509304,0.08438141057136589,0.08085819106356922,0.04767419970294235,0.09850259803371193,0.04474364273760267,0.16696301368157518,0.013121214136361452
bg_2023_0037,0,2023,2022,ec12ead14120d4fd24d16cabbbd241eb1d0fe9c16ad943805a4312845283d462,site_fold_2,0.41226596815643046,0.3101978093469947,0.23643847664654702,0.25062639763622135,0.7764319412392839,0.283550650450068,0.6715463239816967,0.1317573856652852,0.4782464449711887
bg_2023_0041,0,2023,2022,2fd1ce506e821d00b2c7dc4f3c74578abf6a9aa737fc9b17501c9a890c7b32f4,site_fold_0,0.6489712440578003,0.7856412749811664,0.7510655187983453,0.5494554255806475,0.05678667216993953,0.4967164898208099,0.05673867842682168,0.629714811813551,0.1326154296587783
bg_2023_0045,0,2023,2022,5abac985a6deaa808eecb6a2742d5a724388c8f6c7ad871704b78b4066e386dc,site_fold_0,0.37377680119227075,0.1627305815556808,0.3410928954687923,0.029719137576230764,0.057580952068009165,0.010109391065669939,0.0403598184440249,0.019266513200921643,0.07117351328077517
bg_2023_0049,0,2023,2022,1a44f043ff970d264d22e596a5e8bcb7dd2eeaed1035fc9b3d7de0c36349a6e3,site_fold_2,0.43250809017048,0.3437050493519967,0.45476082892883163,0.6972726018745935,0.9444992331366925,0.5021735126661376,0.7536286394071124,0.5667818933750245,0.7233990516597838
bg_2023_0051,0,2023,2022,748d2b899e4eb3beab4800bc94e8ff516e34ed0db3aef051813bec260a8670ce,site_fold_2,0.3622896021227159,0.14216873546810624,0.26172568201126484,0.7493257517330749,0.28664705076125163,0.567178121483795,0.35601035896349054,0.15642323511473658,0.09626183989723622
bg_2023_0052,0,2023,2022,dcd99ae5f275a0be2458b09742536127a22d13b902bd53e5ac740a04f46f77f3,site_fold_0,0.5572785738419757,0.24845603370442992,0.24033852975761955,0.05483326536640911,0.008977689514964506,0.03413111680409372,0.008755674493237303,0.09218415011542064,0.023007559460030715
bg_2023_0054,0,2023,2022,8b97daeee954f5cf8ce99941964f6b69aafbd08ff670db5383f686bb16668c44,site_fold_4,0.5795249193563995,0.3413931750540939,0.2675162352798523,0.0031500647115656477,0.030877773909481595,0.0014002203102895584,0.012178033164596367,0.008623359629760881,0.08938780863247427
bg_2023_0056,0,2023,2022,dc2c073fab33fa44d4232f769c5e6003d6870f75c7967861a7b52e38d7c69572,site_fold_2,0.5012731995385217,0.2932500780683491,0.29061976475273876,0.006139974963303857,0.00918749931605359,0.002245693805024315,0.0023705048070584334,0.008896541355812509,0.006414589181307436
bg_2023_0058,0,2023,2022,203ddd064d80fc0d4e7bff11a0776d9e93419a3a6037aa9adc2c7505290a1813,site_fold_1,0.4972166844819738,0.03499543999788231,0.04276799326390277,0.08158570045392831,0.5628938179175127,0.0716693149745607,0.5665375659806259,0.34896909920948344,0.8185209374860225
bg_2023_0059,0,2023,2022,f9a9ec68c6f1d2a1231e5e83d38745b60d61290ff74ac936aa8f0683822eb8eb,site_fold_3,0.06687418007830159,0.735399939807875,0.8075378373661374,0.27287662660725304,0.30141944706192525,0.44576219661189115,0.45142097672431997,0.138987541742282,0.17137259251940948
bg_2023_0064,0,2023,2022,7cf777b87c15c35cb12a26b7d8ad0f56654c2b75b6447578107c0cef8bdd2e29,site_fold_0,0.4930682423011726,0.7748834857645663,0.6968401930302386,0.4996031872440972,0.5202784352740052,0.6217985371885181,0.6911871091695276,0.6338641469087521,0.6594597779218102
bg_2023_0066,0,2023,2022,a5a2dc9c1dbe6d7af6f51645bd09cb467e8f7c186eb7d91b2a155cea8ae622ed,site_fold_4,0.4710449706259174,0.227547832003221,0.24166480436709328,0.0001350545013475545,0.0027951966368279205,0.00035924730480682186,0.0018318420427138548,0.0007423492483114898,0.0020316688354440576
bg_2023_0067,0,2023,2022,b687a30ed837278ff4dadcfdef30f40b2986a06c7c79ed57693b3e6b2b1a9d33,site_fold_4,0.5213373859460493,0.5648160591145782,0.5521839125169853,0.6954056745798461,0.8374923546933528,0.561481093180193,0.8654943460952456,0.767416192295863,0.7750639845884998
bg_2023_0069,0,2023,2022,19b54b72bdde6c4bd3cbe2546f3414a4ff56cd60d6a2bcdf3d6f1f199e8b9a7a,site_fold_3,0.5107447001341973,0.31925258665712763,0.3716238522073972,0.05880351712540665,0.016612129793172132,0.030220737048811737,0.01653373732762484,0.09964266667302503,0.008457757180536176
bg_2023_0071,0,2023,2022,48da3e414015f3351b42e87e9218a6ceaedce537a926ba13d8759590bdad9d81,site_fold_4,0.4381907028360465,0.36868470070930964,0.19446267333307188,0.07239685785997095,0.09265488192078476,0.048339109777722156,0.06488153964066787,0.15288732320203455,0.11963956788546093
bg_2023_0072,0,2023,2022,ea2e9240baa8efb8641cef5f652b1f430fd03b8bb6bdcae03cd85c7be7d79e6c,site_fold_1,0.6457340266969314,0.48265722011320433,0.47293788172843254,0.017396100771724744,0.07585184853057299,0.030526920174678118,0.10152071481288476,0.03192403161734018,0.1356188123496989
bg_2023_0073,0,2023,2022,eb67dc3c4a6302c161ea7c937485d56e520ac962c08ed97fcd8cb6d32e101eed,site_fold_0,0.6006019072123508,0.5334628746609624,0.24958585331076852,0.052408152731023824,0.05610639705781793,0.011291398502586108,0.008852718396610972,0.022262747871287555,0.018842167437532503
bg_2023_0074,0,2023,2022,0661378a425c8a66c4aa539a6016f77d94444565f19a404c200d8da71d881e6f,site_fold_4,0.5222865561662363,0.6102522674797497,0.7540671783656453,0.010322682885893374,0.02815073649579485,0.024043520297622117,0.026164949701691902,0.030912463830017178,0.06751775710145731
bg_2023_0076,0,2023,2022,b0bb5e94bbb58bef0707986a0b214f4618e10f100ec3660f7f792c139b83b7bf,site_fold_2,0.34301052675695237,0.6705842824332384,0.6499931104279565,0.010701225413321662,0.0018634501663010881,0.023618925747284355,0.003529556454017399,0.01896720148598732,0.007748155126736241
bg_2023_0082,0,2023,2022,5535d9eaa37e4d1a7b852f0870d6bc9cf8d44c2c849c46b6e3bc123aea922f98,site_fold_1,0.6436205665753442,0.9525294283606449,0.9933820585390835,0.19351863505129793,0.1610605030510326,0.4775153300435466,0.3980269382716144,0.0700313244666436,0.09869571442040674
bg_2023_0086,0,2023,2022,2f8d0c0da0be361972dcf84753d6a3e08b6dad88a520b7d1a92b86f9b38320ac,site_fold_0,0.3998769534440808,0.12703341337844098,0.24928084971492542,0.0015433188407791164,0.06344498086245848,0.0009065749037702593,0.029835281695485286,0.003355416067757701,0.025276240288081
bg_2023_0089,0,2023,2022,30e0262a5079f27f544cfa11a50c2dac7696a1223e31b6a5743a25b88178f3f9,site_fold_1,0.6003330105502811,0.6430653341982607,0.48873498987153247,0.33877035926710475,0.03448946449873562,0.25405212181528347,0.030790274619357526,0.26277123763766885,0.02846187624620296
bg_2023_0090,0,2023,2022,0ea0ea06867904ade6f0cc97d06bcc3a15a536e081b0765ae05da45dd08c935e,site_fold_2,0.5337130001182547,0.48293496205460973,0.48501155851589817,0.6659071446843513,0.7619886184037001,0.8260655630913424,0.8800640240487908,0.6065109552694005,0.7794092385751267
bg_2023_0091,0,2023,2022,982618d21af830b045f8c249c93b9fe8c0ca46e8eef0f38a41b858d40f182133,site_fold_0,0.5746631342379304,0.625399143855617,0.6476210510813272,0.7689420525008063,0.823379535747029,0.8268450320510923,0.7507445730313362,0.5114005829128607,0.5283235013560416
bg_2023_0092,0,2023,2022,1329ca34dd0aa22bba0143275ea656df9883ad433541073bcd4a263e3256d123,site_fold_3,0.6473714695393711,0.47875779793321377,0.4291271030001695,0.5370927269910059,0.4916548721308512,0.536086474090952,0.570616514723212,0.17096352703447198,0.07576422276481701
bg_2023_0093,0,2023,2022,39af272ed4011f905c7675ca8e5251a45ad8be334a928f57454f06824c57b67d,site_fold_2,0.526439364153875,0.5096078167276196,0.48161101726882755,0.06949711797762981,0.11727122494321064,0.06455815528854232,0.0692126845638988,0.032684118695833965,0.04685749483900517
bg_2023_0101,0,2023,2022,0e3e2e1f0d7500e89ab5386ac3395e82b86d098339e82b63a4f96b3de677403b,site_fold_1,0.2579510107152003,0.1610274744786887,0.19226360627198208,0.20261366133897754,0.6598377205250092,0.41659371995887146,0.7271713074750968,0.2905012866131291,0.5945596866973029
bg_2023_0103,0,2023,2022,094fe38ba748a64e5efdec7fb8286b4be6aadc362ada39934354d5551a5da3d0,site_fold_3,0.2293609226887425,0.34574866121697134,0.33751967643394454,0.16840929561517365,0.11668634599512226,0.33541299430437177,0.2764319315886561,0.4435305169091607,0.5045864208707205
bg_2023_0105,0,2023,2022,5bb0f3030646a3eca15b3c715c0a2cc5c67d8a64036f4b26e788799479fcac9b,site_fold_1,0.5281594448984539,0.6827232914562468,0.6530020838240261,0.7811950576811224,0.8927167782048755,0.737073176873301,0.8925660296745828,0.7899758211150316,0.9371664501348347
bg_2023_0107,0,2023,2022,121ca7306a2ae0103033e3004279ef3e80366ab277effbd7df933cd44df93378,site_fold_1,0.556515734255434,0.762818049882678,0.7109047264848205,0.4236621857867897,0.6289073121103578,0.4951307293331195,0.6553284943473402,0.7006421160830508,0.8092255970828116
bg_2023_0110,0,2023,2022,fe94a8a6361778f583248af09d52d2f8beaeed2c3a1047494990e54232abf263,site_fold_1,0.673768336007815,0.5056013623432677,0.4844458617886895,0.770510987367521,0.8973548353572973,0.6262589359269802,0.8343988027994029,0.7945845208906803,0.8911103893537958
bg_2023_0118,0,2023,2022,8e82547d47b9be467e201fcc7a5aecc54c71aded64e0ac980099b8678439acd8,site_fold_3,0.5781826334077107,0.33376713287513876,0.31807131479568024,0.03756991852867668,0.06923458725223858,0.0332839015318006,0.08694566989237455,0.02061936234546262,0.13463055543524524
bg_2023_0120,0,2023,2022,1cdab643d1b940b0693fcbf08e8a99e52473b61131de923eb8b284c32f00c4d4,site_fold_2,0.35421582218600356,0.1894782427335258,0.2867487233154015,0.010770043280404281,0.056860371770237304,0.012751857872676398,0.06845820312973298,0.024240631214267193,0.09034907506202491
bg_2023_0122,0,2023,2022,bf6cb7c3b436132579c4c247e107989902b49e1a3a297a787f54b840578a302e,site_fold_2,0.2626531390094749,0.08408037205627514,0.10503832055151803,0.005303190300250556,0.002533779256368882,0.010115044826294288,0.005032868761078612,0.008923077810617764,0.010784135036438639
bg_2023_0129,0,2023,2022,9d517f55ae5613be7e9c1f546afa3a8453196835262a2da69354022e181623af,site_fold_1,0.5787090412374567,0.6166789658997518,0.644211379547525,0.6666483122942846,0.7784911901941974,0.6166642914351913,0.7153637396737282,0.5036101677837583,0.5531405403743596
bg_2023_0131,0,2023,2022,c70088b5f5ed553ac8d54c56b48c1be5b90a722246b8993e86f8ab252abee2b8,site_fold_4,0.581634469444963,0.9147577885951936,0.9332080879362606,0.909763658303432,0.9594622580584322,0.9645800603101826,0.985313187951613,0.8337388073766973,0.966136373759664
bg_2023_0133,0,2023,2022,f4be26be42aa63779b31705fdb787991f04b62cc376f4011ad45d4e46a90aadc,site_fold_2,0.6426904027850219,0.545848539669491,0.7173200942016462,0.18160524496076563,0.1776143775638981,0.17994853730343033,0.20802532802036577,0.14265328072378275,0.12935496982258843
bg_2023_0137,0,2023,2022,b1c60d3479151c265d732f1691c8965b5045f9f996bc435e7cc5093bbabaa7ca,site_fold_4,0.4909217193462972,0.26288127069140627,0.15642670900404976,0.20587255239464597,0.032125009935726555,0.12459806196837617,0.03079542278747847,0.32940909192404544,0.05551576142528765
bg_2023_0140,0,2023,2022,25491912f96991025541d5f5da5a1ed06d902fbef16223d74ebe72a74b2706c0,site_fold_3,0.2238551957196062,0.32979199425776506,0.30431282022349115,0.5181787116263789,0.432487967294628,0.4680247254620849,0.3831248640557778,0.22632891030308025,0.18088319964362293
bg_2023_0142,0,2023,2022,27cf11d64439127707db65caff07bd9f503a61a6427d56ac8b3df0c792261c04,site_fold_1,0.4731205479181718,0.1671442732485365,0.38791308530181445,1.7373591272657735e-06,1.940881880202841e-06,7.124634388802781e-06,1.8844271768447015e-05,0.39937081871299657,0.4536240619379262
bg_2023_0144,0,2023,2022,48a8d4b27be3f5a3d567610c033ac715c6277500103c9ec2d712f0b3bd427f0b,site_fold_0,0.39995493744181493,0.6407896339114075,0.5653133970877187,0.4809815117933753,0.8256187651661211,0.38902253135766357,0.8790065281615353,0.4906305402934372,0.9035324517581526
bg_2023_0146,0,2023,2022,e889077796f75a8bf06a0218348506ff1aa58361a026a2158158d33545d8f8e8,site_fold_1,0.5806164175255073,0.5849869396529539,0.6342749164184606,0.4076004022987673,0.8609687390297779,0.4257494495526776,0.8047117566438657,0.3927367666957361,0.8895763395898247
bg_2023_0148,0,2023,2022,7e9ec81c8ea1517e7c97d3f130bd8da15eded8367199dea08912d7fec27678bc,site_fold_4,0.48628535701564124,0.8346170417146289,0.6820359637295386,0.3851784797983681,0.07299983738545067,0.6253865233059634,0.3104947596447909,0.5121811046661197,0.16369474086128294
bg_2023_0152,0,2023,2022,ce81223ed4abc36fdbbc236f8ffb7d0ee9ea969f12ac8750196c90345354cd48,site_fold_0,0.21492401169512737,0.0001917005858775956,0.0003553752826565274,0.006180615901981571,0.0006662228547555675,0.003818727275523777,0.0006791150176183569,0.00842700011302727,0.0026978232295287612
bg_2023_0154,0,2023,2022,eaa88e45dc34bbc37c2c1c462247981c702e40fc4de264f8bfd709abb71da6d3,site_fold_3,0.10839149116297694,0.007013109027435006,0.022791727067163713,0.20662216832631686,0.13998393179426685,0.20158696283612293,0.21701736721704365,0.2597149988210721,0.07776752308631993
bg_2023_0157,0,2023,2022,10931396412cd75603aea0d3abeeaa86eab99d3b921d1b092b41bbab3e6b3ef3,site_fold_1,0.6109734679562234,0.42343126040180723,0.27015354602209896,0.011202952815784864,0.028187543684246096,0.009574303216915835,0.03231877708871652,0.007709537785868088,0.012391487706367065
bg_2023_0161,0,2023,2022,d49b5fbc9ceb41ca0416f4cdb698a4166b7a68f5b61831b3c486481ab9266d59,site_fold_3,0.5364364661727936,0.5079804307383035,0.4740634801581731,0.6664946498453911,0.9300588487931181,0.6433197327376191,0.9487448980603245,0.7371738019152219,0.9366996434884651
bg_2023_0165,0,2023,2022,d2fe77c5494009de82c48b234cc00ce5e962100afef8729763eebcde1fdb3ee6,site_fold_4,0.5438422905707861,0.8376438209713526,0.8502153915659925,0.0030289529562271,0.016931531000292085,0.02003762434646118,0.042693029724147305,0.00566286582728713,0.016249906712825647
bg_2023_0182,0,2023,2022,338e23f9b352e3105dbde6ef929db218b89c42bef0ff3192ba71868dc1c03e11,site_fold_4,0.3513356302422832,0.6069671918227928,0.5425741520977667,0.6895543893465763,0.6054724489410527,0.7559378997205903,0.7312331039843916,0.8421520521364954,0.7757224737086379
bg_2023_0193,0,2023,2022,61dbfdd28521f9308c90c25b11338b8d4a84bcf61abdb389858a2ac8ee611700,site_fold_3,0.33204587182772793,0.160036001451522,0.1229624413379952,0.12236482791834019,0.5589511492301167,0.14098486543896463,0.6987910062412058,0.16919209549887496,0.6850587326068694
bg_2023_0197,0,2023,2022,085eb8211e0d2e935d23d26841e01d26a6fd4d394c7185918f5965368be91c14,site_fold_4,0.5429468288012576,0.9341221810492466,0.8390799877854922,0.9970880577000175,0.9906135803270407,0.987476793370778,0.9834700866250938,0.824330006162956,0.8919973306661971
bg_2023_0210,0,2023,2022,81ecec5ea53df338cb8dec8a3d93efdf89b240e40ceb46e53c9c62deeb7134ad,site_fold_0,0.5643072244359858,0.21743809134453668,0.3314258579463763,0.4013892105959503,0.39672272860850855,0.6038085130077224,0.5798422102124047,0.7983269441726514,0.7358202627668061
bg_2023_0212,0,2023,2022,d62a426cec03061a92b4b16ff9276a42c85c45c9bef3ede5653bbbd82d16c4a6,site_fold_1,0.6641070627553893,0.6491968146522774,0.34411674653973273,0.010449613329176384,0.001001573560731608,0.003593934558229628,0.00044378661392450335,0.01258748035610306,0.0019993544819276714
bg_2023_0214,0,2023,2022,adcf989dc565c016087934f1ab4ba3b574fbe4b87d6ce6c4c0efac4ac2994595,site_fold_2,0.5056765688580791,0.5629924288742354,0.6888838288661719,0.9999922502563686,0.9997269079133254,0.9999928950025272,0.9997530468812228,0.9995794005046433,0.9989989451029646
bg_2024_0033,0,2024,2023,21e62fc153d7c067a581956f9285d808728d0fbcc3f743972121ab385b7f240d,site_fold_1,0.45208519122612817,0.11479256433517074,0.07499924639242009,0.09935531424454405,0.4845080896711249,0.16736523020512586,0.4724507810661231,0.2519940266808621,0.2638100141435393
bg_2024_0037,0,2024,2023,ec12ead14120d4fd24d16cabbbd241eb1d0fe9c16ad943805a4312845283d462,site_fold_2,0.41226596815643046,0.26807238639432246,0.26218189721598417,0.35591785630504297,0.6203911350899107,0.6101908101195932,0.7176373209227332,0.2529043522339746,0.4546525359119815
bg_2024_0041,0,2024,2023,2fd1ce506e821d00b2c7dc4f3c74578abf6a9aa737fc9b17501c9a890c7b32f4,site_fold_0,0.6489712440578003,0.7795373527199648,0.7664578195706616,0.5763406836791813,0.6738357900048099,0.41572661760241014,0.4982756119982032,0.6487266174517418,0.6776163387347515
bg_2024_0045,0,2024,2023,5abac985a6deaa808eecb6a2742d5a724388c8f6c7ad871704b78b4066e386dc,site_fold_0,0.37377680119227075,0.14002451955548928,0.15308563286748084,0.04957712874360114,0.012937969316661281,0.057442430223421784,0.014266598435188791,0.040273299564540184,0.01963110240812168
bg_2024_0049,0,2024,2023,1a44f043ff970d264d22e596a5e8bcb7dd2eeaed1035fc9b3d7de0c36349a6e3,site_fold_2,0.43250809017048,0.2529913304048687,0.3243373384210719,0.8454079406735467,0.9000606230711308,0.8435164240388913,0.7784659364856217,0.8328685042985877,0.8258693229492364
bg_2024_0051,0,2024,2023,748d2b899e4eb3beab4800bc94e8ff516e34ed0db3aef051813bec260a8670ce,site_fold_2,0.3622896021227159,0.2327429739848738,0.12088613583359922,0.9521507711575736,0.7742268383573528,0.8412074905127362,0.5745929562388071,0.395532136292468,0.18776215589408884
bg_2024_0052,0,2024,2023,dcd99ae5f275a0be2458b09742536127a22d13b902bd53e5ac740a04f46f77f3,site_fold_0,0.5572785738419757,0.2931807743019299,0.2003737396628712,0.08958600741155336,0.035000835658735845,0.1689606415993138,0.120285137988501,0.24673573927985015,0.04696340237841021
bg_2024_0054,0,2024,2023,8b97daeee954f5cf8ce99941964f6b69aafbd08ff670db5383f686bb16668c44,site_fold_4,0.5795249193563995,0.23522086514642349,0.2641589583308328,0.004174296275300807,0.00825560638124394,0.0037548297457410625,0.003837782598093793,0.016231905246980517,0.012809774388133115
bg_2024_0056,0,2024,2023,dc2c073fab33fa44d4232f769c5e6003d6870f75c7967861a7b52e38d7c69572,site_fold_2,0.5012731995385217,0.23192790698009,0.24733208310674692,0.04216138669702078,0.034133936071703265,0.021372309884993647,0.011236007500069069,0.03438840363621473,0.013839165699786042
bg_2024_0058,0,2024,2023,203ddd064d80fc0d4e7bff11a0776d9e93419a3a6037aa9adc2c7505290a1813,site_fold_1,0.4972166844819738,0.046339353802872955,0.08651601534407356,0.16018088801806432,0.5187233112620394,0.3212597697248868,0.4396886363570126,0.501043096931363,0.7336915890230397
bg_2024_0059,0,2024,2023,f9a9ec68c6f1d2a1231e5e83d38745b60d61290ff74ac936aa8f0683822eb8eb,site_fold_3,0.06687418007830159,0.5189497935239843,0.8405435307155477,0.4518704201423629,0.5774021499304726,0.740756706282955,0.6977002307569765,0.20982139882477877,0.3459597066955022
bg_2024_0064,0,2024,2023,7cf777b87c15c35cb12a26b7d8ad0f56654c2b75b6447578107c0cef8bdd2e29,site_fold_0,0.4930682423011726,0.7289848046836255,0.6389768664635568,0.3465605763193944,0.5228453795642004,0.21961165035130084,0.4286361942871594,0.25765101106218236,0.47951032591542264
bg_2024_0066,0,2024,2023,a5a2dc9c1dbe6d7af6f51645bd09cb467e8f7c186eb7d91b2a155cea8ae622ed,site_fold_4,0.4710449706259174,0.10452811045778292,0.1974824771035858,0.0037605458316868692,0.0018007889754953577,0.004392616773538876,0.0020390657614516327,0.0030658759566934966,0.0031013070317751448
bg_2024_0067,0,2024,2023,b687a30ed837278ff4dadcfdef30f40b2986a06c7c79ed57693b3e6b2b1a9d33,site_fold_4,0.5213373859460493,0.5673492602217531,0.4580414271730898,0.6293859930361656,0.844019044316308,0.47795880269469854,0.7660089996880787,0.7621339915777352,0.7710602950808596
bg_2024_0069,0,2024,2023,19b54b72bdde6c4bd3cbe2546f3414a4ff56cd60d6a2bcdf3d6f1f199e8b9a7a,site_fold_3,0.5107447001341973,0.23435630219119655,0.21720717792402003,0.011073083450018058,0.09365990423516678,0.00818079367116377,0.09518675959507623,0.017207877739353086,0.2448479730105342
bg_2024_0071,0,2024,2023,48da3e414015f3351b42e87e9218a6ceaedce537a926ba13d8759590bdad9d81,site_fold_4,0.4381907028360465,0.3982434325622001,0.2334275077934192,0.06495701378005922,0.2840091186625427,0.06862763131183558,0.19659255993031347,0.08594702066878762,0.20919451940164
bg_2024_0072,0,2024,2023,ea2e9240baa8efb8641cef5f652b1f430fd03b8bb6bdcae03cd85c7be7d79e6c,site_fold_1,0.6457340266969314,0.47574322110459066,0.39017088812493517,0.22977130839594553,0.04378289044889892,0.31447283645767293,0.047381543159857535,0.3195918198068903,0.0832204189134949
bg_2024_0073,0,2024,2023,eb67dc3c4a6302c161ea7c937485d56e520ac962c08ed97fcd8cb6d32e101eed,site_fold_0,0.6006019072123508,0.5631390368703335,0.191642519922059,0.166928932412692,0.13450922862406162,0.06428469179563806,0.01645046358269759,0.04341779653821164,0.030525663414422085
bg_2024_0074,0,2024,2023,0661378a425c8a66c4aa539a6016f77d94444565f19a404c200d8da71d881e6f,site_fold_4,0.5222865561662363,0.7454374425686798,0.6384381831572792,0.013313318032157968,0.023075805204680864,0.03595312237811886,0.025644207555165523,0.0720735881600401,0.032475586449209774
bg_2024_0076,0,2024,2023,b0bb5e94bbb58bef0707986a0b214f4618e10f100ec3660f7f792c139b83b7bf,site_fold_2,0.34301052675695237,0.7725789375121145,0.6362402086064066,0.005367643611040737,0.009850582944264557,0.009442984786519951,0.012976399785054701,0.011186252719811982,0.010511023838878395
bg_2024_0082,0,2024,2023,5535d9eaa37e4d1a7b852f0870d6bc9cf8d44c2c849c46b6e3bc123aea922f98,site_fold_1,0.6436205665753442,0.9388744734753222,0.9922882951233352,0.18986795768606357,0.18503943795607944,0.7097241630162425,0.7127601927669033,0.07682915847051228,0.13948774068435518
bg_2024_0086,0,2024,2023,2f8d0c0da0be361972dcf84753d6a3e08b6dad88a520b7d1a92b86f9b38320ac,site_fold_0,0.3998769534440808,0.06125164866471733,0.14943268271694643,0.0028443121721942054,0.008987458061741926,0.0053219524693843764,0.01070258699616555,0.005889671294315917,0.01106747060926289
bg_2024_0089,0,2024,2023,30e0262a5079f27f544cfa11a50c2dac7696a1223e31b6a5743a25b88178f3f9,site_fold_1,0.6003330105502811,0.7774208350972632,0.45756798273277527,0.9187258382745679,0.47082130646954723,0.8867060678698725,0.2929501196450637,0.7761155187177691,0.2736636215864709
bg_2024_0090,0,2024,2023,0ea0ea06867904ade6f0cc97d06bcc3a15a536e081b0765ae05da45dd08c935e,site_fold_2,0.5337130001182547,0.4660884754942126,0.46639235127544865,0.30527858106663064,0.8898620074418222,0.35680163153740535,0.9068859957444784,0.2786842123346297,0.7742711195360217
bg_2024_0091,0,2024,2023,982618d21af830b045f8c249c93b9fe8c0ca46e8eef0f38a41b858d40f182133,site_fold_0,0.5746631342379304,0.5974599624896759,0.5736650565487935,0.8676166101906471,0.7516422468580201,0.9226435165885254,0.7677204926058093,0.6423558327936049,0.42356676779794
bg_2024_0092,0,2024,2023,1329ca34dd0aa22bba0143275ea656df9883ad433541073bcd4a263e3256d123,site_fold_3,0.6473714695393711,0.4132761783980123,0.44276236393110213,0.5349067856100803,0.47164753835218365,0.5515859235116897,0.5457705374175609,0.11566946485275237,0.2872445686861456
bg_2024_0093,0,2024,2023,39af272ed4011f905c7675ca8e5251a45ad8be334a928f57454f06824c57b67d,site_fold_2,0.526439364153875,0.28998289843957775,0.49214938832412414,0.12118722993311586,0.05102378113447892,0.25018230693904686,0.08287196796275578,0.16990633756741227,0.02630911567603201
bg_2024_0101,0,2024,2023,0e3e2e1f0d7500e89ab5386ac3395e82b86d098339e82b63a4f96b3de677403b,site_fold_1,0.2579510107152003,0.08525869434841647,0.17486929026288994,0.12482329768658736,0.6557051877736725,0.35141669445054613,0.7995663853166418,0.4525880700369253,0.6600249820784952
bg_2024_0103,0,2024,2023,094fe38ba748a64e5efdec7fb8286b4be6aadc362ada39934354d5551a5da3d0,site_fold_3,0.2293609226887425,0.34171279954353584,0.35970032551719594,0.10924614496141358,0.3293304094023426,0.20699533651991578,0.4112863111022521,0.20864056770137177,0.5180570184927135
bg_2024_0105,0,2024,2023,5bb0f3030646a3eca15b3c715c0a2cc5c67d8a64036f4b26e788799479fcac9b,site_fold_1,0.5281594448984539,0.44624697931389934,0.6820258248679292,0.7876717617176577,0.8870651941894214,0.7562998118156852,0.854556398889912,0.8882776709314939,0.892766976534933
bg_2024_0107,0,2024,2023,121ca7306a2ae0103033e3004279ef3e80366ab277effbd7df933cd44df93378,site_fold_1,0.556515734255434,0.6442434251196956,0.6957984530678893,0.5570732995100923,0.5703612948188517,0.5020354761004856,0.47249957721406016,0.6755815313643008,0.6636285036832066
bg_2024_0110,0,2024,2023,fe94a8a6361778f583248af09d52d2f8beaeed2c3a1047494990e54232abf263,site_fold_1,0.673768336007815,0.4655527300093879,0.5129693833782772,0.887999027004896,0.9353113896110088,0.9066334076675279,0.9184372043258345,0.9110351764909098,0.9262596058637774
bg_2024_0115,0,2024,2023,48ba22de3d6960040834837c9f93bad7da1ff9aa12c70c28cf23329daa5556b9,site_fold_0,0.569283093716974,0.5054116904049211,0.2903346148429968,0.013716546114416821,0.06600864926858954,0.004507829178003725,0.012581247563180438,0.00769547909452915,0.017027584487780193
bg_2024_0116,0,2024,2023,b89dc14cbabd117f4baa55fee005974d32ebb678421d282b6faf5919d4c5513d,site_fold_3,0.166801583319468,0.08750995722011237,0.1448473745246014,0.8258779168635908,0.8373478170071557,0.7676752387627725,0.7788028130064464,0.9754345736631973,0.9318961762301583
bg_2024_0118,0,2024,2023,8e82547d47b9be467e201fcc7a5aecc54c71aded64e0ac980099b8678439acd8,site_fold_3,0.5781826334077107,0.35378770899970496,0.2847568970454553,0.1066620978918163,0.0715774122369515,0.05939365124157025,0.04979922170905164,0.126889017828529,0.04522812838671145
bg_2024_0120,0,2024,2023,1cdab643d1b940b0693fcbf08e8a99e52473b61131de923eb8b284c32f00c4d4,site_fold_2,0.35421582218600356,0.1621994724079523,0.1645547089942789,0.02823198016688255,0.02524465673813991,0.0314430826040817,0.015755395229788895,0.03433840092867078,0.032926680218754015
bg_2024_0122,0,2024,2023,bf6cb7c3b436132579c4c247e107989902b49e1a3a297a787f54b840578a302e,site_fold_2,0.2626531390094749,0.05315387109265246,0.0785718241071354,0.002274624665872599,0.002795098157833574,0.011036752711826555,0.011411128472791283,0.009688609716153186,0.013191393507535716
bg_2024_0129,0,2024,2023,9d517f55ae5613be7e9c1f546afa3a8453196835262a2da69354022e181623af,site_fold_1,0.5787090412374567,0.705119019365228,0.5040215620920577,0.4437724099084289,0.7709691616153389,0.5110757309828572,0.77745261188293,0.3676333153611146,0.5280156241935188
bg_2024_0131,0,2024,2023,c70088b5f5ed553ac8d54c56b48c1be5b90a722246b8993e86f8ab252abee2b8,site_fold_4,0.581634469444963,0.8081478655226478,0.9452034125075768,0.7930331368498679,0.9722509783874691,0.9144518453628054,0.988599247409485,0.807178074401288,0.9513583346439564
bg_2024_0133,0,2024,2023,f4be26be42aa63779b31705fdb787991f04b62cc376f4011ad45d4e46a90aadc,site_fold_2,0.6426904027850219,0.5926706985825938,0.6451287450107874,0.06673330547071282,0.22868299027364616,0.07305768569429895,0.24629837513371,0.0970940290662131,0.08556313541422943
bg_2024_0137,0,2024,2023,b1c60d3479151c265d732f1691c8965b5045f9f996bc435e7cc5093bbabaa7ca,site_fold_4,0.4909217193462972,0.3108301692601941,0.22004303632572914,0.6220748695002768,0.312669456972933,0.15966856853691727,0.1343150860520468,0.5709713904244172,0.41960850890541773
bg_2024_0140,0,2024,2023,25491912f96991025541d5f5da5a1ed06d902fbef16223d74ebe72a74b2706c0,site_fold_3,0.2238551957196062,0.2702579679169386,0.23947717223448847,0.7823408726019617,0.3412698561189479,0.6904840932008198,0.33007189568839945,0.36245304439624365,0.2798466362799522
bg_2024_0142,0,2024,2023,27cf11d64439127707db65caff07bd9f503a61a6427d56ac8b3df0c792261c04,site_fold_1,0.4731205479181718,0.07867030899555823,0.48419455701808856,1.7546895796864125e-06,6.664670839038746e-06,1.4863329450403632e-05,8.553448621541365e-05,0.5968276609027625,0.5837296345256181
bg_2024_0144,0,2024,2023,48a8d4b27be3f5a3d567610c033ac715c6277500103c9ec2d712f0b3bd427f0b,site_fold_0,0.39995493744181493,0.5145966789042508,0.5940088946339535,0.8191757203812856,0.577375449983127,0.9293218355379774,0.7940032776706784,0.8908853966241597,0.7060825374728387
bg_2024_0146,0,2024,2023,e889077796f75a8bf06a0218348506ff1aa58361a026a2158158d33545d8f8e8,site_fold_1,0.5806164175255073,0.6804743394935757,0.5337205336794303,0.8518888744319991,0.6387325803313436,0.8885156754953444,0.5225031607529621,0.8491482258696741,0.5753328965508819
bg_2024_0148,0,2024,2023,7e9ec81c8ea1517e7c97d3f130bd8da15eded8367199dea08912d7fec27678bc,site_fold_4,0.48628535701564124,0.7002502430835871,0.7575531113978364,0.43420953941998036,0.42991030140966296,0.39685006100043285,0.5564540510958681,0.33939153527515914,0.3808806011534505
bg_2024_0152,0,2024,2023,ce81223ed4abc36fdbbc236f8ffb7d0ee9ea969f12ac8750196c90345354cd48,site_fold_0,0.21492401169512737,5.125648858030101e-05,9.292795288859385e-05,0.004408810119992571,0.0011858747235957616,0.00533568408439055,0.0018348625732159834,0.007301618959914587,0.011693334193027089
bg_2024_0154,0,2024,2023,eaa88e45dc34bbc37c2c1c462247981c702e40fc4de264f8bfd709abb71da6d3,site_fold_3,0.10839149116297694,0.020337854719329283,0.0012871132305395873,0.6459177990998343,0.19455803651734693,0.2324175657728675,0.08352317479870322,0.2516330021014128,0.10667300200486377
bg_2024_0157,0,2024,2023,10931396412cd75603aea0d3abeeaa86eab99d3b921d1b092b41bbab3e6b3ef3,site_fold_1,0.6109734679562234,0.4262110232702411,0.3812156610619542,0.07727400633556546,0.07437925999775724,0.08868594818269833,0.059721589967576684,0.07169276833962719,0.03961444736127534
bg_2024_0161,0,2024,2023,d49b5fbc9ceb41ca0416f4cdb698a4166b7a68f5b61831b3c486481ab9266d59,site_fold_3,0.5364364661727936,0.539762901149068,0.48521065262574903,0.9080997775343935,0.7923438457942186,0.8859362846384289,0.8260928800219683,0.8633088898331409,0.6787547782669873
bg_2024_0165,0,2024,2023,d2fe77c5494009de82c48b234cc00ce5e962100afef8729763eebcde1fdb3ee6,site_fold_4,0.5438422905707861,0.7104677466606139,0.8581575458576066,0.08206796784534863,0.016926748884660614,0.14204224086015288,0.013347829623177598,0.09174187926927597,0.007294000577608145
bg_2024_0182,0,2024,2023,338e23f9b352e3105dbde6ef929db218b89c42bef0ff3192ba71868dc1c03e11,site_fold_4,0.3513356302422832,0.5064855395574008,0.5696240238200923,0.9528735741516228,0.8514522285999419,0.9086028062058329,0.7914817933747114,0.936856617437004,0.8569921405516497
bg_2024_0193,0,2024,2023,61dbfdd28521f9308c90c25b11338b8d4a84bcf61abdb389858a2ac8ee611700,site_fold_3,0.33204587182772793,0.12101894671091229,0.1769212975874292,0.24555248447890476,0.11903601183213877,0.2627487863302694,0.12194262706026616,0.294665283245307,0.1013203541251887
bg_2024_0197,0,2024,2023,085eb8211e0d2e935d23d26841e01d26a6fd4d394c7185918f5965368be91c14,site_fold_4,0.5429468288012576,0.8989742655430388,0.9125767342413202,0.9895030650607051,0.9680018501522073,0.9956141912756094,0.9863208933848385,0.8572020506768655,0.7832731263158167
bg_2024_0210,0,2024,2023,81ecec5ea53df338cb8dec8a3d93efdf89b240e40ceb46e53c9c62deeb7134ad,site_fold_0,0.5643072244359858,0.26015324511269056,0.2566325413895356,0.8487616022852035,0.7106321492997066,0.8075437035823833,0.734622691327501,0.9405151233261021,0.6294582164273453
bg_2024_0212,0,2024,2023,d62a426cec03061a92b4b16ff9276a42c85c45c9bef3ede5653bbbd82d16c4a6,site_fold_1,0.6641070627553893,0.6269586554498224,0.48726473247795676,0.0047775171847206695,0.009808007950012722,0.003444267710928252,0.004140303587548277,0.011447591648278006,0.006191949799455352
bg_2024_0214,0,2024,2023,adcf989dc565c016087934f1ab4ba3b574fbe4b87d6ce6c4c0efac4ac2994595,site_fold_2,0.5056765688580791,0.749012541742427,0.4004680492404454,0.9998853391591477,0.9999836755646958,0.9998883590523672,0.9999771757845307,0.9978989923907828,0.9998504052530592
