sample_id,label,event_year,feature_year,site_id,fold_id,terrain,T_DW_event,T_DW_prior,T_DW_event_AE_event,T_DW_event_AE_prior,T_DW_prior_AE_event,T_DW_prior_AE_prior,AE_event,AE_prior
seoul_flood_2018_00324,1,2018,2017,a1b1fca44bc1ff34acebce1d2dec2893d4eccf3bfe1ad7734248e10fe47f54c7,site_fold_2,0.724289081114117,0.7597004547075539,0.7248405539297644,0.9123784189727251,0.914724806114393,0.9161576238655754,0.8956215742213691,0.9001873679835642,0.8954653530568082
seoul_flood_2018_00005,1,2018,2017,e88f89ee8b1977d499627aace65949860075e37faa7075fb202f3b9c70914306,site_fold_2,0.7311946925929133,0.8647889120833188,0.9301938863793809,0.9666547632383419,0.9491258279862974,0.9741408549192413,0.9644423215860456,0.9583346986036957,0.947396368896164
seoul_flood_2018_00723,1,2018,2017,f792ca6fa3b7966d7fa888f7aba498b9357ec720fd74b0d523038cf5741af0bd,site_fold_3,0.697102603263358,0.9095560017821852,0.9585776007132357,0.9285586820512836,0.9681580940292769,0.8914545182285403,0.9663067643438918,0.8476599505581682,0.9298754077844084
seoul_flood_2018_00741,1,2018,2017,0c53dcd495b829b20efb3cd45350dae6ad9e1f288bc99042e9b015befbc96aea,site_fold_4,0.6451038893838207,0.7242341854564668,0.7881688881137331,0.9649576941897614,0.9316229339331671,0.9673373047798666,0.9425928960861301,0.9662660363229573,0.8777036989720234
seoul_flood_2018_00325,1,2018,2017,a83737b63d9a503d7d831fb52ed8b58f380bae7bb9a6ea2c93390c680f809ee1,site_fold_1,0.6572494222406269,0.9658536100710737,0.9855892825444784,0.9941680307107056,0.9942078526269869,0.995921455277497,0.9966662964628842,0.9633925507365511,0.9679212049445916
seoul_flood_2018_00006,1,2018,2017,ac7d7cf118db0102628ab6d0633c011aa5b6a76e06adea19ae1b020a71924fb9,site_fold_1,0.681238457823836,0.748615695529624,0.913904584095041,0.9925772663976977,0.9605279466900848,0.9949779486086343,0.9815217958261817,0.9896769157356625,0.9518116455781817
seoul_flood_2018_00724,1,2018,2017,cd69195557cdbdaf5ce455c634a40f8ef2384631b031d6bf23b3bfbf753d27c3,site_fold_1,0.6950757030932583,0.9170699167198765,0.9471644855725179,0.9724103588630574,0.9918771587474612,0.9759482525819024,0.9954083903182688,0.9429904140253897,0.9814541120794525
seoul_flood_2018_00742,1,2018,2017,281ee18e6f6caaecbe9a202ceb6e7b72f1f1c841efc7b7cee1fc3c5652f3683d,site_fold_3,0.6895119793125948,0.7269714415389088,0.8335057330992014,0.949256975757902,0.9770387457218892,0.9445227352385182,0.9827534949774612,0.9723363798362475,0.978213803487695
seoul_flood_2018_00326,1,2018,2017,0b759919b089a0a22e2f525d49ab414e3f532557f3abde425e5117e4866d8812,site_fold_1,0.67405583143396,0.7183163270938346,0.814620792033559,0.9127619510343101,0.7531288688872753,0.9216590496702808,0.6969020294278806,0.7089855743029472,0.46953302937674835
seoul_flood_2018_00011,1,2018,2017,1d041d03fe3492d616ef2e8ff830888228eb12026dc49e31cce9a305e5ed7e06,site_fold_1,0.5880871746511499,0.6881231319142305,0.7913648367682963,0.9497279237121979,0.9399756432283248,0.9274853200160804,0.9373349231402149,0.9518611344340326,0.9548539547138113
seoul_flood_2018_00725,1,2018,2017,016fdce57ee065cde1e7a7d9c7335988a9c8740d99386001979a8db655fe94fd,site_fold_2,0.7448537635999056,0.9873840861606753,0.9957167400037116,0.9940757510400834,0.9967511770885946,0.9943826765833785,0.9971292231291703,0.9356698608479952,0.9797070849774091
seoul_flood_2018_00743,1,2018,2017,7620be273e51d04036dd429b1780df3112895de3b62b1d436d4774dbb49c4d76,site_fold_0,0.6559651164008934,0.7358594296432192,0.7787833599184193,0.9399601189824233,0.9067785324427038,0.9517701172813663,0.9241486609762455,0.9556775604056785,0.8677183238403798
seoul_flood_2018_00327,1,2018,2017,053d6f8c081d5d4514368aeca0fcac700fbe7e896de8295fc6772f272a3546f3,site_fold_0,0.6194721348653196,0.7136597200238007,0.7234899810972514,0.9321822064560793,0.6572085847999123,0.9459618618599936,0.7649474200980593,0.9105225582182747,0.7631091153717999
seoul_flood_2018_00012,1,2018,2017,9df6541a039a93123871f9d79f5b8006457ed47b9ce2268ed5d86a5099fcbcc7,site_fold_1,0.6955508639112186,0.8520482182655885,0.9774494096270759,0.9559540899328174,0.7535950006201718,0.9861805040636302,0.9514249219671854,0.9027619685452148,0.6700542715690361
seoul_flood_2018_00726,1,2018,2017,b7cfe4f3036b3920a9c0cea41a0880e97030fd6eba18c0725e204f88cfc566dc,site_fold_4,0.6560318325799542,0.8644789185682759,0.9921332867669792,0.8276370907123994,0.8463257788587726,0.9269259827869336,0.9477828591358421,0.8763389368371585,0.894332643064492
seoul_flood_2018_00744,1,2018,2017,3a238d50e2af219ba4ec25c647463d9ea7d1f63a9a1d239c41f91c75c557643a,site_fold_0,0.6559651164008934,0.6049876240023039,0.6132743624731821,0.9149421362986151,0.8662878308549916,0.9053325724856576,0.8427662106175483,0.9556775604056785,0.8677183238403798
seoul_flood_2018_00328,1,2018,2017,c350b7a0650780eee86eed1205b21bc8e309f3758943c1e32321cec0af94c026,site_fold_2,0.6812050141869123,0.8430538168618201,0.809171137374216,0.9775794029236007,0.9278020516330195,0.9682609352550233,0.9227913163775646,0.9608903623658969,0.9037707816653117
seoul_flood_2018_00020,1,2018,2017,388a682307c61eec5c4cc5e96e9adecbf7434ab3669180ed93edde5abf56ec24,site_fold_2,0.5182102237100483,0.6012940456677777,0.7543289628850354,0.9669173865990661,0.8961328381130618,0.9634603040103696,0.8923094681309323,0.9088788598070316,0.8745174547894259
seoul_flood_2018_00727,1,2018,2017,c750d53cddbd6712ab9b87d84b0fa4436f78f820dbb071fee232eebeb0c9dc63,site_fold_1,0.29950084508552177,0.3319958784429346,0.3613473475235803,0.2762217500238362,0.30771842535478866,0.27477168572910793,0.24514766342981556,0.203748147054765,0.23948565497155325
seoul_flood_2018_00745,1,2018,2017,3522d53dc7424cb162deeb350bf2fbeaae2820630dafe096b0b77802e2cb3cc5,site_fold_3,0.6470155797135976,0.6836507503279478,0.6794788850192248,0.9719296169250634,0.9341125009247888,0.9439266629564872,0.8800330478892915,0.9460243429471578,0.8754055996667535
seoul_flood_2018_00329,1,2018,2017,918ba9f59e992e22e19d2a2a57747a530407ff0a2caaae7081813c50b7096c64,site_fold_3,0.635639343113842,0.702214811234856,0.6605339660990639,0.9651713590036823,0.8812175237106419,0.9522154355417156,0.8647978079587862,0.9459442197254772,0.8164851612288697
seoul_flood_2018_00021,1,2018,2017,3b97d95dd112fb934e3360de60c479a157c794139261e92b084fedd6f79a6971,site_fold_1,0.26961359946393026,0.4604498128166688,0.5717545176572111,0.9044947726535226,0.5560125263108445,0.9064700122083955,0.5615354314052178,0.9508352853897929,0.7079124765697702
seoul_flood_2018_00728,1,2018,2017,1567ff21af4f0e60ece05b1b1f97f6688f3122fa285400a649e9f6911f4eb7d8,site_fold_0,0.6627778406838374,0.7915396764320276,0.8114283182011278,0.9752536120287741,0.9434200546710688,0.979609618911171,0.9679597690425833,0.957104933750368,0.8725842495567764
seoul_flood_2018_00746,1,2018,2017,f2cba0d9a3d3f61556a8daef88c437a1b6ffdb591f7f34d3bd05083858f871d0,site_fold_2,0.7016438619251687,0.654339754596935,0.7563554573544519,0.822726354089389,0.7555066478580355,0.8331209435006748,0.8021118381113856,0.8813208646679775,0.8169447272949532
seoul_flood_2018_00330,1,2018,2017,ccc187526c6e506022a98020a10e694ebed7f9288bcab382e7573d1639ce746f,site_fold_3,0.635639343113842,0.702214811234856,0.6605339660990639,0.9651713590036823,0.8812175237106419,0.9522154355417156,0.8647978079587862,0.9459442197254772,0.8164851612288697
seoul_flood_2018_00022,1,2018,2017,37ac8c59899fdee8a996aecc0b960138157b4d540236c004fac05624e9a802dd,site_fold_0,0.607259881631137,0.6501679823477019,0.6584215450688762,0.9985041202302578,0.9810618137553728,0.9990121482147638,0.9863065252014481,0.9974044528703798,0.9755207457323029
seoul_flood_2018_00729,1,2018,2017,c52b915e27b4091750b43512b670caee102702467a59260cb6dc9389b90583f9,site_fold_4,0.5190349662319409,0.7683509632281301,0.6757653828448797,0.3151247698505115,0.2661542079547559,0.3371871896215106,0.20813549396726616,0.06330905553716885,0.05710125894778221
seoul_flood_2018_00747,1,2018,2017,c7edb11248be6812169ef801e912dbf2da345059d9f63db27f0a5fa68b0be9c7,site_fold_0,0.6663803891725243,0.811467501717163,0.7715129078991109,0.9950123954722886,0.9908858831947183,0.9932877535605589,0.9911171205985942,0.9878900786298598,0.9530791856105626
seoul_flood_2018_00331,1,2018,2017,1d35c36c5c8376735746df76324bd49ab4a065010f8d30d93d79cb28dc3150e4,site_fold_4,0.6543848258290742,0.8195940846036438,0.8920371992879058,0.9743284892533651,0.9501859853200398,0.9744931625970653,0.9508942388871405,0.9772185213429007,0.9505460347947442
seoul_flood_2018_00025,1,2018,2017,53a24fef9ef8807e2cc28e2f06874c151ec3c800b1fc78566a38dfc78c97939f,site_fold_2,0.7057385858844191,0.5972814013446279,0.47375547654587424,0.7331384374351929,0.9551209540693905,0.7516794594541861,0.9468071803701246,0.6967675515624089,0.934685712253723
seoul_flood_2018_00730,1,2018,2017,2188fc31bf1b87a414d865159779d5c75063bd89ee3bba3de439f0c8935be81b,site_fold_0,0.6369466299707461,0.8515546464919208,0.9364270436150359,0.9457785147896246,0.9852296138786681,0.9701148558357618,0.992176805388706,0.9390056262321345,0.9850502967962834
seoul_flood_2018_00748,1,2018,2017,efa5830a13132042247e314874bb44bc8008ea34483223557638b3c466ae6d7b,site_fold_2,0.7260470205464502,0.8100327417951722,0.764617779616823,0.9788045591277132,0.9629043839519587,0.9732018318285284,0.9656844647024877,0.9648595475168199,0.9430984665488242
seoul_flood_2018_00332,1,2018,2017,381acfff536f180dba5bf633c798bf56cbb21042110d410ba141294bbb24c97e,site_fold_2,0.7087039337847766,0.8539033116033661,0.8826966880257416,0.9714145900008099,0.9394402986002488,0.9616404147651201,0.9299046545430674,0.963793167508754,0.9376299686503686
seoul_flood_2018_00040,1,2018,2017,659d244386f4866b404465faceec6356e38de3adfd161893e5fd8ef2a036df9f,site_fold_3,0.6833849837438275,0.9398285348047587,0.956959912339551,0.991203039750791,0.9100552485068804,0.9912927625702826,0.9387264267636725,0.9725073185274449,0.8235257163360042
seoul_flood_2018_00749,1,2018,2017,6d7587c462684477b7bfd3915ed0660269aefa70ae2fb0556af7aa5c82ac789c,site_fold_0,0.5793828307666026,0.6083545332749262,0.7578856858475762,0.7368643352573985,0.6681379983707125,0.823444896785033,0.7776458054972589,0.5469113469315338,0.31147168629848654
seoul_flood_2018_00333,1,2018,2017,605ee8a54d1aaa4b9701f183e63067ac88aacf7d6bda1ef075ab1637bfd92de5,site_fold_1,0.6688885426234856,0.8596575554023498,0.9098357044355232,0.9684667507167332,0.9080058343676822,0.9688782413616789,0.9333056941536745,0.9272421671428106,0.8147928817434027
seoul_flood_2018_00043,1,2018,2017,cda8b7236e56129d5f1016fb65a3cb4103a46fdbfd7644c4b4c8f1aa856ea226,site_fold_0,0.6621414101819756,0.8040748420511258,0.9420501067971151,0.9286105816798181,0.8864027830604023,0.9568721124769582,0.9505402723118008,0.9213331819136233,0.8049565391403283
seoul_flood_2018_00750,1,2018,2017,3813ecb1452f6add0e764ae12869927bdd31ead5da2599a59a4786f1c1d338fb,site_fold_1,0.6763883175399593,0.5472761823954762,0.7110554306886628,0.9242203569665873,0.862237055830883,0.9116951844467867,0.8338758062884779,0.946119005008843,0.8614702689665065
seoul_flood_2018_00334,1,2018,2017,c8a1f2ad0894e015f83443c9267b0394232ddbc3070594550ee0c906ef8fb4d8,site_fold_4,0.650261304522384,0.790026126105371,0.8066344200929737,0.963678297420309,0.9726955097681548,0.9631472081712674,0.9701198494569209,0.9669717880529146,0.9746074393556204
seoul_flood_2018_00044,1,2018,2017,b85e697ac2a50ccb96d372f5cc922136a327bc212ce3ef91b6d535dd5a1433cc,site_fold_4,0.6752585267864087,0.7050133130079004,0.5402047471837881,0.9944398842079798,0.997017122400304,0.993366960364994,0.993714337878726,0.9818566477364303,0.980600037216951
seoul_flood_2018_00751,1,2018,2017,1d014c0252c9d1e801cd15c8ef78f472bea4869776885c791bbf25c842eca006,site_fold_1,0.6763883175399593,0.5472761823954762,0.7110554306886628,0.9242203569665873,0.862237055830883,0.9116951844467867,0.8338758062884779,0.946119005008843,0.8614702689665065
seoul_flood_2018_00335,1,2018,2017,b2f2b60c254e7490190f41b9c16af5d8de91579749b3fd585287c90ddc3a9f8c,site_fold_0,0.6441332958935018,0.8859595678112568,0.9708845817381188,0.9013889912024511,0.8650353588324264,0.9222150815468575,0.9348196107993473,0.9038191449066639,0.8694468362287882
seoul_flood_2018_00050,1,2018,2017,79f8b2c51da51d091269b8226eaa9c01c48c24aea78c15bf3cdc5ce731a6e3af,site_fold_1,0.681238457823836,0.6969607522000484,0.8622149422536319,0.9915573330264803,0.9566540676552133,0.9933277501561184,0.9685913902046677,0.9896769157356625,0.9518116455781817
seoul_flood_2018_00752,1,2018,2017,4299d7148be312faca910ed1a45c3f59ab862b0ae0e28fb46a59d325163411e8,site_fold_3,0.6470027307865167,0.7445829205417086,0.7748253660815844,0.9612814630621721,0.9121448435036784,0.9515549588106114,0.9010746527426144,0.9249409171216361,0.8117298161932431
seoul_flood_2018_00336,1,2018,2017,58dcf847e10eb5935155f8eaf1b4d1599acff4602e20f9ba360e9e0b5f450524,site_fold_3,0.633937567067802,0.897982839223172,0.9695452277934304,0.8588022170221542,0.9029609899717455,0.9007430639675176,0.9482759826863252,0.8836847172547039,0.9260727095460298
seoul_flood_2018_00053,1,2018,2017,624e10d71a7f47b984636b6edb8bdaeb5b127bfda9d61227a0b41f3151c86416,site_fold_2,0.7359947725271535,0.8241168057759363,0.9442458655368302,0.9940434129458081,0.9775608308412651,0.9943011774434457,0.9794854878212913,0.957471864987393,0.9124245387522231
seoul_flood_2018_00753,1,2018,2017,326d3e32f81727903e6e38e8d66e8f45c0f49a83fd1d55dc4bf18b1596746aaf,site_fold_1,0.6749906309196352,0.7465515939675068,0.7970105752179859,0.9798476039427503,0.9404134695374811,0.9792793523612109,0.9434056421052046,0.9665247783581726,0.897804912568758
seoul_flood_2018_00731,1,2018,2017,7e27002406c970b9f0ad3eef70363e745220a81e62d98ccc076ed94360476b50,site_fold_1,0.5403387863228009,0.5552428564910321,0.9073828840614973,0.7928768832859304,0.6832790736520115,0.8764395959857268,0.860544031932918,0.6440427469750221,0.6592262309830469
seoul_flood_2018_00056,1,2018,2017,48b35a72390e799e3ddeeb233e3c32a9ac9aaddacb845ae849a8bcb07b4e71f4,site_fold_0,0.666408383760869,0.9206815028031207,0.9247861519145303,0.983922745461769,0.9829086811212775,0.9878119299011903,0.987306830868284,0.9602963005395665,0.8701895774523037
seoul_flood_2018_00754,1,2018,2017,97789c0161bd76a063a56684677dbb07715ff06ff30edbf9dd137f6c3b398409,site_fold_0,0.6470817621447381,0.7836581460086979,0.7304105668243596,0.8915062192252297,0.8385204865435404,0.8776804176720998,0.8480391601885169,0.8442677989632276,0.7371654053782831
seoul_flood_2018_00732,1,2018,2017,e5fa1ea429c64ce2505d006be1fb818f4d0046e475d298ccb992113713754a16,site_fold_1,0.6786855677396334,0.8390172942160854,0.6755522939139161,0.9573988119251616,0.9323119945159204,0.9571424361831572,0.9314182018674317,0.8590865315159727,0.8466672970501873
seoul_flood_2018_00057,1,2018,2017,21e378c1bde8ed37fbd884d8f7bf3aa6571b63b171072ae0243436ac2a33da03,site_fold_2,0.5590432808230628,0.6785961829831586,0.7288377059243865,0.978803112236575,0.9675237376588395,0.9692970339176328,0.9390498655761299,0.9445424233148778,0.9072934633849803
seoul_flood_2018_00755,1,2018,2017,f7652aa85c77cbc87997e2756749f15c92d172deeefd4982fdea8e0c0e1ecc05,site_fold_2,0.7016573798226982,0.6543389372131581,0.7563553425750458,0.8874202846698801,0.8307734957936718,0.8903355284808295,0.8610870136275791,0.9096258219144513,0.86672500018318
seoul_flood_2018_00733,1,2018,2017,1a260a4112fa78b379fdd3363e95fb3f2dab1c04edc8b1adb13fd6674ef65186,site_fold_3,0.6472986548899274,0.8295666642286933,0.8769496397981107,0.9914106484932589,0.9805131317885931,0.9967267428805169,0.9893041690357703,0.9844921161577909,0.9790422939230092
seoul_flood_2018_00061,1,2018,2017,dad1c77fbc783427bafba867dc3676e700063a0f8bf0cba6999b50341c608236,site_fold_2,0.6111467480698973,0.797898826470071,0.888015442503989,0.9125116782921285,0.9515713739705166,0.8866249629500932,0.922320753484907,0.9118534551067948,0.9377231436701452
seoul_flood_2018_00756,1,2018,2017,d820383513b0930310149682bf4fa107808fe3139631b684f8cddbf29663c7a1,site_fold_1,0.6696257786862924,0.5418398574553768,0.6442950649749792,0.8810874769323105,0.9323053046145231,0.8966774203246666,0.9291604118840987,0.9397806953897984,0.9290339771991672
seoul_flood_2018_00734,1,2018,2017,41db34bc751872c31e82c1435d7851e06d4acbddc1fe6a1b119b517cb9da914e,site_fold_1,0.5738185391523609,0.768950071247538,0.8102768174802658,0.9884143745622098,0.9886787818363371,0.989656569276414,0.9907993360424291,0.9578722166500436,0.969708183054667
seoul_flood_2018_00062,1,2018,2017,9f7481cc4bd4e573144e61fce0fa90b22b1866ba41db60d60147951b6a558950,site_fold_0,0.409116889209461,0.32184568344109954,0.4219545973364847,0.8786669990209247,0.9288153868087092,0.908372627451617,0.9341156493640085,0.9035644082796392,0.9704975025930387
seoul_flood_2018_00757,1,2018,2017,8bf60aa3320ff1085bdb260f4de4d79abcec85d2751865de7bc81c6e7f5c9230,site_fold_4,0.6386670944293051,0.6421958879147575,0.7158088760397382,0.945778829166612,0.921088376646494,0.9455453982717729,0.9270917819433594,0.9479297029072705,0.8909194290292782
seoul_flood_2018_00735,1,2018,2017,9a2a6d96d61b642accdc67fe6199408ae6318794974446f6e6849d5d9b096ab1,site_fold_1,0.6895968659165749,0.6518775050345718,0.5199484217738886,0.44555123186358087,0.4517972466976702,0.46459507058024957,0.3867394638971465,0.37558159176711575,0.4481904052430488
seoul_flood_2018_00064,1,2018,2017,ee0fed5c78b685055fd38ef69d86e32bb9b0540bd39afaa2454136cc247e7709,site_fold_0,0.6294028762939915,0.4023976618745371,0.35093665684923336,0.9906458033553309,0.9791772591853617,0.9873302371048298,0.9587643119098739,0.9860679350046434,0.9144053323771757
seoul_flood_2018_00758,1,2018,2017,705e49ec80245d662e9cf4181ff34571db06dfe1e4d68d6be85d478bb8638e6d,site_fold_2,0.7016438619251687,0.7039451791555101,0.7802148060312767,0.8439741033399861,0.7951022842246012,0.852184486209485,0.8322507008311768,0.8813208646679775,0.8169447272949532
seoul_flood_2018_00736,1,2018,2017,3a631fbb8ea1590814892f1b2dbb54dd3a3d627eee72ad04c6730da37e0c1d54,site_fold_0,0.5765242194170704,0.7436590043595586,0.6202874303337628,0.9905069681013484,0.9856239092625544,0.9870686131251234,0.9864764701790483,0.9922989014259519,0.9862231230946032
seoul_flood_2018_00065,1,2018,2017,8eab2f8b57512faca1a4b9278339274fb6f1b87d275b8d9d89afaa1fa7b1bef5,site_fold_3,0.4009665593507163,0.5510956049901484,0.5243626162991106,0.26911940544618473,0.041846517428462765,0.19762778038357365,0.05031667936783594,0.155303490252931,0.10477026548988266
seoul_flood_2018_00759,1,2018,2017,3079dfeaba1faf9d566c7050ff2ec5201d3799d5b4bc7d5fc23a1983a3885e4a,site_fold_0,0.6559651164008934,0.7358594296432192,0.7787833599184193,0.9399601189824233,0.9067785324427038,0.9517701172813663,0.9241486609762455,0.9556775604056785,0.8677183238403798
seoul_flood_2018_00737,1,2018,2017,112344c4987a5f696346382e2b12cbf7f30d7e84fa4b1a4e4543ad0e8ded311a,site_fold_4,0.4174478515739913,0.43648667482457904,0.2569389990154999,0.9953339042477674,0.9940614774608484,0.9945334471519723,0.9905202935229594,0.997290010137478,0.9967631743085276
seoul_flood_2018_00069,1,2018,2017,2b3e5e6e494b7fe4dad6a6696e4750401a2405216cf6320548ed8ca7ad9d4225,site_fold_1,0.6404900638139608,0.7145913762775808,0.7711227614353302,0.9459092525773104,0.8843737785100149,0.9437300603749783,0.8140702750790542,0.8356209667667572,0.8515306253048875
seoul_flood_2018_00760,1,2018,2017,d19d4648cf65ca6ea86331157fa9bf7b652de1ccb3a2155cabc6bf5f2b500ff2,site_fold_4,0.6715007038794486,0.7433252852414296,0.7871242664847777,0.9822201031216645,0.9943915261313843,0.9785148378930468,0.9938225032489234,0.9854153231287438,0.9904406857497224
seoul_flood_2018_00738,1,2018,2017,b219ab5ae8913d32375632f6109b09c84f177543da505670ae46e9c08117413d,site_fold_3,0.38782934696482935,0.40981821800773144,0.3566043721057246,0.9840221391970477,0.9755793187085681,0.9843125516558524,0.9738465137343159,0.9863588737623288,0.9797450460824286
seoul_flood_2018_00071,1,2018,2017,7adaa6b8000bc42a464e78f70fa2d413bbf039dd656438fd0e5654cd9ae0975f,site_fold_4,0.6626124935699973,0.6885195000795783,0.7621832101105982,0.9757251489562191,0.9056701843869205,0.9776225545704451,0.8701728353919943,0.9258421045488079,0.8258025411258341
seoul_flood_2018_00761,1,2018,2017,649a028f0cab3f8dce663c2991f00eb3df881d64269eedcbdf1a0f16a1ac86ad,site_fold_4,0.6458544745878898,0.6741628592218557,0.7240637268900294,0.9963180304362587,0.986921603083708,0.9965472024070985,0.9884967015201203,0.9967466020688794,0.9791926426555142
seoul_flood_2018_00739,1,2018,2017,d1408d944ffa98ee9c0008881a700f860a827354ea90fa56a5140e08bc15ca6f,site_fold_2,0.5437106956008426,0.7197894119306653,0.7708153979607785,0.785881638316731,0.8079702341225752,0.843586894105152,0.8552921494265306,0.7673733996610351,0.8096498151084887
seoul_flood_2018_00074,1,2018,2017,275e9fc1dbbb45fea3e5c12324184c1afc46cc59e56490e9b814a413a9db3ce2,site_fold_1,0.5038290657788116,0.6093882339835177,0.610692769832266,0.9744580557491738,0.9381956310066046,0.9638661656585464,0.9297095208654553,0.8629267768063386,0.8146582265585436
seoul_flood_2018_00762,1,2018,2017,51e73d067106dedd680d04080ccf46f7803895ebabffcad1563ccaf312909474,site_fold_4,0.6210158699605142,0.9625088621495292,0.9865178400565591,0.9982315533849886,0.9942263767538368,0.9977220298256996,0.9963359245166966,0.9959282373422897,0.9882558500749083
seoul_flood_2018_00740,1,2018,2017,138f9834a140c30fe1cb1013f09b6df844aff508584439948cb9fc3ecb933306,site_fold_1,0.6616423499545888,0.11729409924061077,0.08795163650241114,0.49686262127261727,0.04174233637799432,0.21918610570967878,0.0302171791021702,0.2214407280024569,0.043999349812937356
seoul_flood_2018_00080,1,2018,2017,5b18f1a9783d4518a71dc4dcda4a948cc51404a72c5c09734ee122e18d3f95ef,site_fold_3,0.6982239044545461,0.897841039727727,0.9400102324996937,0.9926566771499283,0.9911038276337295,0.9918812861936124,0.9919896332401018,0.9611091557528256,0.961225987046634
seoul_flood_2018_00763,1,2018,2017,2ec78c588853f99c32d1ede1fa1ac3ddfaf067a1b750ed949481cb32e682495f,site_fold_3,0.6373074695897932,0.6856695921787804,0.771914715044021,0.9041004398947345,0.952083150459148,0.9155811737558955,0.9599485487708412,0.8408221265741919,0.9265181256385443
seoul_flood_2018_00083,1,2018,2017,53f21c0284ddea8549b752d3c5ff3be611c28804d4f6564a5f13a1ff0a5b11bd,site_fold_4,0.6319262380604603,0.7715268228135329,0.8481780024748178,0.9921003420957081,0.9903300617791613,0.9909128760629823,0.9867861454068575,0.9846179433084903,0.9820183313570723
seoul_flood_2018_00764,1,2018,2017,05d3f478e28ca860362a10d492fa9a67f8c033caa6ab9ca380f53048b367b481,site_fold_3,0.6051669970205348,0.5149001113705428,0.5382015901569152,0.4354967228557443,0.6633168992608682,0.3501833723155332,0.6085621663239702,0.39949123038003287,0.7670928158794009
seoul_flood_2018_00085,1,2018,2017,0765f22659ab1c730be3c132151cb333cb8e887f92fc902404be8b7a4e4d42d8,site_fold_0,0.5625974117725677,0.6465086563233821,0.7417710479471686,0.9813036433609296,0.9001099442130595,0.9873345360873668,0.9184499702835321,0.960323205248373,0.9149300949294896
seoul_flood_2019_00001,1,2019,2018,fcb0a15bb5a2205a02887417432d9ab19ce9374453c6aa345161e4520f3b6176,site_fold_0,0.6403343141090065,0.8878693894345554,0.6202811785833175,0.9963626441564357,0.9980591952428255,0.9863294925427996,0.9930137830380553,0.97956480092262,0.9900768084152926
seoul_flood_2019_00002,1,2019,2018,5fd8b087336a389f8364b4a246a938ed21be409b952c86585a9f54ddd749638b,site_fold_4,0.3602010011870159,0.7096662254882885,0.3510662307890511,0.1496112344695061,0.11144132691616179,0.19952101920394055,0.14877251646789552,0.14532542112995736,0.24645172102718085
seoul_flood_2019_00004,1,2019,2018,54cd0bb8ec5fe2848ec2ecae95098289bd76d30ee662d04ac03f69be0465d9d9,site_fold_0,0.6951581790301007,0.54377958620637,0.4022990329346524,0.0042257041986569184,0.024543114403316444,0.0017947131116675804,0.007887131645627326,0.0009453386832033107,0.013201710451132265
seoul_flood_2019_00003,1,2019,2018,547e2d01ac7557cf394ed69c6db6d5d02025d9fe473ef3bf7490e9270bc0d793,site_fold_2,0.5357149855558849,0.5088775176799636,0.3537430932630027,0.25166666433042556,0.5469516622000495,0.25745608707560597,0.4679307129074005,0.12702813024014045,0.16758588022574328
seoul_flood_2019_00005,1,2019,2018,fd65d6658f5c8b220975c11acba4fd65d878d6713aff553ae1f91f6159a3afc7,site_fold_1,0.7101249420594776,0.3295794277071004,0.3102465902918839,0.2349690884483156,0.5343124118326491,0.2051448901478127,0.6054612661774756,0.3365937721337708,0.8435167431404239
seoul_flood_2020_00031,1,2020,2019,60cd8eda4cf981487d922b2bc9e94f935b3640c72165ca20371285f105bfbc4f,site_fold_4,0.649363411955893,0.7379211527912317,0.7913781079139672,0.8182720834949276,0.9191734625464033,0.8503151739306135,0.9278604966297701,0.8620768093980371,0.9496763204258282
seoul_flood_2018_00087,1,2020,2019,3c515eb667611eba105aabdc662f06d42cc067b6a4d35327bb2f79d1c65ea40e,site_fold_2,0.614027893118011,0.8601234618766126,0.8334790074764243,0.9994761064737998,0.9991417273655978,0.9983525939001189,0.9976014782623003,0.9890198908045362,0.9755678049537441
seoul_flood_2020_00161,1,2020,2019,c90712fd2ef2d9873c9b89acd3eeca11a6a7a57e145395af8d2a70433783d621,site_fold_1,0.6720258611881146,0.5459422074908492,0.7141839209777695,0.2780997117837292,0.11097594538614312,0.5090275004710921,0.22388990331703204,0.2133039513260867,0.051627180779074945
seoul_flood_2020_00038,1,2020,2019,7222b0a726b4d6c589b7367aa03cd95be294d02ac9a05538f65edde4b0fec905,site_fold_4,0.6684767745224919,0.8131898242686377,0.9175771748949052,0.16168560114555053,0.05615415084104368,0.2477944607706667,0.09735709959308281,0.11102783106603323,0.08531624141893361
seoul_flood_2020_00032,1,2020,2019,cb715ed173479e77ef2d6ac026302a54a58d9972f9db28988c05158b74d71cf0,site_fold_3,0.32988323396251296,0.32037645793691416,0.3282888566649823,0.43386731589364635,0.6226980451950525,0.2672396762940326,0.4193454693593603,0.3198456046233894,0.6902051933312856
seoul_flood_2020_00008,1,2020,2019,18a42675611639157295738f87f0005ce33c610aa2b3bc131d1c81844bbf3344,site_fold_1,0.3130862215984738,0.30853620141758115,0.4248707470018906,0.047850639303655816,0.03390000103549727,0.07177359419167353,0.03768147202525186,0.018015226580871572,0.005679390973032207
seoul_flood_2020_00162,1,2020,2019,18934a7e51159b2f8bb68012fdb6bd5b0f75ef97656072bd5eef4b836fad42ac,site_fold_3,0.6137158066046269,0.8692099593571699,0.9448131401042752,0.8781235683506684,0.9888613788916639,0.9267332496578866,0.9941680802920781,0.515116971356361,0.9187569517690095
seoul_flood_2020_00041,1,2020,2019,20f45fbd0cd6c1b2391ffe209cca7f6998b68037228bc730a5c77074aaf53eb2,site_fold_2,0.696322632204868,0.5385272871698422,0.6383655616804396,0.7476420632275087,0.5466678349823888,0.8380140420216875,0.6406761473305548,0.7821734636310195,0.5685477914924519
seoul_flood_2020_00033,1,2020,2019,ef6b220ac91c0f350535c2927f95ad072f275f16ff047695c8ca1b82121c76c4,site_fold_0,0.4323435754005031,0.5006123193570022,0.6220862293319397,0.9411585329923284,0.7979450309769205,0.962833704060977,0.8885541256881303,0.9212022266110639,0.8228108532385527
seoul_flood_2020_00016,1,2020,2019,e10a1d4b0b322dbb7542eab7927bf9f8e9d224d52e55caa6bac671aeb120f13f,site_fold_3,0.6132211366544964,0.8290432136642141,0.833918617622117,0.8021189256878027,0.8563289109063491,0.9097469012227242,0.9339396170602476,0.8367353220792375,0.878663921066404
seoul_flood_2020_00163,1,2020,2019,262d20d84cc21b6ee00c5d5c466254ab88ec02c9f15fc316248a69cd528083f8,site_fold_1,0.6437860492028121,0.48435458303532364,0.42626337398888314,0.4657783651322899,0.4294678939048909,0.33008717304772983,0.2611246681221328,0.38307926752709415,0.44855064166507547
seoul_flood_2020_00155,1,2020,2019,f4b457f52bf5d3e32988f5e0f4e9e9ab2afcfa6bfbde1a658ba24fdee3240d98,site_fold_3,0.6232153920301754,0.1532765247126663,0.26891251245125397,0.9815382596145444,0.9673263979806636,0.9786744750849609,0.9445306437334793,0.8982196433516715,0.8277993356053228
seoul_flood_2020_00034,1,2020,2019,10c46e4c62d7fdf5ed72a30e7772ba427dc77d249e30d5db3813c87d6a25358d,site_fold_4,0.6604407956554408,0.8564250351859285,0.928848963456866,0.9646146282613932,0.9395964103019262,0.9703236730225578,0.9506613369414258,0.916402850263763,0.8555423429669314
seoul_flood_2020_00017,1,2020,2019,75b5b3fdff7bad158fcf1d9e2521788292a2fdd529262e14a8c3c7e1065b5167,site_fold_2,0.7339367919533158,0.9552216578614663,0.9538040581678849,0.9752856435612971,0.9684651452701157,0.9737516289908639,0.9676983603629891,0.8436822845843829,0.8182700215236685
seoul_flood_2020_00164,1,2020,2019,d38c663073cd86f011cced4de194b87e1b9d16bb8b5389e5ccf62d2aa8ebad41,site_fold_4,0.6768112669264521,0.6017692620671905,0.6537978635158682,0.23052483641413468,0.218271056131288,0.23895545592597117,0.2333443040083458,0.14869611521895582,0.14073585300324462
seoul_flood_2020_00156,1,2020,2019,3555de32ff588ee5c192166c9fc69526e5cdb8a175dba83f459952df5027364b,site_fold_4,0.6171516801117894,0.33350852905571776,0.4858559515719597,0.8963972167475196,0.9451963044766879,0.925053929741862,0.9410874544889752,0.6257615137241638,0.7699401681053429
seoul_flood_2020_00035,1,2020,2019,7e6c491cfb15eceaaa54161669de732ec9dde775dd0633a75e28ff537399fb74,site_fold_4,0.6593526585331623,0.8752529975573804,0.9422153380136746,0.9267260992109059,0.9315212683496982,0.9395602255088313,0.9508828665159209,0.8660219905598084,0.8593414665910595
seoul_flood_2020_00024,1,2020,2019,08886a1567bf070a2898b735962da5b5637940828754011bfd419b9efba0e6fb,site_fold_2,0.6227803312078927,0.6730852125978187,0.699155901134247,0.5989175867566898,0.39159396391484175,0.597732520599981,0.49128661471783863,0.7257009743868813,0.5660608793672787
seoul_flood_2020_00165,1,2020,2019,40392281aeb3adb0c0778c84507c484136bcf21550dc3461d47533208cc16d0d,site_fold_0,0.6797956929870862,0.8457052897390646,0.7834062028826405,0.9766180248117584,0.9954124766622713,0.9763080679304973,0.9970781851865479,0.6628451882262469,0.9484603999380229
seoul_flood_2020_00157,1,2020,2019,7b2db85225e0120ee8866f4d1af9bd2aa38f479e3462310696a9b7979bf3c97c,site_fold_4,0.6171516801117894,0.5687929159071884,0.8390603538360075,0.9964980348177651,0.9926691933968264,0.9990696983244257,0.9981117885646705,0.9317270909571125,0.815995220706254
seoul_flood_2020_00036,1,2020,2019,a40d0bba62c999d879457048f04d7b8deff936b8ce065f1b93ed9f9b9add1779,site_fold_4,0.5899739149188566,0.7456701533459797,0.8476855369095846,0.5576722000987957,0.344559033280418,0.6861232626800069,0.49700738904858655,0.7965152497193875,0.5997204052658898
seoul_flood_2020_00026,1,2020,2019,60c400e61de242770e7da27016af5b1594a883cf59b9a9d86a72b9faa255f301,site_fold_4,0.6100259984536228,0.8145369971978822,0.8155004397822148,0.9686104954921747,0.9315451982963897,0.9713265918255215,0.9095617676301772,0.919141867044087,0.8026869141817701
seoul_flood_2020_00158,1,2020,2019,0ebe6e4adbc9b4123af967a249ff6160cb782d1ce30ef79fdfebfa0de565d9e2,site_fold_1,0.01744540084581192,0.0008037840322462718,0.0002856292437350951,0.0006635922751444117,0.005047792950619525,0.001689931619507708,0.015681114252780917,0.7483518224760429,0.9471182367124946
seoul_flood_2020_00037,1,2020,2019,68064bd8597c3a2f5dcea7760664869c422926f714498f30c771c4ac7d10c12c,site_fold_3,0.6403968648858571,0.5749114366495173,0.8088284349545178,0.3305186096813538,0.35736080400392345,0.4154883484541745,0.541967756096878,0.558405998770616,0.5655892697867727
seoul_flood_2020_00027,1,2020,2019,159756d275658a6eea185326c1c8b8bdf783cb6ed665eec07e2c6cfd1f90fd46,site_fold_3,0.6617034499041371,0.9889209650824978,0.9950332027460947,0.9993359993315749,0.9983998058675583,0.9995095040427122,0.9993025465636662,0.9948051676906905,0.9880624256321527
seoul_flood_2020_00159,1,2020,2019,19c1885565e56c290d21634561050e4e1cc121630fe7468379a765458fc7dd94,site_fold_3,0.6256847809888048,0.5607869829284382,0.6423646681551726,0.995879097488419,0.9985068112467544,0.9967380165942004,0.9986596807966772,0.9028626952622794,0.9518971220597241
seoul_flood_2020_00052,1,2020,2019,8f04d29a85b032d3db48171fa74a0e015c47781d33e5eb50b4beb7c8e972e2d5,site_fold_0,0.6598112739730162,0.9890601997989484,0.9964307724805263,0.9989380656991693,0.9985461568946679,0.9987618524323955,0.9993308453403394,0.9638666074639077,0.9596045408510604
seoul_flood_2020_00028,1,2020,2019,e311ebab0d1322dd22364ea30cd114fc805926a72b5d28893510e9a4da436f4d,site_fold_2,0.698665090250152,0.9976585449455702,0.9988478594221705,0.999790370674961,0.9996344126968107,0.9996735425690448,0.9994092832387221,0.9946845434096936,0.9908250082180118
seoul_flood_2020_00160,1,2020,2019,456d2ad59c7004e996a1bb2640f7a4c7791206f398afcf1712627e80ebbe03d5,site_fold_0,0.6545770407385828,0.6209034965224911,0.20677663690785794,0.06385547803455804,0.11128816689615674,0.019610106476914444,0.04288784173628268,0.09426970153263521,0.08267893798009934
seoul_flood_2020_00053,1,2020,2019,e92a42c30861ff8dd3c05bd15d469cecd2a4a795eabff79eb9735e228dfa1377,site_fold_3,0.6659294623585079,0.9194867286759462,0.9846307481019686,0.9809987653426671,0.9871504036772407,0.9874853312794956,0.9945169312852027,0.9814203613748629,0.977607388455447
seoul_flood_2020_00029,1,2020,2019,e54e33160a2670c6606515444b193b0c29f0b4c0ce102243371879c9fa07af70,site_fold_1,0.6992124838223724,0.7369889184561608,0.7918230423960254,0.9962624777671545,0.9885663338639137,0.996416751437118,0.9905331719089336,0.9741704354624859,0.9059821527250972
seoul_flood_2020_00054,1,2020,2019,903fe509e1173017f2664fdb60235e5c0fecf5698740e6cbaf813caacf9bafe2,site_fold_2,0.5986783367596585,0.8648967298505258,0.8899456378692289,0.8310020268195278,0.8161832926264717,0.8512022099446808,0.8716029560797132,0.8458441316233066,0.8250705981921919
seoul_flood_2020_00030,1,2020,2019,4892c95f9d4be5fe6e9e807cecd47c952f44a5088c5322e9a089f89958183f58,site_fold_4,0.6421451107810748,0.5819781693787489,0.7994754886316982,0.9881563920906128,0.9962540264774792,0.96347131506064,0.9906361403507502,0.8800701322700772,0.9486511612163049
seoul_flood_2020_00055,1,2020,2019,4da29f2b0d9cdcc836f9470f506600c4a9c7d272b3e99196aaf402c8da14efe6,site_fold_1,0.6738760597374016,0.7179592262858363,0.8944674834795672,0.8562093635872374,0.5426745250019477,0.870226598749766,0.6336505789418801,0.792135518316089,0.588021610548746
seoul_flood_2020_00049,1,2020,2019,11883d7fa62f924dcca67e6b71805e13ffe7284cfa99d3aab7e71251afc42871,site_fold_3,0.6625487787338069,0.5907104604503021,0.6698330106428526,0.6109550462604236,0.311139481118664,0.748395149364275,0.42740354390161556,0.5042928068146668,0.3740483949882935
seoul_flood_2020_00056,1,2020,2019,fe81cdb1e697e8d9d4e8a80b1d37984835eaf1d7832d50438399759015467427,site_fold_0,0.5859096461218932,0.7334688640246243,0.7838041002465909,0.7398895828875608,0.5668830896314525,0.7366413573938733,0.6156051880246437,0.8680169855455534,0.6803421905207563
seoul_flood_2020_00050,1,2020,2019,c16f2de5175ab6c9c3347be190453bea3fbc24fe1f20f10b5b6eed4088860d86,site_fold_1,0.5797018427071962,0.5610249612416726,0.517394913140607,0.4859909346050143,0.36575053725347856,0.563963501988928,0.3836672851050443,0.42495309925081326,0.3728614608670041
seoul_flood_2020_00057,1,2020,2019,85a1a4d286c1a53ca36fa8ceeca235ad1b2f583d127de7ab084cc0882321ff74,site_fold_2,0.6190903861669915,0.659379945705843,0.8129636897796417,0.6931816258188572,0.47041213712488805,0.7411351947531754,0.5836283050515435,0.8309300088952697,0.7144719362161766
seoul_flood_2020_00051,1,2020,2019,01b405d8db875779338248b392bebddac1a9f6fb16604928d371454ee69e0204,site_fold_0,0.49512355978799316,0.4467116363339777,0.47654716049448687,0.5851336571642723,0.5516291357998759,0.5361652848572921,0.5471980994144604,0.8685503688364197,0.8952980672709795
seoul_flood_2020_00058,1,2020,2019,6d3dd7eae848fa7d6717b0f8ee7631b0158b96c9cd6f237d2c2e4c179d9af571,site_fold_2,0.7464210428007945,0.9465668986317891,0.9524906674606879,0.8289639590498398,0.8110856345171905,0.8948588900472481,0.9040780069707866,0.7695421315337271,0.7874756106221279
seoul_flood_2020_00059,1,2020,2019,e5b2c0eae5350cbd21ab8dc75a8db32c3f296c350d962b4a4bf95ca07aa71bb7,site_fold_4,0.6636257456476854,0.6106565802295402,0.6043740552602368,0.8285988446478931,0.8550369832908242,0.8540158728527137,0.8704668108327236,0.8333370564922284,0.7968939032283914
seoul_flood_2020_00060,1,2020,2019,dc52b7037a37162ca7aeba0c259fcd2d421b8bf018e5cc39e00ec8d22374ef17,site_fold_3,0.6789509160795113,0.9374157929257967,0.977055095983538,0.9629517309187863,0.9044615096514954,0.9860338909494212,0.9726709738078904,0.9593412812067948,0.8631153460430601
seoul_flood_2020_00061,1,2020,2019,63766b2550ac2953f858ddfec3231520fd87d6dfca7d9e0ac9c396ec7684e38b,site_fold_4,0.6676621498569187,0.9177061197700123,0.9728273241882752,0.9357914545279715,0.9388757698046051,0.9602938035971749,0.9699643294187287,0.9263978934358764,0.9116142739732169
seoul_flood_2020_00062,1,2020,2019,8266c76f416d89566523a98da79764c403297610b0a135f5a5ebe1be9695c216,site_fold_1,0.6933570058294273,0.8124164291451774,0.8720812941975511,0.9329573906531268,0.948847224223331,0.9571172606278877,0.9644459138007792,0.9285766562364945,0.8920790196948097
seoul_flood_2020_00063,1,2020,2019,df5c84717faba2883b1eaff076e8fb3415343781d918d34433bbca08fcd8e080,site_fold_3,0.6661388995897624,0.8977002322475575,0.934660419613517,0.9367430234016012,0.98217690150509,0.9620762237725247,0.9907183125611972,0.9329185139043272,0.9735196585745798
seoul_flood_2020_00064,1,2020,2019,e99e51efa4aad35446fd6eeed904db223ad457aabb180255994303345c8ed2a4,site_fold_0,0.683574053368425,0.892830960932522,0.9187021588685628,0.9852063736183484,0.973514593549212,0.9900443915264616,0.9817955699955649,0.9468571758020973,0.9059518687918359
seoul_flood_2020_00065,1,2020,2019,03f72303926d55a23a3475a8ba15ff8d5fbd5acd435609a29c889cc220ab2047,site_fold_2,0.7384760433366887,0.9681556699875062,0.9705347167224785,0.9660992550743376,0.9798341310891046,0.9779139048891583,0.9853632295007698,0.8571737733317749,0.9129270099717505
seoul_flood_2020_00066,1,2020,2019,8346ac8e8c0e93102650b8a71656bdbaac4d11ea774826e6cd08a89d08ea03c1,site_fold_4,0.6839567725656708,0.8799372845157396,0.8783812450985893,0.9824829294554375,0.9593041861559662,0.984474529356052,0.9601151568920673,0.9388906328603628,0.8904541001605115
seoul_flood_2020_00067,1,2020,2019,058fbbcdcf0d4578013e341b772cf94f2a02c13400f39a0c2c101529bad541b0,site_fold_0,0.6796277809885671,0.962455689146125,0.9783401996154872,0.9954909085001423,0.995399422707709,0.9973741877597748,0.996854940603983,0.9684416151793064,0.977934836994129
seoul_flood_2020_00068,1,2020,2019,d42b20bbd4e6bc379486f37ee4112e847759b2099f5dedb9a751a364e5621901,site_fold_2,0.7161820453492947,0.9213780139247225,0.9447116531277495,0.9643598347168092,0.9021419608482745,0.9704363437346553,0.9432470930190939,0.9669565087354256,0.9247019740409721
seoul_flood_2020_00069,1,2020,2019,ca563eafd2455af056608fba6c9ac053308d757ff5046eab790cb80c2a839fc5,site_fold_3,0.6693945806203841,0.9533061441049233,0.9702622172924888,0.9731722960803031,0.8883969862405643,0.9869585804627291,0.9637506507948984,0.970178649252203,0.8952717913270548
seoul_flood_2020_00070,1,2020,2019,aa4fc57098b6444a72f7e54fad0bd94f7d13e0ed964d0da4f74baa4a28879a81,site_fold_4,0.683054086199232,0.9378718588856919,0.9678941825076611,0.9794743066114024,0.9602151872325954,0.9886785244345315,0.9816396336138947,0.9819692598128459,0.9744811714294641
seoul_flood_2020_00071,1,2020,2019,eb16dd72df019be8aaed131448ff14d6fa2e90652a14ac21d8168900287d1771,site_fold_1,0.6867729548837376,0.9912814905529647,0.9962771518318052,0.8541931824067402,0.7884971568316943,0.9499271047525024,0.9491458155763479,0.7301877474136873,0.5951978798777073
seoul_flood_2020_00072,1,2020,2019,ddd0ee00f74b24696844c4bf71e040308c72a4828d9cf64169a64e13cdfe5cf1,site_fold_4,0.6031495547935365,0.7886446411074925,0.8998517755451586,0.9897462946125772,0.9893213203277181,0.986484385447257,0.987737274590281,0.9782528220424751,0.9822807448839017
seoul_flood_2020_00073,1,2020,2019,df6af837ab1e8ab5974dbc7660158495b8788ed4c013bde7047e1bd168e85eb4,site_fold_2,0.73590749924962,0.7885109701799726,0.822627552783862,0.8773739380176686,0.9486770522554581,0.8981344464316648,0.9489513002284531,0.916801131088289,0.9290001448609992
seoul_flood_2020_00074,1,2020,2019,2cf7023a2041036172a96ac21f090d9cd58b1730cc9f9e95a6c212caec306f78,site_fold_1,0.6953612981400045,0.7990580534137876,0.8627165101670154,0.5693620639024964,0.564386319763244,0.71489531269814,0.6975495047180988,0.5160149854069059,0.4302859215369876
seoul_flood_2020_00075,1,2020,2019,e798af31805b93f2a373a142b3747c8dd0ae6e681f2c5a7759cddd703fd2d4b9,site_fold_3,0.6988845568545053,0.8103522975455001,0.841554656154402,0.9047714107527459,0.726555898545511,0.9491147973971186,0.828428752513666,0.818840194886906,0.5605424293464778
seoul_flood_2020_00076,1,2020,2019,847fee03f196da88ca147fdf7626ad98f52286f7ea498dd829ca73fc6754a405,site_fold_3,0.6980989376443528,0.8867158356576001,0.8144857630620553,0.9751707712988769,0.9421734402572676,0.9835568840181851,0.9496993806498959,0.9202505174611475,0.892442284872108
seoul_flood_2020_00077,1,2020,2019,ec99fd509b9e2467c4e1ceff5f845246f9e79dccf916d6cc7264606f24baa3eb,site_fold_0,0.657068774169041,0.7666753909151801,0.8868654700540686,0.9457689727279943,0.9402860390976534,0.964923423707977,0.9607296552234587,0.8992451851279636,0.9121927237999632
seoul_flood_2020_00078,1,2020,2019,2a970bd1e5da9c66f6c1d11324148b0c4aa0e7d91fd8c59caeed1de1c30ab379,site_fold_1,0.6859436174276027,0.977672112659257,0.9912583661858119,0.9427000982690749,0.9008136825621138,0.9775050159221818,0.972160390772946,0.8743853962527607,0.7485298981533959
seoul_flood_2020_00079,1,2020,2019,5aa2d66777c3e62df2fdb8eba1789b466006935c4c7891a25a62d120eb0a99c4,site_fold_0,0.6844265585451111,0.8694469148952256,0.9038702852870336,0.9288030511830769,0.8715852756324666,0.9533637409751744,0.9031000507468692,0.8030616569267407,0.5849999740922094
seoul_flood_2020_00080,1,2020,2019,ea0d9b27de5b3a497afb216d359db965021e8cc09be25f62cdbc2de869da116a,site_fold_1,0.6921325355579787,0.7574729360252966,0.8169187256279027,0.9701894612648003,0.9680778823128456,0.979143675689908,0.970521216066414,0.9131275051168716,0.9518900403008593
seoul_flood_2020_00081,1,2020,2019,f013ca10ef383f71858c29d3fb13140635d86a1ce3ec15fd5b0453fdb37c02f3,site_fold_4,0.6388821753060884,0.5956063760282285,0.6154856225229552,0.9114287578607635,0.9282031616677923,0.8778042366881681,0.889260672187243,0.9124792538958405,0.907496478971132
seoul_flood_2020_00082,1,2020,2019,b89594e6b2febff01ff6a0c0643adc8e4dc82e340c686e371c14308620dd0fea,site_fold_1,0.6977350192173947,0.6709262927034164,0.6924922136130851,0.5992757889848677,0.7324846805395928,0.8127476850196869,0.8672825234586042,0.7988377443091571,0.8498694255519381
seoul_flood_2020_00083,1,2020,2019,713f69f5010d35e7e66d51cf3ba9fe812d012df85bfad7f672554d4ac92faaf3,site_fold_1,0.595426117103378,0.9053632193809984,0.956338629015001,0.9329524127507695,0.9829494328473217,0.9159077696425574,0.9707009331787024,0.7215837161734837,0.904894620973169
seoul_flood_2020_00084,1,2020,2019,a6975803fcd9ed59082319f235a19be9cc856dc8e8022bbd04605b4189502d25,site_fold_0,0.5034193229181678,0.6870048112211232,0.7512031634025047,0.19659231089349827,0.5330103616776511,0.22919142460007688,0.6001645866007024,0.24777175935917967,0.6110345765095766
seoul_flood_2020_00085,1,2020,2019,c20bab6ce4577490838ddb71db53f4891556cc2f04806b8d6cb43622ce57bbfd,site_fold_4,0.6647130383436014,0.988449458949523,0.9968352074404004,0.96862510247905,0.985281255293242,0.9832814356592553,0.9954245591786968,0.9513640489448517,0.9675353911662995
seoul_flood_2020_00086,1,2020,2019,4e19ce88d34fe87d0a2a5e11416f6eb85c46b0fcf2e107a638f171186779bbd6,site_fold_4,0.6859222197755331,0.912318245788724,0.9625699990567422,0.9854809165689445,0.9663775807877664,0.9798734016840162,0.9668987273790783,0.9215617403214462,0.8651486016211203
seoul_flood_2020_00087,1,2020,2019,3ea925bf459597c5b9524d19ac3179165e43e6bc3969bfcf1a837070522a3fbf,site_fold_0,0.6610745127392633,0.7463631925440617,0.6304358706483967,0.8385180558456666,0.9287090088965689,0.8958749965564331,0.9559547741999257,0.9122950165197664,0.9301766687274576
seoul_flood_2020_00088,1,2020,2019,0513a2f379edeebf9f8641c008b9c7e1dfa57ea729522adafb9c73da30072a3e,site_fold_1,0.7095339698890069,0.7104591946732656,0.7889142600672423,0.9565779288399624,0.35620699003031714,0.9212540156725537,0.4295366991265101,0.8544595625993721,0.23146338330986313
seoul_flood_2020_00089,1,2020,2019,884e85d417bfc975175cd72cbd65f4c35646555ee12ee3400d790f91665881ec,site_fold_0,0.5012015957069885,0.7584898345823406,0.9215405831742656,0.9717186884907739,0.8223813943830295,0.9779001018123678,0.8962903204709305,0.9540160654234406,0.6536459637386296
seoul_flood_2020_00090,1,2020,2019,02b5a35da5c0d1c7b55d751771925c966c8fa2149315a4ea571297a2e00589d4,site_fold_2,0.6213107752976555,0.5716319200571343,0.5716031044971317,0.9452395722108469,0.8857222742270137,0.9286069258441271,0.8819702482091822,0.8484568705245014,0.7930936957192543
seoul_flood_2020_00091,1,2020,2019,2f940a2629c365a7b9e2443e66b0475548e1e3c806287a3668631816edb4c76a,site_fold_3,0.6781659660519392,0.9986571719435542,0.9993972701625953,0.9938513221484214,0.9958244526627446,0.9969872543670301,0.9990783929602868,0.9734573300790341,0.9809200494986325
seoul_flood_2020_00092,1,2020,2019,ee1c8e078be4900323ab65b222f58829af044f35e5a1a009b24b1e855719d373,site_fold_3,0.5107897165848571,0.8602481945239959,0.9020266337474863,0.9950712781927694,0.9939424696343422,0.9914788906918803,0.9924851414522224,0.983222236213103,0.9761033677879027
seoul_flood_2020_00093,1,2020,2019,632b8e96246333277e4d39daadf7dababa6b4157490016c2140a055401220e2e,site_fold_2,0.7278899472580828,0.5938440393091672,0.7370492385065078,0.9056383437542659,0.9056945856357512,0.915691878670955,0.9089041455966154,0.9364014818431045,0.8742470910291343
seoul_flood_2020_00094,1,2020,2019,27b3be534d925c2e739b1225e7178079f898526288912aa01fe40a8ea9d9f566,site_fold_1,0.6253900669365319,0.7700247965025402,0.8842612208219666,0.8750760205982765,0.806158463301102,0.9467385960328193,0.8982104818297681,0.9238379672589941,0.77711896745102
seoul_flood_2020_00095,1,2020,2019,0d59208c254d5ba3ef1452a38666a492dd0a7bc57c585d5d69901544caa14cbf,site_fold_0,0.6703757605095643,0.9895399804223662,0.9957849101197821,0.998290466189692,0.9975373947416528,0.9989587764019768,0.9991714237424968,0.9826643149163289,0.9819165601174783
seoul_flood_2020_00096,1,2020,2019,2f638be1e5a53380c3c0717fb1c4cd1b049457fa6ebfab2e672087a582e741ad,site_fold_3,0.7003501551048137,0.9738785432918724,0.9887355506890765,0.9819837828449585,0.9453982677713213,0.9900658612169564,0.983586713256536,0.9414425301845557,0.8750580092036558
seoul_flood_2020_00097,1,2020,2019,0659d1fe4562f7d74b5948a58a76afab170728df7447d0ef6dcf6d4c783bb660,site_fold_3,0.6412732432504168,0.542332998883846,0.6689262919914472,0.4658008920866225,0.5520705835408957,0.5281696769163657,0.5790977002186177,0.6071888354639572,0.6690446919014407
seoul_flood_2020_00098,1,2020,2019,ca3b181429a7329124cce9f9f2b96cb34be7cf2b024ec1f7414d8ce713bb9465,site_fold_2,0.7243642059910586,0.9984667022050326,0.998963138531106,0.9977142659449202,0.9991396270766825,0.9963480349682519,0.998931170037135,0.9672215327021905,0.9910423548500352
seoul_flood_2023_00010,1,2023,2022,cdac98a48f34f783458e25bb71bec50a9941f951adda2ef1ed119a8d4a0828ec,site_fold_4,0.6677240650285828,0.5719494339234883,0.5375843942082623,0.9823587483502951,0.9934549157522234,0.9678981695302067,0.9889647679248125,0.9084756754641135,0.9514030442192124
seoul_flood_2023_00002,1,2023,2022,56194f3b0d4ef83211b9500e873a993b7c4872605ad975779d5bd2204e40cc9c,site_fold_3,0.16586329083064158,0.3221529819036496,0.32602424381719103,0.40843476610396345,0.7761517039556822,0.313017326323,0.6226125261050787,0.3715666445592525,0.7484016735238795
seoul_flood_2023_00043,1,2023,2022,248fd4f18691def34c6601546f753c06d11ae98cf78256a042219048350a4848,site_fold_3,0.4747615031021142,0.8263199523676005,0.8697274604471449,0.8622640980591327,0.8187634353707216,0.8919745271775729,0.8742538311929782,0.8640713380884756,0.6747014896898798
seoul_flood_2023_00044,1,2023,2022,2936fe9484566290154a4a78f1271b029cc6c88fdef60a4f432e5bf00e8a5520,site_fold_3,0.6940456727382465,0.7428396948513769,0.7782092276961541,0.7631325540545475,0.939766610908495,0.8269522129998802,0.9640818767313809,0.8094532245596071,0.9383533877407848
seoul_flood_2023_00248,1,2023,2022,b2b9daa097bd03ac3b1154ab1efb93273c2ad4ec5b9113697c086a095b80910d,site_fold_2,0.634881318788944,0.9552838331351443,0.9828612190979473,0.9904891015615385,0.9990163644715268,0.9872175077581612,0.9988437800198936,0.9316377526598,0.9797232943839427
seoul_flood_2023_00004,1,2023,2022,d3a0fe4a01296db4593fc36df0fde0ff144cc7a56203125c74004378d0a06b99,site_fold_1,0.5739375042405924,0.6232289993812574,0.49482957563291435,0.9030819707713331,0.923462538171321,0.8832052378030439,0.8956155228260069,0.8025194141718303,0.8849505760409213
seoul_flood_2023_00070,1,2023,2022,e02228460eb8c581c0556701b02567d9bef77a390613b7e41616f20628f49750,site_fold_4,0.6120594509901504,0.4365485362906456,0.6485574446932947,0.9982856750214001,0.9962626022317876,0.9972202987298107,0.9965417976891952,0.9958427650217083,0.99094598685299
seoul_flood_2023_00047,1,2023,2022,b4a159bd3df0eaa57b55ef4da2c655abebf1329fc1a2c1f4e393a61eb888fd51,site_fold_3,0.6911929491283145,0.8154215935940903,0.845975440719616,0.8952645827198061,0.9497185117673659,0.9115015122755399,0.9684817266081498,0.9117645193140866,0.971185127282621
seoul_flood_2023_00009,1,2023,2022,70157f5482cb159b3b68e48336c450e93766506e243cdf9eb03590b5bc45596f,site_fold_1,0.5470676309067383,0.480966663513472,0.3969772771319919,0.9199902031074233,0.9108829061788274,0.9495497212276068,0.9282113898455778,0.8029548971852566,0.7749918643703484
seoul_flood_2023_00071,1,2023,2022,017ade65ff0240adecf03eb0741307ea502590ae6c0ef638e6e9f384025b1f8c,site_fold_2,0.6976159728320837,0.9367528081640123,0.9684984692178396,0.9988859487257883,0.9988441479990992,0.9988598985386385,0.998727542658935,0.9781822368953603,0.9844646251352345
seoul_flood_2023_00059,1,2023,2022,51c0f0b21f81c1e61262409620f2b3be9b562fa300bbdcdd2dd94f5aacccfb02,site_fold_4,0.597574418966667,0.5174060062542222,0.6231236173024819,0.9733740322260689,0.9606252523929707,0.9771161673649194,0.9704518195283101,0.9192912679626852,0.94489101514765
seoul_flood_2023_00012,1,2023,2022,667e30e9a3f7fb988cd90180a9d904755fa591265581c0609b8d81e4deb93970,site_fold_0,0.6208740999871875,0.7078178318717954,0.5382998576074809,0.8444065648695844,0.9397104983800207,0.8273283622358871,0.9252613632151006,0.7680958348475112,0.9053471607975929
seoul_flood_2023_00225,1,2023,2022,4ea0938144a26214fc7cd3a870d4a3879c6bc8a8b7a1be7254dce6517520b228,site_fold_2,0.6855653106799399,0.7684309810252674,0.7973793012964443,0.6354566074745052,0.4210195289731905,0.5848957276449194,0.34014898252763953,0.25115291111039045,0.09568650824278976
seoul_flood_2023_00067,1,2023,2022,2b039c27036068493acf6918e3daa9e63f32629a1a6faca59390d100614c1013,site_fold_1,0.6896933217479124,0.5563258843319867,0.4879910071634014,0.40694565736844573,0.6321981512655906,0.5085415467206843,0.6542107851721839,0.34839598455221804,0.49845189620472424
seoul_flood_2023_00013,1,2023,2022,80a618b88b8e6324b97cbe64c342ff6711e3161d146da345ab6070b95880e439,site_fold_3,0.6697506922146191,0.7623448953388771,0.671263420126785,0.7390585297987803,0.693779591701982,0.6842101683864409,0.6341059887625489,0.8902745972055278,0.7972367294101683
seoul_flood_2023_00227,1,2023,2022,f5de86b449cb8e2ee3e8157a80068b892f7e3c9b0db6a16fe8637184ef8663d6,site_fold_1,0.6559019998793959,0.5364572996494135,0.5628803837120169,0.6085438707321065,0.7829719978598062,0.783381467147192,0.9283207846684146,0.6962733669226092,0.8166871608243177
seoul_flood_2023_00068,1,2023,2022,fd65d6658f5c8b220975c11acba4fd65d878d6713aff553ae1f91f6159a3afc7,site_fold_1,0.7101249420594776,0.2795708066588015,0.39174081981460457,0.7097368111793189,0.8925407004455034,0.6186479020417537,0.9286835875850523,0.7225503937718746,0.9142625961067419
seoul_flood_2023_00015,1,2023,2022,18b4b2fdda6fc69634d44ecb3f1034bd1fc1bd99100a1cfcf3b83fafa76d9cf8,site_fold_2,0.06709486320874729,0.1728854941524902,0.18011673087222144,0.6582774498408152,0.8317651587760719,0.661912749024979,0.7895981199150803,0.9136206036797943,0.9648020384697147
seoul_flood_2023_00228,1,2023,2022,48006a51e30c32762694ec18747d1425bb4b974c56c4c0c98d57886cadd0c783,site_fold_2,0.6825646461299228,0.6186795760393375,0.6920499535258324,0.8586518888780437,0.9560063774473773,0.9265232232145727,0.9848448089413511,0.7405355054133009,0.9223441701783374
seoul_flood_2023_00072,1,2023,2022,2afb0fa8a1f0cc6a7ed67c17008f75bd42461bd0ba6df7c3c3d887904196895d,site_fold_0,0.6899036268897892,0.3217318617012057,0.5284589833988556,0.004669801557078398,0.028243702508009463,0.005075384935049442,0.025278119888022386,0.004277524853280715,0.05614679473826845
seoul_flood_2023_00016,1,2023,2022,9449d82b55823a2b21e722445146dd58f28c2892847ebd7d9d3528a705c333d7,site_fold_2,0.005978645770657758,0.22980269630120093,0.28479370511771673,0.7855910508558616,0.7500828314078976,0.6436234760244397,0.7075326848069426,0.9446886417074848,0.9586303567023845
seoul_flood_2023_00243,1,2023,2022,1ef45c1f3265d27b162d2e8ed4381ef427bdf586c45963e44e4392b26ba86b72,site_fold_3,0.6252288179119834,0.9344270408092167,0.9133310069257766,0.9893921340871732,0.9841437374328743,0.9911717131685575,0.9899616126453535,0.936087299990679,0.903539224677827
seoul_flood_2023_00074,1,2023,2022,b9bc2f927ed11bd524706f6d4967f92b59403bf3a4c2f3c470a8c815fd79e460,site_fold_3,0.6744222131669931,0.5394702559923265,0.5756859473835617,0.9170972789735777,0.9297220768268075,0.9242171842819062,0.9086192673970499,0.8923265330793744,0.9421772762629481
seoul_flood_2023_00017,1,2023,2022,c14d98d5e804cded4ef08ae8cdf0707ca6178666fe17dbc79d181d4cc9dee14b,site_fold_4,0.6328563229823934,0.777501446041903,0.7251369444939897,0.953473880927651,0.9814384425113837,0.9466264924782516,0.9631138827208863,0.9209321317782142,0.9591051681303662
seoul_flood_2023_00250,1,2023,2022,2c7709566a2e9c494198b62a00ef526dfe6053df3b61476d6f3474d3a092eeb5,site_fold_4,0.4840511969338338,0.8612794244068899,0.8913984993201699,0.8652973815993337,0.7607872282968045,0.8957789397958167,0.8189264736449827,0.8911374722991581,0.7325808587281295
seoul_flood_2023_00075,1,2023,2022,ac6920819be8e420a3aac9974fb430eca317f55a0609b05ff32e884b1c75beaf,site_fold_4,0.6768964321519986,0.5784487478162664,0.592089528489146,0.9605840216467514,0.9712214808803842,0.9578978972538132,0.9677202084973893,0.9245864464617581,0.9466378570187577
seoul_flood_2023_00018,1,2023,2022,611ef7d2bb8f2df5e6108e65595a9a37b583dbd4323706a0ec255f8e960d2ddb,site_fold_3,0.3792434179760126,0.6357293600948619,0.6338900632314558,0.9576254598095234,0.9423901625070615,0.9520802204181337,0.9498463284051619,0.9355839665824728,0.915474143715155
seoul_flood_2023_00277,1,2023,2022,2e908b9152c52096e61faa554d5ff494fdeeb050209f5fc14355fe66b5e5d4d4,site_fold_4,0.674036183802328,0.6031726075467535,0.6658860939357216,0.8637988358318336,0.9537575230020395,0.8389084349412351,0.9219780136514082,0.7450335085518409,0.9266229924766871
seoul_flood_2023_00076,1,2023,2022,0059d2a4c367d474476bdb36e5406db4c952a2a967b25e3c6166b8b6fc181976,site_fold_0,0.6825359805305778,0.5427569003334587,0.5968396377988531,0.8580071993241783,0.7172763641376814,0.8976730324466032,0.7659881309708828,0.7682058449723645,0.7390054455133139
seoul_flood_2023_00021,1,2023,2022,e6acf5cf32b2d0c5cb627acd0c05f96bfb50942c86e13eeac0f97655bb35bf64,site_fold_3,0.5373970443230992,0.7538563265018776,0.7168092922250987,0.8090901350339239,0.7899828982524398,0.8622601413215747,0.8248476481945655,0.8487726378446857,0.858537765285523
seoul_flood_2023_00077,1,2023,2022,ac006ae8566252eae229f3cdf08285ec62948465438fa1fd37525350f732bb46,site_fold_3,0.6510927762228269,0.6043564659394598,0.6189121068967351,0.9275782300843911,0.7308888783563808,0.9419054314649711,0.7557312306755389,0.9023310865854003,0.7200946394430321
seoul_flood_2023_00022,1,2023,2022,2ccee39efbee54552c27ec5f3380e8b6db91ab9da3255a83fc493c1d1767d3f3,site_fold_3,0.6299158982616422,0.6241268948744186,0.6073255868431603,0.9190569599890811,0.9823130759309504,0.9340242723087039,0.9789376652229805,0.9215408351590172,0.9871404911029312
seoul_flood_2023_00078,1,2023,2022,54043b91c4a304d4c675985edfa95ef876b138ff57a6389bfd28818074d39fc1,site_fold_0,0.6691481257103981,0.5550674301271322,0.45788792440578946,0.8924364031738783,0.9360393135112348,0.9158469124136035,0.9440779905163654,0.8508671286377227,0.9605217694482561
seoul_flood_2023_00028,1,2023,2022,ab9d5a9c105349411f7c92c7845f7e8ec24f10552a9a484d7dd02c0c9d6df2e1,site_fold_4,0.5162010688922779,0.5456218679594624,0.4687394734764185,0.7778718018702887,0.7078719972675885,0.5788997768358675,0.5679557202755082,0.6139054231112859,0.631126930698333
seoul_flood_2023_00079,1,2023,2022,a825d29c20ca2db6c0b5bf5ccb6ee269beedc5bda085fce5a584b3d600c91af2,site_fold_3,0.6400319284062566,0.5782945807614776,0.5822188549857472,0.8487904752100833,0.9403390521902573,0.8679451198936317,0.9285422020398802,0.799232201259061,0.9474600302553594
seoul_flood_2023_00030,1,2023,2022,109d39d58c882b2875c711bbb1fbdc53ae3234b9f7c2e321096d7429e46331b6,site_fold_4,0.614103804616391,0.954981464128774,0.9819822340969995,0.9905315644368127,0.986924001911098,0.9945392872217671,0.9964395077005118,0.9832662806685146,0.988585836997907
seoul_flood_2023_00080,1,2023,2022,516a51b5f7484840c5b87649d04bf5f7fe7b3f5a641c45cc08cdca8b66f74a9a,site_fold_2,0.6998223309856845,0.6925182040429531,0.699051775844527,0.6688918842934645,0.7946523465013217,0.6397406939347824,0.7457554558525227,0.5957896779911537,0.737791803548643
seoul_flood_2023_00032,1,2023,2022,0b4d4f8312fd79b55496cf1cff09a958a968eae46e135c54724bebedf54d8400,site_fold_0,0.508595774145003,0.5849086133863489,0.46444319982176274,0.6724183729724358,0.4710710058231392,0.520694391569932,0.4446296815825907,0.7461745080805355,0.5794682962006039
seoul_flood_2023_00081,1,2023,2022,80dacb840448896f846147086fb6904aace095c7ed082be2f6978ab4a65d9d17,site_fold_4,0.6353505003609531,0.5414570189298878,0.5361298661513876,0.6646394339761454,0.8079356511815118,0.6440218029569216,0.8050528053791113,0.5741044966756761,0.766914303943015
seoul_flood_2023_00036,1,2023,2022,824b284c7bf45801707ed1a0e35648f2949764c72352ac38100d99cb94e7ed05,site_fold_0,0.5783433443594285,0.8955654173133782,0.9181730729095926,0.9795972820547595,0.9663929747221766,0.9858879938994701,0.9802338707361149,0.9639474139089192,0.9397769047892315
seoul_flood_2023_00082,1,2023,2022,b45c216bee7e0d6ee0455f8bf2899fb0637e6409ddda7e861dc355e9dcf32559,site_fold_2,0.695840994859085,0.6640908120285982,0.7385568548551823,0.9348177223053377,0.9669498340753475,0.9315744873167208,0.9535550479813154,0.8751400485378691,0.9493911580824528
seoul_flood_2023_00045,1,2023,2022,047a0479a6796b37ba99d6e6577b3ffb20aab618b478d303de927d6a6faca3a4,site_fold_1,0.536937503595707,0.6763458049564283,0.7147319871926505,0.9299056059845389,0.8682805003481651,0.9249117663230275,0.8904897013610168,0.6401529265424526,0.7822990575513258
seoul_flood_2023_00083,1,2023,2022,8cc3386043fed7e4a08a2bc9dc0aa45a181ba89b153abc9f991119c15c99e48f,site_fold_4,0.6341604310890707,0.5381608538439079,0.62593820351439,0.9139028045158483,0.9828533038324981,0.9156840485597956,0.9820979043672433,0.8395655966287419,0.970789185013574
seoul_flood_2023_00046,1,2023,2022,c1467d5c72e32f7e65ab4237818f35148a9e8e89d62f6c485f6e3282213122d6,site_fold_4,0.6208534180675855,0.8185744451098602,0.893573705870382,0.9834944480352077,0.9949331821072396,0.9875346481285253,0.994700829011284,0.9797769433245171,0.9930327567707062
seoul_flood_2023_00084,1,2023,2022,227a0397ded397793104e4c0dd13029ed0f9025afe13bbec3f057cea4e5a725e,site_fold_4,0.6768964321519986,0.5784487478162664,0.592089528489146,0.9605840216467514,0.9712214808803842,0.9578978972538132,0.9677202084973893,0.9245864464617581,0.9466378570187577
seoul_flood_2023_00222,1,2023,2022,c65581d8bf8cf915e9fe2ca51b089e97441ac2f57272bc2cdb231ee83f757ae0,site_fold_0,0.44144493150610264,0.45210080037840344,0.38449917807423106,0.9831413420164341,0.871867285735328,0.9620091536115435,0.7067873465170824,0.9785965488497959,0.9234201091537484
seoul_flood_2023_00085,1,2023,2022,5c52fa5b830c2d85cb3619fa6dd7b6c3c4fa0ae339105571c5aacfadc1f57dca,site_fold_3,0.6871036732156423,0.5588477781818536,0.5986027972164716,0.9648239542111781,0.9784270898462429,0.9596614754448365,0.9706806342576249,0.9202014919729,0.967059370471737
seoul_flood_2023_00223,1,2023,2022,a3396b1b87eceeedee47469b37f3882ca3efbef67a922173e8c25c4bc7457491,site_fold_0,0.15277419840149975,0.44434138171927995,0.3849803812775176,0.619673692178095,0.3033296422593503,0.5857273884057418,0.18157792371345827,0.5426405749987167,0.3930415584353081
seoul_flood_2023_00086,1,2023,2022,a23e42946ff072eac7708b41013273d24b29f25c3b2a68f2fd71cd5555db568f,site_fold_0,0.6506683243287649,0.5834182338923336,0.5823946773814508,0.5971751368039279,0.7410630665345483,0.6096774837463299,0.7441592386177186,0.4864931066466384,0.6755073382879364
seoul_flood_2023_00224,1,2023,2022,6b1bebc088f54a96e550aaa77b7c7dc8a68bdb509ee5100ddb911beae78c5051,site_fold_3,0.6103121691107357,0.9729146851717746,0.9684751632580434,0.9767710624602218,0.9588909983269109,0.9750897592625101,0.972580870175926,0.945822200510318,0.9178281751357962
seoul_flood_2023_00087,1,2023,2022,c806eda7ed36cd9e6ecf80572678e5580be30156dc628686a27b057e82be7f05,site_fold_2,0.6977999393847242,0.6390344146300176,0.6416257881057001,0.9110419424147164,0.944696739348877,0.8922965639281658,0.9270392157801632,0.7979640773638618,0.9141532162627186
seoul_flood_2023_00226,1,2023,2022,5b4e991e2eaf736f1ecc63796633bf37e2674c5669ccae29f43454531101f031,site_fold_3,0.4845444947908855,0.7472151046922197,0.7569398112194874,0.9060391427087543,0.7978047911150188,0.9022417231864851,0.8519460683598952,0.7646247832836853,0.8189728246947912
seoul_flood_2023_00088,1,2023,2022,5d84a21238eb09a213a6a5e8c5a2d41c6f70decc00617b93e8dda58c2d7a235f,site_fold_2,0.7230697954194855,0.6585891302365577,0.6636567415397794,0.846339372684412,0.724819528355247,0.8066866525950026,0.6729497810316148,0.6535445566230759,0.589810534536288
seoul_flood_2023_00229,1,2023,2022,972f0a0ebf5383f911b746160b79c88b8b0c7aa70e1b9861ff6abfa2392f939d,site_fold_2,0.5965637427382203,0.8821623979958553,0.8424455736005161,0.9696735417425373,0.9501025157821523,0.9585403248267204,0.9564653753038157,0.9624832448675804,0.9451195914196405
seoul_flood_2023_00089,1,2023,2022,8e255f9a86ec3588ecf56d040b65bc4fbebed179e07431fc842ce550145b9863,site_fold_1,0.6944149593051212,0.5922832776554421,0.6182083631812427,0.9404549907169618,0.8800110529701113,0.9537063163371056,0.896768005600075,0.8065001034686444,0.7565647123629761
seoul_flood_2023_00230,1,2023,2022,351930c74ba2930ac78f71a4e59d24ec3a9c408c09f4bddcf7fa3699bf8a21fe,site_fold_3,0.5568722910805911,0.7553001209243807,0.65187789938881,0.9564537104171584,0.9852600250062669,0.9716194045554111,0.9855460888635069,0.960382645016753,0.9864276683123553
seoul_flood_2023_00090,1,2023,2022,fd6f0f91e6250a60b21fd97b70f686db535df935a8841de34f4bfbb09aa0efb0,site_fold_0,0.6734629684492185,0.5658218581389173,0.5607999211111644,0.9548413335179408,0.9706568409898914,0.9560997845172735,0.9684331827944531,0.9158017374334917,0.9528834055061609
seoul_flood_2023_00231,1,2023,2022,c78427527ae5ed46cec266bf7f5102da2f65c62f603b3c800e26eace25a5c839,site_fold_3,0.1678919848684985,0.12688267446810886,0.10869342404781776,0.013171429347262297,0.06776045017684543,0.014374818713532639,0.09918045370207723,0.25733407360449173,0.3069831707150305
seoul_flood_2023_00091,1,2023,2022,ccb2187c465a4a42452f6d96c6ecd61471e4bd6347f569f84a47b5683742fac9,site_fold_1,0.6950247805101538,0.6272744116019592,0.6035203162126853,0.9461916689273583,0.9495154207413807,0.9498289697085789,0.9578961970288973,0.8405051444984364,0.8679390204834929
seoul_flood_2023_00232,1,2023,2022,5336135f67660856ece6ad6d54f733a34080d27dfbe335858b52eb42facdced4,site_fold_1,0.20237562915206153,0.8265346000347698,0.8070846485182933,0.9102972134707616,0.9816997419478776,0.9420407930416715,0.9826137223873491,0.9359599747893661,0.9848147910580926
seoul_flood_2023_00092,1,2023,2022,8eac4c0475636dabe754422f418c76eb191e9b3e663e31e296fb69f7a6fb8cc8,site_fold_3,0.6566655624484676,0.5707854685939937,0.587049792872497,0.8284139306751239,0.8204631080290534,0.8770828346247851,0.8294230650117134,0.803527108322548,0.8591369101729573
seoul_flood_2023_00233,1,2023,2022,e55963a41e664f031359274c8576c1cb5d6c9c2998192b355445bbfe50c138ba,site_fold_3,0.23478257336965944,0.3897386603479826,0.384106699184666,0.2929462544861385,0.5476368548463704,0.38396128032219473,0.5365047250019942,0.4932859723546329,0.7650584530096691
seoul_flood_2023_00093,1,2023,2022,dc728f9adfc11d8c5c2ec698fb1df3af31c3b43457a9a69377f3e7a04f506468,site_fold_1,0.6969825814537428,0.6235875226130111,0.611008113742113,0.9716361062342436,0.9773166572424055,0.9685733680891122,0.9758876871491529,0.9055936485564701,0.9437317780856742
seoul_flood_2023_00234,1,2023,2022,d44f553eb4a78c3e8e73f10a2584e2b08c855f4d7d091ed0bda77b9ebca91d2e,site_fold_0,0.6783814228574608,0.8108795686786426,0.6559399905083743,0.9898754754777542,0.9977412915728081,0.9875728393504932,0.9971971661808026,0.9895957938492603,0.9965202575663442
seoul_flood_2023_00094,1,2023,2022,8c06fb30ac6a96f25e4c0adbd324b5185f5468e1f2512e1480789b99a603de36,site_fold_1,0.6943329356779894,0.6303852474963192,0.6265497764041525,0.988435448613054,0.9578568584042385,0.9913692732030848,0.9642725737409953,0.978899927091192,0.9533675819612012
seoul_flood_2023_00235,1,2023,2022,e635dda0a74d3988c04c4e76a855e983d6033e5538e0b291c2a7d019a42df52f,site_fold_4,0.4303407754920729,0.500203482628578,0.6661664026190914,0.9229845646301024,0.840489227647883,0.9311297726508706,0.791227713456663,0.9279606732784114,0.8291644394765941
seoul_flood_2023_00095,1,2023,2022,bcd669daed0897a45b8903b79c40b7cc6b1c557b0e8708071442ee549f83e05b,site_fold_4,0.6555712419477561,0.5807757833680636,0.5508160206007312,0.9842583259962433,0.9715956897405107,0.9797164928117237,0.9684675563351384,0.9642617332471858,0.9643325529957245
seoul_flood_2023_00236,1,2023,2022,3806182b64eb41706f3328e741dcc36e0a6617e9349746b3fda442906e5bc7e3,site_fold_3,0.4180013484769612,0.4118864015273153,0.5890002836794255,0.8875605748293204,0.7774819858139657,0.9356336047121449,0.8541107992769855,0.891437510861873,0.8632105395004451
seoul_flood_2023_00096,1,2023,2022,3c90eac0010785df62fd85c83633074dccd90c84ba9e27d4f2c28c78b4f0d5d6,site_fold_3,0.6628192594248712,0.591225024445514,0.6112632134683876,0.9607134690754559,0.8364494423137315,0.9615049985555459,0.8791092571168669,0.9099265473378482,0.8415427164315654
seoul_flood_2023_00237,1,2023,2022,1b36675e1d11fd325a672ec04ac67bd989594417a5729df4f870059fa87b9d1a,site_fold_0,0.47806862493313057,0.30472522064482416,0.45518084863755387,0.8870132061397967,0.8528319081413617,0.8875069221264009,0.8330467852279947,0.8761683649423636,0.8432490611583051
seoul_flood_2023_00097,1,2023,2022,72f61518a84c9a55b3352cbb5023921cad60474d413e7b72f69c74dcf2d72799,site_fold_1,0.6963613342380428,0.569986170634761,0.6178288165691164,0.5221282870195714,0.5715032922082122,0.6028465238563268,0.7030214324389781,0.4548916525693545,0.4329379635823467
seoul_flood_2023_00238,1,2023,2022,6bb5e3a1d3d33c5db48aeb2feb9ba125ac0daeeca2d842b2e02d5875228b2034,site_fold_1,0.46628761897277404,0.42347031586056727,0.49880169518401424,0.7875656312973908,0.8077050598808924,0.8186134287231387,0.8352125265358038,0.8718993664159095,0.8678370406993007
seoul_flood_2023_00098,1,2023,2022,69999efddf274f8271d36927d9ec9541d3c52ecbcda9f4fd5d4e4576776c0f81,site_fold_1,0.6748099494450196,0.6024780155806183,0.6302287218379301,0.8786597628729486,0.8596102453466012,0.8647144476841521,0.8056829441618346,0.8669407236360834,0.8796824454146626
seoul_flood_2023_00239,1,2023,2022,2d536fc8f243ee74cda2625ce6b41f0808c1a746c242a68cc049153db304cec3,site_fold_4,0.6282474443362736,0.5609056887247358,0.806829369865834,0.919850380194133,0.9135869871254289,0.8965658530854067,0.9040605515580228,0.9216098166753145,0.889725282597684
seoul_flood_2023_00099,1,2023,2022,f20722d01f05a742b8dec71af1e8e07cd63b8a6c64dabe657c23086f84b1cc72,site_fold_3,0.646802431956587,0.5822981620659108,0.6382025504023605,0.8229430870138357,0.4491884502501392,0.8778716963988353,0.4947640480552575,0.8142454669125959,0.5409620908628794
seoul_flood_2023_00240,1,2023,2022,3ad5a64b1adf89e718a6b754a2a9d66bb8b911be81bf90bc31007aa5e3b55b65,site_fold_4,0.641378004674526,0.788747118232459,0.88821030250227,0.9809071224622815,0.9582577586082769,0.976302790428674,0.9576700951046055,0.9633007028582151,0.9201921816306063
seoul_flood_2023_00100,1,2023,2022,45e322c42efd83690f4dfb0ff1d1bbb111f8a340eead50dd2d0b80db07f8e193,site_fold_2,0.7193691775459238,0.6928489465085564,0.704727553794079,0.8054887860826742,0.8771063741119467,0.8420498063229775,0.8748261444467903,0.8333845247097716,0.88591614021194
seoul_flood_2023_00241,1,2023,2022,fd9b2055defb5a8b5d9a6ad4ec71b2866a897478c50ac25e466cf2ebb31972b3,site_fold_0,0.6235474260010436,0.7427453136283247,0.8843304371690147,0.9496691980812431,0.9494195342249369,0.9537453776508245,0.966620875493664,0.958718310541157,0.9618807887159534
seoul_flood_2023_00101,1,2023,2022,cde4ea100a86579780194fd2a9211067fff3ec841acaf671446c7e1a10100140,site_fold_2,0.7064167855205976,0.7248243336534811,0.7350894275845443,0.9230868373699448,0.8151950158622943,0.9138218911808883,0.7842244099795044,0.9351384498319598,0.8121703969923559
seoul_flood_2023_00244,1,2023,2022,45eade17eef3d54e8ae3d65c6c2fe09751b2504861f44169da0daab75d8028e3,site_fold_1,0.25910970092998437,0.3557593817772982,0.2909605044737232,0.32366273342680185,0.4480943921745469,0.21801532892706108,0.2361890674692352,0.2075269706775693,0.3361200938164855
seoul_flood_2024_00041,1,2024,2023,437d4e1375e418c1898eaf0ae2743a3a3897e3504fcb93ac4cb1d44ca1794e2d,site_fold_2,0.5534835631272129,0.5691415069331298,0.736058671396016,0.3833495896552018,0.5102038695056915,0.5636341104721412,0.5918020571914558,0.3772684632924146,0.44291407179834463
seoul_flood_2024_00007,1,2024,2023,bb4ef8ec9e43272a080f1429baad8954fb44bfba666cbe0407e5a401a7cbe57c,site_fold_3,0.5057186660602104,0.5601884829944788,0.5522227117170281,0.820370240123982,0.8088134502617762,0.8073295226173609,0.7732628014579108,0.7939658650712706,0.8597602626897065
seoul_flood_2024_00061,1,2024,2023,fcc88c7839e8fbf3b46125b0962e2d83e51fa121fb2ad474578c0205a69158a3,site_fold_0,0.6580902618569066,0.8194313904561373,0.867269984593158,0.9734212214665835,0.9690668078145864,0.9743713917477518,0.9778204207212036,0.931272418591931,0.9594324540138173
seoul_flood_2024_00043,1,2024,2023,123bf2caaf4935a556e8202150c1fa202134ea1b2f1300bbcd7d8c0eaeec8db2,site_fold_3,0.6732932754500636,0.5815690959652351,0.5250034934235949,0.9844017753254914,0.9899149471046261,0.9685186404619589,0.9726936315394559,0.9860395299137766,0.9892101591363492
seoul_flood_2024_00008,1,2024,2023,f81340838ca8d98e7a73bb0e3af78d74d80c528b295742e4fb99440aaed665fe,site_fold_2,0.14634781588126342,0.18899050498252107,0.24907059342408697,0.22873669180364198,0.27245690679315754,0.1481206417139064,0.2193974736030947,0.5110213876565968,0.4944020381521509
seoul_flood_2024_00062,1,2024,2023,2936fe9484566290154a4a78f1271b029cc6c88fdef60a4f432e5bf00e8a5520,site_fold_3,0.6940456727382465,0.5957481114042422,0.7369809938878992,0.9563035754964043,0.9304453360692891,0.9652092762107499,0.9399422532546201,0.9242504171024946,0.9157447815457755
seoul_flood_2024_00044,1,2024,2023,a740d451ba6b1561554cb9fcec4fafe896119054b664fa3843f905be77b05322,site_fold_4,0.5492906375816143,0.7763628482624821,0.7194927080976621,0.8561795935801411,0.9523511337948279,0.7726517180094831,0.9269132834687136,0.8984973400015441,0.9411948132489747
seoul_flood_2024_00009,1,2024,2023,e511340b55220ca5cd74855047a854ce0e58734aaa0e70dd27409a906657097c,site_fold_4,0.526535604181649,0.35466049626735197,0.37974274547406617,0.8275954679408595,0.7183989771807491,0.8289004078438429,0.8503646848581754,0.9215849927963605,0.8234818951005856
seoul_flood_2024_00046,1,2024,2023,29c21a43454c116be3b275e72bea1085c7e3a46b402c40cbecd77815d561a6c4,site_fold_3,0.45536628494789005,0.49343119624459303,0.5778222045962345,0.5917731389852828,0.6613092569853279,0.7613403461182071,0.8059899653739102,0.6885212209549185,0.7304285151526951
seoul_flood_2024_00010,1,2024,2023,00796b29fe88d57e702ccb4f39268f140294a0ccce5940d0e9de2cd48648f6e3,site_fold_4,0.43743289099573435,0.45884334124380427,0.4839444393506423,0.7683119741406282,0.5482673511830637,0.750373196682163,0.5786866767567495,0.6242059497496674,0.44299006881767927
seoul_flood_2024_00048,1,2024,2023,7202cf9a0478f75db97858316a56aae958a1fe3a3a300fdd8c9f15c8d98b8795,site_fold_3,0.5501085750279273,0.8433523063429116,0.8663461491655119,0.967827470834975,0.9385768194260342,0.9759609891766189,0.9580093711216747,0.949978958108537,0.9278470747547162
seoul_flood_2024_00011,1,2024,2023,ffbf9e54cd41025956746859bd5ec126cd181dc76ec068864b593b2c72ce3cfa,site_fold_0,0.3529527247048217,0.3941067718337258,0.4826197523055237,0.6179038593045282,0.4269264272112908,0.713248666392854,0.6143761285181142,0.6511133203025007,0.5593280494229779
seoul_flood_2024_00055,1,2024,2023,b73912d269b006bf961cd5418321dbc3a3ddd9e0782ae7fc2e87b7201c11b4b3,site_fold_0,0.5716722856571944,0.7802347049645749,0.8180646803668569,0.8672484382165665,0.9095703556655084,0.8482823106987879,0.9239438227917772,0.8523232188057039,0.9061767081848939
seoul_flood_2024_00012,1,2024,2023,80a618b88b8e6324b97cbe64c342ff6711e3161d146da345ab6070b95880e439,site_fold_3,0.6697506922146191,0.7691226857718445,0.6504913311456344,0.9185498907405388,0.8263343806200969,0.8247572373668823,0.5975392170222459,0.968013788507284,0.8631170779916542
seoul_flood_2024_00063,1,2024,2023,bd1b8d0105f1dc87aa3d99df0e4cec2c47adbd7400d6c185bd25421ba23dde1e,site_fold_3,0.6707248975850435,0.8106430080107752,0.8331651529185863,0.9315767479577792,0.7323666851994303,0.8660119766920144,0.6236520081725089,0.6834733365381391,0.4488544007760942
seoul_flood_2024_00013,1,2024,2023,757a23417a3e32f5178c71d73aa0af81284864b4cea9764741e4edab5aa5daef,site_fold_0,0.4075743902507725,0.29592059436807644,0.6432137898887615,0.0014966950333129884,0.00650217609873395,0.003568799432680232,0.026119693097862117,0.003382441551293504,0.018459583709031266
seoul_flood_2024_00067,1,2024,2023,948d2d09df15eb7f7191ace14981ba5c0ab110c09fcefb90834aab93c7c078bd,site_fold_4,0.6291676978202028,0.7690641949782684,0.7414003497295502,0.8002210246314679,0.9111569405848887,0.772696191482786,0.9212107566830474,0.7092155494738268,0.867576438304261
seoul_flood_2024_00014,1,2024,2023,9d2e0e628256e0e8794e82426aa235d02ec76a3dc6aad4e9ac3c5a814f9829d1,site_fold_2,0.6764873732812601,0.7245496663382085,0.7736036613685084,0.9277916407390167,0.7370098051846671,0.8312203536029318,0.5555158368603654,0.8004093008569336,0.2826261729526617
seoul_flood_2024_00068,1,2024,2023,0cd3a852ecf4dc5dfeeccb70c7c7c9ef166021c2b5eab3853b7473d5589777a4,site_fold_3,0.6340444655783224,0.8693288703160351,0.8716759018544162,0.8887526599610344,0.8910087214108575,0.875825369482568,0.9033357117576091,0.8288716198167516,0.86666549423987
seoul_flood_2024_00015,1,2024,2023,971f5541f6195b192b925d8efefffbeca88d01c4a9f0a60d74dde196ee0c86d1,site_fold_0,0.6584687585807177,0.8512647468623,0.7818772878750927,0.978193735444627,0.8833859111884202,0.9686187725217182,0.8690460256148422,0.9608730547619339,0.765120233602331
seoul_flood_2024_00069,1,2024,2023,7ab3d273ca7380c8698814a0811a1fe680f9d78ab49ee0d92911a4c107de8238,site_fold_1,0.646964663301826,0.8669367123507358,0.8507694265270134,0.9761297710333027,0.9653082845412108,0.9765621455685642,0.9726124103122773,0.9807541566275791,0.9650225891247253
seoul_flood_2024_00016,1,2024,2023,e3e50f5e44035dce95e5b6d8138e134698d49eee758b5eec26535a51bde85df7,site_fold_3,0.5106521801704611,0.5742828510400042,0.5471726292790291,0.8998146008023905,0.8451273831873369,0.9341407842620815,0.93658801661071,0.38240947469515557,0.542681072951167
seoul_flood_2024_00070,1,2024,2023,e803b0ddd0c957cf8b860f04d63d206bc58c4a7e216618b57c60191c479923d1,site_fold_3,0.6211443390664588,0.7805114973112264,0.8188586103190042,0.8893215295918233,0.742931080617831,0.9173547466184124,0.8164308677295092,0.8569384132671961,0.7530846227717528
seoul_flood_2024_00017,1,2024,2023,70760aecf195bae192f5baf7428743d230db64ee9aa273bad54777a29fa61d56,site_fold_1,0.6171055335454896,0.8130203856085492,0.8778869252891702,0.9968016700496662,0.9913193119650892,0.9975250639477485,0.9905933728044337,0.9980927244051012,0.9941673734497197
seoul_flood_2024_00093,1,2024,2023,63766b2550ac2953f858ddfec3231520fd87d6dfca7d9e0ac9c396ec7684e38b,site_fold_4,0.6676621498569187,0.9254667559082437,0.9110329102792121,0.947325080144933,0.9449740054245496,0.9756786060237994,0.9831512748171399,0.9421512543646988,0.9261837658452183
seoul_flood_2024_00018,1,2024,2023,3693df7f5d8484c40a64e5edfe29168feaab0a3d8ad2d5ef780c0be6f0e46a79,site_fold_1,0.5854238606807647,0.35799167106511526,0.39141583857979156,0.8853181099061506,0.7888022359927943,0.7958158921599038,0.6379779041545486,0.9663371167614723,0.8966658755832733
seoul_flood_2024_00094,1,2024,2023,604a183e9f44726cdef3c553ac7408e85ae4b02ccd41506423055ce6ebe1b7d3,site_fold_1,0.7161742316688626,0.26629860427528596,0.23931902987628717,0.7189447763869177,0.894516144351165,0.916926493574435,0.9726234285868677,0.26375670892880876,0.8694162449958746
seoul_flood_2024_00019,1,2024,2023,5a25b979c2422917f17db7df5dd87a2297c474a9b3d62c792bff7d427ea669bf,site_fold_0,0.6422467730145851,0.7594418160653611,0.8313870285374905,0.9828762952718291,0.9603898520727371,0.987414635879597,0.9692876058508764,0.9796860799060058,0.9514050045706369
seoul_flood_2024_00096,1,2024,2023,79e0a2a000dd61aa37a52001d61342cb8a1c5d1e016976766fc295b4c94b56cc,site_fold_4,0.6820742599899104,0.5498097521864024,0.5589808080125693,0.890483613701396,0.960539129519505,0.8207753968199656,0.9356052841228988,0.7449853929297896,0.8452877810790832
seoul_flood_2024_00020,1,2024,2023,13ddeac8fe6671414275b639d61a07e9c672c7476e5ccdf793402e7aaeb515d8,site_fold_2,0.6415371107975584,0.8649523470745635,0.9526268444397908,0.9549652956649016,0.8910790718442592,0.9774655249241496,0.9459897721016137,0.9695061171111828,0.9555601975783866
seoul_flood_2024_00097,1,2024,2023,2f886984eaa4246f0d5b4af68316375d1b6bdd3583792bcce78bba0fee5cbef1,site_fold_0,0.672636946107171,0.7131928234576379,0.7785651621960146,0.9173960367371758,0.8735534327953278,0.9589781202304019,0.945279459055507,0.8403624264799469,0.8549031511868942
seoul_flood_2024_00021,1,2024,2023,e124f13166523cb7b6c4c8e441002a9277718c2ebd4cbf13029b4f79c18ecc01,site_fold_2,0.7353158637491257,0.609089005312637,0.777727245107835,0.8824570897095321,0.9119859570057607,0.9101372791409335,0.9176654772205131,0.8093267976309207,0.7891320963504806
seoul_flood_2024_00098,1,2024,2023,02b5a35da5c0d1c7b55d751771925c966c8fa2149315a4ea571297a2e00589d4,site_fold_2,0.6213107752976555,0.5549079538290127,0.5035824993082828,0.9014877031172371,0.8360947576142589,0.9132066496464158,0.8657885620669422,0.867830120283539,0.8264784195482783
seoul_flood_2024_00022,1,2024,2023,9273fd03db09618bb97fc47b4ab967ad480bfc45f45e026bbdb076e81845adc8,site_fold_2,0.7281453514142738,0.6580443230203163,0.6946614435582278,0.15369178776456935,0.2565471007178658,0.29559894651681723,0.36462429775214084,0.29455382942411884,0.438512628980374
seoul_flood_2024_00099,1,2024,2023,28444bca6837218bf4d704ba4f93934ae8e92a43af99913e4cec692d5abd5c9f,site_fold_1,0.6311492050290639,0.24826063902675902,0.1946682345211999,0.02656981512586119,0.022954990328240506,0.022504319967364787,0.01698368640229388,0.028601755364135055,0.026080899548665663
seoul_flood_2024_00023,1,2024,2023,9632c60e0ed4c6223ae3b937ce22f1876fb6cdeb28c7f55bc33e2ce939b58e6d,site_fold_3,0.6686607831766268,0.8026515236717321,0.8627036051287432,0.9951052658377647,0.9864372800108094,0.9905799972843076,0.9716903833366114,0.9889733711359869,0.9702090664344147
seoul_flood_2024_00100,1,2024,2023,847fee03f196da88ca147fdf7626ad98f52286f7ea498dd829ca73fc6754a405,site_fold_3,0.6980989376443528,0.838070870598016,0.8904892469755401,0.9839640110646449,0.9588543246525663,0.9931259402620851,0.9761584899240691,0.9525203014757144,0.9076480509904864
seoul_flood_2024_00025,1,2024,2023,c819cede6995ea40f0f68f04316d2019be37ac994dd418a0cbdec1c843dea159,site_fold_4,0.5714042774800339,0.6813299884015873,0.6721513910221921,0.9612572998878668,0.964341933975873,0.9526354372484676,0.9475364307691871,0.9391541202133893,0.9045118497823785
seoul_flood_2024_00101,1,2024,2023,b29f3a9d05c34c68522b01fe2640595e685f4c88f5d8e969f08db1a8e186643c,site_fold_4,0.4976721160393537,0.8956030243334059,0.8671119965421699,0.976626655247116,0.9641134514161341,0.9729330868634576,0.9620523054480004,0.9420408191831997,0.8784652313308977
seoul_flood_2024_00026,1,2024,2023,5601cfe0dafd37c847a7491e472fc4c99c05a8f729d671a071c556aa12d1cc69,site_fold_0,0.5290328687138508,0.8190127834193751,0.8008617134623925,0.9650491816114668,0.8911611319926748,0.9727299542687666,0.9460656469141013,0.9647671936369432,0.8596076123990137
seoul_flood_2024_00102,1,2024,2023,77738368915709589f9285d3dbfbdc93e438bffdbe2b754c7ab44d8cbb4dac84,site_fold_3,0.6946174446240575,0.8906906486910905,0.8580542197641737,0.9023831444564762,0.7998033279102265,0.9234565355732469,0.8448384608170506,0.8826233596714188,0.7413831738835477
seoul_flood_2024_00027,1,2024,2023,420e8c48ebc7ccbf83d2395b4da0611b4c8dc5279fe949942775ff2ccb1f5fee,site_fold_3,0.7005219332062049,0.5879540364806553,0.5758951279624206,0.9694128713647473,0.9390492501179677,0.925839693653152,0.8446166220989426,0.9755805156193709,0.957680657599496
seoul_flood_2024_00103,1,2024,2023,99026cbc6581e1dda7853aac956f2790cb89367aded1a3bc771ebbde0df131e3,site_fold_0,0.6324339524151193,0.7860382970958609,0.6065644514596156,0.9911935069951228,0.9884948350641224,0.9792545317811054,0.9701924580804843,0.9873325134937423,0.9835777795962238
seoul_flood_2024_00028,1,2024,2023,4ba93dbfdb004cedc56f5c631fad8150f58d482ea512ef4108dc18ece34c55a6,site_fold_1,0.6502577161452825,0.9395853099790412,0.9664162259945651,0.9179302005935345,0.9731295657636286,0.9569996686380268,0.9901835995369275,0.9303334150718915,0.9709117488091201
seoul_flood_2024_00104,1,2024,2023,8d7f23048bda7bb098f76ccf0fe517f0812889d3669924c1d3df7a7c3beb466e,site_fold_0,0.67367224774889,0.937887340996376,0.8790107213181888,0.9972055486743523,0.9970379787963892,0.9934081325361753,0.9938969836296214,0.977385741484063,0.9539585673523524
seoul_flood_2024_00029,1,2024,2023,3e44220d47bea9d8726118dbc011d3073c17208543dc34617d2426bd0b013376,site_fold_0,0.6087979614970939,0.7508175123253438,0.38047130414710123,0.9839269492081197,0.9796334569807561,0.9690256807926018,0.9538687091141401,0.9857340428172718,0.9644579492412125
seoul_flood_2024_00105,1,2024,2023,b070070fb490cb378ac75ab72a1cdec8f99ca298a47ea83535ff462f4218a566,site_fold_0,0.625003922935946,0.9125560734002397,0.9481485318803082,0.9603836839811745,0.9538195576114339,0.9633151176884333,0.9654099619626186,0.9238378093450738,0.9277042350156769
seoul_flood_2024_00030,1,2024,2023,03119c1c5c1adcbae5fd24c55ada049a8f1452bfcfcd3e573fa9bebf91752bb0,site_fold_2,0.6990873120739669,0.5332338385589819,0.508307273205775,0.9076985732922205,0.8549888371769576,0.9172821521572059,0.8858711174951532,0.9384511520050519,0.8718194934541559
seoul_flood_2024_00106,1,2024,2023,8a10ba040bee51a4dfb38952aa2bf48f827db9c60619fd3afaf104dd06491a34,site_fold_3,0.5838581669821786,0.6649861645238045,0.6327682292121967,0.9742019085577235,0.9535711654068737,0.9738512039630728,0.9421830519303381,0.9614283671059604,0.935930481438606
seoul_flood_2024_00031,1,2024,2023,13147c272b4c57eb35511cf391e997f00dc7d10b3a1f309bf6f9a86e80bd6d98,site_fold_0,0.6520417681673157,0.45069946256702076,0.6511721102454022,0.9805795962053898,0.9171563107000871,0.9790595843791737,0.9052163707360199,0.8905975983731597,0.7228517741191104
seoul_flood_2024_00107,1,2024,2023,168cd363d196b4cea35e3fbd5c31a32fe30f602e59fd2e486239d28906f9d02d,site_fold_2,0.6929332966335203,0.8503916558467419,0.7645169102699609,0.873281184730261,0.7817457387299174,0.7401144614444268,0.5789591283742814,0.7682676547017102,0.6784232514963779
seoul_flood_2024_00032,1,2024,2023,580ebce2e64ba8e209c7b1cebf7178a8945d8200b9c28e17ef913090e1016c84,site_fold_1,0.5215971470961042,0.6282792669661382,0.851208230994341,0.9432257084470224,0.8752885393205426,0.9471614526790733,0.9020029550386679,0.9793765602538667,0.9493210563153909
seoul_flood_2024_00108,1,2024,2023,642d2d7d6191dca8abc1ab275b94fdac98c447af754257111014110d2816b94b,site_fold_2,0.46731379998577893,0.5409555021676753,0.5354562248456599,0.8034481741015227,0.898085930840043,0.8107793733266614,0.8822739891306135,0.9392978513042534,0.9526650371923202
seoul_flood_2024_00033,1,2024,2023,825340dcf23951f2d8e47a605ed2e1b965b6967c54812a042734b3eda4bc5c96,site_fold_2,0.12103427281745471,0.8079483021548876,0.9137231435286914,0.6194113354284052,0.7258817407670081,0.7832678286377345,0.8501314677487849,0.8792181501894745,0.878633572534931
seoul_flood_2024_00109,1,2024,2023,1a5ac1cf0c6d290a58dd20ffa384cfc5a1c391aa45217ea6646abf4d6d3cd048,site_fold_4,0.645044531868423,0.7078619532584255,0.5826758412411848,0.9766833346141883,0.9060069048300767,0.963443541776603,0.8400439094593543,0.9418534837066278,0.7615739439100605
seoul_flood_2024_00034,1,2024,2023,e5b6ce851537198eb60726302c43334dbe511f11228c46cc6fe4387bcb048678,site_fold_0,0.5890073828270832,0.5874570835512682,0.7351343882592866,0.858118767889931,0.7502603894253826,0.9365900418677922,0.8989581047134194,0.9352778892376733,0.7741301075318687
seoul_flood_2024_00110,1,2024,2023,e06015435d8e64d0e545abf7950cc1a141c6e072d8a8bc68d033a5d44da502c7,site_fold_0,0.6507812583576937,0.6905045211540143,0.5817935469970983,0.8639018741841579,0.7159487372204999,0.7268336735528339,0.49660094029958857,0.7757343478691511,0.7259678388108401
seoul_flood_2024_00038,1,2024,2023,38da3f8f9cf16edf6f767e063dbcce4cd45bf9964614ea38636c127bfd87bf07,site_fold_2,0.40986453070997786,0.844783073150083,0.8342146962330107,0.9902337227153105,0.9315043058665878,0.9812848124129152,0.9165742851851603,0.973456593987196,0.8200141996633927
seoul_flood_2024_00111,1,2024,2023,39bb7133a5a101fdedcd7174962b3f0100428b3745479f0cd22475a6ec2e451e,site_fold_2,0.7320446883243259,0.9599974060429596,0.9570732046436019,0.9999075920349987,0.9986741106248113,0.9998636985645893,0.9983977261281498,0.9991452155061806,0.9956139602193143
seoul_flood_2024_00039,1,2024,2023,83e08aa3e97db1d52d86474b863a153e2cc9377b044e7cac80a279df233b1119,site_fold_2,0.5713832225825236,0.6836214483864903,0.8333571429928442,0.8544871274912609,0.7292152438423722,0.8895373916033515,0.8072567505270859,0.8777427395820291,0.7726531720179797
seoul_flood_2024_00112,1,2024,2023,976afaf01c54fedf9ff44d35ddf4ab9dd2ec59cd6f6522f18ed8ec0bb0a0420f,site_fold_4,0.6707448806053842,0.08482542715001802,0.03209908736516313,0.70693861605197,0.2427784073261089,0.8289573990461828,0.4412851891209831,0.761000900170375,0.464560426581531
seoul_flood_2024_00040,1,2024,2023,571c211904d10956955b5efb4fa653d8e5f9f7eb62867184c400a15c68241389,site_fold_0,0.6703001749716668,0.5973119698370026,0.6493437621726709,0.9597479827685748,0.9954106909411781,0.933388843378835,0.9935707354582916,0.9203212697006065,0.9859204478546482
seoul_flood_2024_00113,1,2024,2023,fbcf72bad940a495b5c781c0dacec95037e2444e074e00b823baaff2a70a2897,site_fold_1,0.7025102332555464,0.1937146344895154,0.12941580437919722,0.009357211566235177,0.06707035555322705,0.01029576169186776,0.2429697479756684,0.001820083205175788,0.016362944921135093
seoul_flood_2024_00047,1,2024,2023,17f667ebdcf62fddc91ad9b0250bb9b2adc97cb183d86891c48fee18be6e5cef,site_fold_1,0.49579308812332695,0.4944684108032508,0.3872248154215163,0.3586403639287057,0.273440126196493,0.2229691102879061,0.17241401533804407,0.5988406893315591,0.5191086310945148
seoul_flood_2024_00114,1,2024,2023,6aed3ebb380da99b9ee22cdafb43ad80499c1bff6c3499d470dc7ee07d89c849,site_fold_2,0.5619749678996123,0.19856227188265954,0.20365349313075226,0.7914277567841911,0.6624294777686026,0.7555830266084689,0.4528070359365683,0.9880964902357655,0.9952748929839372
seoul_flood_2024_00050,1,2024,2023,45e0d39429832b452a4c887bb71b185d61412763fa2b471282d7f26b4d5b2a6d,site_fold_4,0.49285148552592983,0.6611963938327587,0.6346087936650259,0.629465620153397,0.8651709814107285,0.5651499307359059,0.8800110376534772,0.330066467369185,0.6373245265512717
seoul_flood_2024_00115,1,2024,2023,7738cfb0acdc52887fd9690f1d5b486d23901783ababf94e5884b74aebb7b7a6,site_fold_3,0.5070031983085685,0.6923191545414976,0.7698431296083098,0.9852868112043921,0.9453823200623535,0.9856603965631261,0.9477146425032795,0.9443391224069074,0.898002925220611
seoul_flood_2024_00066,1,2024,2023,3249f0c73043197204ff8e0eb2de32de25359d1a88ab3e65135ed05df3e17632,site_fold_0,0.6738895583885944,0.6882208716645937,0.5063471251658328,0.8139359214472327,0.8893159762325292,0.7062748835452165,0.8030627898728461,0.7393000800024586,0.8563033973576581
seoul_flood_2024_00116,1,2024,2023,7d0ace58f1bf6a48eed8c62e46a71a458d0fecfa8f511947d46a0167e6837f9c,site_fold_4,0.5354176706872084,0.20384204257780278,0.13397238711519888,0.7763500863821045,0.4862415663217613,0.8332642872658896,0.4175978955753169,0.8938603519505278,0.5834558125513138
seoul_flood_2024_00073,1,2024,2023,287234d601433e40a271d9ddd26ead9f9308af2b1677c85e3834012d64e6e7d2,site_fold_4,0.6383825408785814,0.5755627158123,0.40135216033649773,0.7322718777527063,0.18364399341453422,0.7216131414015455,0.13009502433564155,0.6174619311672652,0.23122812286571573
seoul_flood_2024_00117,1,2024,2023,96bfd72b61bf954f2785d404c928759454d7b17f1b9112b500e5bef0de66965f,site_fold_0,0.521253683022643,0.8917370200636232,0.9267876979857359,0.9157453963083161,0.9681526800935888,0.9127793220123206,0.9756819869908465,0.7938801394946116,0.9093468087013274
seoul_flood_2024_00085,1,2024,2023,3becba3274152e21c153ada0da15bb1d8f5a0a5aa386ebae6fe6064d468e125d,site_fold_4,0.6179980240031108,0.645199945354122,0.5905210755100457,0.9996583631548915,0.9983003534128886,0.9993803881094228,0.997348274277705,0.9977397163561493,0.9891918774060806
seoul_flood_2024_00118,1,2024,2023,08e8ba1a5228798be26cec1295ab372eef931328d892df9a0a6f83f388090f1f,site_fold_4,0.5594213914416869,0.7824158155831957,0.7999482033022565,0.7361538648111321,0.9127845945508108,0.7357558472165143,0.9161597609670928,0.8537111065891843,0.9580637094139366
seoul_flood_2024_00087,1,2024,2023,038885154917f49461b2bd823ed84f168eb6f07b4247e762aa3785177bf2f1a8,site_fold_1,0.4180828701491372,0.7866842832755522,0.7269651775916272,0.9701692298560463,0.9283498658690846,0.9442977657545635,0.9125874465038141,0.9853243106183074,0.9573750295130957
seoul_flood_2024_00090,1,2024,2023,e2021107777c58ae4753e65b214bcf759eb5dade508d589c0faa3ecf220f7db4,site_fold_3,0.5378680852926777,0.5248413165051264,0.6576924554383469,0.9988434696085453,0.9983862939208921,0.9982519940460928,0.9974751382631126,0.9970340011922849,0.9971879481701238
seoul_flood_2024_00092,1,2024,2023,9a1836775b51d543b83e763701479475aa2241ddd6420af60260e1c2994536b2,site_fold_0,0.6586400987893457,0.7511878175728628,0.8317166936898887,0.9847553423332223,0.8142399685119676,0.9860387518655633,0.8342563454562519,0.9296662112829086,0.6715143456509112
seoul_flood_2024_00095,1,2024,2023,5609876fb475b5f8749245964924f472f2921b55d27942248654e089174fcb3d,site_fold_0,0.6050307524708936,0.7683782204735697,0.5671634040219945,0.8631769653914555,0.9088960827888806,0.7560884537718787,0.8098799009664651,0.8214189307504455,0.8615485613125353
bg_2018_0008,0,2018,2017,e01f18c6157377aa8fea34d0849ee57ba81780ea6b458a684b38b58c1f249aa7,site_fold_0,0.0016299556055723427,0.0018810605438760331,0.003433738049537451,0.004873048868125273,0.00024070444351664618,0.018979353922053483,0.0019330723037116102,0.49415743782187094,0.033825157246301946
bg_2018_0012,0,2018,2017,031f604ccd8decf0bc0c0f1b46d764f67618a666286b5ef046ba714fd32ce319,site_fold_1,0.004677564774088394,0.002627603683289957,0.002675881243110222,0.00025964368768952386,0.0003374811283550189,0.0010368770372022318,0.0011601914712693067,4.4557073541127303e-05,6.955174578341523e-05
bg_2018_0014,0,2018,2017,96f4653cba9c5b8fffc448302fa973dfcae2a21030235ce4f086544c824fafd7,site_fold_0,7.2613981014280085e-06,0.0001673278507611134,0.0010253723318339556,0.00013096400722720035,4.642352398654866e-06,0.00748713078921209,0.0005047764823510476,0.7019520423985829,0.04154950898822561
bg_2018_0016,0,2018,2017,b567922b1a6e50fee3cb576e2441824a9c83fd4dd5fac5d1c44c98d81360cfb7,site_fold_1,0.001286194312101005,0.009091299948251584,0.01941899045908504,0.032061460251219774,0.07496583447428679,0.02427814163934831,0.109168907960147,0.000987087733003014,0.0016979787076839329
bg_2018_0021,0,2018,2017,a74f251b2c3000fafc6ffa15b42a8c8767d1d7f96385ec57c9a92bad2775d4d8,site_fold_3,0.001670745399731772,0.001746168265116733,0.003062686957285078,0.0013973250658799047,0.00815852458425992,0.010598601508143126,0.052546123690466,0.0014961584221872984,0.019106735053579498
bg_2018_0029,0,2018,2017,d85443019e270af275d8e6dd883eb545895d895bb3302685db5c485b48671cbe,site_fold_3,0.05368998050430134,0.019344369717641818,0.03531358241306353,0.2525430971857806,0.5466634584824702,0.20097920795381716,0.4726174807386412,0.043786405505821836,0.11751296205964315
bg_2018_0031,0,2018,2017,294277d42644ddf4e441a0ce7c53aca2bfa06820f022b5f34069e9a8a30356b2,site_fold_2,0.32080877671165386,0.001159625822859997,0.001028244019364376,0.00029963402454736535,0.0036443829792699198,0.00011672920358134887,0.002579303525975696,0.0007702872421007426,0.004948425476000454
bg_2018_0033,0,2018,2017,21e62fc153d7c067a581956f9285d808728d0fbcc3f743972121ab385b7f240d,site_fold_3,0.6291026331143627,0.42663825652607734,0.5571654851424541,0.029272276064876892,0.040839916759686394,0.040091411614555,0.16373312531719547,0.006021254840039308,0.017400259829769386
bg_2018_0035,0,2018,2017,84e4269b50220afc54cd94d366ce19c65299d35df850ceaee93eadc2d1fba7df,site_fold_1,0.0065612337565333495,0.002467383174176243,0.0032036671971384834,0.0008412603025248282,0.017433187276318707,0.00496232199410399,0.13782209786650673,0.008428436263581668,0.09587875469737805
bg_2018_0037,0,2018,2017,ec12ead14120d4fd24d16cabbbd241eb1d0fe9c16ad943805a4312845283d462,site_fold_2,0.32772956535283787,0.26323563068358363,0.2121009469479583,0.007317069384773405,0.020985356974870122,0.008191637992760256,0.026783270384856415,0.008811277515719215,0.02437482102743897
bg_2018_0043,0,2018,2017,3dc07fb46bf80b6eecd3b849850467fc614be95e21cbda76c3c7cdf7a7106cf4,site_fold_0,0.013515031295398348,0.0001704703179967824,0.00023965269627749118,2.125933456590902e-05,0.0003063393434503607,4.663172898812006e-05,0.0007296280609168314,0.0008701644117182401,0.005185075176974992
bg_2018_0045,0,2018,2017,5abac985a6deaa808eecb6a2742d5a724388c8f6c7ad871704b78b4066e386dc,site_fold_2,0.4744245505239794,0.8344711266541971,0.9346018188019483,0.8666460044290001,0.9059254800400145,0.8960324686342108,0.8820818885531032,0.6086725309518796,0.445121531872972
bg_2018_0052,0,2018,2017,dcd99ae5f275a0be2458b09742536127a22d13b902bd53e5ac740a04f46f77f3,site_fold_0,0.6635603541700081,0.3181463842565744,0.3460679380456879,0.019674815130717158,0.05943678358948549,0.016395400701857077,0.05289848168231103,0.072138878703125,0.1944063652197053
bg_2018_0056,0,2018,2017,dc2c073fab33fa44d4232f769c5e6003d6870f75c7967861a7b52e38d7c69572,site_fold_0,0.47995916726407833,0.03397619464721626,0.01998233044862898,0.6117510692129294,0.4812876385797005,0.5463085758260949,0.39198708179031505,0.7884537129301475,0.7382458596272979
bg_2018_0058,0,2018,2017,203ddd064d80fc0d4e7bff11a0776d9e93419a3a6037aa9adc2c7505290a1813,site_fold_3,0.49759468654483685,0.22025700147232913,0.3133506038369545,0.217780245059185,0.1131615820671889,0.4981617821851055,0.2735757829847496,0.5790333936295835,0.2987214101284557
bg_2018_0059,0,2018,2017,f9a9ec68c6f1d2a1231e5e83d38745b60d61290ff74ac936aa8f0683822eb8eb,site_fold_4,0.12333686611849282,0.6191544902152848,0.8487536510816969,0.26400191960998354,0.16474818213971948,0.47608069394351826,0.5092598985633522,0.21005718377049357,0.24220115321542898
bg_2018_0061,0,2018,2017,320a5b870363bc27bd783e6d2b485a8d3972cfc67854a5a58639a25fc374f980,site_fold_2,0.6557039328070201,0.00020480064728196332,5.258196605754594e-05,3.5381487487542603e-06,0.0017186306870957569,6.94859577824409e-06,0.000620964840915738,0.0028314666754871848,0.5412563672442227
bg_2018_0065,0,2018,2017,2ae3e4a48561eae2ac17dd839dccd2bfa7997585727481cf2cc5ad1a544cbb29,site_fold_4,0.06840486893334699,0.00022274531752090125,0.00024805509189798625,0.001259252110883744,0.009335450371714465,0.0008709564557659611,0.007738316433547368,0.022981897543857877,0.06067498518546103
bg_2018_0067,0,2018,2017,b687a30ed837278ff4dadcfdef30f40b2986a06c7c79ed57693b3e6b2b1a9d33,site_fold_4,0.5263262267228447,0.6165784852943186,0.5658720437991172,0.8586403943305221,0.9575340367520575,0.864021490642695,0.9660991359745623,0.8400572735510496,0.9562429309603501
bg_2018_0071,0,2018,2017,48da3e414015f3351b42e87e9218a6ceaedce537a926ba13d8759590bdad9d81,site_fold_4,0.639796963183321,0.6991672305656882,0.5392018757131345,0.4725161069356708,0.6668973966901391,0.4669048193289986,0.65254101891396,0.509955411382813,0.726622102266734
bg_2018_0073,0,2018,2017,eb67dc3c4a6302c161ea7c937485d56e520ac962c08ed97fcd8cb6d32e101eed,site_fold_2,0.6926516797262829,0.4809049708370098,0.20230783303781405,0.3047428595652759,0.19649619987156391,0.07457992215553444,0.04676492598096374,0.1346827415065717,0.1372904144417259
bg_2018_0074,0,2018,2017,0661378a425c8a66c4aa539a6016f77d94444565f19a404c200d8da71d881e6f,site_fold_1,0.6179281855286769,0.26357585247230797,0.3856226508834134,0.006347906923792391,0.01648314864406312,0.009130302597020105,0.014057681286139745,0.03859073150303529,0.03894399381408717
bg_2018_0076,0,2018,2017,b0bb5e94bbb58bef0707986a0b214f4618e10f100ec3660f7f792c139b83b7bf,site_fold_2,0.6166640159617183,0.9227219682469233,0.9707267267192917,0.13374278059898997,0.4941098437494625,0.16276185145130648,0.5764866288121676,0.040941107512706694,0.18066798551234658
bg_2018_0078,0,2018,2017,a5ca7d8f214e2cdbd499bf191e3ef82542d8fc7c4eb63c250906aecb6d052776,site_fold_2,0.5753606931863264,0.19831173205094796,0.5297838407065544,0.0003070334013688964,0.013704623500095579,0.0028395798115605484,0.06901174894806349,0.0010730521860115774,0.030961858328395285
bg_2018_0082,0,2018,2017,5535d9eaa37e4d1a7b852f0870d6bc9cf8d44c2c849c46b6e3bc123aea922f98,site_fold_1,0.6304477418339194,0.8908888066711527,0.9842490149735833,0.00012044284451566489,0.004246203416571782,0.003259791487392987,0.05919229212181815,6.271291844437515e-05,0.0003713925408487216
bg_2018_0083,0,2018,2017,fe080c2d9abb132cc64d5557983b111ff97e3f58f287666fd5faa26bdb192287,site_fold_2,0.7089693507466235,0.7168276719539084,0.6976569383109009,0.0986311237123019,0.8307368256334661,0.08048281755886828,0.672933218965883,0.19412741509001505,0.7127116461603764
bg_2018_0085,0,2018,2017,f3ce6092bb24123a060a0495483d50073de4e4ee953fe58bd28e219e1a83baa1,site_fold_0,0.06929557217746406,0.006033662412107816,0.0020847793592149713,0.039393574962408626,0.35278761450232565,0.08171659538883663,0.2558778210034069,0.08441258219945309,0.33991107458649533
bg_2018_0086,0,2018,2017,2f8d0c0da0be361972dcf84753d6a3e08b6dad88a520b7d1a92b86f9b38320ac,site_fold_2,0.5842867872283773,0.0971798178304081,0.12143699076903354,0.014333060980525504,0.07203005362777166,0.05456774374612446,0.09823292813183147,0.11753497279615063,0.08935970218503521
bg_2018_0088,0,2018,2017,d948566b5d11292ec582eb153178eebb116e8d9e510bbbb560baf1319dcb07ea,site_fold_1,0.40938896390880175,0.3286685225420097,0.34301261900084645,0.049687599795562025,0.022100195782139842,0.0817598181148191,0.036716724031585615,0.23077268566099132,0.18206572684681835
bg_2018_0090,0,2018,2017,0ea0ea06867904ade6f0cc97d06bcc3a15a536e081b0765ae05da45dd08c935e,site_fold_4,0.6500583832354186,0.5016098812730354,0.29926948124680497,0.4592363180102517,0.09512307608667026,0.4191648199624761,0.07628504499278714,0.5824882126200469,0.21514855401803537
bg_2018_0099,0,2018,2017,eab8096d803acb18cc201f6ace31bbda179073d5e6a99e0d73d2ec05bccdf772,site_fold_3,0.06557138140684256,0.10554569311837664,0.0656053038947066,8.579281092651127e-05,9.852799373207146e-05,9.684883800034074e-05,0.00011302992580756419,0.0008812914903130418,0.0028812604510331137
bg_2018_0101,0,2018,2017,0e3e2e1f0d7500e89ab5386ac3395e82b86d098339e82b63a4f96b3de677403b,site_fold_1,0.40675880661765434,0.18932430008100987,0.16034208283496762,0.008392243320150643,0.010821129142383624,0.01525808389297973,0.009714195198973322,0.01098681295296041,0.007295635095353046
bg_2018_0102,0,2018,2017,d083f6498d7fbd2e9d25a6ad0b6797fb6e2c24cc6ad3d7ca5f9713008c86dd50,site_fold_3,0.5734820344142794,0.08259652313669623,0.09661344221737972,0.00045673890743720664,0.0055489300302204074,0.0009259949402128279,0.003534050037263312,0.001168149565409578,0.002701580489193701
bg_2018_0103,0,2018,2017,094fe38ba748a64e5efdec7fb8286b4be6aadc362ada39934354d5551a5da3d0,site_fold_3,0.1653134619426467,0.32420760723572767,0.4569620772783819,0.04588405419413412,0.1273259847141766,0.1378391961331681,0.3063186998511311,0.33075936806755873,0.4172260098967305
bg_2018_0107,0,2018,2017,121ca7306a2ae0103033e3004279ef3e80366ab277effbd7df933cd44df93378,site_fold_2,0.6930573136549173,0.8659936986242263,0.9472801996649779,0.22796162858934613,0.8691498638312122,0.22328766153083723,0.887413464469708,0.6421732493940643,0.9267362511777614
bg_2018_0110,0,2018,2017,fe94a8a6361778f583248af09d52d2f8beaeed2c3a1047494990e54232abf263,site_fold_2,0.6982810036812718,0.5713432499742507,0.4866622773769878,0.6677448481447243,0.8589565656892927,0.6409056183116083,0.7835266961729473,0.5968183930895103,0.8569842581254802
bg_2018_0112,0,2018,2017,9b8cfb8dd01fd7117ec530b8b1be50f430e0bba381744f956eee96179adeacee,site_fold_1,0.6159377291887169,0.8799132659866065,0.9646358445089501,0.9601325402619385,0.9523810922451554,0.9815065471085915,0.9690805174551607,0.8595454065660811,0.8136413675523356
bg_2018_0113,0,2018,2017,574a670bce4623563698b796be6af8072c206bfd8806e5f36ff822a332eff57b,site_fold_2,0.4528949498244434,0.2674563304263763,0.25431898106475326,0.16264057681489136,0.42320289144296674,0.13082726057302238,0.5555409151414402,0.0481714763282932,0.16237818159448766
bg_2018_0116,0,2018,2017,b89dc14cbabd117f4baa55fee005974d32ebb678421d282b6faf5919d4c5513d,site_fold_4,0.20532483902009735,0.1759917495058759,0.08533214653498648,0.834432295810566,0.8404491627693101,0.7365127488697992,0.7608438674813973,0.937158680509208,0.8898254138365739
bg_2018_0118,0,2018,2017,8e82547d47b9be467e201fcc7a5aecc54c71aded64e0ac980099b8678439acd8,site_fold_4,0.632530775326126,0.47593158926156226,0.5157924930851036,0.01839006882323436,0.1754136369540436,0.029497886740088266,0.15743218806034612,0.05039157921967105,0.15581158382485985
bg_2018_0122,0,2018,2017,bf6cb7c3b436132579c4c247e107989902b49e1a3a297a787f54b840578a302e,site_fold_0,0.3474503704395979,0.1688138986788791,0.09780805125511405,0.0006327067269493476,0.00151306671012119,0.0006030714105056536,0.0012092779401512322,0.0003853798992166603,0.0018053628075829233
bg_2018_0129,0,2018,2017,9d517f55ae5613be7e9c1f546afa3a8453196835262a2da69354022e181623af,site_fold_1,0.6597660900733957,0.6266560870709127,0.38923378054948743,0.30933195960371,0.3477823482635448,0.4623191479784278,0.2562767077786632,0.3746618602878061,0.23481518152501113
bg_2018_0130,0,2018,2017,30fc7f1fd06b41eaa1cbfba3302ccf7b637fb6b97d364777008dcc7203e27e88,site_fold_3,0.680520433012189,0.6184180884744689,0.5945342229803574,0.8737881377302409,0.944024729334077,0.8876494755118266,0.9259403452275771,0.8900795398192681,0.9619091676186218
bg_2018_0131,0,2018,2017,c70088b5f5ed553ac8d54c56b48c1be5b90a722246b8993e86f8ab252abee2b8,site_fold_4,0.5860568264611764,0.663520551881887,0.7357022399038666,0.9517453187903083,0.9775250471621477,0.9640268837447415,0.9779064688965581,0.961203913903683,0.9790190557070093
bg_2018_0135,0,2018,2017,d4a9a61f6e816b947950df9ce5dcf1ba5199c097b89c4e2ff3146444ea11cb5e,site_fold_1,0.16940781167860766,0.1730074908102928,0.23288523361629931,0.21840846681580356,0.10959465169506025,0.28657096944127586,0.23888813136949621,0.11633170768549037,0.20806527829546473
bg_2018_0137,0,2018,2017,b1c60d3479151c265d732f1691c8965b5045f9f996bc435e7cc5093bbabaa7ca,site_fold_4,0.5946532750810526,0.2892142250362067,0.14425573489966861,0.00030133475397240946,8.900278506664648e-05,0.00048180889463487087,8.869881385872526e-05,0.0003579454707299899,0.0002231037172565399
bg_2018_0138,0,2018,2017,8c4da60d1d75cffc9bd0bb476c0dc48b8024afb93b7ec5dce86a348e4a515c7e,site_fold_0,0.0008573168954495062,0.00027710038474839397,0.0001785256867486776,0.014220949857792521,0.009461460936308763,0.020358787518361697,0.019159537165996585,0.11413409791678952,0.19149120289726798
bg_2018_0142,0,2018,2017,27cf11d64439127707db65caff07bd9f503a61a6427d56ac8b3df0c792261c04,site_fold_3,0.7572822043523522,0.047512792488788355,0.0017379010580196102,9.166712656148136e-06,1.0126604993374076e-06,2.574818492678244e-07,1.8262692072444194e-08,0.015638678939646822,0.0033544592874604987
bg_2018_0146,0,2018,2017,e889077796f75a8bf06a0218348506ff1aa58361a026a2158158d33545d8f8e8,site_fold_3,0.6175168132054769,0.6968948185834812,0.6438646883537293,0.3442613531100164,0.5592331432236876,0.4597933093211785,0.513527311736203,0.26093289277063836,0.7185218736234648
bg_2018_0154,0,2018,2017,eaa88e45dc34bbc37c2c1c462247981c702e40fc4de264f8bfd709abb71da6d3,site_fold_0,0.1847162114592326,0.15482096888421015,0.08039171878364604,0.15248144523196372,0.12558976747706244,0.12590526372923214,0.0797520096416854,0.10637966808387826,0.2180280259165097
bg_2018_0155,0,2018,2017,37a1b32ea4828c6949829c840f5a2c1015383861dcde49e417670a4242964123,site_fold_0,0.12333388783327505,0.011958877355328926,0.008113589880065416,0.00014488775580677894,0.0001184291454962834,0.00024265285293873957,7.16977398158244e-05,0.0002603967235327628,0.00022612527371866103
bg_2018_0157,0,2018,2017,10931396412cd75603aea0d3abeeaa86eab99d3b921d1b092b41bbab3e6b3ef3,site_fold_0,0.6413563093222262,0.4529069925053151,0.2580544283053286,0.014167570999862161,0.08105253416732162,0.007730248568736193,0.03681866984509685,0.023117150516734256,0.061276935148483216
bg_2018_0161,0,2018,2017,d49b5fbc9ceb41ca0416f4cdb698a4166b7a68f5b61831b3c486481ab9266d59,site_fold_1,0.6548222905257175,0.8068259915371517,0.7036254723384743,0.8704499866213351,0.7546434475969594,0.8159645014998279,0.7093431771210285,0.815577910151061,0.5058835819674602
bg_2018_0165,0,2018,2017,d2fe77c5494009de82c48b234cc00ce5e962100afef8729763eebcde1fdb3ee6,site_fold_2,0.51825480176175,0.55731175955054,0.46946552699167576,0.008126216958627948,0.004616233812678388,0.00661451929315827,0.003252181240850449,0.011630023093105063,0.003560398821691634
bg_2018_0176,0,2018,2017,f2237c29d27bd0b5346f0be444cdf4b5a741aa2fba630c9086b59654a04a210f,site_fold_1,0.536697351963009,0.14741703526569547,0.10207618700552168,0.12387998661792152,0.00107638519669891,0.023178653950132525,0.00020046442398711836,0.058549332831595906,0.001795395875092278
bg_2018_0182,0,2018,2017,338e23f9b352e3105dbde6ef929db218b89c42bef0ff3192ba71868dc1c03e11,site_fold_4,0.39512902907264474,0.5978835994879315,0.6672600085776966,0.6950266743976584,0.9355677454955788,0.8015898183576546,0.9569657572089443,0.836530267579934,0.9766795397731824
bg_2018_0191,0,2018,2017,cbc1c3c2479947688ce7ff97d13516aff256f9ff10811bac671aee0b4c32337a,site_fold_0,0.08791912358419787,0.0033297046144031583,0.0032390795682118553,0.02294967771169546,0.008561678412790296,0.06236063048231686,0.04764431549762598,0.003898863502361408,0.004388668217774819
bg_2018_0212,0,2018,2017,d62a426cec03061a92b4b16ff9276a42c85c45c9bef3ede5653bbbd82d16c4a6,site_fold_4,0.5671528196101919,0.5675270367902446,0.34249592074034685,0.04221019148640177,0.04408621716787092,0.06697633997941775,0.059526160414719934,0.10065054435547134,0.08104608148853801
bg_2018_0227,0,2018,2017,f6e58d1a82b10079ee37183b7cf9cacaf6d4a553dd204c84c7040b1b90f871aa,site_fold_4,0.00030908948909441305,0.0003030607743364194,0.00025598269765309705,0.000594248658313121,0.0007087798366451018,0.00037222877711284017,0.00042616497942915614,0.0038840676941957384,0.0013010010296742214
bg_2019_0008,0,2019,2018,e01f18c6157377aa8fea34d0849ee57ba81780ea6b458a684b38b58c1f249aa7,site_fold_0,0.0016299556055723427,0.005008949411653909,0.0015561916030455902,0.00027317353170806753,0.00020987929305521936,0.00020736810068230024,0.0003782668017273295,0.33026197521449274,0.015466242271126855
bg_2019_0016,0,2019,2018,b567922b1a6e50fee3cb576e2441824a9c83fd4dd5fac5d1c44c98d81360cfb7,site_fold_1,0.001286194312101005,0.08157371802895107,0.007660858143218038,0.1616228732763921,0.4054228865962511,0.0025334295463573173,0.03652534121227455,0.0004189813211402225,0.001166186675574366
bg_2019_0019,0,2019,2018,6edce6b5be5a6297cfc6785fe6eb1f9255b7a66545fc3bea508c64d379a86f22,site_fold_0,3.973275691737011e-06,1.9367853292548364e-05,1.4836076780280357e-05,3.4879437308698504e-06,8.101571547812144e-06,4.3595524574664665e-06,1.6677249091695092e-05,0.13262508899755485,0.05960692186421858
bg_2019_0021,0,2019,2018,a74f251b2c3000fafc6ffa15b42a8c8767d1d7f96385ec57c9a92bad2775d4d8,site_fold_3,0.001670745399731772,0.0014669661815214724,0.0023384464282500766,0.00042298622082829167,0.0003975791929005497,0.0019527207266023501,0.0015757643474515757,0.0015103704986299121,0.001791098534093358
bg_2019_0023,0,2019,2018,707cefe99fb18e837868489d84317ae20f18934da0f4afa2a1f2b42c41ecaec8,site_fold_4,0.04531909654170286,0.002015357177879372,0.0007128189910363995,2.393417368251669e-05,0.002456480433183997,5.61111392141217e-06,0.00025046374145499503,0.00015865480613659554,0.0008320800916612549
bg_2019_0025,0,2019,2018,7c6261366bf8edda64089f460e853aeaeda958dee0f29ba57605120c552ce3ad,site_fold_2,0.6276301148228968,0.32309954533608143,0.19160514845430626,0.005584981904304589,0.013347328551104144,0.006351535225317743,0.017336207570995122,0.03218866510795803,0.048735363743395044
bg_2019_0027,0,2019,2018,07e4e2986cc515ff4959416c897bb00877a6b5e8b3b13ea6b922aa271b685181,site_fold_1,0.4205860643323545,0.024898451297002813,0.0026137904263795254,2.288195591321577e-05,0.0004202543268238654,4.972026608289725e-06,8.669068555842626e-05,0.00014390463431931784,0.0012256561061261477
bg_2019_0029,0,2019,2018,d85443019e270af275d8e6dd883eb545895d895bb3302685db5c485b48671cbe,site_fold_3,0.05368998050430134,0.045330389758508324,0.0197458597251966,0.02831829120340257,0.6765731167026081,0.0036439820118985456,0.1790679651498044,0.017691210089026403,0.0409333453071399
bg_2019_0033,0,2019,2018,21e62fc153d7c067a581956f9285d808728d0fbcc3f743972121ab385b7f240d,site_fold_3,0.6291026331143627,0.5073511097449521,0.3931436647427282,0.010190648212086971,0.042174532696110364,0.0051174879308047184,0.03118660355759453,0.001467045766559406,0.00942734253913601
bg_2019_0035,0,2019,2018,84e4269b50220afc54cd94d366ce19c65299d35df850ceaee93eadc2d1fba7df,site_fold_1,0.0065612337565333495,0.010907527167065029,0.0008484290308625288,0.0014367305673845879,0.0172384737284974,0.00012670360370108046,0.0005306644081506646,0.003461691317203823,0.005775903261824132
bg_2019_0040,0,2019,2018,b8e6d522bdee72713691c7fcf5a63989a868dfd95bd2cab5437e22511b06187d,site_fold_2,0.2737063769522236,0.0008615329111848324,0.03191532969362187,1.1633029699934014e-05,2.276196638247638e-05,0.0008471557013982197,0.0006844856516556741,0.005948949276672195,0.0005411030764823667
bg_2019_0045,0,2019,2018,5abac985a6deaa808eecb6a2742d5a724388c8f6c7ad871704b78b4066e386dc,site_fold_2,0.4744245505239794,0.952004008122659,0.8258340955009768,0.8133725061718965,0.7794066868814474,0.6873306102483324,0.47011062457639163,0.3821380283443586,0.22717332935003262
bg_2019_0047,0,2019,2018,9b143e553b172de0a0dbcd667fcc44ff4424a8f9c8019d9c4a4518f7420b41af,site_fold_4,0.02452400394004024,0.002423555183701855,0.00032557877869358496,0.00011694763155702084,0.0013787137885230717,2.018819434630863e-05,0.00010218446167260089,0.0012465479070235695,0.006090897120910927
bg_2019_0051,0,2019,2018,748d2b899e4eb3beab4800bc94e8ff516e34ed0db3aef051813bec260a8670ce,site_fold_4,0.28123665912804524,0.22013757289472577,0.21972572468592902,0.03985597030569385,0.15907557855839188,0.024885610486795398,0.06455867795904588,0.028698526256907254,0.11394752164714861
bg_2019_0052,0,2019,2018,dcd99ae5f275a0be2458b09742536127a22d13b902bd53e5ac740a04f46f77f3,site_fold_0,0.6635603541700081,0.4983746070719804,0.3648903189233106,0.005824041662575895,0.00882006675529823,0.005146012784196741,0.009573489352756303,0.017322126663063063,0.03046505756017557
bg_2019_0057,0,2019,2018,d40effa8069de0fc26ed37d2c749ab608986996e969ab3f7db4ee96472d380dc,site_fold_3,0.5919185318606468,0.80737320076443,0.5436231662308133,0.5518852990125703,0.5674446808327974,0.4653714017177918,0.37553081024086576,0.3990639254231155,0.5532795827086066
bg_2019_0058,0,2019,2018,203ddd064d80fc0d4e7bff11a0776d9e93419a3a6037aa9adc2c7505290a1813,site_fold_3,0.49759468654483685,0.27437673634854265,0.3914445387843837,0.020074245943377717,0.07558113458980695,0.12170205117879557,0.27381089918578716,0.1781135288187512,0.29299744327509303
bg_2019_0061,0,2019,2018,320a5b870363bc27bd783e6d2b485a8d3972cfc67854a5a58639a25fc374f980,site_fold_2,0.6557039328070201,6.290650927937961e-05,0.00032488634306699336,1.253225757525471e-06,0.00010717118291435381,1.4289035820404817e-05,0.00047294700027449146,0.005040346371834336,0.08566702249782815
bg_2019_0065,0,2019,2018,2ae3e4a48561eae2ac17dd839dccd2bfa7997585727481cf2cc5ad1a544cbb29,site_fold_4,0.06840486893334699,0.0006721947864650249,0.0001048565978461384,0.0018848296562891387,0.01893987531533252,0.0003013844553811141,0.0019311511605140791,0.02127793579870462,0.053192577610788355
bg_2019_0067,0,2019,2018,b687a30ed837278ff4dadcfdef30f40b2986a06c7c79ed57693b3e6b2b1a9d33,site_fold_4,0.5263262267228447,0.71301606681227,0.5377239890080829,0.6922623198831594,0.9338785673319878,0.6236102587017509,0.9182373457892066,0.721828295396073,0.9409303899484663
bg_2019_0073,0,2019,2018,eb67dc3c4a6302c161ea7c937485d56e520ac962c08ed97fcd8cb6d32e101eed,site_fold_2,0.6926516797262829,0.5694710784117898,0.30735870927757564,0.1667663846889182,0.22760759780037723,0.05030504058846141,0.08240736579018375,0.06358897477510388,0.09454247709957977
bg_2019_0076,0,2019,2018,b0bb5e94bbb58bef0707986a0b214f4618e10f100ec3660f7f792c139b83b7bf,site_fold_2,0.6166640159617183,0.9485202621939194,0.943282304975958,0.0779148149130642,0.06606947239288379,0.11225807575811432,0.07224606617539885,0.01690096204160188,0.01814078818800808
bg_2019_0081,0,2019,2018,a79ec02ce4ac7963f73a96c80a4ea1fc557a0747a742e20e54654266ddade15f,site_fold_1,0.6964980047253961,0.7271562571895862,0.6585800246548456,0.1801200049108157,0.10587562216231573,0.2544646344769766,0.15260215347346848,0.08881006996264132,0.09972522884137464
bg_2019_0085,0,2019,2018,f3ce6092bb24123a060a0495483d50073de4e4ee953fe58bd28e219e1a83baa1,site_fold_0,0.06929557217746406,0.014138811902841568,0.0027946181643833403,0.058507280645075814,0.11182033347422717,0.047088818266744464,0.06596401275820413,0.15295932612754015,0.09296917618658428
bg_2019_0089,0,2019,2018,30e0262a5079f27f544cfa11a50c2dac7696a1223e31b6a5743a25b88178f3f9,site_fold_1,0.6659921028020139,0.7278623928840754,0.5893557980907096,0.008568605697192828,0.014488264280857551,0.012033915845018305,0.016880611218227183,0.0033718822065551936,0.013451603904930604
bg_2019_0090,0,2019,2018,0ea0ea06867904ade6f0cc97d06bcc3a15a536e081b0765ae05da45dd08c935e,site_fold_4,0.6500583832354186,0.6024032383910818,0.35641597030277333,0.0503754447693827,0.06750715293430616,0.06035068026980103,0.06756417161161148,0.1369405076628629,0.27183461053136265
bg_2019_0091,0,2019,2018,982618d21af830b045f8c249c93b9fe8c0ca46e8eef0f38a41b858d40f182133,site_fold_2,0.661001407906104,0.6868105646596643,0.575622295153338,0.8144743666359079,0.47680970592343863,0.7754330005738684,0.39285433054686103,0.6217470559198885,0.39468019992513476
bg_2019_0092,0,2019,2018,1329ca34dd0aa22bba0143275ea656df9883ad433541073bcd4a263e3256d123,site_fold_4,0.6021753347382304,0.5280044244865159,0.24421376489486307,0.4667375693282542,0.8841536312408318,0.2462109233262079,0.7219171176574084,0.1840971483611463,0.6134314468177915
bg_2019_0099,0,2019,2018,eab8096d803acb18cc201f6ace31bbda179073d5e6a99e0d73d2ec05bccdf772,site_fold_3,0.06557138140684256,0.15246248465464357,0.07533548897831874,0.0001737002470874836,1.0615614613551856e-05,7.599884485522369e-05,6.426085265258692e-06,0.0009719332644511755,0.00044938834052401263
bg_2019_0102,0,2019,2018,d083f6498d7fbd2e9d25a6ad0b6797fb6e2c24cc6ad3d7ca5f9713008c86dd50,site_fold_3,0.5734820344142794,0.09948696078845319,0.10894172572969123,8.50833182827345e-06,0.0012033872823580347,1.3808714950091922e-05,0.0015088425211302733,2.6209358538080443e-05,0.0005797718801470469
bg_2019_0103,0,2019,2018,094fe38ba748a64e5efdec7fb8286b4be6aadc362ada39934354d5551a5da3d0,site_fold_3,0.1653134619426467,0.3517942049611446,0.394124175698648,0.017381240865357937,0.04389090699362763,0.06797908051267859,0.13840004314303833,0.12523994715249245,0.2954505131149146
bg_2019_0107,0,2019,2018,121ca7306a2ae0103033e3004279ef3e80366ab277effbd7df933cd44df93378,site_fold_2,0.6930573136549173,0.9398795460920746,0.8422849834098848,0.1691894024757355,0.2460870403142337,0.1934097033021343,0.34006704931911425,0.3720609071829568,0.5934629407248805
bg_2019_0112,0,2019,2018,9b8cfb8dd01fd7117ec530b8b1be50f430e0bba381744f956eee96179adeacee,site_fold_1,0.6159377291887169,0.9820170057326675,0.9094952814188901,0.5901994960620502,0.9801670586184879,0.4789247724557154,0.9613636384470253,0.1847563467917003,0.8674216648205653
bg_2019_0113,0,2019,2018,574a670bce4623563698b796be6af8072c206bfd8806e5f36ff822a332eff57b,site_fold_2,0.4528949498244434,0.23049619338286548,0.2588864796976775,0.12420132399812842,0.18061135930956546,0.18457365692410194,0.37553260241905057,0.04450676228143739,0.10899245365136605
bg_2019_0115,0,2019,2018,48ba22de3d6960040834837c9f93bad7da1ff9aa12c70c28cf23329daa5556b9,site_fold_0,0.654239378613993,0.5194429887477096,0.37565145025310026,0.005430540159256002,0.006046319859029927,0.004345978277550216,0.006111731634776023,0.009286665435191938,0.010144549070230257
bg_2019_0118,0,2019,2018,8e82547d47b9be467e201fcc7a5aecc54c71aded64e0ac980099b8678439acd8,site_fold_4,0.632530775326126,0.5569721571160755,0.4194217326596203,0.0021644496245444467,0.1010232854807122,0.004420727233937241,0.08735288699773573,0.008937165715692544,0.08150691480379522
bg_2019_0125,0,2019,2018,669228cb6311c26fa81b0cc72a9f043cf099e2aec5da6174c5343570362b53f9,site_fold_3,0.015030326944160828,0.019458982859006987,0.005965446347367465,0.027805842545379628,0.0015983224491676108,0.008771493081064069,0.0004602168824282512,0.0054578612255674576,0.0009434422531165296
bg_2019_0129,0,2019,2018,9d517f55ae5613be7e9c1f546afa3a8453196835262a2da69354022e181623af,site_fold_1,0.6597660900733957,0.706422978849751,0.513808787883407,0.05499300736264711,0.6184103136894693,0.07913519715567487,0.584450078055404,0.048152795624773,0.6097686949632989
bg_2019_0130,0,2019,2018,30fc7f1fd06b41eaa1cbfba3302ccf7b637fb6b97d364777008dcc7203e27e88,site_fold_3,0.680520433012189,0.6672734835248031,0.5955798144535128,0.8046507917040405,0.9070976550778117,0.7915743666172206,0.8466158101436775,0.8518524620849525,0.9389296131676909
bg_2019_0131,0,2019,2018,c70088b5f5ed553ac8d54c56b48c1be5b90a722246b8993e86f8ab252abee2b8,site_fold_4,0.5860568264611764,0.7219105632339162,0.7563242721431187,0.4646563645785032,0.9646410180528946,0.6006304721186039,0.974189901778823,0.5015667201344699,0.9838082051936808
bg_2019_0135,0,2019,2018,d4a9a61f6e816b947950df9ce5dcf1ba5199c097b89c4e2ff3146444ea11cb5e,site_fold_1,0.16940781167860766,0.35008481677376996,0.11480273237003029,0.048286336123163666,0.13587778290228955,0.021926117639040732,0.07361205383088125,0.03473099972773014,0.1277473505777279
bg_2019_0138,0,2019,2018,8c4da60d1d75cffc9bd0bb476c0dc48b8024afb93b7ec5dce86a348e4a515c7e,site_fold_0,0.0008573168954495062,0.0002976269358293271,0.00017887304034731202,0.002209601936562892,0.005900588513087829,0.000798737095132323,0.003916999289135607,0.07786654254578633,0.08616377092468326
bg_2019_0148,0,2019,2018,7e9ec81c8ea1517e7c97d3f130bd8da15eded8367199dea08912d7fec27678bc,site_fold_1,0.6500064272786543,0.7855022858440797,0.7114634220925828,0.0392163230897772,0.21572678913868573,0.03923993307096182,0.36456810354398117,0.0444017935334786,0.49314488086310093
bg_2019_0150,0,2019,2018,2d514b854a9419024c44d135af3eff0d5ec793684c36bece8e6471bba25f3d4b,site_fold_0,0.030604837466788465,0.010438420716392284,0.0028257979463424386,0.0005730417076372275,0.00876799711642813,0.00013738952772867025,0.0018023283165315598,0.00948760195629428,0.025939369961116482
bg_2019_0152,0,2019,2018,ce81223ed4abc36fdbbc236f8ffb7d0ee9ea969f12ac8750196c90345354cd48,site_fold_3,0.35333530462877516,0.09321350226632982,0.012712890097024553,5.495144809841893e-05,0.00033987437949437326,1.2339103781929473e-05,4.5624012414686957e-05,0.00016754126175025296,0.00012329536545321082
bg_2019_0167,0,2019,2018,4a3e32b2592c4bca0306e12810e632bbc064edd22a18e37cda46c14b345b44bb,site_fold_2,0.0009143419260629408,0.028064186190296266,0.0011920455006493448,0.00010763352766648505,7.732587155983694e-06,4.8371248745177676e-06,9.106250100103301e-07,0.0017868050747474342,2.009767847798283e-05
bg_2019_0176,0,2019,2018,f2237c29d27bd0b5346f0be444cdf4b5a741aa2fba630c9086b59654a04a210f,site_fold_1,0.536697351963009,0.21223416267147102,0.04436827384193353,0.002276025045496187,0.0006367586475152223,0.0011416611630083546,0.0004405120846959739,0.004098673522495999,0.0034516600234723483
bg_2019_0180,0,2019,2018,a113ed2181e2dafdd3bd4c517c782ea37e2fc64120cbcccfd433bc0ea0d1188c,site_fold_2,0.4548525312439841,0.06227259590479417,0.006980837908684585,0.0004192462860094202,0.0005024519766297935,6.579315535460669e-05,8.612184027988694e-05,0.001759953861542778,0.0016937878977453535
bg_2019_0193,0,2019,2018,61dbfdd28521f9308c90c25b11338b8d4a84bcf61abdb389858a2ac8ee611700,site_fold_0,0.5695469243978323,0.4319822680926177,0.36586920895186603,0.010872875027530362,0.03278893845221312,0.01500843259873275,0.07160093545319104,0.013377093090189003,0.06180238708928497
bg_2019_0197,0,2019,2018,085eb8211e0d2e935d23d26841e01d26a6fd4d394c7185918f5965368be91c14,site_fold_2,0.6825828402451418,0.9608761006663242,0.8770989556061152,0.957849879370829,0.9282513794086327,0.8411409740400693,0.8220035057657807,0.742096447445896,0.7717739438713122
bg_2019_0199,0,2019,2018,83039e54e1fa37ee25521fbe29d0a288ee1d48abb96cc75dc80796ea6e46a80e,site_fold_4,0.06748660057194966,0.016539597283601187,0.0042000684105623996,0.0003642893374052698,0.0007861246300746824,9.2541974421569e-05,0.0006588687070531007,0.0002834681406714398,3.601583706877233e-05
bg_2019_0208,0,2019,2018,7fcd19c49f8ef373af77d30b6ea657701de171b59c2cc99c492381c7fa79eb53,site_fold_1,1.1325996500370279e-05,0.008021945553515127,0.0013003726581845264,5.7980266039168906e-06,1.3366830674070116e-05,7.752230198116623e-07,9.168186876036492e-07,4.694606409991169e-05,5.205952962060994e-05
bg_2019_0212,0,2019,2018,d62a426cec03061a92b4b16ff9276a42c85c45c9bef3ede5653bbbd82d16c4a6,site_fold_4,0.5671528196101919,0.5671856718673813,0.5081181009433189,0.0019311998191754434,0.009000617758265498,0.0026975098802412,0.010119036448443083,0.007582969517658669,0.0323824657592528
bg_2019_0214,0,2019,2018,adcf989dc565c016087934f1ab4ba3b574fbe4b87d6ce6c4c0efac4ac2994595,site_fold_4,0.5773241877348153,0.7047145342925589,0.5083252366181404,0.04626257553522056,0.8629822781983992,0.04498927130597694,0.702020732397044,0.007993845882508874,0.15364424929860354
bg_2019_0227,0,2019,2018,f6e58d1a82b10079ee37183b7cf9cacaf6d4a553dd204c84c7040b1b90f871aa,site_fold_4,0.00030908948909441305,0.0005547163701862737,0.0003194949817131416,2.1748913949274547e-05,0.0025351914762459125,3.752597570296539e-06,0.00015673245938941624,0.0004265615601016732,0.0009125054845672306
bg_2019_0229,0,2019,2018,571d300f79ea95c93212637680e248e7f42521541f8f5180c48bc4344a8082b1,site_fold_2,0.11372438408332163,0.0037414741048754255,0.0010637675028372115,0.004117180639270743,0.003932715730908049,0.0006540437497287607,0.0010920334414552656,0.00043666215456241857,9.857166988338521e-05
bg_2020_0012,0,2020,2019,031f604ccd8decf0bc0c0f1b46d764f67618a666286b5ef046ba714fd32ce319,site_fold_1,0.004677564774088394,0.015873874201400576,0.024633312417764956,0.01965516913509841,0.006355432904648959,0.024631892477887163,0.005189284442541871,0.00025181044065498157,8.932211795410599e-05
bg_2020_0021,0,2020,2019,a74f251b2c3000fafc6ffa15b42a8c8767d1d7f96385ec57c9a92bad2775d4d8,site_fold_3,0.001670745399731772,0.0014236925714527816,0.0028791751222398644,0.005745524665062878,0.000875528137794768,0.0266930616472585,0.003660940026063202,0.005421611213035576,0.0024406410984966985
bg_2020_0029,0,2020,2019,d85443019e270af275d8e6dd883eb545895d895bb3302685db5c485b48671cbe,site_fold_3,0.05368998050430134,0.06715014397586175,0.0713474108506704,0.27394387369916706,0.5795159395868402,0.11023556619431056,0.24500380264273885,0.0786395013178989,0.03613068051307242
bg_2020_0040,0,2020,2019,b8e6d522bdee72713691c7fcf5a63989a868dfd95bd2cab5437e22511b06187d,site_fold_2,0.2737063769522236,0.0025186175716061777,0.0024215779999042625,0.0006248991764199436,0.00029252768982163693,0.0037355586456547405,0.0011893199584663383,0.04943712658200352,0.0073218206741684794
bg_2020_0042,0,2020,2019,c5c162e440897a82f0cf5001e5831e1ef3a67dfe6bf07a591a79a43cc3ff74f5,site_fold_4,0.4671827976401883,0.1619126593078519,0.2577428210435766,0.0002744131856472363,0.00253310995404321,0.0002136599183442544,0.0014315393243264096,0.0004552631209687532,0.0006475675790109726
bg_2020_0043,0,2020,2019,3dc07fb46bf80b6eecd3b849850467fc614be95e21cbda76c3c7cdf7a7106cf4,site_fold_0,0.013515031295398348,0.0009885947736672739,0.0005023186217375474,0.0004234139833619145,0.00135418268749369,0.00033731641750345075,0.0009054957228649418,0.0034015295501068667,0.006863832781996952
bg_2020_0045,0,2020,2019,5abac985a6deaa808eecb6a2742d5a724388c8f6c7ad871704b78b4066e386dc,site_fold_2,0.4744245505239794,0.9162993652830456,0.974021181794996,0.9307081781206296,0.9669225654370818,0.9337883460765372,0.9575501298752708,0.685215220049138,0.5889081212729509
bg_2020_0047,0,2020,2019,9b143e553b172de0a0dbcd667fcc44ff4424a8f9c8019d9c4a4518f7420b41af,site_fold_4,0.02452400394004024,0.0007755674151339639,0.002447320050996135,0.0021933723002515774,0.0008416705278413212,0.0027248456812723476,0.0012728771362678615,0.022718180451086964,0.007515784424084402
bg_2020_0051,0,2020,2019,748d2b899e4eb3beab4800bc94e8ff516e34ed0db3aef051813bec260a8670ce,site_fold_4,0.28123665912804524,0.3146760652509109,0.30235072328919277,0.0989060318473147,0.23494121313726823,0.10103051152522902,0.2404308155902214,0.0778805800988127,0.2385298510383846
bg_2020_0052,0,2020,2019,dcd99ae5f275a0be2458b09742536127a22d13b902bd53e5ac740a04f46f77f3,site_fold_0,0.6635603541700081,0.5089649830888225,0.6300625651686576,0.07700544251646552,0.04131266694838838,0.08595845042468882,0.06705475060934293,0.22795086333500034,0.13628078199252222
bg_2020_0053,0,2020,2019,ef5548ab378a0d6f1136921f787bedefcf308b5bf6f03841ab384a58392a796f,site_fold_0,0.31183091032124827,0.02893419129337606,0.0006686992594316346,0.023587264750117073,0.0009702428901745305,0.005576683969563516,0.00044180547420277994,0.30258275025510656,0.028663110014853763
bg_2020_0054,0,2020,2019,8b97daeee954f5cf8ce99941964f6b69aafbd08ff670db5383f686bb16668c44,site_fold_3,0.6294362469157833,0.4092762754146133,0.4051566215902161,0.03748456685063487,0.07084789938985701,0.07198894873720159,0.09140648333810644,0.1450314448743339,0.20166343885880558
bg_2020_0056,0,2020,2019,dc2c073fab33fa44d4232f769c5e6003d6870f75c7967861a7b52e38d7c69572,site_fold_0,0.47995916726407833,0.4899601687178168,0.3237395758058731,0.8192414381751305,0.23017718606987425,0.5784230425120691,0.15155052573520866,0.9286920063367733,0.16310563983338247
bg_2020_0058,0,2020,2019,203ddd064d80fc0d4e7bff11a0776d9e93419a3a6037aa9adc2c7505290a1813,site_fold_3,0.49759468654483685,0.2678886435636672,0.5234700764159712,0.07457620243473773,0.32158986857109767,0.330295978092117,0.5642067753006532,0.4925058495616195,0.5403401587490879
bg_2020_0064,0,2020,2019,7cf777b87c15c35cb12a26b7d8ad0f56654c2b75b6447578107c0cef8bdd2e29,site_fold_3,0.5049905510194461,0.6186512206316233,0.4324251646537942,0.819736195932575,0.8256724911848167,0.5070260328011652,0.6972234500204121,0.9339000740485016,0.941961907201627
bg_2020_0065,0,2020,2019,2ae3e4a48561eae2ac17dd839dccd2bfa7997585727481cf2cc5ad1a544cbb29,site_fold_4,0.06840486893334699,0.0006629571304664784,0.00036872550799589804,0.018099586633495087,0.010850264821898211,0.009564591795418435,0.01591850131917254,0.11319620800386383,0.10790140522829722
bg_2020_0066,0,2020,2019,a5a2dc9c1dbe6d7af6f51645bd09cb467e8f7c186eb7d91b2a155cea8ae622ed,site_fold_1,0.502200163474982,0.3606889981516731,0.3961237653049666,0.0006790369851090148,0.0004348647734459018,0.0003013675543742473,0.00014718655399020993,0.0005134626811246706,0.00028112104047142564
bg_2020_0069,0,2020,2019,19b54b72bdde6c4bd3cbe2546f3414a4ff56cd60d6a2bcdf3d6f1f199e8b9a7a,site_fold_0,0.5986782259126648,0.6570597819653835,0.7294587882806618,0.00014375281195816133,0.0015573158815033255,0.00027152252245806017,0.002307926599770287,0.001538843192917573,0.003471511879028993
bg_2020_0073,0,2020,2019,eb67dc3c4a6302c161ea7c937485d56e520ac962c08ed97fcd8cb6d32e101eed,site_fold_2,0.6926516797262829,0.6286454252304445,0.373530703069646,0.7233482030523474,0.7392309083152514,0.2968668739285798,0.40517368269845544,0.37606436122400505,0.3660666321358498
bg_2020_0074,0,2020,2019,0661378a425c8a66c4aa539a6016f77d94444565f19a404c200d8da71d881e6f,site_fold_1,0.6179281855286769,0.3412971508048029,0.5905851610708118,0.0065275169073601876,0.019323064366360367,0.014066357247139663,0.030859128008630613,0.01657101103747869,0.03765580764255413
bg_2020_0079,0,2020,2019,387293de0a4d2562776968a4c928898f0c153e19c243293da6f2314332ce8e09,site_fold_2,0.7362023308630365,0.6739202133420297,0.7051397034300004,0.012085660274571584,0.0700045670978436,0.015844156667370397,0.059476530463358705,0.044979769070457386,0.10221359689433983
bg_2020_0083,0,2020,2019,fe080c2d9abb132cc64d5557983b111ff97e3f58f287666fd5faa26bdb192287,site_fold_2,0.7089693507466235,0.7340911709510944,0.7718186002670615,0.5994359863582016,0.8900446003652249,0.39857527561246897,0.7347584134009696,0.5290086432116107,0.75444911612347
bg_2020_0085,0,2020,2019,f3ce6092bb24123a060a0495483d50073de4e4ee953fe58bd28e219e1a83baa1,site_fold_0,0.06929557217746406,0.018022998851846907,0.006471843484715051,0.15936528978568665,0.5036577293223236,0.19529652836059697,0.5803685339274512,0.21546671626006997,0.6670179875779352
bg_2020_0086,0,2020,2019,2f8d0c0da0be361972dcf84753d6a3e08b6dad88a520b7d1a92b86f9b38320ac,site_fold_2,0.5842867872283773,0.1666834596642054,0.3891039862896733,0.14646601098258136,0.10922635446518159,0.31250974350617344,0.14087036001800443,0.4879114494948196,0.10465357643346866
bg_2020_0088,0,2020,2019,d948566b5d11292ec582eb153178eebb116e8d9e510bbbb560baf1319dcb07ea,site_fold_1,0.40938896390880175,0.4102125749046237,0.45920387828330383,0.07498189318981113,0.05731021411472837,0.13219449168396516,0.08911990067589937,0.36308635011893675,0.2638029307324515
bg_2020_0089,0,2020,2019,30e0262a5079f27f544cfa11a50c2dac7696a1223e31b6a5743a25b88178f3f9,site_fold_1,0.6659921028020139,0.7030751218298441,0.7049445019326686,0.06359694796175548,0.030951115405343888,0.04240480868190761,0.016855931095334335,0.020291602285060755,0.02381831538797573
bg_2020_0091,0,2020,2019,982618d21af830b045f8c249c93b9fe8c0ca46e8eef0f38a41b858d40f182133,site_fold_2,0.661001407906104,0.6245104719584884,0.6683625580001471,0.9829946841007527,0.9566217617385684,0.9609346074312742,0.9015830717533324,0.9642614735604816,0.8641204321635686
bg_2020_0099,0,2020,2019,eab8096d803acb18cc201f6ace31bbda179073d5e6a99e0d73d2ec05bccdf772,site_fold_3,0.06557138140684256,0.11777388656552523,0.12276879085845435,0.002304003199932026,0.0001949594806313227,0.0016447202049530902,0.0002170150933911869,0.010562675541222062,0.0044254338145209154
bg_2020_0102,0,2020,2019,d083f6498d7fbd2e9d25a6ad0b6797fb6e2c24cc6ad3d7ca5f9713008c86dd50,site_fold_3,0.5734820344142794,0.13582501078619813,0.13616723698962427,0.0003508809694032956,0.0009554753789589592,0.0007668413038466304,0.0005725330525812174,0.0007822085783967743,0.0004128381261020602
bg_2020_0105,0,2020,2019,5bb0f3030646a3eca15b3c715c0a2cc5c67d8a64036f4b26e788799479fcac9b,site_fold_3,0.622047357801408,0.730336592202936,0.7742486485845248,0.8582937505319777,0.9019858230503331,0.7572894899301295,0.8719652149518364,0.8117411206042919,0.8656008489526482
bg_2020_0107,0,2020,2019,121ca7306a2ae0103033e3004279ef3e80366ab277effbd7df933cd44df93378,site_fold_2,0.6930573136549173,0.9225473607239772,0.9300474243880064,0.596012222177145,0.7310791745593711,0.5961442684255759,0.7812229610981128,0.7443521560803794,0.8460001880188806
bg_2020_0110,0,2020,2019,fe94a8a6361778f583248af09d52d2f8beaeed2c3a1047494990e54232abf263,site_fold_2,0.6982810036812718,0.595636844663887,0.6821540541059948,0.8081502746273982,0.933570997972872,0.7945538044266144,0.9186016735113129,0.7607478780469782,0.918096178775323
bg_2020_0114,0,2020,2019,cbf698a2629e0c40badff8fdce66678097136d982ad6e328f5e174702db1ac72,site_fold_2,0.6884114557253926,0.19995533192171527,0.12239316863091294,0.01640131632462077,0.004233412407216486,0.013833788074329436,0.00339805609610216,0.05356453412196049,0.02139266400893289
bg_2020_0115,0,2020,2019,48ba22de3d6960040834837c9f93bad7da1ff9aa12c70c28cf23329daa5556b9,site_fold_0,0.654239378613993,0.5090151951342298,0.49891544529774545,0.10038352099531532,0.012526927378685548,0.06670435040647786,0.012828338354431078,0.15160001043420496,0.018101146674476848
bg_2020_0116,0,2020,2019,b89dc14cbabd117f4baa55fee005974d32ebb678421d282b6faf5919d4c5513d,site_fold_4,0.20532483902009735,0.20737128960420895,0.29212394261429825,0.9272971266116278,0.9582950786351568,0.8724746124583528,0.9268243635495164,0.9650089157286769,0.9714956812277593
bg_2020_0117,0,2020,2019,259d5e4e331efc426e8d5cb37d174767fad44812d9c8aac2673f920f15e78ad6,site_fold_2,0.6145452399870567,0.6942456975506474,0.4750071722096773,0.02790259484151393,0.004515035823642522,0.04524605511489206,0.014416030302109157,0.0715813001701639,0.043452991540981686
bg_2020_0120,0,2020,2019,1cdab643d1b940b0693fcbf08e8a99e52473b61131de923eb8b284c32f00c4d4,site_fold_4,0.41259675394578194,0.46753196107208733,0.4055528698700057,0.1277098150498362,0.21599754731328594,0.1397023550457883,0.23671591572430012,0.19560977751116126,0.125732351325736
bg_2020_0129,0,2020,2019,9d517f55ae5613be7e9c1f546afa3a8453196835262a2da69354022e181623af,site_fold_1,0.6597660900733957,0.6551578465170106,0.6774234473681259,0.4452385483820347,0.4090227985972686,0.6454011414253746,0.5582996583064362,0.4056865488365474,0.331689123270618
bg_2020_0131,0,2020,2019,c70088b5f5ed553ac8d54c56b48c1be5b90a722246b8993e86f8ab252abee2b8,site_fold_4,0.5860568264611764,0.7840863896166538,0.8463878846768815,0.9259752644552011,0.9551511349495322,0.9573761176855846,0.9749150754553912,0.9482875728561007,0.9574439923672103
bg_2020_0135,0,2020,2019,d4a9a61f6e816b947950df9ce5dcf1ba5199c097b89c4e2ff3146444ea11cb5e,site_fold_1,0.16940781167860766,0.28404022655644606,0.35297220854710354,0.36877582290187544,0.3603904652936373,0.2540881688817697,0.40772888863380125,0.10509946578108838,0.3101437787017712
bg_2020_0137,0,2020,2019,b1c60d3479151c265d732f1691c8965b5045f9f996bc435e7cc5093bbabaa7ca,site_fold_4,0.5946532750810526,0.34691903369027904,0.19993350127288123,0.03294996197860115,0.9659766919227213,0.021508461545365686,0.9478548998829014,0.02770407586076345,0.9677070951464675
bg_2020_0138,0,2020,2019,8c4da60d1d75cffc9bd0bb476c0dc48b8024afb93b7ec5dce86a348e4a515c7e,site_fold_0,0.0008573168954495062,0.0003844146898151597,0.0002474704866947291,0.03991222442005147,0.003659715157934817,0.053482907927679804,0.013164140246618987,0.3271652759559205,0.21768196959594685
bg_2020_0140,0,2020,2019,25491912f96991025541d5f5da5a1ed06d902fbef16223d74ebe72a74b2706c0,site_fold_3,0.21065345716371675,0.3608794162403847,0.46918087649742984,0.09411707759380371,0.09950070861757881,0.09782535365479271,0.12217082189067581,0.3550587127490994,0.3762456487939357
bg_2020_0150,0,2020,2019,2d514b854a9419024c44d135af3eff0d5ec793684c36bece8e6471bba25f3d4b,site_fold_0,0.030604837466788465,0.007252136469505836,0.01282605568384244,0.01926405934865414,0.012862101511987266,0.02574488121436325,0.017225851109523946,0.11200003344111177,0.05604646289077301
bg_2020_0157,0,2020,2019,10931396412cd75603aea0d3abeeaa86eab99d3b921d1b092b41bbab3e6b3ef3,site_fold_0,0.6413563093222262,0.5177577328363194,0.35852087995971726,0.14901200257099756,0.3302608156163943,0.06300410740213491,0.13664892454413097,0.09135333198851568,0.1443171623617133
bg_2020_0167,0,2020,2019,4a3e32b2592c4bca0306e12810e632bbc064edd22a18e37cda46c14b345b44bb,site_fold_2,0.0009143419260629408,0.01709678657608437,0.04026690602526566,0.00101092386170247,6.6874119064911185e-06,0.0016268936988575225,2.7245899058641328e-05,0.018599160185820234,3.9182073898548344e-05
bg_2020_0176,0,2020,2019,f2237c29d27bd0b5346f0be444cdf4b5a741aa2fba630c9086b59654a04a210f,site_fold_1,0.536697351963009,0.25252775398152244,0.10219974125270916,0.5018768839521032,0.005955897059109384,0.09630011308332918,0.0011888131207743436,0.4576926305170488,0.025298336430683053
bg_2020_0180,0,2020,2019,a113ed2181e2dafdd3bd4c517c782ea37e2fc64120cbcccfd433bc0ea0d1188c,site_fold_2,0.4548525312439841,0.04528754173595072,0.059342663377706224,0.002855245574826424,0.003906957423846234,0.003935361868480204,0.0070536307728981396,0.0049734509401048515,0.02542613179755332
bg_2020_0193,0,2020,2019,61dbfdd28521f9308c90c25b11338b8d4a84bcf61abdb389858a2ac8ee611700,site_fold_0,0.5695469243978323,0.4557369906162377,0.45277963681872624,0.467676007576551,0.04814147415096869,0.47102038023819387,0.08409895869585789,0.5630501669345186,0.06590645599677382
bg_2020_0197,0,2020,2019,085eb8211e0d2e935d23d26841e01d26a6fd4d394c7185918f5965368be91c14,site_fold_2,0.6825828402451418,0.9694839082206107,0.9733737502931497,0.9962736424077602,0.9888254537206177,0.9951718246041739,0.9880600393211808,0.9589616841726345,0.936094141893564
bg_2020_0199,0,2020,2019,83039e54e1fa37ee25521fbe29d0a288ee1d48abb96cc75dc80796ea6e46a80e,site_fold_4,0.06748660057194966,0.025253868096306673,0.012196679357595752,0.010476570027534667,0.0005449898531769202,0.003740813944947388,0.0004828583035739153,0.004123353378325013,6.358004382366098e-05
bg_2020_0208,0,2020,2019,7fcd19c49f8ef373af77d30b6ea657701de171b59c2cc99c492381c7fa79eb53,site_fold_1,1.1325996500370279e-05,0.005551414128145028,0.006771313905419948,2.193170439733603e-05,3.9302754019907944e-05,2.1904582241010128e-05,1.3632548239515574e-05,0.000224229251518184,7.022329198054577e-05
bg_2020_0214,0,2020,2019,adcf989dc565c016087934f1ab4ba3b574fbe4b87d6ce6c4c0efac4ac2994595,site_fold_4,0.5773241877348153,0.7162657647044356,0.655874460466571,0.34129024632355937,0.709073856439533,0.3551177504030534,0.5245594165009716,0.0568174305470899,0.10898335831640517
bg_2020_0227,0,2020,2019,f6e58d1a82b10079ee37183b7cf9cacaf6d4a553dd204c84c7040b1b90f871aa,site_fold_4,0.00030908948909441305,0.000394794450126774,0.0015023110860854132,0.0002949965716086598,0.001090971593817654,0.0003671334618452979,0.0015687520408302206,0.003379888248572549,0.001543394942159234
bg_2020_0229,0,2020,2019,571d300f79ea95c93212637680e248e7f42521541f8f5180c48bc4344a8082b1,site_fold_2,0.11372438408332163,0.004400816921533041,0.004397587319476108,0.016197915410523085,0.01651977190804638,0.007365940620288707,0.008366641108782562,0.0007760087266831058,0.0004859607217019202
bg_2023_0012,0,2023,2022,031f604ccd8decf0bc0c0f1b46d764f67618a666286b5ef046ba714fd32ce319,site_fold_1,0.004677564774088394,0.023712725192230263,0.005125107060728768,0.011172860079029444,0.003554079270788966,0.00374848145197434,0.0006264690605523025,8.503163167867263e-05,2.5949724442074554e-05
bg_2023_0014,0,2023,2022,96f4653cba9c5b8fffc448302fa973dfcae2a21030235ce4f086544c824fafd7,site_fold_0,7.2613981014280085e-06,0.0002929298972693919,0.0005010202561645698,0.0011624431165319184,6.281612826531562e-07,0.008944768728745356,8.942699942235927e-06,0.8676424572044203,0.002670796148816507
bg_2023_0019,0,2023,2022,6edce6b5be5a6297cfc6785fe6eb1f9255b7a66545fc3bea508c64d379a86f22,site_fold_0,3.973275691737011e-06,5.878635947995167e-05,9.666600079324717e-06,8.121257593176824e-05,2.207394226102032e-06,3.714660612687566e-05,1.9563110927075412e-06,0.19156179443072704,0.010497494510819693
bg_2023_0023,0,2023,2022,707cefe99fb18e837868489d84317ae20f18934da0f4afa2a1f2b42c41ecaec8,site_fold_4,0.04531909654170286,0.0029098818619301297,0.000924128931048836,0.0008887193143199657,0.0008926630223375531,0.00017733335928350952,0.00011934368445704506,0.0007636339165602322,0.00021017385437833034
bg_2023_0025,0,2023,2022,7c6261366bf8edda64089f460e853aeaeda958dee0f29ba57605120c552ce3ad,site_fold_2,0.6276301148228968,0.36100107988983743,0.148118821853764,0.26917207813218513,0.3091242507393838,0.18118323549434992,0.26756181543792984,0.5805852210790534,0.4807634662905784
bg_2023_0027,0,2023,2022,07e4e2986cc515ff4959416c897bb00877a6b5e8b3b13ea6b922aa271b685181,site_fold_1,0.4205860643323545,0.05375986794662868,0.028951606831744536,0.012862191116170924,0.04190954605979971,0.004526510952637076,0.007886264610562693,0.0061406888754986415,0.013254386386278624
bg_2023_0029,0,2023,2022,d85443019e270af275d8e6dd883eb545895d895bb3302685db5c485b48671cbe,site_fold_3,0.05368998050430134,0.0431601446269466,0.02326857378875275,0.37187764274299595,0.12620767052228127,0.05584367606770593,0.021580143930211966,0.10800835547196788,0.004937940912827644
bg_2023_0031,0,2023,2022,294277d42644ddf4e441a0ce7c53aca2bfa06820f022b5f34069e9a8a30356b2,site_fold_2,0.32080877671165386,0.0029544581860043665,0.0017112461529891871,0.0009545893026296723,0.0012637907615822125,0.00030789503638900187,0.0005484879814945524,0.005847626832108201,0.0020525574496915297
bg_2023_0033,0,2023,2022,21e62fc153d7c067a581956f9285d808728d0fbcc3f743972121ab385b7f240d,site_fold_3,0.6291026331143627,0.444642897929892,0.47189452671544607,0.09244301301129366,0.023327864620546115,0.12977382450571193,0.05884567058670902,0.06884533413632807,0.014185649691422969
bg_2023_0037,0,2023,2022,ec12ead14120d4fd24d16cabbbd241eb1d0fe9c16ad943805a4312845283d462,site_fold_2,0.32772956535283787,0.33270836846713014,0.22595887767475795,0.25740701393859405,0.5950424175486131,0.2246690545552193,0.4988402805670658,0.23316945695108457,0.765916658626316
bg_2023_0041,0,2023,2022,2fd1ce506e821d00b2c7dc4f3c74578abf6a9aa737fc9b17501c9a890c7b32f4,site_fold_2,0.7141845952258156,0.6762872235118824,0.5844600785491041,0.38918481363823787,0.1991174361746928,0.402525886568294,0.23394899702634483,0.7174719666859383,0.41550833112044977
bg_2023_0042,0,2023,2022,c5c162e440897a82f0cf5001e5831e1ef3a67dfe6bf07a591a79a43cc3ff74f5,site_fold_4,0.4671827976401883,0.10444454319438631,0.187063134429533,0.004989748613921505,0.12165322645102995,0.005072626178143332,0.1245656052791763,0.008918694402684097,0.0977598199620459
bg_2023_0045,0,2023,2022,5abac985a6deaa808eecb6a2742d5a724388c8f6c7ad871704b78b4066e386dc,site_fold_2,0.4744245505239794,0.7453981069300849,0.7837899520660605,0.7087124337589359,0.9474007711895392,0.46691989045751636,0.8362065470336398,0.19319307063051402,0.46979072505166064
bg_2023_0049,0,2023,2022,1a44f043ff970d264d22e596a5e8bcb7dd2eeaed1035fc9b3d7de0c36349a6e3,site_fold_3,0.6480679605799444,0.5332116857301271,0.5862566053041786,0.620681963592457,0.6922791642637024,0.5966454229076065,0.7250531380725264,0.43337706684122895,0.5535505887404946
bg_2023_0051,0,2023,2022,748d2b899e4eb3beab4800bc94e8ff516e34ed0db3aef051813bec260a8670ce,site_fold_4,0.28123665912804524,0.15602754517273557,0.3570303378076676,0.5437953091562414,0.2281580360024649,0.4282714926517359,0.13162517687032954,0.3091834448643496,0.18860024004403583
bg_2023_0054,0,2023,2022,8b97daeee954f5cf8ce99941964f6b69aafbd08ff670db5383f686bb16668c44,site_fold_3,0.6294362469157833,0.5047864357487368,0.46478664320240376,0.012483174647692543,0.04684742460701736,0.012047676417933376,0.05318416010260307,0.03268231728997199,0.20530476121084285
bg_2023_0056,0,2023,2022,dc2c073fab33fa44d4232f769c5e6003d6870f75c7967861a7b52e38d7c69572,site_fold_0,0.47995916726407833,0.4327401570014642,0.39445578444725166,0.0836735672591977,0.12845243239630488,0.05262475372197483,0.037440366659069114,0.09749209665199701,0.05098959034907038
bg_2023_0061,0,2023,2022,320a5b870363bc27bd783e6d2b485a8d3972cfc67854a5a58639a25fc374f980,site_fold_2,0.6557039328070201,0.0013972523311278477,4.621377408133624e-05,6.219674836947407e-05,0.012598385569916036,3.625347229467806e-05,0.0024155890901785505,0.06647628635562058,0.4866803873135723
bg_2023_0064,0,2023,2022,7cf777b87c15c35cb12a26b7d8ad0f56654c2b75b6447578107c0cef8bdd2e29,site_fold_3,0.5049905510194461,0.6516753659000022,0.6374033236466751,0.5421379817690533,0.7581483029707543,0.5955465273482338,0.8372049166794915,0.8598880790873065,0.9324819279362342
bg_2023_0065,0,2023,2022,2ae3e4a48561eae2ac17dd839dccd2bfa7997585727481cf2cc5ad1a544cbb29,site_fold_4,0.06840486893334699,0.001803964644467409,0.00020965821635465277,0.01112807423552809,0.0034498190039592936,0.0013472702152894454,0.0006320859050013991,0.043557800000904534,0.008551789122127281
bg_2023_0069,0,2023,2022,19b54b72bdde6c4bd3cbe2546f3414a4ff56cd60d6a2bcdf3d6f1f199e8b9a7a,site_fold_0,0.5986782259126648,0.4263792736445114,0.44922448493630124,0.14845828460927818,0.018393646001745288,0.07841702372316786,0.015260641112238566,0.325945691263392,0.03858158912835283
bg_2023_0072,0,2023,2022,ea2e9240baa8efb8641cef5f652b1f430fd03b8bb6bdcae03cd85c7be7d79e6c,site_fold_2,0.7382394126391224,0.5051236363620306,0.42847007343626986,0.13268369146969772,0.09277773017705088,0.13330737120106068,0.1136136561136069,0.1186617675695642,0.2381904305020411
bg_2023_0074,0,2023,2022,0661378a425c8a66c4aa539a6016f77d94444565f19a404c200d8da71d881e6f,site_fold_1,0.6179281855286769,0.34848096072846146,0.5716421093632641,0.0437517326235026,0.1166840944165789,0.0743529610232758,0.20036617256987557,0.08968113723319329,0.1650301025688374
bg_2023_0076,0,2023,2022,b0bb5e94bbb58bef0707986a0b214f4618e10f100ec3660f7f792c139b83b7bf,site_fold_2,0.6166640159617183,0.9399710369188594,0.9550330757693326,0.7031169544626756,0.6230054484586312,0.8159345556012081,0.7324693904811694,0.4049973826011925,0.6568275920613892
bg_2023_0079,0,2023,2022,387293de0a4d2562776968a4c928898f0c153e19c243293da6f2314332ce8e09,site_fold_2,0.7362023308630365,0.6300341367205156,0.7148892036356947,0.0025251637629270457,0.1954837570703755,0.007831222451495801,0.297880940273109,0.04667870136553629,0.4198620529172778
bg_2023_0083,0,2023,2022,fe080c2d9abb132cc64d5557983b111ff97e3f58f287666fd5faa26bdb192287,site_fold_2,0.7089693507466235,0.6830202237924353,0.7872337571194614,0.06219405798363382,0.8006556299681283,0.08961758781668482,0.7256857535875233,0.22896857994571024,0.8016846406610517
bg_2023_0085,0,2023,2022,f3ce6092bb24123a060a0495483d50073de4e4ee953fe58bd28e219e1a83baa1,site_fold_0,0.06929557217746406,0.007074918932059037,0.0032043763319190683,0.024720335917721773,0.13884904162649941,0.028245740544718234,0.11391582488488,0.09422562792577603,0.1972305046478391
bg_2023_0089,0,2023,2022,30e0262a5079f27f544cfa11a50c2dac7696a1223e31b6a5743a25b88178f3f9,site_fold_1,0.6659921028020139,0.7529978560782649,0.746648873939777,0.16229872852230992,0.10039388202192581,0.1410309378141355,0.08227821566105462,0.09198970778339095,0.07246297822663189
bg_2023_0091,0,2023,2022,982618d21af830b045f8c249c93b9fe8c0ca46e8eef0f38a41b858d40f182133,site_fold_2,0.661001407906104,0.6696797861453821,0.7237177069347756,0.6839993870145302,0.9257457931916017,0.7972293450172963,0.9263499815783832,0.7941449432379771,0.9005620643967694
bg_2023_0093,0,2023,2022,39af272ed4011f905c7675ca8e5251a45ad8be334a928f57454f06824c57b67d,site_fold_2,0.5738966251628046,0.5954599902268987,0.5365382359029114,0.07546743533134155,0.23535321881936344,0.10555175366295472,0.17813685815647518,0.20154906119621968,0.2788516280779223
bg_2023_0101,0,2023,2022,0e3e2e1f0d7500e89ab5386ac3395e82b86d098339e82b63a4f96b3de677403b,site_fold_1,0.40675880661765434,0.1696137536682242,0.1935879398353761,0.016016811731017648,0.22271746476151416,0.039020617803912395,0.3285602182733798,0.030291941162231353,0.25520996863214856
bg_2023_0104,0,2023,2022,381d18bd61e34cf882bdfdf6012481b10927e35d12e6647db1266ea9a179de4a,site_fold_4,0.26350382536839306,0.008067077667892414,0.0014080475968365755,0.0898973149812965,0.24205477168011993,0.016550499413769154,0.027657770840991282,0.036892071527710416,0.027833902623586464
bg_2023_0107,0,2023,2022,121ca7306a2ae0103033e3004279ef3e80366ab277effbd7df933cd44df93378,site_fold_2,0.6930573136549173,0.9161819799075661,0.8940406252333795,0.4596817252678986,0.7564100194490855,0.5416410694180049,0.8237085728420477,0.7613231082260057,0.8909272572180016
bg_2023_0110,0,2023,2022,fe94a8a6361778f583248af09d52d2f8beaeed2c3a1047494990e54232abf263,site_fold_2,0.6982810036812718,0.6973280083423692,0.5756525362804372,0.6706750020708506,0.9330097712048172,0.5272565233510021,0.87437878773275,0.6957812775110029,0.9142328231354994
bg_2023_0112,0,2023,2022,9b8cfb8dd01fd7117ec530b8b1be50f430e0bba381744f956eee96179adeacee,site_fold_1,0.6159377291887169,0.9227586120518166,0.9424965526357532,0.9387631953964614,0.9962700459925082,0.9627336208578255,0.9967596190994938,0.8844106312024732,0.985908543676681
bg_2023_0115,0,2023,2022,48ba22de3d6960040834837c9f93bad7da1ff9aa12c70c28cf23329daa5556b9,site_fold_0,0.654239378613993,0.4849125194212674,0.4114323650196662,0.02519643984318045,0.3221891327799899,0.02730499004777191,0.34018912783438837,0.032819245476651604,0.3075788845498437
bg_2023_0116,0,2023,2022,b89dc14cbabd117f4baa55fee005974d32ebb678421d282b6faf5919d4c5513d,site_fold_4,0.20532483902009735,0.2800312720334698,0.24613721338069816,0.8970508664534574,0.8964557935917726,0.8400781115965673,0.8879742999615193,0.9651572181748846,0.9565737912009973
bg_2023_0129,0,2023,2022,9d517f55ae5613be7e9c1f546afa3a8453196835262a2da69354022e181623af,site_fold_1,0.6597660900733957,0.6601470237402728,0.6518330161675988,0.7580974831941382,0.847557831825907,0.6900632605491988,0.8395910800956815,0.5897921050299122,0.6363651263770066
bg_2023_0130,0,2023,2022,30fc7f1fd06b41eaa1cbfba3302ccf7b637fb6b97d364777008dcc7203e27e88,site_fold_3,0.680520433012189,0.6155067465528284,0.6120762644116737,0.9305346604390509,0.9338093894826502,0.9174307172334007,0.9177020616423577,0.912782971297191,0.9252456399762016
bg_2023_0131,0,2023,2022,c70088b5f5ed553ac8d54c56b48c1be5b90a722246b8993e86f8ab252abee2b8,site_fold_4,0.5860568264611764,0.7744742807588607,0.8502846248192958,0.83896788035219,0.9484599854437329,0.904536050630993,0.9760612707090489,0.8669858724085141,0.9717152898820104
bg_2023_0135,0,2023,2022,d4a9a61f6e816b947950df9ce5dcf1ba5199c097b89c4e2ff3146444ea11cb5e,site_fold_1,0.16940781167860766,0.38263645185812406,0.3280408572645514,0.7081007694364123,0.7637545848442674,0.6961959301231785,0.8364383767624626,0.5275209008937578,0.5771048488926365
bg_2023_0140,0,2023,2022,25491912f96991025541d5f5da5a1ed06d902fbef16223d74ebe72a74b2706c0,site_fold_3,0.21065345716371675,0.37074707438873805,0.3568410556915992,0.18735367493250574,0.15976081640832296,0.12597489405825363,0.10748989302498109,0.3780217427456424,0.2966477928671884
bg_2023_0142,0,2023,2022,27cf11d64439127707db65caff07bd9f503a61a6427d56ac8b3df0c792261c04,site_fold_3,0.7572822043523522,0.23687410048744564,0.01044737323230227,0.0010778179232024047,0.0009272668452516267,2.445906482202062e-05,2.60441746959138e-05,0.1125906749797717,0.22685644156618057
bg_2023_0144,0,2023,2022,48a8d4b27be3f5a3d567610c033ac715c6277500103c9ec2d712f0b3bd427f0b,site_fold_0,0.47895746777545645,0.7224992277907278,0.7305233939176115,0.5198326401631638,0.735849848398831,0.546359152910792,0.8271085424790667,0.5593599359575695,0.8069152756853125
bg_2023_0152,0,2023,2022,ce81223ed4abc36fdbbc236f8ffb7d0ee9ea969f12ac8750196c90345354cd48,site_fold_3,0.35333530462877516,0.049644611738750566,0.09684003382003756,0.00017594564422295227,0.0009462980073433921,0.0002249464125930453,0.0009041325119254936,0.0007329205154068703,0.000724160864707103
bg_2023_0154,0,2023,2022,eaa88e45dc34bbc37c2c1c462247981c702e40fc4de264f8bfd709abb71da6d3,site_fold_0,0.1847162114592326,0.0667494913385185,0.1302686113975251,0.3947951548424786,0.18268796374788063,0.5180306999321873,0.20393301700935904,0.41080090812903,0.12501846660897215
bg_2023_0155,0,2023,2022,37a1b32ea4828c6949829c840f5a2c1015383861dcde49e417670a4242964123,site_fold_0,0.12333388783327505,0.06629069654693193,0.020508110059512107,0.000477614604884506,0.0009073570512412054,0.00046087118447843466,0.000496842570070051,0.0006884695566853877,0.0006418236300157424
bg_2023_0163,0,2023,2022,aa4923f93f3935d9017a178e2e2a00c39f8bda9e0d5768ff25899acb453cfe4f,site_fold_1,0.6800277002746576,0.572113950964554,0.3921159736648565,0.14759505911724222,0.14695803085783998,0.1449628263824754,0.08424463790570763,0.26317194624744833,0.37551383804742144
bg_2023_0165,0,2023,2022,d2fe77c5494009de82c48b234cc00ce5e962100afef8729763eebcde1fdb3ee6,site_fold_2,0.51825480176175,0.6091774640256765,0.5793428856512683,0.004820730220311469,0.011927677876737526,0.026057264314396637,0.039936815230534974,0.028170599032177508,0.042817801081842584
bg_2023_0167,0,2023,2022,4a3e32b2592c4bca0306e12810e632bbc064edd22a18e37cda46c14b345b44bb,site_fold_2,0.0009143419260629408,0.009507418664786233,0.007554101683132837,0.0006382909020043258,1.2804037703438265e-06,0.0005265169752587761,3.4844968768890347e-06,0.016897013097240524,1.1325430583079074e-05
bg_2023_0182,0,2023,2022,338e23f9b352e3105dbde6ef929db218b89c42bef0ff3192ba71868dc1c03e11,site_fold_4,0.39512902907264474,0.6534937004410774,0.5072902488413754,0.9051628951499953,0.9458536939646314,0.9037657323577467,0.9355497040628277,0.9630042955840494,0.9840543381965263
bg_2023_0195,0,2023,2022,84ed77966a29277f09a9d25467f5d8ab0f66d8e58892bfa6b237ad9a9a82cd74,site_fold_3,0.03960874347565879,0.012684894581043462,0.003021683270635863,0.15653621617188052,0.06500672360426195,0.08966996387008891,0.029338973986147522,0.12006344633654271,0.035018501286738904
bg_2023_0199,0,2023,2022,83039e54e1fa37ee25521fbe29d0a288ee1d48abb96cc75dc80796ea6e46a80e,site_fold_4,0.06748660057194966,0.11628823988298817,0.008953106953357914,0.13788357080617128,0.002751401135061039,0.010238811076230751,0.0004140061782728529,0.0036843479616644687,4.924754620161898e-05
bg_2023_0210,0,2023,2022,81ecec5ea53df338cb8dec8a3d93efdf89b240e40ceb46e53c9c62deeb7134ad,site_fold_1,0.6458434856585289,0.4757623474249954,0.4662634552636482,0.7767431959077904,0.6698703007735103,0.7040206225593842,0.7109225748012432,0.8094125476802383,0.7977070382748216
bg_2023_0214,0,2023,2022,adcf989dc565c016087934f1ab4ba3b574fbe4b87d6ce6c4c0efac4ac2994595,site_fold_4,0.5773241877348153,0.4733001737589658,0.5778455227158839,0.8732236022698522,0.774493564043212,0.8630493763567072,0.5338571848575068,0.11280051614098417,0.19842690210933908
bg_2024_0008,0,2024,2023,e01f18c6157377aa8fea34d0849ee57ba81780ea6b458a684b38b58c1f249aa7,site_fold_0,0.0016299556055723427,0.001361945001022362,0.025281662213385733,0.0037329838175447676,9.242563350071235e-05,0.08978736383223558,0.010749563546688674,0.4384342446063031,0.05010959816511416
bg_2024_0012,0,2024,2023,031f604ccd8decf0bc0c0f1b46d764f67618a666286b5ef046ba714fd32ce319,site_fold_1,0.004677564774088394,0.006249177657560633,0.03129691626385852,0.0020542109844251736,0.0038277303304260196,0.015065637187753455,0.026854283295570075,2.8141538417016447e-05,0.00028739946790233534
bg_2024_0014,0,2024,2023,96f4653cba9c5b8fffc448302fa973dfcae2a21030235ce4f086544c824fafd7,site_fold_0,7.2613981014280085e-06,0.00014828162518927128,0.0009391441079285784,0.0018280522614865682,9.931216501098717e-07,0.09954276444152606,0.0002160375173657636,0.9210437270364021,0.02469165648847113
bg_2024_0019,0,2024,2023,6edce6b5be5a6297cfc6785fe6eb1f9255b7a66545fc3bea508c64d379a86f22,site_fold_0,3.973275691737011e-06,2.4217326128480103e-05,7.05935626511878e-05,0.00012769523658625107,4.699069748940563e-06,0.001097283526330972,0.00012545132859015398,0.31406521934048226,0.05651360262450147
bg_2024_0021,0,2024,2023,a74f251b2c3000fafc6ffa15b42a8c8767d1d7f96385ec57c9a92bad2775d4d8,site_fold_3,0.001670745399731772,0.0023690108740652234,0.0023307169579388073,0.011053194155276506,0.0006904350186370702,0.029431330289064996,0.0025677458559622995,0.003975268182639305,0.003896811932054085
bg_2024_0035,0,2024,2023,84e4269b50220afc54cd94d366ce19c65299d35df850ceaee93eadc2d1fba7df,site_fold_1,0.0065612337565333495,0.009132677682121018,0.008356849618317471,0.021774275280783087,0.07150967752960112,0.06787815750950688,0.29243407315906167,0.008177450284403228,0.06057002166225854
bg_2024_0037,0,2024,2023,ec12ead14120d4fd24d16cabbbd241eb1d0fe9c16ad943805a4312845283d462,site_fold_2,0.32772956535283787,0.28773722860948914,0.2477003958951643,0.2989176947504809,0.3641007165491825,0.36908775968438307,0.4836082493333155,0.4032224228443692,0.4670278814640396
bg_2024_0040,0,2024,2023,b8e6d522bdee72713691c7fcf5a63989a868dfd95bd2cab5437e22511b06187d,site_fold_2,0.2737063769522236,0.1315074685573883,0.23564197918180682,0.059974277091271615,0.010836135046904725,0.1511141121258369,0.009830336682025214,0.1819125160854266,0.023852498534658314
bg_2024_0041,0,2024,2023,2fd1ce506e821d00b2c7dc4f3c74578abf6a9aa737fc9b17501c9a890c7b32f4,site_fold_2,0.7141845952258156,0.65937847673456,0.5892495422418799,0.34459361529260946,0.766599633087104,0.1853597231536515,0.5968950563671401,0.4627866109658511,0.7671872767100725
bg_2024_0042,0,2024,2023,c5c162e440897a82f0cf5001e5831e1ef3a67dfe6bf07a591a79a43cc3ff74f5,site_fold_4,0.4671827976401883,0.3839836812058432,0.09239025780782238,0.11292122516530903,0.017160034498532425,0.06292080904871665,0.007778146590896667,0.08763789558358036,0.006917660174475588
bg_2024_0045,0,2024,2023,5abac985a6deaa808eecb6a2742d5a724388c8f6c7ad871704b78b4066e386dc,site_fold_2,0.4744245505239794,0.6697849653598966,0.7133690443846068,0.6174918516673772,0.8002200115915189,0.7233683077085639,0.8406478344186172,0.1813927389984351,0.2628124483327203
bg_2024_0047,0,2024,2023,9b143e553b172de0a0dbcd667fcc44ff4424a8f9c8019d9c4a4518f7420b41af,site_fold_4,0.02452400394004024,0.001923137910117232,0.0029520709725778037,0.007534882319998617,0.010647969328655835,0.012017581462805089,0.025900717803198126,0.035064922762156885,0.12696990763819113
bg_2024_0051,0,2024,2023,748d2b899e4eb3beab4800bc94e8ff516e34ed0db3aef051813bec260a8670ce,site_fold_4,0.28123665912804524,0.2372850749436763,0.18349879088181248,0.7097833613360222,0.6546303654723243,0.5553490933296725,0.3941631557798407,0.20343671312678765,0.4412241242786949
bg_2024_0053,0,2024,2023,ef5548ab378a0d6f1136921f787bedefcf308b5bf6f03841ab384a58392a796f,site_fold_0,0.31183091032124827,0.08201124208505552,0.016339168906519593,0.002520282186451338,0.013042949007836582,0.0017579838985370617,0.006221740469749468,0.006291006668569521,0.018538266211170214
bg_2024_0056,0,2024,2023,dc2c073fab33fa44d4232f769c5e6003d6870f75c7967861a7b52e38d7c69572,site_fold_0,0.47995916726407833,0.4390887515001782,0.37404647306532685,0.3407625705891333,0.4007851841301938,0.30410485116215363,0.18640332377982352,0.232440442856067,0.11955726641660845
bg_2024_0064,0,2024,2023,7cf777b87c15c35cb12a26b7d8ad0f56654c2b75b6447578107c0cef8bdd2e29,site_fold_3,0.5049905510194461,0.6402798265924834,0.5629918962753155,0.5391189427572137,0.8350529802541499,0.303397477743151,0.7030329798139691,0.7178838445454345,0.9106856252490855
bg_2024_0065,0,2024,2023,2ae3e4a48561eae2ac17dd839dccd2bfa7997585727481cf2cc5ad1a544cbb29,site_fold_4,0.06840486893334699,0.0008683768112285291,0.0010077910521036296,0.013313235065019528,0.009479049920442772,0.010767948890234908,0.01627554951232082,0.030615539919323007,0.08304595911846012
bg_2024_0067,0,2024,2023,b687a30ed837278ff4dadcfdef30f40b2986a06c7c79ed57693b3e6b2b1a9d33,site_fold_4,0.5263262267228447,0.6420207800271454,0.409296787161101,0.7736981101373606,0.8677093022269298,0.7059626867230832,0.8077068038163295,0.8055179930181792,0.8803969126408181
bg_2024_0071,0,2024,2023,48da3e414015f3351b42e87e9218a6ceaedce537a926ba13d8759590bdad9d81,site_fold_4,0.639796963183321,0.6840209824695624,0.5136834145117434,0.2127990913533971,0.5116269836785143,0.20721658670175816,0.4063012594143224,0.38341525093119155,0.656052827185202
bg_2024_0073,0,2024,2023,eb67dc3c4a6302c161ea7c937485d56e520ac962c08ed97fcd8cb6d32e101eed,site_fold_2,0.6926516797262829,0.6305850305649481,0.3515887574426311,0.6226765247443394,0.4203428619839685,0.3047443834442754,0.15784842440590952,0.257173609619552,0.3022298704571171
bg_2024_0074,0,2024,2023,0661378a425c8a66c4aa539a6016f77d94444565f19a404c200d8da71d881e6f,site_fold_1,0.6179281855286769,0.48247954199200505,0.44610753408702425,0.0433421096462806,0.06175283348774341,0.08063577283486471,0.10867405862723534,0.19906000648882788,0.10198759818241733
bg_2024_0076,0,2024,2023,b0bb5e94bbb58bef0707986a0b214f4618e10f100ec3660f7f792c139b83b7bf,site_fold_2,0.6166640159617183,0.9614439537964097,0.9648409038774193,0.858057362677562,0.8666870444529651,0.8145345393088806,0.8485103326106394,0.5521600284814132,0.4914122222377192
bg_2024_0078,0,2024,2023,a5ca7d8f214e2cdbd499bf191e3ef82542d8fc7c4eb63c250906aecb6d052776,site_fold_2,0.5753606931863264,0.1337095603459729,0.94032564567258,0.01514656504891371,0.022392783722190206,0.21466238039994176,0.22629461081073451,0.009867498248812171,0.020832780468297247
bg_2024_0081,0,2024,2023,a79ec02ce4ac7963f73a96c80a4ea1fc557a0747a742e20e54654266ddade15f,site_fold_1,0.6964980047253961,0.7059395687333864,0.6529838603916002,0.9226148126414646,0.33149649964879097,0.9388512906625635,0.3608450992407406,0.8380478324343646,0.25908070409443895
bg_2024_0082,0,2024,2023,5535d9eaa37e4d1a7b852f0870d6bc9cf8d44c2c849c46b6e3bc123aea922f98,site_fold_1,0.6304477418339194,0.9016728800673092,0.9786204795193565,0.012759381985698528,0.06777616764479558,0.33469168500730745,0.8056185854320204,0.004497757366074641,0.00883457948295611
bg_2024_0083,0,2024,2023,fe080c2d9abb132cc64d5557983b111ff97e3f58f287666fd5faa26bdb192287,site_fold_2,0.7089693507466235,0.6308193337954884,0.7405046865687337,0.6264104525096643,0.47375845112917875,0.6417555821651673,0.37175843805656916,0.7763001020384976,0.576362701303063
bg_2024_0085,0,2024,2023,f3ce6092bb24123a060a0495483d50073de4e4ee953fe58bd28e219e1a83baa1,site_fold_0,0.06929557217746406,0.002471267013673783,0.0026007526830917013,0.035225681400334004,0.14459094114755966,0.06503083881356106,0.20975995270987977,0.02784265094479746,0.38134679287268824
bg_2024_0088,0,2024,2023,d948566b5d11292ec582eb153178eebb116e8d9e510bbbb560baf1319dcb07ea,site_fold_1,0.40938896390880175,0.3443714484030797,0.14973092012448974,0.1172326221308151,0.07075183702770275,0.1397802454830078,0.07007406176010657,0.3291050810362197,0.1832632921215251
bg_2024_0091,0,2024,2023,982618d21af830b045f8c249c93b9fe8c0ca46e8eef0f38a41b858d40f182133,site_fold_2,0.661001407906104,0.5691370157436565,0.6515055780738076,0.9586805912687434,0.859527157431279,0.9683202488959849,0.8691594857465333,0.9760638107219302,0.8634908224491522
bg_2024_0092,0,2024,2023,1329ca34dd0aa22bba0143275ea656df9883ad433541073bcd4a263e3256d123,site_fold_4,0.6021753347382304,0.462105206819416,0.4001268001032606,0.7178896200661203,0.7319776406961157,0.6082875201614752,0.6126433667382599,0.28800624012362075,0.3928845804025096
bg_2024_0098,0,2024,2023,09cec87c34c3457792131d98f4e5ea7c0de72227cb164719da0895a2dd49e29f,site_fold_1,0.6299993864112547,0.022702533718615324,0.06714917478893478,0.8430812990650938,0.08101515164469407,0.22508755418316317,0.03331587220922839,0.9111845212324874,0.6494873699324752
bg_2024_0099,0,2024,2023,eab8096d803acb18cc201f6ace31bbda179073d5e6a99e0d73d2ec05bccdf772,site_fold_3,0.06557138140684256,0.10431442479564716,0.06310597474176943,0.0006391783140305921,0.00010092286104420965,0.00038663900315454995,9.962707253722388e-05,0.011169696031198694,0.002425218584359735
bg_2024_0101,0,2024,2023,0e3e2e1f0d7500e89ab5386ac3395e82b86d098339e82b63a4f96b3de677403b,site_fold_1,0.40675880661765434,0.1297312909626119,0.1739739763291639,0.03383837820351616,0.15705427091003316,0.04915008927467771,0.25658537746632853,0.10185420550001678,0.13871016215425058
bg_2024_0102,0,2024,2023,d083f6498d7fbd2e9d25a6ad0b6797fb6e2c24cc6ad3d7ca5f9713008c86dd50,site_fold_3,0.5734820344142794,0.17192919954029193,0.20213694435183058,0.006795705436241531,0.0237192319717129,0.014425570902715937,0.022615195073369638,0.0035541786357295418,0.00592317963924875
bg_2024_0103,0,2024,2023,094fe38ba748a64e5efdec7fb8286b4be6aadc362ada39934354d5551a5da3d0,site_fold_3,0.1653134619426467,0.535642172833771,0.5310216948172892,0.18706226408250975,0.5006060630586344,0.27407761053270663,0.5503545277996219,0.6050877882920285,0.7634803895359012
bg_2024_0107,0,2024,2023,121ca7306a2ae0103033e3004279ef3e80366ab277effbd7df933cd44df93378,site_fold_2,0.6930573136549173,0.8646954063596476,0.8855584183782448,0.7974895118184725,0.8897453641809281,0.6567419111733216,0.8399106569707182,0.7858865642772899,0.9042717598026043
bg_2024_0116,0,2024,2023,b89dc14cbabd117f4baa55fee005974d32ebb678421d282b6faf5919d4c5513d,site_fold_4,0.20532483902009735,0.2981907732943641,0.2760462235089255,0.95661133106411,0.968192835463392,0.8894090764230677,0.932425851257628,0.9834144984804465,0.9699548978076616
bg_2024_0117,0,2024,2023,259d5e4e331efc426e8d5cb37d174767fad44812d9c8aac2673f920f15e78ad6,site_fold_2,0.6145452399870567,0.6374150991763784,0.45434705634049105,0.026092654786418364,0.018523172620881465,0.0168511703660417,0.024112363152973645,0.11672327999056543,0.06838352114891487
bg_2024_0118,0,2024,2023,8e82547d47b9be467e201fcc7a5aecc54c71aded64e0ac980099b8678439acd8,site_fold_4,0.632530775326126,0.5596694119284132,0.45014307984303,0.3276408469402818,0.4349544326172255,0.3582128006007291,0.3639235554562032,0.5407312273544739,0.3566676176877181
bg_2024_0120,0,2024,2023,1cdab643d1b940b0693fcbf08e8a99e52473b61131de923eb8b284c32f00c4d4,site_fold_4,0.41259675394578194,0.33267255362346465,0.3021794730345004,0.08052311861060864,0.07216310220333695,0.06362922204380153,0.047459095466081354,0.11420368023014515,0.0469038921188274
bg_2024_0122,0,2024,2023,bf6cb7c3b436132579c4c247e107989902b49e1a3a297a787f54b840578a302e,site_fold_0,0.3474503704395979,0.14248650546943878,0.1875509268363759,0.0055122645817447385,0.0027126354533776272,0.00947374029543534,0.006010820788305549,0.013404709962961989,0.006413758917002533
bg_2024_0124,0,2024,2023,74a593ab813090c62b6028480a668a3959fb4e059bcc73876ed08db88d30bda2,site_fold_0,0.38600112171060147,0.006466729739944606,0.0032698613547185785,0.014962783235853924,0.026098322074201912,0.015286951484132043,0.013737971672926482,0.05547679317288138,0.05548190339523415
bg_2024_0125,0,2024,2023,669228cb6311c26fa81b0cc72a9f043cf099e2aec5da6174c5343570362b53f9,site_fold_3,0.015030326944160828,0.009893327697589598,0.005596873098441474,0.14469279646987881,0.0008785657333516076,0.09076269165137689,0.0004974534836435484,0.007315823348868369,0.0018282744014977393
bg_2024_0130,0,2024,2023,30fc7f1fd06b41eaa1cbfba3302ccf7b637fb6b97d364777008dcc7203e27e88,site_fold_3,0.680520433012189,0.6072783701774083,0.5169873994471371,0.9657180864556381,0.9682956299387581,0.8849986175982385,0.9007798597574949,0.9083531151904113,0.9239278828225155
bg_2024_0133,0,2024,2023,f4be26be42aa63779b31705fdb787991f04b62cc376f4011ad45d4e46a90aadc,site_fold_3,0.6850583725789672,0.8381481695473703,0.8640358005567699,0.6502262046444884,0.7560500302434264,0.7429631400599703,0.7961997892199439,0.5882612048555697,0.6459360137183509
bg_2024_0137,0,2024,2023,b1c60d3479151c265d732f1691c8965b5045f9f996bc435e7cc5093bbabaa7ca,site_fold_4,0.5946532750810526,0.43866161261616193,0.2307017974310542,0.3861573248613204,0.16991097675834063,0.20322203471078612,0.11929369400861,0.25834061482427356,0.05946055100493164
bg_2024_0138,0,2024,2023,8c4da60d1d75cffc9bd0bb476c0dc48b8024afb93b7ec5dce86a348e4a515c7e,site_fold_0,0.0008573168954495062,0.000216972444020574,0.0010112139997590069,0.1394353819282142,0.003467496070533992,0.3827171850726864,0.057109270333812495,0.4703618125897781,0.19995895490371715
bg_2024_0142,0,2024,2023,27cf11d64439127707db65caff07bd9f503a61a6427d56ac8b3df0c792261c04,site_fold_3,0.7572822043523522,0.24257945772543466,0.01137291073966525,0.008668653074547334,0.004016186174190731,0.00014341823385442514,5.548958480414728e-05,0.1633750871729282,0.2773217110782582
bg_2024_0146,0,2024,2023,e889077796f75a8bf06a0218348506ff1aa58361a026a2158158d33545d8f8e8,site_fold_3,0.6175168132054769,0.7441770172405965,0.7163422007604245,0.8557196439285042,0.7318092785488898,0.9427491006150781,0.8385372549946278,0.870197476235211,0.7959800412782436
bg_2024_0148,0,2024,2023,7e9ec81c8ea1517e7c97d3f130bd8da15eded8367199dea08912d7fec27678bc,site_fold_1,0.6500064272786543,0.7084500572583364,0.8094068661280179,0.5304558427467962,0.5254016381196128,0.6106994058841002,0.7390210074305567,0.6343388735325615,0.6622113262041609
bg_2024_0155,0,2024,2023,37a1b32ea4828c6949829c840f5a2c1015383861dcde49e417670a4242964123,site_fold_0,0.12333388783327505,0.014847608037542342,0.027126610875585717,0.00035538717996563016,0.00126879944351049,0.00293325930844027,0.007721068346229761,0.0006077752699749835,0.00451232065915584
bg_2024_0157,0,2024,2023,10931396412cd75603aea0d3abeeaa86eab99d3b921d1b092b41bbab3e6b3ef3,site_fold_0,0.6413563093222262,0.4808005292555611,0.27846694149342544,0.075356331138265,0.2670505610698184,0.026306237451939215,0.10333164327360383,0.05397493910780813,0.14645840991669137
bg_2024_0180,0,2024,2023,a113ed2181e2dafdd3bd4c517c782ea37e2fc64120cbcccfd433bc0ea0d1188c,site_fold_2,0.4548525312439841,0.03304265703727957,0.08195251427626747,0.0010680718503751512,0.006345755966258586,0.0022721553571866354,0.019561332434545796,0.0024394758137778294,0.03564969511487412
bg_2024_0193,0,2024,2023,61dbfdd28521f9308c90c25b11338b8d4a84bcf61abdb389858a2ac8ee611700,site_fold_0,0.5695469243978323,0.35173534248514565,0.4389770986045773,0.3614515530323296,0.10483428309437538,0.39465721432920325,0.1442413067642075,0.19035705394876398,0.08805789188069296
bg_2024_0208,0,2024,2023,7fcd19c49f8ef373af77d30b6ea657701de171b59c2cc99c492381c7fa79eb53,site_fold_1,1.1325996500370279e-05,0.002025179967292719,0.003386136195584605,2.900115744646774e-06,1.77444145123393e-05,1.5614991571049878e-05,4.1642304817151e-05,0.00015209462443710852,0.00030281268653770506
bg_2024_0214,0,2024,2023,adcf989dc565c016087934f1ab4ba3b574fbe4b87d6ce6c4c0efac4ac2994595,site_fold_4,0.5773241877348153,0.6856339985977757,0.38536931870094343,0.7793059833533018,0.9216624561012801,0.7146223912690712,0.8489380214576313,0.11127529461015528,0.2754687134523024
bg_2024_0229,0,2024,2023,571d300f79ea95c93212637680e248e7f42521541f8f5180c48bc4344a8082b1,site_fold_2,0.11372438408332163,0.002885037052828948,0.006726073328956113,0.03150892620221178,0.0077350448723526154,0.028383321999312778,0.011846486247194593,0.0012638328293665796,0.0005136553592014454
