sample_id,label,event_year,feature_year,site_id,fold_id,T_DW_prior,T_DW_prior_AE_prior,T_DW_prior_AE_event,buffer_m,fit_status
seoul_flood_2018_00324,1,2018,2017,a1b1fca44bc1ff34acebce1d2dec2893d4eccf3bfe1ad7734248e10fe47f54c7,site_fold_1,0.5252577767376022,0.8466603489559045,0.8794750063548697,250,fit
seoul_flood_2018_00005,1,2018,2017,e88f89ee8b1977d499627aace65949860075e37faa7075fb202f3b9c70914306,site_fold_2,0.9260908888682836,0.9126507273524997,0.8749531987614264,250,fit
seoul_flood_2018_00723,1,2018,2017,f792ca6fa3b7966d7fa888f7aba498b9357ec720fd74b0d523038cf5741af0bd,site_fold_2,0.9759524311570982,0.987569547885993,0.9471408136989498,250,fit
seoul_flood_2018_00741,1,2018,2017,0c53dcd495b829b20efb3cd45350dae6ad9e1f288bc99042e9b015befbc96aea,site_fold_2,0.5062418263490925,0.8272998521284315,0.7642179133325373,250,fit
seoul_flood_2018_00325,1,2018,2017,a83737b63d9a503d7d831fb52ed8b58f380bae7bb9a6ea2c93390c680f809ee1,site_fold_3,0.9472473498974612,0.9739616352727958,0.9875450261516969,250,fit
seoul_flood_2018_00006,1,2018,2017,ac7d7cf118db0102628ab6d0633c011aa5b6a76e06adea19ae1b020a71924fb9,site_fold_2,0.7997131228426573,0.7732805863285834,0.9242420254508751,250,fit
seoul_flood_2018_00724,1,2018,2017,cd69195557cdbdaf5ce455c634a40f8ef2384631b031d6bf23b3bfbf753d27c3,site_fold_0,0.9034365898261831,0.974225952624639,0.9304830510456734,250,fit
seoul_flood_2018_00742,1,2018,2017,281ee18e6f6caaecbe9a202ceb6e7b72f1f1c841efc7b7cee1fc3c5652f3683d,site_fold_2,0.749054971433201,0.986577134324853,0.8741672366297101,250,fit
seoul_flood_2018_00326,1,2018,2017,0b759919b089a0a22e2f525d49ab414e3f532557f3abde425e5117e4866d8812,site_fold_2,0.6220523062033059,0.8893917978676068,0.8929050897506404,250,fit
seoul_flood_2018_00011,1,2018,2017,1d041d03fe3492d616ef2e8ff830888228eb12026dc49e31cce9a305e5ed7e06,site_fold_3,0.6367610350481601,0.8170314430311678,0.6968474904577379,250,fit
seoul_flood_2018_00725,1,2018,2017,016fdce57ee065cde1e7a7d9c7335988a9c8740d99386001979a8db655fe94fd,site_fold_4,0.9798777460237935,0.9983207237464864,0.9886978783758291,250,fit
seoul_flood_2018_00743,1,2018,2017,7620be273e51d04036dd429b1780df3112895de3b62b1d436d4774dbb49c4d76,site_fold_4,0.5994491565073569,0.7003929247009496,0.7687453257883203,250,fit
seoul_flood_2018_00327,1,2018,2017,053d6f8c081d5d4514368aeca0fcac700fbe7e896de8295fc6772f272a3546f3,site_fold_2,0.7555102784116895,0.8799464859424496,0.9215865511953933,250,fit
seoul_flood_2018_00012,1,2018,2017,9df6541a039a93123871f9d79f5b8006457ed47b9ce2268ed5d86a5099fcbcc7,site_fold_2,0.9387622510163461,0.9511406384109097,0.9811621774814918,250,fit
seoul_flood_2018_00726,1,2018,2017,b7cfe4f3036b3920a9c0cea41a0880e97030fd6eba18c0725e204f88cfc566dc,site_fold_0,0.9955006755145825,0.993664715183418,0.9407757395379733,250,fit
seoul_flood_2018_00744,1,2018,2017,3a238d50e2af219ba4ec25c647463d9ea7d1f63a9a1d239c41f91c75c557643a,site_fold_4,0.2827450711090272,0.5068762507169087,0.5874562724300324,250,fit
seoul_flood_2018_00328,1,2018,2017,c350b7a0650780eee86eed1205b21bc8e309f3758943c1e32321cec0af94c026,site_fold_1,0.8380498689832167,0.9583324241480542,0.9926119867102839,250,fit
seoul_flood_2018_00020,1,2018,2017,388a682307c61eec5c4cc5e96e9adecbf7434ab3669180ed93edde5abf56ec24,site_fold_3,0.8393869309557557,0.8634030317282055,0.9268944377845562,250,fit
seoul_flood_2018_00727,1,2018,2017,c750d53cddbd6712ab9b87d84b0fa4436f78f820dbb071fee232eebeb0c9dc63,site_fold_4,0.34667777570624203,0.7499384762612484,0.4346390515906216,250,fit
seoul_flood_2018_00745,1,2018,2017,3522d53dc7424cb162deeb350bf2fbeaae2820630dafe096b0b77802e2cb3cc5,site_fold_3,0.3943588814874936,0.2284152005901944,0.24100906376825917,250,fit
seoul_flood_2018_00329,1,2018,2017,918ba9f59e992e22e19d2a2a57747a530407ff0a2caaae7081813c50b7096c64,site_fold_2,0.828862739327711,0.9277595594950999,0.9760667161426752,250,fit
seoul_flood_2018_00021,1,2018,2017,3b97d95dd112fb934e3360de60c479a157c794139261e92b084fedd6f79a6971,site_fold_3,0.6199375358342858,0.45142942375022316,0.6820173758634417,250,fit
seoul_flood_2018_00728,1,2018,2017,1567ff21af4f0e60ece05b1b1f97f6688f3122fa285400a649e9f6911f4eb7d8,site_fold_3,0.8326852035874818,0.9677871192969787,0.9647169841514341,250,fit
seoul_flood_2018_00746,1,2018,2017,f2cba0d9a3d3f61556a8daef88c437a1b6ffdb591f7f34d3bd05083858f871d0,site_fold_2,0.333623464091891,0.5633088952302553,0.39215299284445765,250,fit
seoul_flood_2018_00330,1,2018,2017,ccc187526c6e506022a98020a10e694ebed7f9288bcab382e7573d1639ce746f,site_fold_3,0.7896808530213696,0.9111313362306922,0.9796897156656028,250,fit
seoul_flood_2018_00022,1,2018,2017,37ac8c59899fdee8a996aecc0b960138157b4d540236c004fac05624e9a802dd,site_fold_4,0.7557655007699406,0.9413269826458718,0.9885487690363717,250,fit
seoul_flood_2018_00729,1,2018,2017,c52b915e27b4091750b43512b670caee102702467a59260cb6dc9389b90583f9,site_fold_0,0.6544471152022828,0.5184375009405588,0.6123759681532328,250,fit
seoul_flood_2018_00747,1,2018,2017,c7edb11248be6812169ef801e912dbf2da345059d9f63db27f0a5fa68b0be9c7,site_fold_0,0.7950272491878922,0.992542015619525,0.9588766742356148,250,fit
seoul_flood_2018_00331,1,2018,2017,1d35c36c5c8376735746df76324bd49ab4a065010f8d30d93d79cb28dc3150e4,site_fold_4,0.8520971548503715,0.9685064907321811,0.9744856880434142,250,fit
seoul_flood_2018_00025,1,2018,2017,53a24fef9ef8807e2cc28e2f06874c151ec3c800b1fc78566a38dfc78c97939f,site_fold_4,0.40734779376521874,0.8751616229428076,0.8425939921762675,250,fit
seoul_flood_2018_00730,1,2018,2017,2188fc31bf1b87a414d865159779d5c75063bd89ee3bba3de439f0c8935be81b,site_fold_1,0.9410760408657569,0.9836918312602909,0.9877913210530376,250,fit
seoul_flood_2018_00748,1,2018,2017,efa5830a13132042247e314874bb44bc8008ea34483223557638b3c466ae6d7b,site_fold_3,0.7163088560434302,0.9340929372436916,0.8964075412611338,250,fit
seoul_flood_2018_00332,1,2018,2017,381acfff536f180dba5bf633c798bf56cbb21042110d410ba141294bbb24c97e,site_fold_1,0.9236631655918649,0.9625581130496988,0.9887621870797176,250,fit
seoul_flood_2018_00040,1,2018,2017,659d244386f4866b404465faceec6356e38de3adfd161893e5fd8ef2a036df9f,site_fold_4,0.971784620657401,0.9872289645644182,0.984397437331667,250,fit
seoul_flood_2018_00749,1,2018,2017,6d7587c462684477b7bfd3915ed0660269aefa70ae2fb0556af7aa5c82ac789c,site_fold_4,0.7944648627404718,0.9574162634634829,0.9471021414096384,250,fit
seoul_flood_2018_00333,1,2018,2017,605ee8a54d1aaa4b9701f183e63067ac88aacf7d6bda1ef075ab1637bfd92de5,site_fold_0,0.8943433122533107,0.9862660379047675,0.9901711047591195,250,fit
seoul_flood_2018_00043,1,2018,2017,cda8b7236e56129d5f1016fb65a3cb4103a46fdbfd7644c4b4c8f1aa856ea226,site_fold_1,0.9283124059809807,0.8939284343773654,0.9742076294454911,250,fit
seoul_flood_2018_00750,1,2018,2017,3813ecb1452f6add0e764ae12869927bdd31ead5da2599a59a4786f1c1d338fb,site_fold_4,0.5156179377805419,0.14051537384786902,0.24824846537558087,250,fit
seoul_flood_2018_00334,1,2018,2017,c8a1f2ad0894e015f83443c9267b0394232ddbc3070594550ee0c906ef8fb4d8,site_fold_3,0.8552137177071656,0.9701240752570134,0.9566295944515308,250,fit
seoul_flood_2018_00044,1,2018,2017,b85e697ac2a50ccb96d372f5cc922136a327bc212ce3ef91b6d535dd5a1433cc,site_fold_0,0.5756953475619443,0.9936127687108743,0.9972361454245138,250,fit
seoul_flood_2018_00751,1,2018,2017,1d014c0252c9d1e801cd15c8ef78f472bea4869776885c791bbf25c842eca006,site_fold_1,0.45479409290628386,0.140891865072909,0.2753411100493478,250,fit
seoul_flood_2018_00335,1,2018,2017,b2f2b60c254e7490190f41b9c16af5d8de91579749b3fd585287c90ddc3a9f8c,site_fold_1,0.9810451889294868,0.9680576238362688,0.982704372914109,250,fit
seoul_flood_2018_00050,1,2018,2017,79f8b2c51da51d091269b8226eaa9c01c48c24aea78c15bf3cdc5ce731a6e3af,site_fold_3,0.6467151762411407,0.744266294101465,0.887613158025546,250,fit
seoul_flood_2018_00752,1,2018,2017,4299d7148be312faca910ed1a45c3f59ab862b0ae0e28fb46a59d325163411e8,site_fold_3,0.49687328708407297,0.3684711178696742,0.37339811662986794,250,fit
seoul_flood_2018_00336,1,2018,2017,58dcf847e10eb5935155f8eaf1b4d1599acff4602e20f9ba360e9e0b5f450524,site_fold_0,0.9814314133123881,0.9918052841890834,0.9782101811649868,250,fit
seoul_flood_2018_00053,1,2018,2017,624e10d71a7f47b984636b6edb8bdaeb5b127bfda9d61227a0b41f3151c86416,site_fold_0,0.8663621070749647,0.9646920692444774,0.948577234458458,250,fit
seoul_flood_2018_00753,1,2018,2017,326d3e32f81727903e6e38e8d66e8f45c0f49a83fd1d55dc4bf18b1596746aaf,site_fold_0,0.5651505422866278,0.6185072062760386,0.543119502948622,250,fit
seoul_flood_2018_00731,1,2018,2017,7e27002406c970b9f0ad3eef70363e745220a81e62d98ccc076ed94360476b50,site_fold_0,0.7480828320688735,0.6775181851850648,0.48689046467997066,250,fit
seoul_flood_2018_00056,1,2018,2017,48b35a72390e799e3ddeeb233e3c32a9ac9aaddacb845ae849a8bcb07b4e71f4,site_fold_3,0.8682472893206604,0.9573486768794636,0.9504580659013883,250,fit
seoul_flood_2018_00754,1,2018,2017,97789c0161bd76a063a56684677dbb07715ff06ff30edbf9dd137f6c3b398409,site_fold_1,0.6087769118909588,0.0840535769098753,0.30802072945481146,250,fit
seoul_flood_2018_00732,1,2018,2017,e5fa1ea429c64ce2505d006be1fb818f4d0046e475d298ccb992113713754a16,site_fold_1,0.6405862435562207,0.9782278992103307,0.9661386501546837,250,fit
seoul_flood_2018_00057,1,2018,2017,21e378c1bde8ed37fbd884d8f7bf3aa6571b63b171072ae0243436ac2a33da03,site_fold_1,0.7474867030217122,0.9682900034034873,0.9906622873668938,250,fit
seoul_flood_2018_00755,1,2018,2017,f7652aa85c77cbc87997e2756749f15c92d172deeefd4982fdea8e0c0e1ecc05,site_fold_2,0.33362361921415357,0.444339640223149,0.3536826456918181,250,fit
seoul_flood_2018_00733,1,2018,2017,1a260a4112fa78b379fdd3363e95fb3f2dab1c04edc8b1adb13fd6674ef65186,site_fold_4,0.8353690577886049,0.9535264756901035,0.9857528889841675,250,fit
seoul_flood_2018_00061,1,2018,2017,dad1c77fbc783427bafba867dc3676e700063a0f8bf0cba6999b50341c608236,site_fold_3,0.9620299940395503,0.9875648762429708,0.975259058281356,250,fit
seoul_flood_2018_00756,1,2018,2017,d820383513b0930310149682bf4fa107808fe3139631b684f8cddbf29663c7a1,site_fold_1,0.34790090713632316,0.36682463477262506,0.32128769808999363,250,fit
seoul_flood_2018_00734,1,2018,2017,41db34bc751872c31e82c1435d7851e06d4acbddc1fe6a1b119b517cb9da914e,site_fold_3,0.6531601660805144,0.9902871383617489,0.9804033852867323,250,fit
seoul_flood_2018_00062,1,2018,2017,9f7481cc4bd4e573144e61fce0fa90b22b1866ba41db60d60147951b6a558950,site_fold_0,0.3735148812993455,0.7791446593070396,0.9559763308857248,250,fit
seoul_flood_2018_00757,1,2018,2017,8bf60aa3320ff1085bdb260f4de4d79abcec85d2751865de7bc81c6e7f5c9230,site_fold_2,0.40995967796694416,0.6060744882528907,0.4290799215390482,250,fit
seoul_flood_2018_00735,1,2018,2017,9a2a6d96d61b642accdc67fe6199408ae6318794974446f6e6849d5d9b096ab1,site_fold_4,0.5108345379019512,0.3860843956624959,0.3127813806413221,250,fit
seoul_flood_2018_00064,1,2018,2017,ee0fed5c78b685055fd38ef69d86e32bb9b0540bd39afaa2454136cc247e7709,site_fold_2,0.3422347161994865,0.8380832465350947,0.9398043734418942,250,fit
seoul_flood_2018_00758,1,2018,2017,705e49ec80245d662e9cf4181ff34571db06dfe1e4d68d6be85d478bb8638e6d,site_fold_1,0.3484756636384205,0.08506420120628834,0.12453524949005246,250,fit
seoul_flood_2018_00736,1,2018,2017,3a631fbb8ea1590814892f1b2dbb54dd3a3d627eee72ad04c6730da37e0c1d54,site_fold_3,0.6710961468432243,0.9555884608226362,0.9637936405557623,250,fit
seoul_flood_2018_00065,1,2018,2017,8eab2f8b57512faca1a4b9278339274fb6f1b87d275b8d9d89afaa1fa7b1bef5,site_fold_2,0.8571137433796397,0.0269980424039954,0.03384316546717607,250,fit
seoul_flood_2018_00759,1,2018,2017,3079dfeaba1faf9d566c7050ff2ec5201d3799d5b4bc7d5fc23a1983a3885e4a,site_fold_3,0.5607727453918392,0.5468700895616432,0.5270455497069092,250,fit
seoul_flood_2018_00737,1,2018,2017,112344c4987a5f696346382e2b12cbf7f30d7e84fa4b1a4e4543ad0e8ded311a,site_fold_4,0.24782198050368545,0.973349917235384,0.9691193769184413,250,fit
seoul_flood_2018_00069,1,2018,2017,2b3e5e6e494b7fe4dad6a6696e4750401a2405216cf6320548ed8ca7ad9d4225,site_fold_0,0.5780915268907059,0.17768367047993186,0.3230606879610884,250,fit
seoul_flood_2018_00760,1,2018,2017,d19d4648cf65ca6ea86331157fa9bf7b652de1ccb3a2155cabc6bf5f2b500ff2,site_fold_4,0.843530315839133,0.9904220756282096,0.9692669799832767,250,fit
seoul_flood_2018_00738,1,2018,2017,b219ab5ae8913d32375632f6109b09c84f177543da505670ae46e9c08117413d,site_fold_0,0.3210233970185142,0.9235271655005586,0.9418018902213127,250,fit
seoul_flood_2018_00071,1,2018,2017,7adaa6b8000bc42a464e78f70fa2d413bbf039dd656438fd0e5654cd9ae0975f,site_fold_1,0.4798598467211004,0.7868421478161547,0.938647672407846,250,fit
seoul_flood_2018_00761,1,2018,2017,649a028f0cab3f8dce663c2991f00eb3df881d64269eedcbdf1a0f16a1ac86ad,site_fold_0,0.4544246243799519,0.9873563168918092,0.9788118411977557,250,fit
seoul_flood_2018_00739,1,2018,2017,d1408d944ffa98ee9c0008881a700f860a827354ea90fa56a5140e08bc15ca6f,site_fold_2,0.8187956308666662,0.9676954594279066,0.9576768026056778,250,fit
seoul_flood_2018_00074,1,2018,2017,275e9fc1dbbb45fea3e5c12324184c1afc46cc59e56490e9b814a413a9db3ce2,site_fold_1,0.7160985186931401,0.9946016893519259,0.9976464741521965,250,fit
seoul_flood_2018_00762,1,2018,2017,51e73d067106dedd680d04080ccf46f7803895ebabffcad1563ccaf312909474,site_fold_2,0.9902914708939358,0.9817160636461685,0.9931520813731366,250,fit
seoul_flood_2018_00740,1,2018,2017,138f9834a140c30fe1cb1013f09b6df844aff508584439948cb9fc3ecb933306,site_fold_0,0.14684482650371927,0.26168981726199136,0.21302299412501538,250,fit
seoul_flood_2018_00080,1,2018,2017,5b18f1a9783d4518a71dc4dcda4a948cc51404a72c5c09734ee122e18d3f95ef,site_fold_4,0.959232079025829,0.984206813255321,0.9665521734976634,250,fit
seoul_flood_2018_00763,1,2018,2017,2ec78c588853f99c32d1ede1fa1ac3ddfaf067a1b750ed949481cb32e682495f,site_fold_3,0.7301598781526438,0.9368751431370297,0.898601869746891,250,fit
seoul_flood_2018_00083,1,2018,2017,53f21c0284ddea8549b752d3c5ff3be611c28804d4f6564a5f13a1ff0a5b11bd,site_fold_3,0.8585330923241044,0.9912045204970442,0.9877945643579102,250,fit
seoul_flood_2018_00764,1,2018,2017,05d3f478e28ca860362a10d492fa9a67f8c033caa6ab9ca380f53048b367b481,site_fold_0,0.6039676882791485,0.0763496138402317,0.019227065896044716,250,fit
seoul_flood_2018_00085,1,2018,2017,0765f22659ab1c730be3c132151cb333cb8e887f92fc902404be8b7a4e4d42d8,site_fold_1,0.7768323233898847,0.8896418553957469,0.978079092960425,250,fit
seoul_flood_2019_00001,1,2019,2018,fcb0a15bb5a2205a02887417432d9ab19ce9374453c6aa345161e4520f3b6176,site_fold_0,0.6633244222504535,0.8811057476936497,0.9494450948196359,250,fit
seoul_flood_2019_00002,1,2019,2018,5fd8b087336a389f8364b4a246a938ed21be409b952c86585a9f54ddd749638b,site_fold_3,0.3740396814764266,0.4286546450148402,0.1982463660450728,250,fit
seoul_flood_2019_00004,1,2019,2018,54cd0bb8ec5fe2848ec2ecae95098289bd76d30ee662d04ac03f69be0465d9d9,site_fold_2,0.5887665333794795,0.3029219480468618,0.6050074616677067,250,fit
seoul_flood_2019_00003,1,2019,2018,547e2d01ac7557cf394ed69c6db6d5d02025d9fe473ef3bf7490e9270bc0d793,site_fold_1,0.439092454028076,0.6536169251878355,0.4003516062474257,250,fit
seoul_flood_2019_00005,1,2019,2018,fd65d6658f5c8b220975c11acba4fd65d878d6713aff553ae1f91f6159a3afc7,site_fold_2,0.5123836363557169,0.22146929698665724,0.2537912741797434,250,fit
seoul_flood_2020_00031,1,2020,2019,60cd8eda4cf981487d922b2bc9e94f935b3640c72165ca20371285f105bfbc4f,site_fold_4,0.7011713665434398,0.9439629214553353,0.9554419447380904,250,fit
seoul_flood_2018_00087,1,2020,2019,3c515eb667611eba105aabdc662f06d42cc067b6a4d35327bb2f79d1c65ea40e,site_fold_0,0.7610358788408436,0.9995020343043077,0.9994829283033262,250,fit
seoul_flood_2020_00161,1,2020,2019,c90712fd2ef2d9873c9b89acd3eeca11a6a7a57e145395af8d2a70433783d621,site_fold_0,0.33322726673605785,0.04499119221962563,0.15271303056077148,250,fit
seoul_flood_2020_00038,1,2020,2019,7222b0a726b4d6c589b7367aa03cd95be294d02ac9a05538f65edde4b0fec905,site_fold_1,0.9087572575937537,0.15932907881738603,0.16417445025189292,250,fit
seoul_flood_2020_00032,1,2020,2019,cb715ed173479e77ef2d6ac026302a54a58d9972f9db28988c05158b74d71cf0,site_fold_3,0.38496785702762654,0.07929266209108475,0.05341408929411304,250,fit
seoul_flood_2020_00008,1,2020,2019,18a42675611639157295738f87f0005ce33c610aa2b3bc131d1c81844bbf3344,site_fold_2,0.35012071933116967,0.02140817455314505,0.0439640704930394,250,fit
seoul_flood_2020_00162,1,2020,2019,18934a7e51159b2f8bb68012fdb6bd5b0f75ef97656072bd5eef4b836fad42ac,site_fold_2,0.9528252006753536,0.9990522330855871,0.9925652539515691,250,fit
seoul_flood_2020_00041,1,2020,2019,20f45fbd0cd6c1b2391ffe209cca7f6998b68037228bc730a5c77074aaf53eb2,site_fold_0,0.4759833689041519,0.7198237079199562,0.9466839569186466,250,fit
seoul_flood_2020_00033,1,2020,2019,ef6b220ac91c0f350535c2927f95ad072f275f16ff047695c8ca1b82121c76c4,site_fold_0,0.6738232160343892,0.9142590513997351,0.9680720730595663,250,fit
seoul_flood_2020_00016,1,2020,2019,e10a1d4b0b322dbb7542eab7927bf9f8e9d224d52e55caa6bac671aeb120f13f,site_fold_2,0.6168278299549782,0.9681054915175996,0.8928079840640354,250,fit
seoul_flood_2020_00163,1,2020,2019,262d20d84cc21b6ee00c5d5c466254ab88ec02c9f15fc316248a69cd528083f8,site_fold_0,0.549083434011167,0.4330175994527277,0.6120529688412555,250,fit
seoul_flood_2020_00155,1,2020,2019,f4b457f52bf5d3e32988f5e0f4e9e9ab2afcfa6bfbde1a658ba24fdee3240d98,site_fold_1,1.997853733154703e-05,4.952589729954999e-08,1.5842773344631318e-08,250,fit
seoul_flood_2020_00034,1,2020,2019,10c46e4c62d7fdf5ed72a30e7772ba427dc77d249e30d5db3813c87d6a25358d,site_fold_2,0.9195836647082326,0.9334642164881278,0.9794585959202642,250,fit
seoul_flood_2020_00017,1,2020,2019,75b5b3fdff7bad158fcf1d9e2521788292a2fdd529262e14a8c3c7e1065b5167,site_fold_0,0.8779540584495341,0.8969313054173847,0.9220152966066326,250,fit
seoul_flood_2020_00164,1,2020,2019,d38c663073cd86f011cced4de194b87e1b9d16bb8b5389e5ccf62d2aa8ebad41,site_fold_2,0.4722534214797137,0.2893761178667338,0.24905047956327483,250,fit
seoul_flood_2020_00156,1,2020,2019,3555de32ff588ee5c192166c9fc69526e5cdb8a175dba83f459952df5027364b,site_fold_0,2.5356397200540466e-06,3.3777902262780923e-15,2.858161986870792e-14,250,fit
seoul_flood_2020_00035,1,2020,2019,7e6c491cfb15eceaaa54161669de732ec9dde775dd0633a75e28ff537399fb74,site_fold_0,0.9711793246394159,0.9612387060149764,0.9714135239786523,250,fit
seoul_flood_2020_00024,1,2020,2019,08886a1567bf070a2898b735962da5b5637940828754011bfd419b9efba0e6fb,site_fold_0,0.7498555627031849,0.06252321169577248,0.23634285147715448,250,fit
seoul_flood_2020_00165,1,2020,2019,40392281aeb3adb0c0778c84507c484136bcf21550dc3461d47533208cc16d0d,site_fold_0,0.9424566716427167,0.9993745955375817,0.9982013555017722,250,fit
seoul_flood_2020_00157,1,2020,2019,7b2db85225e0120ee8866f4d1af9bd2aa38f479e3462310696a9b7979bf3c97c,site_fold_1,6.58776701221444e-06,5.023441185747032e-10,7.688620370019036e-10,250,fit
seoul_flood_2020_00036,1,2020,2019,a40d0bba62c999d879457048f04d7b8deff936b8ce065f1b93ed9f9b9add1779,site_fold_3,0.8081384082496978,0.5035318462676802,0.7240773818007299,250,fit
seoul_flood_2020_00026,1,2020,2019,60c400e61de242770e7da27016af5b1594a883cf59b9a9d86a72b9faa255f301,site_fold_3,0.8183439863397847,0.8066635083581779,0.8462891036840869,250,fit
seoul_flood_2020_00158,1,2020,2019,0ebe6e4adbc9b4123af967a249ff6160cb782d1ce30ef79fdfebfa0de565d9e2,site_fold_2,1.1320194901230826e-08,9.152274952669696e-10,6.75128271197102e-17,250,fit
seoul_flood_2020_00037,1,2020,2019,68064bd8597c3a2f5dcea7760664869c422926f714498f30c771c4ac7d10c12c,site_fold_3,0.7624679310031759,0.3419405492746316,0.30377467502468236,250,fit
seoul_flood_2020_00027,1,2020,2019,159756d275658a6eea185326c1c8b8bdf783cb6ed665eec07e2c6cfd1f90fd46,site_fold_1,0.9939004283910844,0.9995547809161258,0.9992355804001146,250,fit
seoul_flood_2020_00159,1,2020,2019,19c1885565e56c290d21634561050e4e1cc121630fe7468379a765458fc7dd94,site_fold_0,8.614034555941417e-05,2.58461877088619e-10,4.03672745886928e-10,250,fit
seoul_flood_2020_00052,1,2020,2019,8f04d29a85b032d3db48171fa74a0e015c47781d33e5eb50b4beb7c8e972e2d5,site_fold_3,0.996816370434733,0.9915213800582326,0.9947979355519957,250,fit
seoul_flood_2020_00028,1,2020,2019,e311ebab0d1322dd22364ea30cd114fc805926a72b5d28893510e9a4da436f4d,site_fold_0,0.9926790711372405,0.9961082284715523,0.9987222775219026,250,fit
seoul_flood_2020_00160,1,2020,2019,456d2ad59c7004e996a1bb2640f7a4c7791206f398afcf1712627e80ebbe03d5,site_fold_3,0.00022616607506953574,9.17815421207704e-08,4.098105399339145e-08,250,fit
seoul_flood_2020_00053,1,2020,2019,e92a42c30861ff8dd3c05bd15d469cecd2a4a795eabff79eb9735e228dfa1377,site_fold_4,0.9855439670240188,0.9956410129292472,0.975305943795589,250,fit
seoul_flood_2020_00029,1,2020,2019,e54e33160a2670c6606515444b193b0c29f0b4c0ce102243371879c9fa07af70,site_fold_3,0.6138645221738719,0.9786357984623557,0.9924736924786443,250,fit
seoul_flood_2020_00054,1,2020,2019,903fe509e1173017f2664fdb60235e5c0fecf5698740e6cbaf813caacf9bafe2,site_fold_4,0.7157888611204969,0.8408743113360501,0.8804290046201956,250,fit
seoul_flood_2020_00030,1,2020,2019,4892c95f9d4be5fe6e9e807cecd47c952f44a5088c5322e9a089f89958183f58,site_fold_1,0.7488488649656594,0.7637043067709842,0.5552341942087387,250,fit
seoul_flood_2020_00055,1,2020,2019,4da29f2b0d9cdcc836f9470f506600c4a9c7d272b3e99196aaf402c8da14efe6,site_fold_1,0.7640635082083038,0.5412437005302209,0.8017258985056174,250,fit
seoul_flood_2020_00049,1,2020,2019,11883d7fa62f924dcca67e6b71805e13ffe7284cfa99d3aab7e71251afc42871,site_fold_3,0.7032028185930351,0.5953677413234852,0.7818973164284398,250,fit
seoul_flood_2020_00056,1,2020,2019,fe81cdb1e697e8d9d4e8a80b1d37984835eaf1d7832d50438399759015467427,site_fold_1,0.49657448440202606,0.398144440919387,0.384990895071323,250,fit
seoul_flood_2020_00050,1,2020,2019,c16f2de5175ab6c9c3347be190453bea3fbc24fe1f20f10b5b6eed4088860d86,site_fold_1,0.5666140835969955,0.7540757957636388,0.8699583517437939,250,fit
seoul_flood_2020_00057,1,2020,2019,85a1a4d286c1a53ca36fa8ceeca235ad1b2f583d127de7ab084cc0882321ff74,site_fold_4,0.74103748853313,0.7333384812618235,0.7960511307011031,250,fit
seoul_flood_2020_00051,1,2020,2019,01b405d8db875779338248b392bebddac1a9f6fb16604928d371454ee69e0204,site_fold_4,0.5220194803801445,0.37233281429099624,0.6753393528583765,250,fit
seoul_flood_2020_00058,1,2020,2019,6d3dd7eae848fa7d6717b0f8ee7631b0158b96c9cd6f237d2c2e4c179d9af571,site_fold_2,0.7665429310261948,0.865000817175633,0.8762419084704779,250,fit
seoul_flood_2020_00059,1,2020,2019,e5b2c0eae5350cbd21ab8dc75a8db32c3f296c350d962b4a4bf95ca07aa71bb7,site_fold_2,0.4759832246057784,0.5100099135101422,0.5541744492826333,250,fit
seoul_flood_2020_00060,1,2020,2019,dc52b7037a37162ca7aeba0c259fcd2d421b8bf018e5cc39e00ec8d22374ef17,site_fold_1,0.9515781295935609,0.963146666141391,0.9764155479059062,250,fit
seoul_flood_2020_00061,1,2020,2019,63766b2550ac2953f858ddfec3231520fd87d6dfca7d9e0ac9c396ec7684e38b,site_fold_1,0.9514238131910285,0.9926598953054199,0.9874332123126867,250,fit
seoul_flood_2020_00062,1,2020,2019,8266c76f416d89566523a98da79764c403297610b0a135f5a5ebe1be9695c216,site_fold_3,0.71615081095566,0.9051750232430877,0.9568023750031246,250,fit
seoul_flood_2020_00063,1,2020,2019,df5c84717faba2883b1eaff076e8fb3415343781d918d34433bbca08fcd8e080,site_fold_0,0.9324262046401821,0.9877475709855356,0.9747184410555868,250,fit
seoul_flood_2020_00064,1,2020,2019,e99e51efa4aad35446fd6eeed904db223ad457aabb180255994303345c8ed2a4,site_fold_4,0.8798060056245445,0.9483206676907313,0.9899831362963663,250,fit
seoul_flood_2020_00065,1,2020,2019,03f72303926d55a23a3475a8ba15ff8d5fbd5acd435609a29c889cc220ab2047,site_fold_3,0.6873291103329222,0.8354975323121625,0.9662118631138994,250,fit
seoul_flood_2020_00066,1,2020,2019,8346ac8e8c0e93102650b8a71656bdbaac4d11ea774826e6cd08a89d08ea03c1,site_fold_4,0.8022715337404751,0.9382960231125832,0.9891576085576644,250,fit
seoul_flood_2020_00067,1,2020,2019,058fbbcdcf0d4578013e341b772cf94f2a02c13400f39a0c2c101529bad541b0,site_fold_2,0.9359916267418732,0.9879327573046913,0.9838710243659875,250,fit
seoul_flood_2020_00068,1,2020,2019,d42b20bbd4e6bc379486f37ee4112e847759b2099f5dedb9a751a364e5621901,site_fold_0,0.9559233911719871,0.8777409295547953,0.9194395812444106,250,fit
seoul_flood_2020_00069,1,2020,2019,ca563eafd2455af056608fba6c9ac053308d757ff5046eab790cb80c2a839fc5,site_fold_1,0.9255060275714893,0.836190810632335,0.9097255858370445,250,fit
seoul_flood_2020_00070,1,2020,2019,aa4fc57098b6444a72f7e54fad0bd94f7d13e0ed964d0da4f74baa4a28879a81,site_fold_0,0.9458991945065993,0.9524512805489909,0.904652013687332,250,fit
seoul_flood_2020_00071,1,2020,2019,eb16dd72df019be8aaed131448ff14d6fa2e90652a14ac21d8168900287d1771,site_fold_3,0.9701624867872658,0.8839568368767665,0.9388903734202377,250,fit
seoul_flood_2020_00072,1,2020,2019,ddd0ee00f74b24696844c4bf71e040308c72a4828d9cf64169a64e13cdfe5cf1,site_fold_1,0.7341475378368099,0.9440164753608778,0.9363120768619687,250,fit
seoul_flood_2020_00073,1,2020,2019,df6af837ab1e8ab5974dbc7660158495b8788ed4c013bde7047e1bd168e85eb4,site_fold_0,0.7161582403549254,0.6363277640604973,0.713680672107918,250,fit
seoul_flood_2020_00074,1,2020,2019,2cf7023a2041036172a96ac21f090d9cd58b1730cc9f9e95a6c212caec306f78,site_fold_3,0.6912072789117855,0.7162054118381428,0.8360593395750626,250,fit
seoul_flood_2020_00075,1,2020,2019,e798af31805b93f2a373a142b3747c8dd0ae6e681f2c5a7759cddd703fd2d4b9,site_fold_2,0.6795127244389391,0.8072368968159236,0.8383738637017932,250,fit
seoul_flood_2020_00076,1,2020,2019,847fee03f196da88ca147fdf7626ad98f52286f7ea498dd829ca73fc6754a405,site_fold_1,0.5734346654222481,0.741150058613639,0.8431380036197023,250,fit
seoul_flood_2020_00077,1,2020,2019,ec99fd509b9e2467c4e1ceff5f845246f9e79dccf916d6cc7264606f24baa3eb,site_fold_2,0.7476691936339024,0.9600501516898213,0.9414136346029064,250,fit
seoul_flood_2020_00078,1,2020,2019,2a970bd1e5da9c66f6c1d11324148b0c4aa0e7d91fd8c59caeed1de1c30ab379,site_fold_4,0.9702261051612269,0.9675951807893709,0.98724312673374,250,fit
seoul_flood_2020_00079,1,2020,2019,5aa2d66777c3e62df2fdb8eba1789b466006935c4c7891a25a62d120eb0a99c4,site_fold_1,0.6821823021998886,0.6814142273833522,0.897830751326763,250,fit
seoul_flood_2020_00080,1,2020,2019,ea0d9b27de5b3a497afb216d359db965021e8cc09be25f62cdbc2de869da116a,site_fold_3,0.6040185650870175,0.9331509288114925,0.9749998052847106,250,fit
seoul_flood_2020_00081,1,2020,2019,f013ca10ef383f71858c29d3fb13140635d86a1ce3ec15fd5b0453fdb37c02f3,site_fold_1,0.33489790386660523,0.7356202844798877,0.7230140885540717,250,fit
seoul_flood_2020_00082,1,2020,2019,b89594e6b2febff01ff6a0c0643adc8e4dc82e340c686e371c14308620dd0fea,site_fold_4,0.6027925938904974,0.5069386244739793,0.5426881234561796,250,fit
seoul_flood_2020_00083,1,2020,2019,713f69f5010d35e7e66d51cf3ba9fe812d012df85bfad7f672554d4ac92faaf3,site_fold_1,0.6761792707039102,0.903468724685904,0.8970101329435876,250,fit
seoul_flood_2020_00084,1,2020,2019,a6975803fcd9ed59082319f235a19be9cc856dc8e8022bbd04605b4189502d25,site_fold_2,0.7885584698687997,0.865977814373983,0.5851366643927329,250,fit
seoul_flood_2020_00085,1,2020,2019,c20bab6ce4577490838ddb71db53f4891556cc2f04806b8d6cb43622ce57bbfd,site_fold_4,0.9958322755843321,0.9984115303670144,0.9948140034728187,250,fit
seoul_flood_2020_00086,1,2020,2019,4e19ce88d34fe87d0a2a5e11416f6eb85c46b0fcf2e107a638f171186779bbd6,site_fold_2,0.9598654733592712,0.9882765770426842,0.99464158341962,250,fit
seoul_flood_2020_00087,1,2020,2019,3ea925bf459597c5b9524d19ac3179165e43e6bc3969bfcf1a837070522a3fbf,site_fold_3,0.503240794342304,0.9509874572337471,0.8772406348352507,250,fit
seoul_flood_2020_00088,1,2020,2019,0513a2f379edeebf9f8641c008b9c7e1dfa57ea729522adafb9c73da30072a3e,site_fold_3,0.8128154866348734,0.8256024705555197,0.8862687333137744,250,fit
seoul_flood_2020_00089,1,2020,2019,884e85d417bfc975175cd72cbd65f4c35646555ee12ee3400d790f91665881ec,site_fold_1,0.6926647120905985,0.6339140663461192,0.9162548657050398,250,fit
seoul_flood_2020_00090,1,2020,2019,02b5a35da5c0d1c7b55d751771925c966c8fa2149315a4ea571297a2e00589d4,site_fold_0,0.47484513054750493,0.8484827357124758,0.9660468427053036,250,fit
seoul_flood_2020_00091,1,2020,2019,2f940a2629c365a7b9e2443e66b0475548e1e3c806287a3668631816edb4c76a,site_fold_2,0.9996427986909738,0.999901166251192,0.9995089437464114,250,fit
seoul_flood_2020_00092,1,2020,2019,ee1c8e078be4900323ab65b222f58829af044f35e5a1a009b24b1e855719d373,site_fold_3,0.832153640277856,0.9952659951157523,0.9937038969196728,250,fit
seoul_flood_2020_00093,1,2020,2019,632b8e96246333277e4d39daadf7dababa6b4157490016c2140a055401220e2e,site_fold_4,0.5107714282240369,0.8583141741650568,0.8780033860608507,250,fit
seoul_flood_2020_00094,1,2020,2019,27b3be534d925c2e739b1225e7178079f898526288912aa01fe40a8ea9d9f566,site_fold_3,0.7410824893627749,0.9551092913773951,0.9472315417123803,250,fit
seoul_flood_2020_00095,1,2020,2019,0d59208c254d5ba3ef1452a38666a492dd0a7bc57c585d5d69901544caa14cbf,site_fold_2,0.9968566206329206,0.9972477823479581,0.9960458150328849,250,fit
seoul_flood_2020_00096,1,2020,2019,2f638be1e5a53380c3c0717fb1c4cd1b049457fa6ebfab2e672087a582e741ad,site_fold_0,0.9943511526557159,0.9676995613965451,0.9882018104146079,250,fit
seoul_flood_2020_00097,1,2020,2019,0659d1fe4562f7d74b5948a58a76afab170728df7447d0ef6dcf6d4c783bb660,site_fold_2,0.42226274739799247,0.3482090003545677,0.4909929598385723,250,fit
seoul_flood_2020_00098,1,2020,2019,ca3b181429a7329124cce9f9f2b96cb34be7cf2b024ec1f7414d8ce713bb9465,site_fold_4,0.9988364878425273,0.9990130065369894,0.9968143217021823,250,fit
seoul_flood_2023_00010,1,2023,2022,cdac98a48f34f783458e25bb71bec50a9941f951adda2ef1ed119a8d4a0828ec,site_fold_3,0.5346396654127226,0.9968045598784833,0.9615153513667288,250,fit
seoul_flood_2023_00002,1,2023,2022,56194f3b0d4ef83211b9500e873a993b7c4872605ad975779d5bd2204e40cc9c,site_fold_0,0.7374891912989291,0.2891842809233893,0.12749078141693374,250,fit
seoul_flood_2023_00043,1,2023,2022,248fd4f18691def34c6601546f753c06d11ae98cf78256a042219048350a4848,site_fold_4,0.8947097863103258,0.8547516079131541,0.9346716747347726,250,fit
seoul_flood_2023_00044,1,2023,2022,2936fe9484566290154a4a78f1271b029cc6c88fdef60a4f432e5bf00e8a5520,site_fold_3,0.7555816509090257,0.9394733619252263,0.7607859685594891,250,fit
seoul_flood_2023_00248,1,2023,2022,b2b9daa097bd03ac3b1154ab1efb93273c2ad4ec5b9113697c086a095b80910d,site_fold_1,0.9599590161670475,0.9980101115601395,0.9774977454583919,250,fit
seoul_flood_2023_00004,1,2023,2022,d3a0fe4a01296db4593fc36df0fde0ff144cc7a56203125c74004378d0a06b99,site_fold_4,0.547779081874166,0.7303075131212499,0.6720971205635171,250,fit
seoul_flood_2023_00070,1,2023,2022,e02228460eb8c581c0556701b02567d9bef77a390613b7e41616f20628f49750,site_fold_1,0.6236081017410362,0.9855391744101686,0.9940345570760426,250,fit
seoul_flood_2023_00047,1,2023,2022,b4a159bd3df0eaa57b55ef4da2c655abebf1329fc1a2c1f4e393a61eb888fd51,site_fold_0,0.8488660631936364,0.7039790066882194,0.9269111064655294,250,fit
seoul_flood_2023_00009,1,2023,2022,70157f5482cb159b3b68e48336c450e93766506e243cdf9eb03590b5bc45596f,site_fold_2,0.43215942975498656,0.9482054204694442,0.9890625949536046,250,fit
seoul_flood_2023_00071,1,2023,2022,017ade65ff0240adecf03eb0741307ea502590ae6c0ef638e6e9f384025b1f8c,site_fold_2,0.9406008771335542,0.9993367171674764,0.9992124320843133,250,fit
seoul_flood_2023_00059,1,2023,2022,51c0f0b21f81c1e61262409620f2b3be9b562fa300bbdcdd2dd94f5aacccfb02,site_fold_4,0.6959448044129362,0.7779401666124044,0.8832710431308809,250,fit
seoul_flood_2023_00012,1,2023,2022,667e30e9a3f7fb988cd90180a9d904755fa591265581c0609b8d81e4deb93970,site_fold_1,0.5659316022400216,0.93375300885823,0.7933963806933267,250,fit
seoul_flood_2023_00225,1,2023,2022,4ea0938144a26214fc7cd3a870d4a3879c6bc8a8b7a1be7254dce6517520b228,site_fold_4,0.7464969491898411,0.44923389779766437,0.9034885526320345,250,fit
seoul_flood_2023_00067,1,2023,2022,2b039c27036068493acf6918e3daa9e63f32629a1a6faca59390d100614c1013,site_fold_1,0.5993829968422356,0.7388721974026305,0.5155335557710863,250,fit
seoul_flood_2023_00013,1,2023,2022,80a618b88b8e6324b97cbe64c342ff6711e3161d146da345ab6070b95880e439,site_fold_4,0.5697239468563265,0.6755534896206182,0.7695375166013072,250,fit
seoul_flood_2023_00227,1,2023,2022,f5de86b449cb8e2ee3e8157a80068b892f7e3c9b0db6a16fe8637184ef8663d6,site_fold_3,0.8067211440765859,0.9681592179749791,0.8595204485320533,250,fit
seoul_flood_2023_00068,1,2023,2022,fd65d6658f5c8b220975c11acba4fd65d878d6713aff553ae1f91f6159a3afc7,site_fold_2,0.5087052601508617,0.34353073554677993,0.37857285857183737,250,fit
seoul_flood_2023_00015,1,2023,2022,18b4b2fdda6fc69634d44ecb3f1034bd1fc1bd99100a1cfcf3b83fafa76d9cf8,site_fold_0,0.5522802243016756,0.961766123323457,0.9579092226301947,250,fit
seoul_flood_2023_00228,1,2023,2022,48006a51e30c32762694ec18747d1425bb4b974c56c4c0c98d57886cadd0c783,site_fold_4,0.7926068644813602,0.9952365207373297,0.950818991842502,250,fit
seoul_flood_2023_00072,1,2023,2022,2afb0fa8a1f0cc6a7ed67c17008f75bd42461bd0ba6df7c3c3d887904196895d,site_fold_3,0.8186979741139577,0.020906354730578194,0.039772840998207645,250,fit
seoul_flood_2023_00016,1,2023,2022,9449d82b55823a2b21e722445146dd58f28c2892847ebd7d9d3528a705c333d7,site_fold_0,0.9539227920916278,0.9932800014673587,0.9807177158364324,250,fit
seoul_flood_2023_00243,1,2023,2022,1ef45c1f3265d27b162d2e8ed4381ef427bdf586c45963e44e4392b26ba86b72,site_fold_4,0.9081754211028138,0.9640813217743524,0.9336746104137441,250,fit
seoul_flood_2023_00074,1,2023,2022,b9bc2f927ed11bd524706f6d4967f92b59403bf3a4c2f3c470a8c815fd79e460,site_fold_2,0.6786652709826251,0.8574488663414669,0.6509312962953919,250,fit
seoul_flood_2023_00017,1,2023,2022,c14d98d5e804cded4ef08ae8cdf0707ca6178666fe17dbc79d181d4cc9dee14b,site_fold_3,0.7379017943954622,0.9975791030352127,0.9977524830785856,250,fit
seoul_flood_2023_00250,1,2023,2022,2c7709566a2e9c494198b62a00ef526dfe6053df3b61476d6f3474d3a092eeb5,site_fold_3,0.8858409948690024,0.6653487406736291,0.5885139217524284,250,fit
seoul_flood_2023_00075,1,2023,2022,ac6920819be8e420a3aac9974fb430eca317f55a0609b05ff32e884b1c75beaf,site_fold_4,0.4991392665739725,0.7348766048718717,0.8477604382988546,250,fit
seoul_flood_2023_00018,1,2023,2022,611ef7d2bb8f2df5e6108e65595a9a37b583dbd4323706a0ec255f8e960d2ddb,site_fold_2,0.8093446054730006,0.941669292556423,0.9684899955921151,250,fit
seoul_flood_2023_00277,1,2023,2022,2e908b9152c52096e61faa554d5ff494fdeeb050209f5fc14355fe66b5e5d4d4,site_fold_3,0.7255747916476945,0.9538928548434955,0.8074864259519122,250,fit
seoul_flood_2023_00076,1,2023,2022,0059d2a4c367d474476bdb36e5406db4c952a2a967b25e3c6166b8b6fc181976,site_fold_0,0.6699958166873916,0.07606299898184764,0.2678916123464582,250,fit
seoul_flood_2023_00021,1,2023,2022,e6acf5cf32b2d0c5cb627acd0c05f96bfb50942c86e13eeac0f97655bb35bf64,site_fold_2,0.8325846670928707,0.9592641893206377,0.9701878286732089,250,fit
seoul_flood_2023_00077,1,2023,2022,ac006ae8566252eae229f3cdf08285ec62948465438fa1fd37525350f732bb46,site_fold_0,0.7354344735438557,0.5058043254742082,0.9142308368241612,250,fit
seoul_flood_2023_00022,1,2023,2022,2ccee39efbee54552c27ec5f3380e8b6db91ab9da3255a83fc493c1d1767d3f3,site_fold_1,0.7028644874701885,0.9900660334633091,0.990492621124651,250,fit
seoul_flood_2023_00078,1,2023,2022,54043b91c4a304d4c675985edfa95ef876b138ff57a6389bfd28818074d39fc1,site_fold_4,0.43711016826234134,0.7460844385300222,0.6819714731096166,250,fit
seoul_flood_2023_00028,1,2023,2022,ab9d5a9c105349411f7c92c7845f7e8ec24f10552a9a484d7dd02c0c9d6df2e1,site_fold_3,0.6024464580597719,0.7266326677570882,0.8272558810661405,250,fit
seoul_flood_2023_00079,1,2023,2022,a825d29c20ca2db6c0b5bf5ccb6ee269beedc5bda085fce5a584b3d600c91af2,site_fold_2,0.6489910176565686,0.9397287649572996,0.8149227019242701,250,fit
seoul_flood_2023_00030,1,2023,2022,109d39d58c882b2875c711bbb1fbdc53ae3234b9f7c2e321096d7429e46331b6,site_fold_3,0.9891530724050807,0.9980422591062833,0.998487842313684,250,fit
seoul_flood_2023_00080,1,2023,2022,516a51b5f7484840c5b87649d04bf5f7fe7b3f5a641c45cc08cdca8b66f74a9a,site_fold_1,0.7388405114415374,0.8983176990934267,0.634850114304702,250,fit
seoul_flood_2023_00032,1,2023,2022,0b4d4f8312fd79b55496cf1cff09a958a968eae46e135c54724bebedf54d8400,site_fold_2,0.6308159036025307,0.23354715784005078,0.4977268063765728,250,fit
seoul_flood_2023_00081,1,2023,2022,80dacb840448896f846147086fb6904aace095c7ed082be2f6978ab4a65d9d17,site_fold_4,0.4372257722017815,0.4533248923423615,0.3788008298791983,250,fit
seoul_flood_2023_00036,1,2023,2022,824b284c7bf45801707ed1a0e35648f2949764c72352ac38100d99cb94e7ed05,site_fold_4,0.8988649429272274,0.9394245833599335,0.9528267736107138,250,fit
seoul_flood_2023_00082,1,2023,2022,b45c216bee7e0d6ee0455f8bf2899fb0637e6409ddda7e861dc355e9dcf32559,site_fold_0,0.7019765899039531,0.6845619592904534,0.6091702316432607,250,fit
seoul_flood_2023_00045,1,2023,2022,047a0479a6796b37ba99d6e6577b3ffb20aab618b478d303de927d6a6faca3a4,site_fold_4,0.6117508654372869,0.7856511907032064,0.9186317755790498,250,fit
seoul_flood_2023_00083,1,2023,2022,8cc3386043fed7e4a08a2bc9dc0aa45a181ba89b153abc9f991119c15c99e48f,site_fold_3,0.7003079782621009,0.962521130680709,0.4523296870480202,250,fit
seoul_flood_2023_00046,1,2023,2022,c1467d5c72e32f7e65ab4237818f35148a9e8e89d62f6c485f6e3282213122d6,site_fold_0,0.7776920057325032,0.9964028313225788,0.9976719424611343,250,fit
seoul_flood_2023_00084,1,2023,2022,227a0397ded397793104e4c0dd13029ed0f9025afe13bbec3f057cea4e5a725e,site_fold_2,0.6925715388519785,0.9403194404651871,0.9025664335588075,250,fit
seoul_flood_2023_00222,1,2023,2022,c65581d8bf8cf915e9fe2ca51b089e97441ac2f57272bc2cdb231ee83f757ae0,site_fold_4,0.4849392002533949,0.9295475059956657,0.9513010397939603,250,fit
seoul_flood_2023_00085,1,2023,2022,5c52fa5b830c2d85cb3619fa6dd7b6c3c4fa0ae339105571c5aacfadc1f57dca,site_fold_0,0.6976802378889093,0.8895428271274417,0.8926740427692832,250,fit
seoul_flood_2023_00223,1,2023,2022,a3396b1b87eceeedee47469b37f3882ca3efbef67a922173e8c25c4bc7457491,site_fold_0,0.5546020455432327,0.33593811811600116,0.5915576177536558,250,fit
seoul_flood_2023_00086,1,2023,2022,a23e42946ff072eac7708b41013273d24b29f25c3b2a68f2fd71cd5555db568f,site_fold_3,0.6839701788593499,0.6812082715077524,0.37570394437948185,250,fit
seoul_flood_2023_00224,1,2023,2022,6b1bebc088f54a96e550aaa77b7c7dc8a68bdb509ee5100ddb911beae78c5051,site_fold_3,0.8986415271974841,0.8911177668500135,0.9704680989832835,250,fit
seoul_flood_2023_00087,1,2023,2022,c806eda7ed36cd9e6ecf80572678e5580be30156dc628686a27b057e82be7f05,site_fold_1,0.7047589456965554,0.98501313208457,0.8794156212632787,250,fit
seoul_flood_2023_00226,1,2023,2022,5b4e991e2eaf736f1ecc63796633bf37e2674c5669ccae29f43454531101f031,site_fold_1,0.8024009315320548,0.9489259068324716,0.9756525640030997,250,fit
seoul_flood_2023_00088,1,2023,2022,5d84a21238eb09a213a6a5e8c5a2d41c6f70decc00617b93e8dda58c2d7a235f,site_fold_3,0.6548230255279143,0.739867550939095,0.4761111834544274,250,fit
seoul_flood_2023_00229,1,2023,2022,972f0a0ebf5383f911b746160b79c88b8b0c7aa70e1b9861ff6abfa2392f939d,site_fold_3,0.8197315216389068,0.9523986198737638,0.9147798640505973,250,fit
seoul_flood_2023_00089,1,2023,2022,8e255f9a86ec3588ecf56d040b65bc4fbebed179e07431fc842ce550145b9863,site_fold_1,0.6624038814341453,0.9073431994420358,0.8525187721270269,250,fit
seoul_flood_2023_00230,1,2023,2022,351930c74ba2930ac78f71a4e59d24ec3a9c408c09f4bddcf7fa3699bf8a21fe,site_fold_2,0.7570284456943118,0.9905702194728636,0.9318854432429132,250,fit
seoul_flood_2023_00090,1,2023,2022,fd6f0f91e6250a60b21fd97b70f686db535df935a8841de34f4bfbb09aa0efb0,site_fold_0,0.7107028368560517,0.9296152169343002,0.8578726960919839,250,fit
seoul_flood_2023_00231,1,2023,2022,c78427527ae5ed46cec266bf7f5102da2f65c62f603b3c800e26eace25a5c839,site_fold_4,0.3482756694748979,0.1914397389457421,0.09387051030765273,250,fit
seoul_flood_2023_00091,1,2023,2022,ccb2187c465a4a42452f6d96c6ecd61471e4bd6347f569f84a47b5683742fac9,site_fold_2,0.6524451148288131,0.8744497036000108,0.8318427079872652,250,fit
seoul_flood_2023_00232,1,2023,2022,5336135f67660856ece6ad6d54f733a34080d27dfbe335858b52eb42facdced4,site_fold_2,0.7672720574741485,0.9572742909303388,0.9447705976684856,250,fit
seoul_flood_2023_00092,1,2023,2022,8eac4c0475636dabe754422f418c76eb191e9b3e663e31e296fb69f7a6fb8cc8,site_fold_1,0.6825738675596676,0.9083027675373444,0.8145232003707303,250,fit
seoul_flood_2023_00233,1,2023,2022,e55963a41e664f031359274c8576c1cb5d6c9c2998192b355445bbfe50c138ba,site_fold_4,0.37143684735175214,0.7382447606275193,0.6822804807166882,250,fit
seoul_flood_2023_00093,1,2023,2022,dc728f9adfc11d8c5c2ec698fb1df3af31c3b43457a9a69377f3e7a04f506468,site_fold_1,0.7115598744134943,0.9893267872069887,0.9624252878722546,250,fit
seoul_flood_2023_00234,1,2023,2022,d44f553eb4a78c3e8e73f10a2584e2b08c855f4d7d091ed0bda77b9ebca91d2e,site_fold_0,0.48111015715595,0.9966258745752643,0.9951631567573606,250,fit
seoul_flood_2023_00094,1,2023,2022,8c06fb30ac6a96f25e4c0adbd324b5185f5468e1f2512e1480789b99a603de36,site_fold_3,0.7091883905519837,0.9682169888014146,0.9319431026359776,250,fit
seoul_flood_2023_00235,1,2023,2022,e635dda0a74d3988c04c4e76a855e983d6033e5538e0b291c2a7d019a42df52f,site_fold_1,0.6471468299540039,0.9320779018005528,0.9213418048889068,250,fit
seoul_flood_2023_00095,1,2023,2022,bcd669daed0897a45b8903b79c40b7cc6b1c557b0e8708071442ee549f83e05b,site_fold_4,0.4826057942869274,0.8660421137594905,0.9532635673399021,250,fit
seoul_flood_2023_00236,1,2023,2022,3806182b64eb41706f3328e741dcc36e0a6617e9349746b3fda442906e5bc7e3,site_fold_2,0.6138368791530151,0.8251670647838892,0.9641966550996932,250,fit
seoul_flood_2023_00096,1,2023,2022,3c90eac0010785df62fd85c83633074dccd90c84ba9e27d4f2c28c78b4f0d5d6,site_fold_4,0.5057048310360478,0.8296041901981634,0.9303681122236901,250,fit
seoul_flood_2023_00237,1,2023,2022,1b36675e1d11fd325a672ec04ac67bd989594417a5729df4f870059fa87b9d1a,site_fold_4,0.4978438291113442,0.8251970955437914,0.9140293635338418,250,fit
seoul_flood_2023_00097,1,2023,2022,72f61518a84c9a55b3352cbb5023921cad60474d413e7b72f69c74dcf2d72799,site_fold_0,0.5760059067403569,0.16039516353912592,0.10415987322476315,250,fit
seoul_flood_2023_00238,1,2023,2022,6bb5e3a1d3d33c5db48aeb2feb9ba125ac0daeeca2d842b2e02d5875228b2034,site_fold_0,0.4826005831648327,0.9682768652770415,0.9731895803755888,250,fit
seoul_flood_2023_00098,1,2023,2022,69999efddf274f8271d36927d9ec9541d3c52ecbcda9f4fd5d4e4576776c0f81,site_fold_2,0.6417597425192053,0.6463328581610353,0.6564768719485585,250,fit
seoul_flood_2023_00239,1,2023,2022,2d536fc8f243ee74cda2625ce6b41f0808c1a746c242a68cc049153db304cec3,site_fold_4,0.7591697216357655,0.9313137684391933,0.9635185568149938,250,fit
seoul_flood_2023_00099,1,2023,2022,f20722d01f05a742b8dec71af1e8e07cd63b8a6c64dabe657c23086f84b1cc72,site_fold_4,0.532672455925406,0.2108394096838113,0.7168754761437751,250,fit
seoul_flood_2023_00240,1,2023,2022,3ad5a64b1adf89e718a6b754a2a9d66bb8b911be81bf90bc31007aa5e3b55b65,site_fold_1,0.7000479919535216,0.9595883902778762,0.9318169686120247,250,fit
seoul_flood_2023_00100,1,2023,2022,45e322c42efd83690f4dfb0ff1d1bbb111f8a340eead50dd2d0b80db07f8e193,site_fold_0,0.70360844083718,0.40070707300613767,0.7100997949007981,250,fit
seoul_flood_2023_00241,1,2023,2022,fd9b2055defb5a8b5d9a6ad4ec71b2866a897478c50ac25e466cf2ebb31972b3,site_fold_2,0.8614640368679155,0.756887360553303,0.8984917121636853,250,fit
seoul_flood_2023_00101,1,2023,2022,cde4ea100a86579780194fd2a9211067fff3ec841acaf671446c7e1a10100140,site_fold_2,0.6417685852527149,0.15061754852596976,0.5937225230318085,250,fit
seoul_flood_2023_00244,1,2023,2022,45eade17eef3d54e8ae3d65c6c2fe09751b2504861f44169da0daab75d8028e3,site_fold_4,0.3908787323632009,0.14564555798001275,0.34462682412562007,250,fit
seoul_flood_2024_00041,1,2024,2023,437d4e1375e418c1898eaf0ae2743a3a3897e3504fcb93ac4cb1d44ca1794e2d,site_fold_1,0.6106925692000558,0.23027044343549727,0.27633613377941346,250,fit
seoul_flood_2024_00007,1,2024,2023,bb4ef8ec9e43272a080f1429baad8954fb44bfba666cbe0407e5a401a7cbe57c,site_fold_1,0.6490443065044755,0.7834538229601398,0.8340800920672646,250,fit
seoul_flood_2024_00061,1,2024,2023,fcc88c7839e8fbf3b46125b0962e2d83e51fa121fb2ad474578c0205a69158a3,site_fold_1,0.8492659233312987,0.8816662259263951,0.8930177695741734,250,fit
seoul_flood_2024_00043,1,2024,2023,123bf2caaf4935a556e8202150c1fa202134ea1b2f1300bbcd7d8c0eaeec8db2,site_fold_3,0.7599384419086068,0.9806585197371014,0.9848001101876654,250,fit
seoul_flood_2024_00008,1,2024,2023,f81340838ca8d98e7a73bb0e3af78d74d80c528b295742e4fb99440aaed665fe,site_fold_2,0.5417765652217245,0.15411430512107113,0.1353583389680747,250,fit
seoul_flood_2024_00062,1,2024,2023,2936fe9484566290154a4a78f1271b029cc6c88fdef60a4f432e5bf00e8a5520,site_fold_3,0.6247355409724015,0.8195375125628003,0.9277340000691641,250,fit
seoul_flood_2024_00044,1,2024,2023,a740d451ba6b1561554cb9fcec4fafe896119054b664fa3843f905be77b05322,site_fold_4,0.7709926906887452,0.8789150493144032,0.850219536252262,250,fit
seoul_flood_2024_00009,1,2024,2023,e511340b55220ca5cd74855047a854ce0e58734aaa0e70dd27409a906657097c,site_fold_3,0.4373609224455015,0.4697717022257159,0.5233399022635326,250,fit
seoul_flood_2024_00046,1,2024,2023,29c21a43454c116be3b275e72bea1085c7e3a46b402c40cbecd77815d561a6c4,site_fold_4,0.6790707128301776,0.6412086920259592,0.6651233987536067,250,fit
seoul_flood_2024_00010,1,2024,2023,00796b29fe88d57e702ccb4f39268f140294a0ccce5940d0e9de2cd48648f6e3,site_fold_2,0.5517074820899475,0.4530089054642331,0.5597244026976724,250,fit
seoul_flood_2024_00048,1,2024,2023,7202cf9a0478f75db97858316a56aae958a1fe3a3a300fdd8c9f15c8d98b8795,site_fold_3,0.9217477649664195,0.9813156704785171,0.9813472807229334,250,fit
seoul_flood_2024_00011,1,2024,2023,ffbf9e54cd41025956746859bd5ec126cd181dc76ec068864b593b2c72ce3cfa,site_fold_3,0.5636316114639888,0.5243893052378158,0.4716110866742917,250,fit
seoul_flood_2024_00055,1,2024,2023,b73912d269b006bf961cd5418321dbc3a3ddd9e0782ae7fc2e87b7201c11b4b3,site_fold_0,0.6783851575043941,0.15815200799165893,0.44577430187104566,250,fit
seoul_flood_2024_00012,1,2024,2023,80a618b88b8e6324b97cbe64c342ff6711e3161d146da345ab6070b95880e439,site_fold_4,0.493269097865836,0.7487271800359019,0.7506425578467832,250,fit
seoul_flood_2024_00063,1,2024,2023,bd1b8d0105f1dc87aa3d99df0e4cec2c47adbd7400d6c185bd25421ba23dde1e,site_fold_3,0.7897114178758814,0.6194481480005779,0.9439737602858231,250,fit
seoul_flood_2024_00013,1,2024,2023,757a23417a3e32f5178c71d73aa0af81284864b4cea9764741e4edab5aa5daef,site_fold_0,0.6952014746093577,0.002541156930052525,0.0022209181941889792,250,fit
seoul_flood_2024_00067,1,2024,2023,948d2d09df15eb7f7191ace14981ba5c0ab110c09fcefb90834aab93c7c078bd,site_fold_0,0.6416793943692156,0.179306648405767,0.2891402962459692,250,fit
seoul_flood_2024_00014,1,2024,2023,9d2e0e628256e0e8794e82426aa235d02ec76a3dc6aad4e9ac3c5a814f9829d1,site_fold_2,0.7261727315157592,0.8671437469139098,0.9152929641358621,250,fit
seoul_flood_2024_00068,1,2024,2023,0cd3a852ecf4dc5dfeeccb70c7c7c9ef166021c2b5eab3853b7473d5589777a4,site_fold_3,0.7549627918926812,0.7818629050880493,0.575607110920249,250,fit
seoul_flood_2024_00015,1,2024,2023,971f5541f6195b192b925d8efefffbeca88d01c4a9f0a60d74dde196ee0c86d1,site_fold_2,0.8835697080040606,0.951436645536959,0.9776991340477519,250,fit
seoul_flood_2024_00069,1,2024,2023,7ab3d273ca7380c8698814a0811a1fe680f9d78ab49ee0d92911a4c107de8238,site_fold_2,0.6382110211809037,0.4853386134537923,0.8559483868129972,250,fit
seoul_flood_2024_00016,1,2024,2023,e3e50f5e44035dce95e5b6d8138e134698d49eee758b5eec26535a51bde85df7,site_fold_0,0.14109254634729057,0.02524610187799763,0.005307758793843216,250,fit
seoul_flood_2024_00070,1,2024,2023,e803b0ddd0c957cf8b860f04d63d206bc58c4a7e216618b57c60191c479923d1,site_fold_1,0.6003964947153807,0.30419060892201183,0.4399312912926951,250,fit
seoul_flood_2024_00017,1,2024,2023,70760aecf195bae192f5baf7428743d230db64ee9aa273bad54777a29fa61d56,site_fold_1,0.779624693557112,0.9515391854446007,0.9871152070078505,250,fit
seoul_flood_2024_00093,1,2024,2023,63766b2550ac2953f858ddfec3231520fd87d6dfca7d9e0ac9c396ec7684e38b,site_fold_1,0.9375618323272886,0.9936369420210749,0.9926026947718383,250,fit
seoul_flood_2024_00018,1,2024,2023,3693df7f5d8484c40a64e5edfe29168feaab0a3d8ad2d5ef780c0be6f0e46a79,site_fold_0,0.33799788036755424,0.8867105804941177,0.9038557437153626,250,fit
seoul_flood_2024_00094,1,2024,2023,604a183e9f44726cdef3c553ac7408e85ae4b02ccd41506423055ce6ebe1b7d3,site_fold_2,0.2112365074556871,0.973232744049481,0.7978035438487173,250,fit
seoul_flood_2024_00019,1,2024,2023,5a25b979c2422917f17db7df5dd87a2297c474a9b3d62c792bff7d427ea669bf,site_fold_2,0.8342699606317499,0.9409065907581908,0.9878056508842071,250,fit
seoul_flood_2024_00096,1,2024,2023,79e0a2a000dd61aa37a52001d61342cb8a1c5d1e016976766fc295b4c94b56cc,site_fold_0,0.6288494865773536,0.2968372875491851,0.7218565093967628,250,fit
seoul_flood_2024_00020,1,2024,2023,13ddeac8fe6671414275b639d61a07e9c672c7476e5ccdf793402e7aaeb515d8,site_fold_2,0.9770765325807456,0.8729443102618831,0.9669450110191037,250,fit
seoul_flood_2024_00097,1,2024,2023,2f886984eaa4246f0d5b4af68316375d1b6bdd3583792bcce78bba0fee5cbef1,site_fold_0,0.7814839342274992,0.9569523079771517,0.9682677019726921,250,fit
seoul_flood_2024_00021,1,2024,2023,e124f13166523cb7b6c4c8e441002a9277718c2ebd4cbf13029b4f79c18ecc01,site_fold_0,0.6703713106190634,0.662999605896341,0.7642295405646705,250,fit
seoul_flood_2024_00098,1,2024,2023,02b5a35da5c0d1c7b55d751771925c966c8fa2149315a4ea571297a2e00589d4,site_fold_0,0.40414511962093974,0.655866876396929,0.8825810573635021,250,fit
seoul_flood_2024_00022,1,2024,2023,9273fd03db09618bb97fc47b4ab967ad480bfc45f45e026bbdb076e81845adc8,site_fold_1,0.7026272444607863,0.24074789073335934,0.2906849976003999,250,fit
seoul_flood_2024_00099,1,2024,2023,28444bca6837218bf4d704ba4f93934ae8e92a43af99913e4cec692d5abd5c9f,site_fold_0,0.025020382264758025,0.0010794404455479233,0.0055976528203266806,250,fit
seoul_flood_2024_00023,1,2024,2023,9632c60e0ed4c6223ae3b937ce22f1876fb6cdeb28c7f55bc33e2ce939b58e6d,site_fold_4,0.7861357416602202,0.871801312656821,0.9486118880375546,250,fit
seoul_flood_2024_00100,1,2024,2023,847fee03f196da88ca147fdf7626ad98f52286f7ea498dd829ca73fc6754a405,site_fold_1,0.8040771071559601,0.8940358700237079,0.9610443019932879,250,fit
seoul_flood_2024_00025,1,2024,2023,c819cede6995ea40f0f68f04316d2019be37ac994dd418a0cbdec1c843dea159,site_fold_1,0.6793585330340621,0.9530942237141097,0.9571500904439477,250,fit
seoul_flood_2024_00101,1,2024,2023,b29f3a9d05c34c68522b01fe2640595e685f4c88f5d8e969f08db1a8e186643c,site_fold_2,0.9068650358497862,0.9662966992306006,0.9851778303080383,250,fit
seoul_flood_2024_00026,1,2024,2023,5601cfe0dafd37c847a7491e472fc4c99c05a8f729d671a071c556aa12d1cc69,site_fold_2,0.8789203799174642,0.9871636379406924,0.9894663696372484,250,fit
seoul_flood_2024_00102,1,2024,2023,77738368915709589f9285d3dbfbdc93e438bffdbe2b754c7ab44d8cbb4dac84,site_fold_0,0.8625079659215136,0.3706682293904248,0.8182632100437172,250,fit
seoul_flood_2024_00027,1,2024,2023,420e8c48ebc7ccbf83d2395b4da0611b4c8dc5279fe949942775ff2ccb1f5fee,site_fold_2,0.5801637265868407,0.7901924816597624,0.6452328024542002,250,fit
seoul_flood_2024_00103,1,2024,2023,99026cbc6581e1dda7853aac956f2790cb89367aded1a3bc771ebbde0df131e3,site_fold_1,0.7713678454158874,0.9259997515925091,0.9648226383325245,250,fit
seoul_flood_2024_00028,1,2024,2023,4ba93dbfdb004cedc56f5c631fad8150f58d482ea512ef4108dc18ece34c55a6,site_fold_0,0.9738388303915766,0.9453139225735975,0.9685304738035223,250,fit
seoul_flood_2024_00104,1,2024,2023,8d7f23048bda7bb098f76ccf0fe517f0812889d3669924c1d3df7a7c3beb466e,site_fold_4,0.9587026981969097,0.997787513745642,0.9989003870294947,250,fit
seoul_flood_2024_00029,1,2024,2023,3e44220d47bea9d8726118dbc011d3073c17208543dc34617d2426bd0b013376,site_fold_3,0.5951531923081247,0.9750805824882183,0.9738354066721722,250,fit
seoul_flood_2024_00105,1,2024,2023,b070070fb490cb378ac75ab72a1cdec8f99ca298a47ea83535ff462f4218a566,site_fold_0,0.9663837810734935,0.963109765327088,0.9912349055041425,250,fit
seoul_flood_2024_00030,1,2024,2023,03119c1c5c1adcbae5fd24c55ada049a8f1452bfcfcd3e573fa9bebf91752bb0,site_fold_3,0.13103362671870866,0.3627351532749561,0.7500931942317012,250,fit
seoul_flood_2024_00106,1,2024,2023,8a10ba040bee51a4dfb38952aa2bf48f827db9c60619fd3afaf104dd06491a34,site_fold_2,0.718601844164426,0.8854602110940426,0.9781233741049565,250,fit
seoul_flood_2024_00031,1,2024,2023,13147c272b4c57eb35511cf391e997f00dc7d10b3a1f309bf6f9a86e80bd6d98,site_fold_0,0.6316372829472355,0.9679783735602318,0.9318126458424489,250,fit
seoul_flood_2024_00107,1,2024,2023,168cd363d196b4cea35e3fbd5c31a32fe30f602e59fd2e486239d28906f9d02d,site_fold_1,0.6315873006157214,0.366597165724126,0.4754274326388674,250,fit
seoul_flood_2024_00032,1,2024,2023,580ebce2e64ba8e209c7b1cebf7178a8945d8200b9c28e17ef913090e1016c84,site_fold_1,0.7187177337855263,0.552453054805115,0.8367764287124224,250,fit
seoul_flood_2024_00108,1,2024,2023,642d2d7d6191dca8abc1ab275b94fdac98c447af754257111014110d2816b94b,site_fold_2,0.42556105286026125,0.755139994640307,0.8155066598094443,250,fit
seoul_flood_2024_00033,1,2024,2023,825340dcf23951f2d8e47a605ed2e1b965b6967c54812a042734b3eda4bc5c96,site_fold_0,0.9775087622724757,0.9494981451736443,0.9390617606822229,250,fit
seoul_flood_2024_00109,1,2024,2023,1a5ac1cf0c6d290a58dd20ffa384cfc5a1c391aa45217ea6646abf4d6d3cd048,site_fold_0,0.6341563835749799,0.6189635229121122,0.9867423608649587,250,fit
seoul_flood_2024_00034,1,2024,2023,e5b6ce851537198eb60726302c43334dbe511f11228c46cc6fe4387bcb048678,site_fold_1,0.785900606195896,0.7956198973029953,0.9479822352872409,250,fit
seoul_flood_2024_00110,1,2024,2023,e06015435d8e64d0e545abf7950cc1a141c6e072d8a8bc68d033a5d44da502c7,site_fold_4,0.42776820866715,0.4436240513627404,0.8490150362865663,250,fit
seoul_flood_2024_00038,1,2024,2023,38da3f8f9cf16edf6f767e063dbcce4cd45bf9964614ea38636c127bfd87bf07,site_fold_0,0.8767629113930228,0.9583759064736805,0.9779426209830825,250,fit
seoul_flood_2024_00111,1,2024,2023,39bb7133a5a101fdedcd7174962b3f0100428b3745479f0cd22475a6ec2e451e,site_fold_0,0.9425544399500808,0.9626603702125904,0.9985805888578018,250,fit
seoul_flood_2024_00039,1,2024,2023,83e08aa3e97db1d52d86474b863a153e2cc9377b044e7cac80a279df233b1119,site_fold_3,0.8290629141236688,0.5615480896629135,0.7616820714654106,250,fit
seoul_flood_2024_00112,1,2024,2023,976afaf01c54fedf9ff44d35ddf4ab9dd2ec59cd6f6522f18ed8ec0bb0a0420f,site_fold_2,0.06226191408277905,0.7899496790229917,0.9199859056133197,250,fit
seoul_flood_2024_00040,1,2024,2023,571c211904d10956955b5efb4fa653d8e5f9f7eb62867184c400a15c68241389,site_fold_2,0.7326573622887022,0.994729354474611,0.9646160946647341,250,fit
seoul_flood_2024_00113,1,2024,2023,fbcf72bad940a495b5c781c0dacec95037e2444e074e00b823baaff2a70a2897,site_fold_0,0.1517857169757715,0.2852492278349937,0.01091943245562393,250,fit
seoul_flood_2024_00047,1,2024,2023,17f667ebdcf62fddc91ad9b0250bb9b2adc97cb183d86891c48fee18be6e5cef,site_fold_1,0.49646046087156337,0.44921823636483726,0.5641097810868064,250,fit
seoul_flood_2024_00114,1,2024,2023,6aed3ebb380da99b9ee22cdafb43ad80499c1bff6c3499d470dc7ee07d89c849,site_fold_2,0.3066964466826669,0.07911670950135767,0.17242023386399472,250,fit
seoul_flood_2024_00050,1,2024,2023,45e0d39429832b452a4c887bb71b185d61412763fa2b471282d7f26b4d5b2a6d,site_fold_4,0.5062517666596981,0.626298233731414,0.4410651588697981,250,fit
seoul_flood_2024_00115,1,2024,2023,7738cfb0acdc52887fd9690f1d5b486d23901783ababf94e5884b74aebb7b7a6,site_fold_4,0.7680076682579635,0.8350992210755023,0.9535338123978624,250,fit
seoul_flood_2024_00066,1,2024,2023,3249f0c73043197204ff8e0eb2de32de25359d1a88ab3e65135ed05df3e17632,site_fold_4,0.609253652394827,0.8653991817730101,0.9223529528598903,250,fit
seoul_flood_2024_00116,1,2024,2023,7d0ace58f1bf6a48eed8c62e46a71a458d0fecfa8f511947d46a0167e6837f9c,site_fold_2,0.13330941229706972,0.3228574688940845,0.49464855501879407,250,fit
seoul_flood_2024_00073,1,2024,2023,287234d601433e40a271d9ddd26ead9f9308af2b1677c85e3834012d64e6e7d2,site_fold_3,0.5423078124864179,0.14484470517427664,0.723600880927516,250,fit
seoul_flood_2024_00117,1,2024,2023,96bfd72b61bf954f2785d404c928759454d7b17f1b9112b500e5bef0de66965f,site_fold_3,0.9405440782188463,0.9484159227996222,0.8627684945422178,250,fit
seoul_flood_2024_00085,1,2024,2023,3becba3274152e21c153ada0da15bb1d8f5a0a5aa386ebae6fe6064d468e125d,site_fold_4,0.6473440428321624,0.9939525206953217,0.9954332069846895,250,fit
seoul_flood_2024_00118,1,2024,2023,08e8ba1a5228798be26cec1295ab372eef931328d892df9a0a6f83f388090f1f,site_fold_1,0.8893101830473938,0.9196541036177058,0.9161903618532181,250,fit
seoul_flood_2024_00087,1,2024,2023,038885154917f49461b2bd823ed84f168eb6f07b4247e762aa3785177bf2f1a8,site_fold_4,0.6851049549386112,0.8818336609477773,0.9404027846274626,250,fit
seoul_flood_2024_00090,1,2024,2023,e2021107777c58ae4753e65b214bcf759eb5dade508d589c0faa3ecf220f7db4,site_fold_0,0.6788962242254042,0.9948063649569646,0.9969076880449969,250,fit
seoul_flood_2024_00092,1,2024,2023,9a1836775b51d543b83e763701479475aa2241ddd6420af60260e1c2994536b2,site_fold_0,0.8184010413144579,0.9268932054867031,0.9574018980856943,250,fit
seoul_flood_2024_00095,1,2024,2023,5609876fb475b5f8749245964924f472f2921b55d27942248654e089174fcb3d,site_fold_3,0.7184772262150136,0.8979018479894479,0.6736903182676502,250,fit
bg_2018_0008,0,2018,2017,e01f18c6157377aa8fea34d0849ee57ba81780ea6b458a684b38b58c1f249aa7,site_fold_1,0.008872544467704871,0.0067827993524328944,0.00470641278294034,250,fit
bg_2018_0012,0,2018,2017,031f604ccd8decf0bc0c0f1b46d764f67618a666286b5ef046ba714fd32ce319,site_fold_2,0.0010678343955139746,0.00026490865142279765,6.983129540315473e-05,250,fit
bg_2018_0014,0,2018,2017,96f4653cba9c5b8fffc448302fa973dfcae2a21030235ce4f086544c824fafd7,site_fold_0,0.2263303204932328,0.0007103662252390116,0.0016717552324143192,250,fit
bg_2018_0016,0,2018,2017,b567922b1a6e50fee3cb576e2441824a9c83fd4dd5fac5d1c44c98d81360cfb7,site_fold_1,0.13159239718992338,0.2849009045881065,0.08989589011656669,250,fit
bg_2018_0019,0,2018,2017,6edce6b5be5a6297cfc6785fe6eb1f9255b7a66545fc3bea508c64d379a86f22,site_fold_4,1.625414685216189e-05,2.5004887689482965e-06,5.816082219626588e-06,250,fit
bg_2018_0021,0,2018,2017,a74f251b2c3000fafc6ffa15b42a8c8767d1d7f96385ec57c9a92bad2775d4d8,site_fold_2,1.5506590599485526e-05,5.116409627279511e-05,2.271006340554272e-05,250,fit
bg_2018_0023,0,2018,2017,707cefe99fb18e837868489d84317ae20f18934da0f4afa2a1f2b42c41ecaec8,site_fold_1,0.007660722962459316,0.00011288157096738084,3.6203965112058115e-06,250,fit
bg_2018_0025,0,2018,2017,7c6261366bf8edda64089f460e853aeaeda958dee0f29ba57605120c552ce3ad,site_fold_2,0.35149970993939034,0.0052554273914409075,0.01866249288722796,250,fit
bg_2018_0027,0,2018,2017,07e4e2986cc515ff4959416c897bb00877a6b5e8b3b13ea6b922aa271b685181,site_fold_1,0.03018240664024383,0.09358265378456923,0.003286865248391685,250,fit
bg_2018_0029,0,2018,2017,d85443019e270af275d8e6dd883eb545895d895bb3302685db5c485b48671cbe,site_fold_4,0.03783593872326673,0.4808113093548243,0.4842628998129344,250,fit
bg_2018_0031,0,2018,2017,294277d42644ddf4e441a0ce7c53aca2bfa06820f022b5f34069e9a8a30356b2,site_fold_4,0.0008854900689105576,0.010363668088834679,0.002046281314572345,250,fit
bg_2018_0033,0,2018,2017,21e62fc153d7c067a581956f9285d808728d0fbcc3f743972121ab385b7f240d,site_fold_3,0.41076505552787335,0.1349400432862932,0.045293090920647386,250,fit
bg_2018_0035,0,2018,2017,84e4269b50220afc54cd94d366ce19c65299d35df850ceaee93eadc2d1fba7df,site_fold_2,0.0015799803928422916,0.15331924864098304,0.003413770460327604,250,fit
bg_2018_0037,0,2018,2017,ec12ead14120d4fd24d16cabbbd241eb1d0fe9c16ad943805a4312845283d462,site_fold_4,0.44365617974988775,0.002744781171893988,0.004520570906823738,250,fit
bg_2018_0040,0,2018,2017,b8e6d522bdee72713691c7fcf5a63989a868dfd95bd2cab5437e22511b06187d,site_fold_1,0.005836021703521672,1.6161419736018827e-05,3.567423537311625e-05,250,fit
bg_2018_0041,0,2018,2017,2fd1ce506e821d00b2c7dc4f3c74578abf6a9aa737fc9b17501c9a890c7b32f4,site_fold_2,0.40738308292840447,0.060505414281245284,0.011622540414199715,250,fit
bg_2018_0042,0,2018,2017,c5c162e440897a82f0cf5001e5831e1ef3a67dfe6bf07a591a79a43cc3ff74f5,site_fold_1,0.002942746609829925,3.9463952165886845e-05,7.900570501765506e-06,250,fit
bg_2018_0043,0,2018,2017,3dc07fb46bf80b6eecd3b849850467fc614be95e21cbda76c3c7cdf7a7106cf4,site_fold_2,4.985227636413305e-05,0.00023668824647371135,1.9686231695353337e-05,250,fit
bg_2018_0045,0,2018,2017,5abac985a6deaa808eecb6a2742d5a724388c8f6c7ad871704b78b4066e386dc,site_fold_1,0.6498697205180287,0.3274454750051136,0.2543648286884908,250,fit
bg_2018_0047,0,2018,2017,9b143e553b172de0a0dbcd667fcc44ff4424a8f9c8019d9c4a4518f7420b41af,site_fold_0,8.150035919405589e-05,0.0005632466672439855,0.0009803347167796177,250,fit
bg_2018_0049,0,2018,2017,1a44f043ff970d264d22e596a5e8bcb7dd2eeaed1035fc9b3d7de0c36349a6e3,site_fold_3,0.3830221376359927,0.8435618056516262,0.8301337406785645,250,fit
bg_2018_0051,0,2018,2017,748d2b899e4eb3beab4800bc94e8ff516e34ed0db3aef051813bec260a8670ce,site_fold_2,0.07319830382682628,0.03583086409739404,0.08059491609459697,250,fit
bg_2018_0052,0,2018,2017,dcd99ae5f275a0be2458b09742536127a22d13b902bd53e5ac740a04f46f77f3,site_fold_3,0.11522388396948474,0.02622520120365388,0.03490985273873654,250,fit
bg_2018_0053,0,2018,2017,ef5548ab378a0d6f1136921f787bedefcf308b5bf6f03841ab384a58392a796f,site_fold_3,0.00018335231737167488,1.1630954748214333e-08,2.016095536177362e-06,250,fit
bg_2018_0054,0,2018,2017,8b97daeee954f5cf8ce99941964f6b69aafbd08ff670db5383f686bb16668c44,site_fold_1,0.03965071027621389,0.0012812826208811517,0.0008253716246761321,250,fit
bg_2018_0056,0,2018,2017,dc2c073fab33fa44d4232f769c5e6003d6870f75c7967861a7b52e38d7c69572,site_fold_4,0.04708133635156749,0.9230468606281099,0.7825165092502068,250,fit
bg_2018_0057,0,2018,2017,d40effa8069de0fc26ed37d2c749ab608986996e969ab3f7db4ee96472d380dc,site_fold_1,0.5511835376184129,0.07146833874552139,0.34992252074187186,250,fit
bg_2018_0058,0,2018,2017,203ddd064d80fc0d4e7bff11a0776d9e93419a3a6037aa9adc2c7505290a1813,site_fold_4,0.3573257621338486,0.39886553235680333,0.8048187544483004,250,fit
bg_2018_0059,0,2018,2017,f9a9ec68c6f1d2a1231e5e83d38745b60d61290ff74ac936aa8f0683822eb8eb,site_fold_0,0.6416153192190425,0.3718057075891465,0.6336237630836918,250,fit
bg_2018_0061,0,2018,2017,320a5b870363bc27bd783e6d2b485a8d3972cfc67854a5a58639a25fc374f980,site_fold_0,1.44209625273621e-07,3.232067582928885e-12,5.789480984868429e-13,250,fit
bg_2018_0062,0,2018,2017,b72bc3515d6491d4fb990553794908030b77eceda6076312844c64f5685529fc,site_fold_4,0.4275083257234465,0.014668530087417662,0.04157467331854063,250,fit
bg_2018_0064,0,2018,2017,7cf777b87c15c35cb12a26b7d8ad0f56654c2b75b6447578107c0cef8bdd2e29,site_fold_1,0.2566672731463163,0.6944315048273655,0.5951415218580925,250,fit
bg_2018_0065,0,2018,2017,2ae3e4a48561eae2ac17dd839dccd2bfa7997585727481cf2cc5ad1a544cbb29,site_fold_3,0.0022322889804433275,0.004705775252579781,0.0005087432543759746,250,fit
bg_2018_0066,0,2018,2017,a5a2dc9c1dbe6d7af6f51645bd09cb467e8f7c186eb7d91b2a155cea8ae622ed,site_fold_3,0.07274919652569185,0.01213769807339926,0.003563059549251689,250,fit
bg_2018_0067,0,2018,2017,b687a30ed837278ff4dadcfdef30f40b2986a06c7c79ed57693b3e6b2b1a9d33,site_fold_4,0.6407967812645022,0.9620757570840345,0.7521390749584325,250,fit
bg_2018_0069,0,2018,2017,19b54b72bdde6c4bd3cbe2546f3414a4ff56cd60d6a2bcdf3d6f1f199e8b9a7a,site_fold_2,0.10784590886017577,0.0007890026446608744,0.0021399134547070426,250,fit
bg_2018_0071,0,2018,2017,48da3e414015f3351b42e87e9218a6ceaedce537a926ba13d8759590bdad9d81,site_fold_3,0.4537608325261802,0.8458336824147478,0.712842099150709,250,fit
bg_2018_0072,0,2018,2017,ea2e9240baa8efb8641cef5f652b1f430fd03b8bb6bdcae03cd85c7be7d79e6c,site_fold_1,0.38024485977343914,0.017015692605827325,0.007479675659472207,250,fit
bg_2018_0073,0,2018,2017,eb67dc3c4a6302c161ea7c937485d56e520ac962c08ed97fcd8cb6d32e101eed,site_fold_1,0.4567992245106479,0.09334830444736737,0.057291246116190186,250,fit
bg_2018_0074,0,2018,2017,0661378a425c8a66c4aa539a6016f77d94444565f19a404c200d8da71d881e6f,site_fold_0,0.07053586310135729,0.0005146532391516024,0.0002781145019925325,250,fit
bg_2018_0075,0,2018,2017,c1f90f1983b063e2d466b9b1bebe90d7fc37a3d7d52615c416a054934dc3850f,site_fold_4,0.9422518087716442,0.6095933414240364,0.24630432748032802,250,fit
bg_2018_0076,0,2018,2017,b0bb5e94bbb58bef0707986a0b214f4618e10f100ec3660f7f792c139b83b7bf,site_fold_3,0.6156045683224964,0.018781268224702267,0.0033308514247431665,250,fit
bg_2018_0078,0,2018,2017,a5ca7d8f214e2cdbd499bf191e3ef82542d8fc7c4eb63c250906aecb6d052776,site_fold_1,0.0005241650456321159,7.047347677862265e-05,2.5318068600721557e-06,250,fit
bg_2018_0079,0,2018,2017,387293de0a4d2562776968a4c928898f0c153e19c243293da6f2314332ce8e09,site_fold_0,0.6803461025108799,0.021354861999124574,0.0032094995148340107,250,fit
bg_2018_0080,0,2018,2017,e647221675ed4239c7ecfb607d39fbe04e5956323af3be0aa98f0d64ac923420,site_fold_2,0.08588345756264616,3.3581496202668604e-05,6.972031863787846e-05,250,fit
bg_2018_0081,0,2018,2017,a79ec02ce4ac7963f73a96c80a4ea1fc557a0747a742e20e54654266ddade15f,site_fold_4,0.7037503603877836,0.4778016715848245,0.5295362180938863,250,fit
bg_2018_0082,0,2018,2017,5535d9eaa37e4d1a7b852f0870d6bc9cf8d44c2c849c46b6e3bc123aea922f98,site_fold_0,0.8366481274307026,2.598348423352573e-05,3.470362034233156e-08,250,fit
bg_2018_0083,0,2018,2017,fe080c2d9abb132cc64d5557983b111ff97e3f58f287666fd5faa26bdb192287,site_fold_2,0.7081625235009388,0.6293485775495752,0.045305345233727486,250,fit
bg_2018_0085,0,2018,2017,f3ce6092bb24123a060a0495483d50073de4e4ee953fe58bd28e219e1a83baa1,site_fold_3,0.008366328114228666,0.06354725990498576,0.0819221363545235,250,fit
bg_2018_0086,0,2018,2017,2f8d0c0da0be361972dcf84753d6a3e08b6dad88a520b7d1a92b86f9b38320ac,site_fold_1,0.045762460300232004,0.01217462059354838,0.0019945468847842205,250,fit
bg_2018_0088,0,2018,2017,d948566b5d11292ec582eb153178eebb116e8d9e510bbbb560baf1319dcb07ea,site_fold_4,0.36329513362308274,0.06796178992990828,0.07194412721269573,250,fit
bg_2018_0089,0,2018,2017,30e0262a5079f27f544cfa11a50c2dac7696a1223e31b6a5743a25b88178f3f9,site_fold_1,0.49739946464216445,0.4508351230157525,0.20001131700190733,250,fit
bg_2018_0090,0,2018,2017,0ea0ea06867904ade6f0cc97d06bcc3a15a536e081b0765ae05da45dd08c935e,site_fold_3,0.3959858401930566,0.3040962512615973,0.6313402968944528,250,fit
bg_2018_0091,0,2018,2017,982618d21af830b045f8c249c93b9fe8c0ca46e8eef0f38a41b858d40f182133,site_fold_1,0.514095360875733,0.5467676503175845,0.47275822507140164,250,fit
bg_2018_0092,0,2018,2017,1329ca34dd0aa22bba0143275ea656df9883ad433541073bcd4a263e3256d123,site_fold_3,0.13218926287645083,0.6841415434818457,0.5812229955917795,250,fit
bg_2018_0093,0,2018,2017,39af272ed4011f905c7675ca8e5251a45ad8be334a928f57454f06824c57b67d,site_fold_1,0.14897469302562386,0.07916930101269733,0.10542403882743782,250,fit
bg_2018_0098,0,2018,2017,09cec87c34c3457792131d98f4e5ea7c0de72227cb164719da0895a2dd49e29f,site_fold_4,0.02120190679572408,0.918377963980882,0.22199383144599438,250,fit
bg_2018_0099,0,2018,2017,eab8096d803acb18cc201f6ace31bbda179073d5e6a99e0d73d2ec05bccdf772,site_fold_0,0.0848788879439271,0.00016281636806509732,0.0006638107828416216,250,fit
bg_2018_0101,0,2018,2017,0e3e2e1f0d7500e89ab5386ac3395e82b86d098339e82b63a4f96b3de677403b,site_fold_4,0.24379700844297678,0.0698560504452456,0.023555869070226162,250,fit
bg_2018_0102,0,2018,2017,d083f6498d7fbd2e9d25a6ad0b6797fb6e2c24cc6ad3d7ca5f9713008c86dd50,site_fold_1,0.02512794634511798,0.00018363004879910183,2.5472130364608038e-05,250,fit
bg_2018_0103,0,2018,2017,094fe38ba748a64e5efdec7fb8286b4be6aadc362ada39934354d5551a5da3d0,site_fold_3,0.11217921384431799,0.304225836813966,0.11660533333817726,250,fit
bg_2018_0104,0,2018,2017,381d18bd61e34cf882bdfdf6012481b10927e35d12e6647db1266ea9a179de4a,site_fold_0,0.0001909928651995358,0.0007659687360327751,0.0010855384528434312,250,fit
bg_2018_0105,0,2018,2017,5bb0f3030646a3eca15b3c715c0a2cc5c67d8a64036f4b26e788799479fcac9b,site_fold_4,0.5546734229125942,0.615410761986567,0.3319081272513053,250,fit
bg_2018_0107,0,2018,2017,121ca7306a2ae0103033e3004279ef3e80366ab277effbd7df933cd44df93378,site_fold_4,0.7541779860777886,0.8947962558050502,0.32440587115160296,250,fit
bg_2018_0110,0,2018,2017,fe94a8a6361778f583248af09d52d2f8beaeed2c3a1047494990e54232abf263,site_fold_3,0.37875778044939745,0.7324435861116124,0.4487477195412659,250,fit
bg_2018_0112,0,2018,2017,9b8cfb8dd01fd7117ec530b8b1be50f430e0bba381744f956eee96179adeacee,site_fold_1,0.9243359833973799,0.9784929334619273,0.9747610515911133,250,fit
bg_2018_0113,0,2018,2017,574a670bce4623563698b796be6af8072c206bfd8806e5f36ff822a332eff57b,site_fold_2,0.1176855065696206,0.8481104192627392,0.5783101324216686,250,fit
bg_2018_0114,0,2018,2017,cbf698a2629e0c40badff8fdce66678097136d982ad6e328f5e174702db1ac72,site_fold_1,0.0698026398150848,3.0606194562112066e-06,0.00029971971537860775,250,fit
bg_2018_0115,0,2018,2017,48ba22de3d6960040834837c9f93bad7da1ff9aa12c70c28cf23329daa5556b9,site_fold_0,0.14202402483861862,4.998879652417918e-05,0.00011585534403300055,250,fit
bg_2018_0116,0,2018,2017,b89dc14cbabd117f4baa55fee005974d32ebb678421d282b6faf5919d4c5513d,site_fold_0,0.003172060059999996,0.09648238508202703,0.03483282586310493,250,fit
bg_2018_0117,0,2018,2017,259d5e4e331efc426e8d5cb37d174767fad44812d9c8aac2673f920f15e78ad6,site_fold_0,0.6522567809580215,0.001292405962679274,0.001060376016008856,250,fit
bg_2018_0118,0,2018,2017,8e82547d47b9be467e201fcc7a5aecc54c71aded64e0ac980099b8678439acd8,site_fold_4,0.5701360341953257,0.0190338370643944,0.004215610762056548,250,fit
bg_2018_0120,0,2018,2017,1cdab643d1b940b0693fcbf08e8a99e52473b61131de923eb8b284c32f00c4d4,site_fold_3,0.2407147507446499,0.1607218901941057,0.2139979588601743,250,fit
bg_2018_0122,0,2018,2017,bf6cb7c3b436132579c4c247e107989902b49e1a3a297a787f54b840578a302e,site_fold_3,0.13246094788721946,0.007509373583860636,0.007099826239608457,250,fit
bg_2018_0124,0,2018,2017,74a593ab813090c62b6028480a668a3959fb4e059bcc73876ed08db88d30bda2,site_fold_1,0.008091451181038734,0.19651183272631859,0.05216745375360947,250,fit
bg_2018_0125,0,2018,2017,669228cb6311c26fa81b0cc72a9f043cf099e2aec5da6174c5343570362b53f9,site_fold_4,0.0029317741998630934,0.007140642972120473,0.31921974152219423,250,fit
bg_2018_0129,0,2018,2017,9d517f55ae5613be7e9c1f546afa3a8453196835262a2da69354022e181623af,site_fold_1,0.5424689754335317,0.48323846127130604,0.41339203544433367,250,fit
bg_2018_0130,0,2018,2017,30fc7f1fd06b41eaa1cbfba3302ccf7b637fb6b97d364777008dcc7203e27e88,site_fold_3,0.6391497647657757,0.955173783778402,0.893898265198196,250,fit
bg_2018_0131,0,2018,2017,c70088b5f5ed553ac8d54c56b48c1be5b90a722246b8993e86f8ab252abee2b8,site_fold_2,0.5976025287123461,0.754369974687588,0.6748364676617461,250,fit
bg_2018_0133,0,2018,2017,f4be26be42aa63779b31705fdb787991f04b62cc376f4011ad45d4e46a90aadc,site_fold_3,0.8813281834298252,0.05512210874801584,0.032050143833101646,250,fit
bg_2018_0135,0,2018,2017,d4a9a61f6e816b947950df9ce5dcf1ba5199c097b89c4e2ff3146444ea11cb5e,site_fold_0,0.4761352328901105,0.1968853570983262,0.2989408560178152,250,fit
bg_2018_0137,0,2018,2017,b1c60d3479151c265d732f1691c8965b5045f9f996bc435e7cc5093bbabaa7ca,site_fold_0,0.19395180597114317,4.0399242099608844e-06,2.1975202610961986e-06,250,fit
bg_2018_0138,0,2018,2017,8c4da60d1d75cffc9bd0bb476c0dc48b8024afb93b7ec5dce86a348e4a515c7e,site_fold_1,0.0038058766160385077,0.12637678465882965,0.010578302346146037,250,fit
bg_2018_0140,0,2018,2017,25491912f96991025541d5f5da5a1ed06d902fbef16223d74ebe72a74b2706c0,site_fold_0,0.1096181447513389,0.019696660369590457,0.23170250935692327,250,fit
bg_2018_0142,0,2018,2017,27cf11d64439127707db65caff07bd9f503a61a6427d56ac8b3df0c792261c04,site_fold_2,4.874845608630675e-07,6.769172943084865e-05,3.040861668397578e-14,250,fit
bg_2018_0144,0,2018,2017,48a8d4b27be3f5a3d567610c033ac715c6277500103c9ec2d712f0b3bd427f0b,site_fold_4,0.6394752705947664,0.8400535097890515,0.7873524926069828,250,fit
bg_2018_0146,0,2018,2017,e889077796f75a8bf06a0218348506ff1aa58361a026a2158158d33545d8f8e8,site_fold_4,0.6040339603123663,0.6426129883488407,0.6459029429106256,250,fit
bg_2018_0148,0,2018,2017,7e9ec81c8ea1517e7c97d3f130bd8da15eded8367199dea08912d7fec27678bc,site_fold_4,0.8078417456459193,0.5406924294022584,0.5547390836627032,250,fit
bg_2018_0150,0,2018,2017,2d514b854a9419024c44d135af3eff0d5ec793684c36bece8e6471bba25f3d4b,site_fold_2,0.010342990948440402,0.22750448082609062,0.00953269416639294,250,fit
bg_2018_0152,0,2018,2017,ce81223ed4abc36fdbbc236f8ffb7d0ee9ea969f12ac8750196c90345354cd48,site_fold_1,0.01763844131710856,0.0008976226984237438,9.49748470699468e-05,250,fit
bg_2018_0154,0,2018,2017,eaa88e45dc34bbc37c2c1c462247981c702e40fc4de264f8bfd709abb71da6d3,site_fold_2,0.05623167022399864,0.42580053540461116,0.6620433845284585,250,fit
bg_2018_0155,0,2018,2017,37a1b32ea4828c6949829c840f5a2c1015383861dcde49e417670a4242964123,site_fold_1,0.045718467116420185,0.0001510048531536484,7.853540971049745e-05,250,fit
bg_2018_0157,0,2018,2017,10931396412cd75603aea0d3abeeaa86eab99d3b921d1b092b41bbab3e6b3ef3,site_fold_3,0.26728872679120624,0.002448162698513731,0.0015662131232220434,250,fit
bg_2018_0161,0,2018,2017,d49b5fbc9ceb41ca0416f4cdb698a4166b7a68f5b61831b3c486481ab9266d59,site_fold_0,0.5627760863968267,0.967176793176419,0.9615988766023256,250,fit
bg_2018_0163,0,2018,2017,aa4923f93f3935d9017a178e2e2a00c39f8bda9e0d5768ff25899acb453cfe4f,site_fold_4,0.579739306813785,0.6532550758378994,0.24626405105957502,250,fit
bg_2018_0165,0,2018,2017,d2fe77c5494009de82c48b234cc00ce5e962100afef8729763eebcde1fdb3ee6,site_fold_4,0.5198262265429062,0.001039535987985794,0.010144706490141715,250,fit
bg_2018_0167,0,2018,2017,4a3e32b2592c4bca0306e12810e632bbc064edd22a18e37cda46c14b345b44bb,site_fold_3,0.07029117314818234,0.00016887633510667067,0.026848460879186516,250,fit
bg_2018_0176,0,2018,2017,f2237c29d27bd0b5346f0be444cdf4b5a741aa2fba630c9086b59654a04a210f,site_fold_2,0.38412300173759206,2.5157971224996744e-05,0.0012652159018250644,250,fit
bg_2018_0178,0,2018,2017,e61f9b395ebe806bb4173411398360588d9e72421527f2deafa2fdbbbb195b65,site_fold_4,0.4592755051290398,0.5948282223581511,0.8316613348954518,250,fit
bg_2018_0180,0,2018,2017,a113ed2181e2dafdd3bd4c517c782ea37e2fc64120cbcccfd433bc0ea0d1188c,site_fold_2,0.0006191180311909385,7.224593889626711e-05,2.6618767082142233e-05,250,fit
bg_2018_0182,0,2018,2017,338e23f9b352e3105dbde6ef929db218b89c42bef0ff3192ba71868dc1c03e11,site_fold_1,0.6514970601070172,0.4696352480977247,0.3960512207214295,250,fit
bg_2018_0191,0,2018,2017,cbc1c3c2479947688ce7ff97d13516aff256f9ff10811bac671aee0b4c32337a,site_fold_4,0.000520850491269399,0.00028970443022861223,0.0030161279957510298,250,fit
bg_2018_0193,0,2018,2017,61dbfdd28521f9308c90c25b11338b8d4a84bcf61abdb389858a2ac8ee611700,site_fold_3,0.35882584015174424,0.7992134569950857,0.9168918278452636,250,fit
bg_2018_0195,0,2018,2017,84ed77966a29277f09a9d25467f5d8ab0f66d8e58892bfa6b237ad9a9a82cd74,site_fold_2,0.0005318715649895208,0.5142203225233111,0.060505296364309694,250,fit
bg_2018_0197,0,2018,2017,085eb8211e0d2e935d23d26841e01d26a6fd4d394c7185918f5965368be91c14,site_fold_4,0.9621337845403412,0.973293807846364,0.9710963904134632,250,fit
bg_2018_0199,0,2018,2017,83039e54e1fa37ee25521fbe29d0a288ee1d48abb96cc75dc80796ea6e46a80e,site_fold_3,0.037824008339576845,0.007617114140093025,0.015175048253099843,250,fit
bg_2018_0208,0,2018,2017,7fcd19c49f8ef373af77d30b6ea657701de171b59c2cc99c492381c7fa79eb53,site_fold_2,0.01149711854039636,8.275685400607269e-08,1.8615067371150258e-07,250,fit
bg_2018_0210,0,2018,2017,81ecec5ea53df338cb8dec8a3d93efdf89b240e40ceb46e53c9c62deeb7134ad,site_fold_4,0.6056666629712999,0.8713291168059054,0.7599281840433809,250,fit
bg_2018_0212,0,2018,2017,d62a426cec03061a92b4b16ff9276a42c85c45c9bef3ede5653bbbd82d16c4a6,site_fold_1,0.17179194107392687,0.000836649672059588,0.0015162906248430653,250,fit
bg_2018_0214,0,2018,2017,adcf989dc565c016087934f1ab4ba3b574fbe4b87d6ce6c4c0efac4ac2994595,site_fold_3,0.7869718348349498,0.9050881930521985,0.9645229106793693,250,fit
bg_2018_0227,0,2018,2017,f6e58d1a82b10079ee37183b7cf9cacaf6d4a553dd204c84c7040b1b90f871aa,site_fold_3,0.00036211485214017014,2.2891870826161068e-05,3.2416544145127834e-06,250,fit
bg_2018_0229,0,2018,2017,571d300f79ea95c93212637680e248e7f42521541f8f5180c48bc4344a8082b1,site_fold_1,0.006272791223944857,0.03903080823117238,0.005063568429207964,250,fit
bg_2019_0008,0,2019,2018,e01f18c6157377aa8fea34d0849ee57ba81780ea6b458a684b38b58c1f249aa7,site_fold_1,0.007124704991577856,0.0004548468420718391,0.00012162320414273153,250,fit
bg_2019_0012,0,2019,2018,031f604ccd8decf0bc0c0f1b46d764f67618a666286b5ef046ba714fd32ce319,site_fold_2,0.0008268076126241485,7.383523610620742e-06,1.2822730381808577e-05,250,fit
bg_2019_0014,0,2019,2018,96f4653cba9c5b8fffc448302fa973dfcae2a21030235ce4f086544c824fafd7,site_fold_0,0.10030831428128455,5.1794299573935746e-05,1.3470504908523812e-05,250,fit
bg_2019_0016,0,2019,2018,b567922b1a6e50fee3cb576e2441824a9c83fd4dd5fac5d1c44c98d81360cfb7,site_fold_1,0.06526823379238453,0.044932633074419734,0.007396090898801856,250,fit
bg_2019_0019,0,2019,2018,6edce6b5be5a6297cfc6785fe6eb1f9255b7a66545fc3bea508c64d379a86f22,site_fold_4,1.3106264759883964e-05,2.545692150198929e-06,1.7532666965829588e-07,250,fit
bg_2019_0021,0,2019,2018,a74f251b2c3000fafc6ffa15b42a8c8767d1d7f96385ec57c9a92bad2775d4d8,site_fold_2,8.444336625759564e-05,9.684226803202476e-06,8.890557245600596e-05,250,fit
bg_2019_0023,0,2019,2018,707cefe99fb18e837868489d84317ae20f18934da0f4afa2a1f2b42c41ecaec8,site_fold_1,0.0013822383024863247,6.176145342517457e-07,1.0567632965562955e-07,250,fit
bg_2019_0025,0,2019,2018,7c6261366bf8edda64089f460e853aeaeda958dee0f29ba57605120c552ce3ad,site_fold_2,0.23067369058737675,0.008187615344184902,0.000793583206139087,250,fit
bg_2019_0027,0,2019,2018,07e4e2986cc515ff4959416c897bb00877a6b5e8b3b13ea6b922aa271b685181,site_fold_1,0.01686128943659067,0.00495654608498391,0.00019808381111367326,250,fit
bg_2019_0029,0,2019,2018,d85443019e270af275d8e6dd883eb545895d895bb3302685db5c485b48671cbe,site_fold_4,0.025301213145077876,0.2657198579551537,0.019618447891620764,250,fit
bg_2019_0031,0,2019,2018,294277d42644ddf4e441a0ce7c53aca2bfa06820f022b5f34069e9a8a30356b2,site_fold_4,0.000400788092556063,0.0008354681710195959,9.422154592652062e-05,250,fit
bg_2019_0033,0,2019,2018,21e62fc153d7c067a581956f9285d808728d0fbcc3f743972121ab385b7f240d,site_fold_3,0.4462191482125649,0.01958313344332266,0.01725587447315007,250,fit
bg_2019_0035,0,2019,2018,84e4269b50220afc54cd94d366ce19c65299d35df850ceaee93eadc2d1fba7df,site_fold_2,0.0011286088506022216,0.0019191905244569723,0.00033345177421671343,250,fit
bg_2019_0037,0,2019,2018,ec12ead14120d4fd24d16cabbbd241eb1d0fe9c16ad943805a4312845283d462,site_fold_4,0.4006703549795341,0.001342224319477235,0.0007561974788471149,250,fit
bg_2019_0040,0,2019,2018,b8e6d522bdee72713691c7fcf5a63989a868dfd95bd2cab5437e22511b06187d,site_fold_1,0.005644818841337704,2.6695015497363763e-05,4.945792684000136e-06,250,fit
bg_2019_0041,0,2019,2018,2fd1ce506e821d00b2c7dc4f3c74578abf6a9aa737fc9b17501c9a890c7b32f4,site_fold_2,0.518754267526317,0.010987310624858937,0.0012911107465337264,250,fit
bg_2019_0042,0,2019,2018,c5c162e440897a82f0cf5001e5831e1ef3a67dfe6bf07a591a79a43cc3ff74f5,site_fold_1,0.06554637740395479,0.00036909031163723607,3.7444024801963444e-05,250,fit
bg_2019_0043,0,2019,2018,3dc07fb46bf80b6eecd3b849850467fc614be95e21cbda76c3c7cdf7a7106cf4,site_fold_2,2.7454691129309736e-05,2.091721630310504e-05,1.8091749844589871e-06,250,fit
bg_2019_0045,0,2019,2018,5abac985a6deaa808eecb6a2742d5a724388c8f6c7ad871704b78b4066e386dc,site_fold_1,0.6244871166835497,0.2513000124610541,0.1770875980173207,250,fit
bg_2019_0047,0,2019,2018,9b143e553b172de0a0dbcd667fcc44ff4424a8f9c8019d9c4a4518f7420b41af,site_fold_0,0.0009367551108187536,0.0003686577401687285,0.0008238180793732145,250,fit
bg_2019_0049,0,2019,2018,1a44f043ff970d264d22e596a5e8bcb7dd2eeaed1035fc9b3d7de0c36349a6e3,site_fold_3,0.2274380764011292,0.4719220030540445,0.2890632542145733,250,fit
bg_2019_0051,0,2019,2018,748d2b899e4eb3beab4800bc94e8ff516e34ed0db3aef051813bec260a8670ce,site_fold_2,0.13160193850132695,0.04011474392578511,0.03772492985885016,250,fit
bg_2019_0052,0,2019,2018,dcd99ae5f275a0be2458b09742536127a22d13b902bd53e5ac740a04f46f77f3,site_fold_3,0.2627728291835599,0.0124101572683501,0.03245286790653005,250,fit
bg_2019_0053,0,2019,2018,ef5548ab378a0d6f1136921f787bedefcf308b5bf6f03841ab384a58392a796f,site_fold_3,0.0001770639908625835,2.1687006189916813e-09,5.173668549213466e-07,250,fit
bg_2019_0054,0,2019,2018,8b97daeee954f5cf8ce99941964f6b69aafbd08ff670db5383f686bb16668c44,site_fold_1,0.19468559140737632,0.0068735795986002235,0.001965627207542522,250,fit
bg_2019_0056,0,2019,2018,dc2c073fab33fa44d4232f769c5e6003d6870f75c7967861a7b52e38d7c69572,site_fold_4,0.05505435165932039,0.5726343413310732,0.36507161387163617,250,fit
bg_2019_0057,0,2019,2018,d40effa8069de0fc26ed37d2c749ab608986996e969ab3f7db4ee96472d380dc,site_fold_1,0.28033795347616425,0.05883746633620971,0.23879051326286593,250,fit
bg_2019_0058,0,2019,2018,203ddd064d80fc0d4e7bff11a0776d9e93419a3a6037aa9adc2c7505290a1813,site_fold_4,0.4339621639600826,0.48170978753644134,0.6795941227766957,250,fit
bg_2019_0059,0,2019,2018,f9a9ec68c6f1d2a1231e5e83d38745b60d61290ff74ac936aa8f0683822eb8eb,site_fold_0,0.6508818976419557,0.379358670863418,0.709943660473497,250,fit
bg_2019_0061,0,2019,2018,320a5b870363bc27bd783e6d2b485a8d3972cfc67854a5a58639a25fc374f980,site_fold_0,4.2271383351493254e-07,1.961143675899621e-11,4.590203607232992e-12,250,fit
bg_2019_0062,0,2019,2018,b72bc3515d6491d4fb990553794908030b77eceda6076312844c64f5685529fc,site_fold_4,0.3944170714320796,0.014545894572687554,0.011009932382306424,250,fit
bg_2019_0064,0,2019,2018,7cf777b87c15c35cb12a26b7d8ad0f56654c2b75b6447578107c0cef8bdd2e29,site_fold_1,0.3504370211268176,0.507614939928066,0.6169958650210201,250,fit
bg_2019_0065,0,2019,2018,2ae3e4a48561eae2ac17dd839dccd2bfa7997585727481cf2cc5ad1a544cbb29,site_fold_3,0.001064145929154489,0.00013208130061930596,3.230164602053934e-05,250,fit
bg_2019_0066,0,2019,2018,a5a2dc9c1dbe6d7af6f51645bd09cb467e8f7c186eb7d91b2a155cea8ae622ed,site_fold_3,0.14717247140943243,0.007406835648511933,0.00011020174378750804,250,fit
bg_2019_0067,0,2019,2018,b687a30ed837278ff4dadcfdef30f40b2986a06c7c79ed57693b3e6b2b1a9d33,site_fold_4,0.5636115461216574,0.9086254185728116,0.5858692114314169,250,fit
bg_2019_0069,0,2019,2018,19b54b72bdde6c4bd3cbe2546f3414a4ff56cd60d6a2bcdf3d6f1f199e8b9a7a,site_fold_2,0.1884811168371399,0.0016988626533393338,1.1784326991721244e-05,250,fit
bg_2019_0071,0,2019,2018,48da3e414015f3351b42e87e9218a6ceaedce537a926ba13d8759590bdad9d81,site_fold_3,0.6845788656798498,0.8100226422949741,0.7563956265829531,250,fit
bg_2019_0072,0,2019,2018,ea2e9240baa8efb8641cef5f652b1f430fd03b8bb6bdcae03cd85c7be7d79e6c,site_fold_1,0.3980522690187407,0.007782989613906009,0.007315547724188638,250,fit
bg_2019_0073,0,2019,2018,eb67dc3c4a6302c161ea7c937485d56e520ac962c08ed97fcd8cb6d32e101eed,site_fold_1,0.5707080700785521,0.16858183260700235,0.09572671523852243,250,fit
bg_2019_0074,0,2019,2018,0661378a425c8a66c4aa539a6016f77d94444565f19a404c200d8da71d881e6f,site_fold_0,0.07893196864820225,0.000959587265252107,0.0002396950370956103,250,fit
bg_2019_0076,0,2019,2018,b0bb5e94bbb58bef0707986a0b214f4618e10f100ec3660f7f792c139b83b7bf,site_fold_3,0.49834090371097295,0.0018905992771810459,0.00037106786402268043,250,fit
bg_2019_0078,0,2019,2018,a5ca7d8f214e2cdbd499bf191e3ef82542d8fc7c4eb63c250906aecb6d052776,site_fold_1,0.00041876114145897737,2.776962262872838e-06,1.1610351356454822e-06,250,fit
bg_2019_0079,0,2019,2018,387293de0a4d2562776968a4c928898f0c153e19c243293da6f2314332ce8e09,site_fold_0,0.7337430114985131,0.008189062331580087,0.0008639744757560341,250,fit
bg_2019_0081,0,2019,2018,a79ec02ce4ac7963f73a96c80a4ea1fc557a0747a742e20e54654266ddade15f,site_fold_4,0.742484993019323,0.3469682182448495,0.5622361174091141,250,fit
bg_2019_0082,0,2019,2018,5535d9eaa37e4d1a7b852f0870d6bc9cf8d44c2c849c46b6e3bc123aea922f98,site_fold_0,0.6914745983078727,2.5051571978383384e-06,6.181021790418161e-08,250,fit
bg_2019_0083,0,2019,2018,fe080c2d9abb132cc64d5557983b111ff97e3f58f287666fd5faa26bdb192287,site_fold_2,0.7276920480352266,0.13281514230992097,0.05149995849462735,250,fit
bg_2019_0085,0,2019,2018,f3ce6092bb24123a060a0495483d50073de4e4ee953fe58bd28e219e1a83baa1,site_fold_3,0.006017861438812917,0.005120090331417749,0.004317640710139253,250,fit
bg_2019_0086,0,2019,2018,2f8d0c0da0be361972dcf84753d6a3e08b6dad88a520b7d1a92b86f9b38320ac,site_fold_1,0.08643094156110827,0.002260238017824564,0.002956045122106242,250,fit
bg_2019_0088,0,2019,2018,d948566b5d11292ec582eb153178eebb116e8d9e510bbbb560baf1319dcb07ea,site_fold_4,0.31277980159806634,0.03817558824596332,0.04655109382011952,250,fit
bg_2019_0089,0,2019,2018,30e0262a5079f27f544cfa11a50c2dac7696a1223e31b6a5743a25b88178f3f9,site_fold_1,0.5054841537228243,0.10606129193661795,0.025863596633955495,250,fit
bg_2019_0090,0,2019,2018,0ea0ea06867904ade6f0cc97d06bcc3a15a536e081b0765ae05da45dd08c935e,site_fold_3,0.49860143974325305,0.22670669865687976,0.2971656840413444,250,fit
bg_2019_0091,0,2019,2018,982618d21af830b045f8c249c93b9fe8c0ca46e8eef0f38a41b858d40f182133,site_fold_1,0.577448036719797,0.5276333365794866,0.5074100354644994,250,fit
bg_2019_0092,0,2019,2018,1329ca34dd0aa22bba0143275ea656df9883ad433541073bcd4a263e3256d123,site_fold_3,0.1493392007097251,0.3479345680380693,0.19667372239941427,250,fit
bg_2019_0093,0,2019,2018,39af272ed4011f905c7675ca8e5251a45ad8be334a928f57454f06824c57b67d,site_fold_1,0.4128996347800596,0.35138384287472973,0.04206434369507718,250,fit
bg_2019_0098,0,2019,2018,09cec87c34c3457792131d98f4e5ea7c0de72227cb164719da0895a2dd49e29f,site_fold_4,0.028502059719332996,0.6695062118788914,0.08837084646446325,250,fit
bg_2019_0099,0,2019,2018,eab8096d803acb18cc201f6ace31bbda179073d5e6a99e0d73d2ec05bccdf772,site_fold_0,0.09437714564311765,1.601098816455865e-05,0.0001108698925881946,250,fit
bg_2019_0101,0,2019,2018,0e3e2e1f0d7500e89ab5386ac3395e82b86d098339e82b63a4f96b3de677403b,site_fold_4,0.2469154825237626,0.030917910991544766,0.003647030944439261,250,fit
bg_2019_0102,0,2019,2018,d083f6498d7fbd2e9d25a6ad0b6797fb6e2c24cc6ad3d7ca5f9713008c86dd50,site_fold_1,0.024293735672002104,5.9537361197697995e-05,1.6521508185164554e-06,250,fit
bg_2019_0103,0,2019,2018,094fe38ba748a64e5efdec7fb8286b4be6aadc362ada39934354d5551a5da3d0,site_fold_3,0.18818821310177675,0.32814566115720994,0.1400116463763893,250,fit
bg_2019_0104,0,2019,2018,381d18bd61e34cf882bdfdf6012481b10927e35d12e6647db1266ea9a179de4a,site_fold_0,0.00015743679681974447,0.00011423343688197325,0.00010282322733963582,250,fit
bg_2019_0105,0,2019,2018,5bb0f3030646a3eca15b3c715c0a2cc5c67d8a64036f4b26e788799479fcac9b,site_fold_4,0.5183632816360276,0.4164042513486841,0.20673838351366444,250,fit
bg_2019_0107,0,2019,2018,121ca7306a2ae0103033e3004279ef3e80366ab277effbd7df933cd44df93378,site_fold_4,0.5693793253828762,0.6480038172863738,0.3765945445773568,250,fit
bg_2019_0110,0,2019,2018,fe94a8a6361778f583248af09d52d2f8beaeed2c3a1047494990e54232abf263,site_fold_3,0.43142770141201714,0.37365060131184,0.40426367934817026,250,fit
bg_2019_0112,0,2019,2018,9b8cfb8dd01fd7117ec530b8b1be50f430e0bba381744f956eee96179adeacee,site_fold_1,0.826628819925117,0.9031892788643648,0.673515609781186,250,fit
bg_2019_0113,0,2019,2018,574a670bce4623563698b796be6af8072c206bfd8806e5f36ff822a332eff57b,site_fold_2,0.12952700622518012,0.7806178982513423,0.607574695075868,250,fit
bg_2019_0114,0,2019,2018,cbf698a2629e0c40badff8fdce66678097136d982ad6e328f5e174702db1ac72,site_fold_1,0.05370117664713719,1.006065738341183e-05,0.0005287460977259323,250,fit
bg_2019_0115,0,2019,2018,48ba22de3d6960040834837c9f93bad7da1ff9aa12c70c28cf23329daa5556b9,site_fold_0,0.21779566160964017,0.00031520397332405597,0.0002734601535144869,250,fit
bg_2019_0116,0,2019,2018,b89dc14cbabd117f4baa55fee005974d32ebb678421d282b6faf5919d4c5513d,site_fold_0,0.04833021443970654,0.7025765391270435,0.2918323397504161,250,fit
bg_2019_0117,0,2019,2018,259d5e4e331efc426e8d5cb37d174767fad44812d9c8aac2673f920f15e78ad6,site_fold_0,0.6936225122571329,0.001493561728004629,0.01685387152565871,250,fit
bg_2019_0118,0,2019,2018,8e82547d47b9be467e201fcc7a5aecc54c71aded64e0ac980099b8678439acd8,site_fold_4,0.506994594135998,0.006805337724106501,0.002120118798991536,250,fit
bg_2019_0120,0,2019,2018,1cdab643d1b940b0693fcbf08e8a99e52473b61131de923eb8b284c32f00c4d4,site_fold_3,0.2543432387880092,0.25968050094559636,0.0349602911068986,250,fit
bg_2019_0122,0,2019,2018,bf6cb7c3b436132579c4c247e107989902b49e1a3a297a787f54b840578a302e,site_fold_3,0.1759510351276394,0.0012381120740126304,0.001955923092777914,250,fit
bg_2019_0124,0,2019,2018,74a593ab813090c62b6028480a668a3959fb4e059bcc73876ed08db88d30bda2,site_fold_1,0.007716654247015317,0.0409388849294181,0.02418742426739,250,fit
bg_2019_0125,0,2019,2018,669228cb6311c26fa81b0cc72a9f043cf099e2aec5da6174c5343570362b53f9,site_fold_4,0.0030654507112727056,0.002479985042460776,0.05515195224309841,250,fit
bg_2019_0129,0,2019,2018,9d517f55ae5613be7e9c1f546afa3a8453196835262a2da69354022e181623af,site_fold_1,0.6194242849001896,0.44708812096297107,0.0896348417498817,250,fit
bg_2019_0130,0,2019,2018,30fc7f1fd06b41eaa1cbfba3302ccf7b637fb6b97d364777008dcc7203e27e88,site_fold_3,0.6506129567732687,0.9155839288575982,0.8209275163138275,250,fit
bg_2019_0131,0,2019,2018,c70088b5f5ed553ac8d54c56b48c1be5b90a722246b8993e86f8ab252abee2b8,site_fold_2,0.6500816748696221,0.6178553132103384,0.5170344030703319,250,fit
bg_2019_0135,0,2019,2018,d4a9a61f6e816b947950df9ce5dcf1ba5199c097b89c4e2ff3146444ea11cb5e,site_fold_0,0.44971593979655883,0.1097621655958415,0.1371777586897259,250,fit
bg_2019_0137,0,2019,2018,b1c60d3479151c265d732f1691c8965b5045f9f996bc435e7cc5093bbabaa7ca,site_fold_0,0.21288127574325766,2.1559557788827728e-05,0.01954895766492422,250,fit
bg_2019_0138,0,2019,2018,8c4da60d1d75cffc9bd0bb476c0dc48b8024afb93b7ec5dce86a348e4a515c7e,site_fold_1,0.0018763839590143175,0.00277610180898127,0.00013982128575032956,250,fit
bg_2019_0140,0,2019,2018,25491912f96991025541d5f5da5a1ed06d902fbef16223d74ebe72a74b2706c0,site_fold_0,0.24924100628334428,0.02107521982473772,0.058572123111661926,250,fit
bg_2019_0142,0,2019,2018,27cf11d64439127707db65caff07bd9f503a61a6427d56ac8b3df0c792261c04,site_fold_2,5.955028097023344e-07,0.0007690323204691183,7.184795797058764e-15,250,fit
bg_2019_0144,0,2019,2018,48a8d4b27be3f5a3d567610c033ac715c6277500103c9ec2d712f0b3bd427f0b,site_fold_4,0.7373709469916464,0.7609779377367216,0.41333556026344886,250,fit
bg_2019_0146,0,2019,2018,e889077796f75a8bf06a0218348506ff1aa58361a026a2158158d33545d8f8e8,site_fold_4,0.693709757540869,0.2700954038477406,0.4677524880535322,250,fit
bg_2019_0148,0,2019,2018,7e9ec81c8ea1517e7c97d3f130bd8da15eded8367199dea08912d7fec27678bc,site_fold_4,0.8225189295061167,0.5170146029546562,0.09438798620238399,250,fit
bg_2019_0150,0,2019,2018,2d514b854a9419024c44d135af3eff0d5ec793684c36bece8e6471bba25f3d4b,site_fold_2,0.006212575832788792,0.003129862073051937,0.00022354867908343476,250,fit
bg_2019_0152,0,2019,2018,ce81223ed4abc36fdbbc236f8ffb7d0ee9ea969f12ac8750196c90345354cd48,site_fold_1,0.009962311797312006,0.00028220981688790834,1.8068982826854173e-05,250,fit
bg_2019_0154,0,2019,2018,eaa88e45dc34bbc37c2c1c462247981c702e40fc4de264f8bfd709abb71da6d3,site_fold_2,0.1121623781095055,0.4920271009337505,0.5343466851943757,250,fit
bg_2019_0155,0,2019,2018,37a1b32ea4828c6949829c840f5a2c1015383861dcde49e417670a4242964123,site_fold_1,0.02141617227143346,1.061619832012376e-05,1.0734599388547525e-06,250,fit
bg_2019_0157,0,2019,2018,10931396412cd75603aea0d3abeeaa86eab99d3b921d1b092b41bbab3e6b3ef3,site_fold_3,0.2884831442586435,0.00037942068758373295,0.0008061774593800436,250,fit
bg_2019_0161,0,2019,2018,d49b5fbc9ceb41ca0416f4cdb698a4166b7a68f5b61831b3c486481ab9266d59,site_fold_0,0.7529837472231097,0.9589481142570778,0.9626336824776498,250,fit
bg_2019_0163,0,2019,2018,aa4923f93f3935d9017a178e2e2a00c39f8bda9e0d5768ff25899acb453cfe4f,site_fold_4,0.6412908662663607,0.010467673942685657,0.0015239810615659257,250,fit
bg_2019_0165,0,2019,2018,d2fe77c5494009de82c48b234cc00ce5e962100afef8729763eebcde1fdb3ee6,site_fold_4,0.5518232600290246,0.0010102400348849442,0.0004757061070828004,250,fit
bg_2019_0167,0,2019,2018,4a3e32b2592c4bca0306e12810e632bbc064edd22a18e37cda46c14b345b44bb,site_fold_3,0.0173408377573793,1.45302652741822e-05,0.00010561566949135466,250,fit
bg_2019_0176,0,2019,2018,f2237c29d27bd0b5346f0be444cdf4b5a741aa2fba630c9086b59654a04a210f,site_fold_2,0.28191037743561076,2.472599296136221e-05,0.0002593934032941595,250,fit
bg_2019_0178,0,2019,2018,e61f9b395ebe806bb4173411398360588d9e72421527f2deafa2fdbbbb195b65,site_fold_4,0.3981267106945891,0.4729696403910376,0.5908693914382436,250,fit
bg_2019_0180,0,2019,2018,a113ed2181e2dafdd3bd4c517c782ea37e2fc64120cbcccfd433bc0ea0d1188c,site_fold_2,0.0008296004291860834,2.1725445105838597e-05,1.3398129582715083e-05,250,fit
bg_2019_0182,0,2019,2018,338e23f9b352e3105dbde6ef929db218b89c42bef0ff3192ba71868dc1c03e11,site_fold_1,0.6943628362242412,0.3474909272748971,0.12530442787228088,250,fit
bg_2019_0191,0,2019,2018,cbc1c3c2479947688ce7ff97d13516aff256f9ff10811bac671aee0b4c32337a,site_fold_4,0.0006344895002201237,0.0006322824247540178,0.00031694625002225195,250,fit
bg_2019_0193,0,2019,2018,61dbfdd28521f9308c90c25b11338b8d4a84bcf61abdb389858a2ac8ee611700,site_fold_3,0.33779272181746606,0.6290861137466155,0.21759997220104857,250,fit
bg_2019_0195,0,2019,2018,84ed77966a29277f09a9d25467f5d8ab0f66d8e58892bfa6b237ad9a9a82cd74,site_fold_2,0.000319296824611095,0.02825422885175613,0.004448739321477416,250,fit
bg_2019_0197,0,2019,2018,085eb8211e0d2e935d23d26841e01d26a6fd4d394c7185918f5965368be91c14,site_fold_4,0.9134703374773109,0.9663112582841508,0.9232969094562518,250,fit
bg_2019_0199,0,2019,2018,83039e54e1fa37ee25521fbe29d0a288ee1d48abb96cc75dc80796ea6e46a80e,site_fold_3,0.04793069849186627,0.0016719161691969566,0.0006117902606392583,250,fit
bg_2019_0208,0,2019,2018,7fcd19c49f8ef373af77d30b6ea657701de171b59c2cc99c492381c7fa79eb53,site_fold_2,0.004995037302223031,7.463736394007882e-09,2.9090419535095583e-08,250,fit
bg_2019_0210,0,2019,2018,81ecec5ea53df338cb8dec8a3d93efdf89b240e40ceb46e53c9c62deeb7134ad,site_fold_4,0.6447949083738992,0.6026105122865053,0.5913954377069042,250,fit
bg_2019_0212,0,2019,2018,d62a426cec03061a92b4b16ff9276a42c85c45c9bef3ede5653bbbd82d16c4a6,site_fold_1,0.4287278445059066,0.0009984488192925937,0.0004953426456818977,250,fit
bg_2019_0214,0,2019,2018,adcf989dc565c016087934f1ab4ba3b574fbe4b87d6ce6c4c0efac4ac2994595,site_fold_3,0.6964400440358812,0.22631196338104806,0.05929629078460269,250,fit
bg_2019_0227,0,2019,2018,f6e58d1a82b10079ee37183b7cf9cacaf6d4a553dd204c84c7040b1b90f871aa,site_fold_3,0.0006690300101281216,4.368541667320312e-06,6.570801316518528e-09,250,fit
bg_2019_0229,0,2019,2018,571d300f79ea95c93212637680e248e7f42521541f8f5180c48bc4344a8082b1,site_fold_1,0.0031531217089437414,0.00438372333530778,0.0003263783145092537,250,fit
bg_2020_0008,0,2020,2019,e01f18c6157377aa8fea34d0849ee57ba81780ea6b458a684b38b58c1f249aa7,site_fold_1,0.006685331401510369,0.00039353806129747054,0.00016659078836572637,250,fit
bg_2020_0012,0,2020,2019,031f604ccd8decf0bc0c0f1b46d764f67618a666286b5ef046ba714fd32ce319,site_fold_2,0.006746688743703441,0.0006741297475091731,0.0012130662131440144,250,fit
bg_2020_0014,0,2020,2019,96f4653cba9c5b8fffc448302fa973dfcae2a21030235ce4f086544c824fafd7,site_fold_0,0.34193901784400405,0.0007338542904455412,0.0008458520984083758,250,fit
bg_2020_0016,0,2020,2019,b567922b1a6e50fee3cb576e2441824a9c83fd4dd5fac5d1c44c98d81360cfb7,site_fold_1,0.283535966207646,0.6312897304488271,0.2341260237949724,250,fit
bg_2020_0019,0,2020,2019,6edce6b5be5a6297cfc6785fe6eb1f9255b7a66545fc3bea508c64d379a86f22,site_fold_4,2.3614763504253006e-05,1.9959605885834856e-06,2.661457695410921e-06,250,fit
bg_2020_0021,0,2020,2019,a74f251b2c3000fafc6ffa15b42a8c8767d1d7f96385ec57c9a92bad2775d4d8,site_fold_2,4.744882237069634e-05,1.2085892895504466e-05,0.00024515014797818707,250,fit
bg_2020_0023,0,2020,2019,707cefe99fb18e837868489d84317ae20f18934da0f4afa2a1f2b42c41ecaec8,site_fold_1,0.005444022386418917,4.071696031796738e-05,7.086819718635511e-06,250,fit
bg_2020_0025,0,2020,2019,7c6261366bf8edda64089f460e853aeaeda958dee0f29ba57605120c552ce3ad,site_fold_2,0.27015859877090453,0.020061768935371316,0.031722855478311586,250,fit
bg_2020_0027,0,2020,2019,07e4e2986cc515ff4959416c897bb00877a6b5e8b3b13ea6b922aa271b685181,site_fold_1,0.04639194997153894,0.027815752568393227,0.027605252077081702,250,fit
bg_2020_0029,0,2020,2019,d85443019e270af275d8e6dd883eb545895d895bb3302685db5c485b48671cbe,site_fold_4,0.0562931892870455,0.08706730548203322,0.365343058915576,250,fit
bg_2020_0031,0,2020,2019,294277d42644ddf4e441a0ce7c53aca2bfa06820f022b5f34069e9a8a30356b2,site_fold_4,0.0010316245773785483,0.003715022556246589,0.006074292329589302,250,fit
bg_2020_0033,0,2020,2019,21e62fc153d7c067a581956f9285d808728d0fbcc3f743972121ab385b7f240d,site_fold_3,0.49299734042438575,0.29400989919600407,0.10954770786138886,250,fit
bg_2020_0035,0,2020,2019,84e4269b50220afc54cd94d366ce19c65299d35df850ceaee93eadc2d1fba7df,site_fold_2,0.0024474640372284515,0.007176985485648842,0.010318802698790035,250,fit
bg_2020_0037,0,2020,2019,ec12ead14120d4fd24d16cabbbd241eb1d0fe9c16ad943805a4312845283d462,site_fold_4,0.527398071580232,0.002741064485256394,0.020347192469236813,250,fit
bg_2020_0040,0,2020,2019,b8e6d522bdee72713691c7fcf5a63989a868dfd95bd2cab5437e22511b06187d,site_fold_1,0.0009603993657498253,3.7267627028299373e-05,7.677897353188942e-06,250,fit
bg_2020_0041,0,2020,2019,2fd1ce506e821d00b2c7dc4f3c74578abf6a9aa737fc9b17501c9a890c7b32f4,site_fold_2,0.5986480581563475,0.04772796874711438,0.014838651467479072,250,fit
bg_2020_0042,0,2020,2019,c5c162e440897a82f0cf5001e5831e1ef3a67dfe6bf07a591a79a43cc3ff74f5,site_fold_1,0.06205434666980616,0.0010851990716566565,0.0004018040285409342,250,fit
bg_2020_0043,0,2020,2019,3dc07fb46bf80b6eecd3b849850467fc614be95e21cbda76c3c7cdf7a7106cf4,site_fold_2,0.00010877169040686002,6.893224337870922e-05,9.798936935338822e-05,250,fit
bg_2020_0045,0,2020,2019,5abac985a6deaa808eecb6a2742d5a724388c8f6c7ad871704b78b4066e386dc,site_fold_1,0.7655815161972812,0.7528199209828117,0.13695115450245493,250,fit
bg_2020_0047,0,2020,2019,9b143e553b172de0a0dbcd667fcc44ff4424a8f9c8019d9c4a4518f7420b41af,site_fold_0,0.0010983714734052674,0.000485858265960524,0.008365244075641083,250,fit
bg_2020_0049,0,2020,2019,1a44f043ff970d264d22e596a5e8bcb7dd2eeaed1035fc9b3d7de0c36349a6e3,site_fold_3,0.37903968082200745,0.739938742103623,0.8816184820634366,250,fit
bg_2020_0051,0,2020,2019,748d2b899e4eb3beab4800bc94e8ff516e34ed0db3aef051813bec260a8670ce,site_fold_2,0.11674069769399922,0.2218359474059758,0.17145068813122388,250,fit
bg_2020_0052,0,2020,2019,dcd99ae5f275a0be2458b09742536127a22d13b902bd53e5ac740a04f46f77f3,site_fold_3,0.5236761756693916,0.09092031047516803,0.24484653348791283,250,fit
bg_2020_0053,0,2020,2019,ef5548ab378a0d6f1136921f787bedefcf308b5bf6f03841ab384a58392a796f,site_fold_3,0.009194116995686397,1.9488473306543478e-05,0.003747602146315915,250,fit
bg_2020_0054,0,2020,2019,8b97daeee954f5cf8ce99941964f6b69aafbd08ff670db5383f686bb16668c44,site_fold_1,0.14328787685954011,0.02074755301133864,0.012127185539246106,250,fit
bg_2020_0056,0,2020,2019,dc2c073fab33fa44d4232f769c5e6003d6870f75c7967861a7b52e38d7c69572,site_fold_4,0.31995880492775747,0.4658304054264982,0.9682380446727409,250,fit
bg_2020_0057,0,2020,2019,d40effa8069de0fc26ed37d2c749ab608986996e969ab3f7db4ee96472d380dc,site_fold_1,0.5540456800342053,0.3007723067501498,0.5074524399648224,250,fit
bg_2020_0058,0,2020,2019,203ddd064d80fc0d4e7bff11a0776d9e93419a3a6037aa9adc2c7505290a1813,site_fold_4,0.5973877944341343,0.8291425326904159,0.8734468904984131,250,fit
bg_2020_0059,0,2020,2019,f9a9ec68c6f1d2a1231e5e83d38745b60d61290ff74ac936aa8f0683822eb8eb,site_fold_0,0.8547725471965781,0.8147082647922672,0.9812854279505634,250,fit
bg_2020_0061,0,2020,2019,320a5b870363bc27bd783e6d2b485a8d3972cfc67854a5a58639a25fc374f980,site_fold_0,5.325208142234552e-07,9.635318863940898e-10,1.7200678602883597e-11,250,fit
bg_2020_0062,0,2020,2019,b72bc3515d6491d4fb990553794908030b77eceda6076312844c64f5685529fc,site_fold_4,0.5276570271604554,0.02812774449721464,0.048631225117511175,250,fit
bg_2020_0064,0,2020,2019,7cf777b87c15c35cb12a26b7d8ad0f56654c2b75b6447578107c0cef8bdd2e29,site_fold_1,0.3607545434690341,0.7212284308216941,0.8210103503924719,250,fit
bg_2020_0065,0,2020,2019,2ae3e4a48561eae2ac17dd839dccd2bfa7997585727481cf2cc5ad1a544cbb29,site_fold_3,0.003616719986858722,0.0003202618656451557,0.001471118457459974,250,fit
bg_2020_0066,0,2020,2019,a5a2dc9c1dbe6d7af6f51645bd09cb467e8f7c186eb7d91b2a155cea8ae622ed,site_fold_3,0.15379060587020918,0.0026178737977440823,0.0036624530219643947,250,fit
bg_2020_0067,0,2020,2019,b687a30ed837278ff4dadcfdef30f40b2986a06c7c79ed57693b3e6b2b1a9d33,site_fold_4,0.631537006740459,0.9630378247315802,0.9043291104003874,250,fit
bg_2020_0069,0,2020,2019,19b54b72bdde6c4bd3cbe2546f3414a4ff56cd60d6a2bcdf3d6f1f199e8b9a7a,site_fold_2,0.2713898306717482,0.0006700823123614189,0.00017587712972003358,250,fit
bg_2020_0071,0,2020,2019,48da3e414015f3351b42e87e9218a6ceaedce537a926ba13d8759590bdad9d81,site_fold_3,0.5824025889879149,0.9344560072505607,0.7492667066039578,250,fit
bg_2020_0072,0,2020,2019,ea2e9240baa8efb8641cef5f652b1f430fd03b8bb6bdcae03cd85c7be7d79e6c,site_fold_1,0.41198538228839,0.011190776292479915,0.01508097792061918,250,fit
bg_2020_0073,0,2020,2019,eb67dc3c4a6302c161ea7c937485d56e520ac962c08ed97fcd8cb6d32e101eed,site_fold_1,0.6823784070754041,0.6620221015013403,0.44901882743134924,250,fit
bg_2020_0074,0,2020,2019,0661378a425c8a66c4aa539a6016f77d94444565f19a404c200d8da71d881e6f,site_fold_0,0.11204145926821064,0.002327876223564803,0.0011059891596577707,250,fit
bg_2020_0076,0,2020,2019,b0bb5e94bbb58bef0707986a0b214f4618e10f100ec3660f7f792c139b83b7bf,site_fold_3,0.6536296060943747,0.010314300383577363,0.008635331780795636,250,fit
bg_2020_0078,0,2020,2019,a5ca7d8f214e2cdbd499bf191e3ef82542d8fc7c4eb63c250906aecb6d052776,site_fold_1,0.0005732083269131577,1.775597321064016e-05,2.5164596273292086e-05,250,fit
bg_2020_0079,0,2020,2019,387293de0a4d2562776968a4c928898f0c153e19c243293da6f2314332ce8e09,site_fold_0,0.7526922270013199,0.008030619900622876,0.0035316085069800546,250,fit
bg_2020_0081,0,2020,2019,a79ec02ce4ac7963f73a96c80a4ea1fc557a0747a742e20e54654266ddade15f,site_fold_4,0.8055760443887457,0.7463248670401255,0.8376210227632853,250,fit
bg_2020_0082,0,2020,2019,5535d9eaa37e4d1a7b852f0870d6bc9cf8d44c2c849c46b6e3bc123aea922f98,site_fold_0,0.5551770231666224,2.163971610341139e-05,4.1035410010137864e-07,250,fit
bg_2020_0083,0,2020,2019,fe080c2d9abb132cc64d5557983b111ff97e3f58f287666fd5faa26bdb192287,site_fold_2,0.7768406074411469,0.7893177002732334,0.20992036373214865,250,fit
bg_2020_0085,0,2020,2019,f3ce6092bb24123a060a0495483d50073de4e4ee953fe58bd28e219e1a83baa1,site_fold_3,0.00966138039027284,0.02373670077780445,0.01404829868879791,250,fit
bg_2020_0086,0,2020,2019,2f8d0c0da0be361972dcf84753d6a3e08b6dad88a520b7d1a92b86f9b38320ac,site_fold_1,0.13067076537859576,0.01203609539450464,0.011704036175681087,250,fit
bg_2020_0088,0,2020,2019,d948566b5d11292ec582eb153178eebb116e8d9e510bbbb560baf1319dcb07ea,site_fold_4,0.53890851685567,0.21609560296430141,0.19850631990876091,250,fit
bg_2020_0089,0,2020,2019,30e0262a5079f27f544cfa11a50c2dac7696a1223e31b6a5743a25b88178f3f9,site_fold_1,0.59308899675163,0.08751120120796763,0.11759920835044903,250,fit
bg_2020_0090,0,2020,2019,0ea0ea06867904ade6f0cc97d06bcc3a15a536e081b0765ae05da45dd08c935e,site_fold_3,0.5799197983185306,0.7520740916125351,0.5312091712208497,250,fit
bg_2020_0091,0,2020,2019,982618d21af830b045f8c249c93b9fe8c0ca46e8eef0f38a41b858d40f182133,site_fold_1,0.5113288679978012,0.8103174895449546,0.8231032485577884,250,fit
bg_2020_0092,0,2020,2019,1329ca34dd0aa22bba0143275ea656df9883ad433541073bcd4a263e3256d123,site_fold_3,0.24675266016145095,0.45792519805998394,0.600177395056002,250,fit
bg_2020_0093,0,2020,2019,39af272ed4011f905c7675ca8e5251a45ad8be334a928f57454f06824c57b67d,site_fold_1,0.2501550311451539,0.0805806675724589,0.19895601730131104,250,fit
bg_2020_0098,0,2020,2019,09cec87c34c3457792131d98f4e5ea7c0de72227cb164719da0895a2dd49e29f,site_fold_4,0.14502951147601323,0.9945602320661916,0.9772839245383492,250,fit
bg_2020_0099,0,2020,2019,eab8096d803acb18cc201f6ace31bbda179073d5e6a99e0d73d2ec05bccdf772,site_fold_0,0.18057961422968344,0.00030720672117880897,0.0034365281532436997,250,fit
bg_2020_0101,0,2020,2019,0e3e2e1f0d7500e89ab5386ac3395e82b86d098339e82b63a4f96b3de677403b,site_fold_4,0.3590340597025944,0.08399907295227133,0.10866442273106355,250,fit
bg_2020_0102,0,2020,2019,d083f6498d7fbd2e9d25a6ad0b6797fb6e2c24cc6ad3d7ca5f9713008c86dd50,site_fold_1,0.029764502205311055,0.00010267849444067545,8.079720803654787e-05,250,fit
bg_2020_0103,0,2020,2019,094fe38ba748a64e5efdec7fb8286b4be6aadc362ada39934354d5551a5da3d0,site_fold_3,0.20241108804887123,0.6506099533953554,0.31128460352119813,250,fit
bg_2020_0104,0,2020,2019,381d18bd61e34cf882bdfdf6012481b10927e35d12e6647db1266ea9a179de4a,site_fold_0,3.077836450309456e-05,1.628029972307749e-05,0.00011774271426856309,250,fit
bg_2020_0105,0,2020,2019,5bb0f3030646a3eca15b3c715c0a2cc5c67d8a64036f4b26e788799479fcac9b,site_fold_4,0.564844939846128,0.7589575389566711,0.6735402701720168,250,fit
bg_2020_0107,0,2020,2019,121ca7306a2ae0103033e3004279ef3e80366ab277effbd7df933cd44df93378,site_fold_4,0.6429997760870614,0.8265268714710796,0.6347270176339974,250,fit
bg_2020_0110,0,2020,2019,fe94a8a6361778f583248af09d52d2f8beaeed2c3a1047494990e54232abf263,site_fold_3,0.5224563565851996,0.848435918572753,0.659228474318213,250,fit
bg_2020_0112,0,2020,2019,9b8cfb8dd01fd7117ec530b8b1be50f430e0bba381744f956eee96179adeacee,site_fold_1,0.9659613420022547,0.9878024153662754,0.9874971720358182,250,fit
bg_2020_0114,0,2020,2019,cbf698a2629e0c40badff8fdce66678097136d982ad6e328f5e174702db1ac72,site_fold_1,0.07191025113769492,0.0013167924860747258,0.006854939203935507,250,fit
bg_2020_0115,0,2020,2019,48ba22de3d6960040834837c9f93bad7da1ff9aa12c70c28cf23329daa5556b9,site_fold_0,0.25687853321893506,0.0008880351669165545,0.0018111418880056636,250,fit
bg_2020_0116,0,2020,2019,b89dc14cbabd117f4baa55fee005974d32ebb678421d282b6faf5919d4c5513d,site_fold_0,0.06880884950773512,0.8533146829057533,0.6709538143740722,250,fit
bg_2020_0117,0,2020,2019,259d5e4e331efc426e8d5cb37d174767fad44812d9c8aac2673f920f15e78ad6,site_fold_0,0.5979759325046007,0.008826101210482608,0.050500827061539376,250,fit
bg_2020_0118,0,2020,2019,8e82547d47b9be467e201fcc7a5aecc54c71aded64e0ac980099b8678439acd8,site_fold_4,0.6378892938281258,0.030571184735199777,0.02625292791876847,250,fit
bg_2020_0120,0,2020,2019,1cdab643d1b940b0693fcbf08e8a99e52473b61131de923eb8b284c32f00c4d4,site_fold_3,0.32333035657039927,0.4153046644663351,0.178256235187858,250,fit
bg_2020_0122,0,2020,2019,bf6cb7c3b436132579c4c247e107989902b49e1a3a297a787f54b840578a302e,site_fold_3,0.22688048735557848,0.0014908957441362924,0.010653460389398925,250,fit
bg_2020_0124,0,2020,2019,74a593ab813090c62b6028480a668a3959fb4e059bcc73876ed08db88d30bda2,site_fold_1,0.01591383228731953,0.15139894256420863,0.2368728660039058,250,fit
bg_2020_0125,0,2020,2019,669228cb6311c26fa81b0cc72a9f043cf099e2aec5da6174c5343570362b53f9,site_fold_4,0.009575208421382722,0.005045976049674608,0.2784048006017085,250,fit
bg_2020_0129,0,2020,2019,9d517f55ae5613be7e9c1f546afa3a8453196835262a2da69354022e181623af,site_fold_1,0.6670409639402729,0.4697698799219999,0.6059056031762525,250,fit
bg_2020_0130,0,2020,2019,30fc7f1fd06b41eaa1cbfba3302ccf7b637fb6b97d364777008dcc7203e27e88,site_fold_3,0.6838167897401447,0.9394204340528896,0.8860354130005751,250,fit
bg_2020_0131,0,2020,2019,c70088b5f5ed553ac8d54c56b48c1be5b90a722246b8993e86f8ab252abee2b8,site_fold_2,0.7103582663467918,0.8976356969820288,0.8468937044047408,250,fit
bg_2020_0133,0,2020,2019,f4be26be42aa63779b31705fdb787991f04b62cc376f4011ad45d4e46a90aadc,site_fold_3,0.9700571935396856,0.12844719199702884,0.10784245477384069,250,fit
bg_2020_0135,0,2020,2019,d4a9a61f6e816b947950df9ce5dcf1ba5199c097b89c4e2ff3146444ea11cb5e,site_fold_0,0.4611587122208417,0.33221825392820464,0.27149120926426695,250,fit
bg_2020_0137,0,2020,2019,b1c60d3479151c265d732f1691c8965b5045f9f996bc435e7cc5093bbabaa7ca,site_fold_0,0.18478422183334417,0.29341410590644557,0.0034697235580822467,250,fit
bg_2020_0138,0,2020,2019,8c4da60d1d75cffc9bd0bb476c0dc48b8024afb93b7ec5dce86a348e4a515c7e,site_fold_1,0.0027088437032154306,0.006115709831552287,0.0033015580215098707,250,fit
bg_2020_0140,0,2020,2019,25491912f96991025541d5f5da5a1ed06d902fbef16223d74ebe72a74b2706c0,site_fold_0,0.31523627396896126,0.04128172273531833,0.4213528167215702,250,fit
bg_2020_0142,0,2020,2019,27cf11d64439127707db65caff07bd9f503a61a6427d56ac8b3df0c792261c04,site_fold_2,3.2164241386166962e-06,0.05856600673015613,5.511161116971869e-13,250,fit
bg_2020_0144,0,2020,2019,48a8d4b27be3f5a3d567610c033ac715c6277500103c9ec2d712f0b3bd427f0b,site_fold_4,0.7431478826147138,0.9056840603721585,0.8701432019079629,250,fit
bg_2020_0146,0,2020,2019,e889077796f75a8bf06a0218348506ff1aa58361a026a2158158d33545d8f8e8,site_fold_4,0.8106549798879423,0.7460895478291337,0.8491904336360602,250,fit
bg_2020_0148,0,2020,2019,7e9ec81c8ea1517e7c97d3f130bd8da15eded8367199dea08912d7fec27678bc,site_fold_4,0.8874962604530551,0.5747583918790927,0.6352568478689636,250,fit
bg_2020_0150,0,2020,2019,2d514b854a9419024c44d135af3eff0d5ec793684c36bece8e6471bba25f3d4b,site_fold_2,0.01623534110568928,0.009871859248603777,0.022148888951120493,250,fit
bg_2020_0152,0,2020,2019,ce81223ed4abc36fdbbc236f8ffb7d0ee9ea969f12ac8750196c90345354cd48,site_fold_1,0.08512811510633275,0.007286198728116968,0.00036967354902666793,250,fit
bg_2020_0154,0,2020,2019,eaa88e45dc34bbc37c2c1c462247981c702e40fc4de264f8bfd709abb71da6d3,site_fold_2,0.07029437376715622,0.6516619762618859,0.7227071795329777,250,fit
bg_2020_0155,0,2020,2019,37a1b32ea4828c6949829c840f5a2c1015383861dcde49e417670a4242964123,site_fold_1,0.019991144398652783,7.885928035861214e-05,7.566612488662904e-06,250,fit
bg_2020_0157,0,2020,2019,10931396412cd75603aea0d3abeeaa86eab99d3b921d1b092b41bbab3e6b3ef3,site_fold_3,0.3969282950204679,0.0069519138603328645,0.014756415114442914,250,fit
bg_2020_0161,0,2020,2019,d49b5fbc9ceb41ca0416f4cdb698a4166b7a68f5b61831b3c486481ab9266d59,site_fold_0,0.8702912253954597,0.9935500188324354,0.9873326560604936,250,fit
bg_2020_0163,0,2020,2019,aa4923f93f3935d9017a178e2e2a00c39f8bda9e0d5768ff25899acb453cfe4f,site_fold_4,0.6387741618806538,0.05011764396988774,0.555546515393941,250,fit
bg_2020_0165,0,2020,2019,d2fe77c5494009de82c48b234cc00ce5e962100afef8729763eebcde1fdb3ee6,site_fold_4,0.5557775428081234,0.0004859289498253337,0.0018274507700563453,250,fit
bg_2020_0167,0,2020,2019,4a3e32b2592c4bca0306e12810e632bbc064edd22a18e37cda46c14b345b44bb,site_fold_3,0.35903225329474847,0.0005366628161435048,0.07378355526815471,250,fit
bg_2020_0176,0,2020,2019,f2237c29d27bd0b5346f0be444cdf4b5a741aa2fba630c9086b59654a04a210f,site_fold_2,0.5330306951917808,0.0003368007810761336,0.033988352060046675,250,fit
bg_2020_0178,0,2020,2019,e61f9b395ebe806bb4173411398360588d9e72421527f2deafa2fdbbbb195b65,site_fold_4,0.5180638330364136,0.6494511062059161,0.8089308040541946,250,fit
bg_2020_0180,0,2020,2019,a113ed2181e2dafdd3bd4c517c782ea37e2fc64120cbcccfd433bc0ea0d1188c,site_fold_2,0.010654086699294572,0.00011204420884095096,0.00019767355625307118,250,fit
bg_2020_0182,0,2020,2019,338e23f9b352e3105dbde6ef929db218b89c42bef0ff3192ba71868dc1c03e11,site_fold_1,0.7499863433820408,0.594035433501364,0.658281229117048,250,fit
bg_2020_0191,0,2020,2019,cbc1c3c2479947688ce7ff97d13516aff256f9ff10811bac671aee0b4c32337a,site_fold_4,0.0016107823405131392,0.0008704915148475446,0.0021597760509878797,250,fit
bg_2020_0193,0,2020,2019,61dbfdd28521f9308c90c25b11338b8d4a84bcf61abdb389858a2ac8ee611700,site_fold_3,0.4044147678671177,0.70954432351708,0.6898238108500141,250,fit
bg_2020_0195,0,2020,2019,84ed77966a29277f09a9d25467f5d8ab0f66d8e58892bfa6b237ad9a9a82cd74,site_fold_2,0.00021481406067613043,0.03201610650807968,0.027339117878401882,250,fit
bg_2020_0197,0,2020,2019,085eb8211e0d2e935d23d26841e01d26a6fd4d394c7185918f5965368be91c14,site_fold_4,0.9729333091178407,0.9963424013295316,0.9975301146271622,250,fit
bg_2020_0199,0,2020,2019,83039e54e1fa37ee25521fbe29d0a288ee1d48abb96cc75dc80796ea6e46a80e,site_fold_3,0.07538503970267742,0.0018020820009567017,0.03494357030045428,250,fit
bg_2020_0208,0,2020,2019,7fcd19c49f8ef373af77d30b6ea657701de171b59c2cc99c492381c7fa79eb53,site_fold_2,0.01705194880651218,9.619259322149477e-08,3.003352663758783e-07,250,fit
bg_2020_0210,0,2020,2019,81ecec5ea53df338cb8dec8a3d93efdf89b240e40ceb46e53c9c62deeb7134ad,site_fold_4,0.706384509389892,0.9199586500944762,0.9065245865077145,250,fit
bg_2020_0212,0,2020,2019,d62a426cec03061a92b4b16ff9276a42c85c45c9bef3ede5653bbbd82d16c4a6,site_fold_1,0.275981038920158,0.001719171956990315,0.010243139293398415,250,fit
bg_2020_0214,0,2020,2019,adcf989dc565c016087934f1ab4ba3b574fbe4b87d6ce6c4c0efac4ac2994595,site_fold_3,0.8076867375524736,0.46065734900498423,0.6135190034578205,250,fit
bg_2020_0227,0,2020,2019,f6e58d1a82b10079ee37183b7cf9cacaf6d4a553dd204c84c7040b1b90f871aa,site_fold_3,0.0006999111885787425,1.1064296889968642e-06,5.176230374162126e-07,250,fit
bg_2020_0229,0,2020,2019,571d300f79ea95c93212637680e248e7f42521541f8f5180c48bc4344a8082b1,site_fold_1,0.014669401846240266,0.16481046832206703,0.006788111259765267,250,fit
bg_2023_0008,0,2023,2022,e01f18c6157377aa8fea34d0849ee57ba81780ea6b458a684b38b58c1f249aa7,site_fold_1,0.013538621239024223,0.0019608038376252826,0.016119600655251122,250,fit
bg_2023_0012,0,2023,2022,031f604ccd8decf0bc0c0f1b46d764f67618a666286b5ef046ba714fd32ce319,site_fold_2,0.0014349048315969114,2.3546705414497056e-05,0.00022548650042495915,250,fit
bg_2023_0014,0,2023,2022,96f4653cba9c5b8fffc448302fa973dfcae2a21030235ce4f086544c824fafd7,site_fold_0,0.13585957601835177,0.00014107928599699834,0.0019615236106581666,250,fit
bg_2023_0016,0,2023,2022,b567922b1a6e50fee3cb576e2441824a9c83fd4dd5fac5d1c44c98d81360cfb7,site_fold_1,0.19245901286287287,0.5453434578251046,0.463310093811151,250,fit
bg_2023_0019,0,2023,2022,6edce6b5be5a6297cfc6785fe6eb1f9255b7a66545fc3bea508c64d379a86f22,site_fold_4,1.1189085878800828e-05,7.178844746378426e-07,1.827466147459628e-06,250,fit
bg_2023_0021,0,2023,2022,a74f251b2c3000fafc6ffa15b42a8c8767d1d7f96385ec57c9a92bad2775d4d8,site_fold_2,0.0002021356874981624,5.429302175896583e-05,0.0008364493843431809,250,fit
bg_2023_0023,0,2023,2022,707cefe99fb18e837868489d84317ae20f18934da0f4afa2a1f2b42c41ecaec8,site_fold_1,0.003195047435870155,4.0552081816155665e-06,4.4659484267176946e-07,250,fit
bg_2023_0025,0,2023,2022,7c6261366bf8edda64089f460e853aeaeda958dee0f29ba57605120c552ce3ad,site_fold_2,0.18213353147054676,0.043067288713200695,0.03573832178305068,250,fit
bg_2023_0027,0,2023,2022,07e4e2986cc515ff4959416c897bb00877a6b5e8b3b13ea6b922aa271b685181,site_fold_1,0.061466990303388244,0.19275052480387694,0.06035891772193023,250,fit
bg_2023_0029,0,2023,2022,d85443019e270af275d8e6dd883eb545895d895bb3302685db5c485b48671cbe,site_fold_4,0.048086218900827454,0.16173702685408062,0.650144032763194,250,fit
bg_2023_0031,0,2023,2022,294277d42644ddf4e441a0ce7c53aca2bfa06820f022b5f34069e9a8a30356b2,site_fold_4,0.0016409352278600688,0.004083476302754047,0.0034685297000188364,250,fit
bg_2023_0033,0,2023,2022,21e62fc153d7c067a581956f9285d808728d0fbcc3f743972121ab385b7f240d,site_fold_3,0.4887767800954564,0.02807902479393216,0.4151284275540112,250,fit
bg_2023_0035,0,2023,2022,84e4269b50220afc54cd94d366ce19c65299d35df850ceaee93eadc2d1fba7df,site_fold_2,0.0036925860087246467,0.002662885324509425,0.03325391945244382,250,fit
bg_2023_0037,0,2023,2022,ec12ead14120d4fd24d16cabbbd241eb1d0fe9c16ad943805a4312845283d462,site_fold_4,0.3129668271828443,0.061718003418124966,0.013826433119602796,250,fit
bg_2023_0040,0,2023,2022,b8e6d522bdee72713691c7fcf5a63989a868dfd95bd2cab5437e22511b06187d,site_fold_1,0.006129001747817844,4.456325650566883e-06,4.908225729430647e-07,250,fit
bg_2023_0041,0,2023,2022,2fd1ce506e821d00b2c7dc4f3c74578abf6a9aa737fc9b17501c9a890c7b32f4,site_fold_2,0.6642643598527307,0.12000992125220498,0.3620424533195636,250,fit
bg_2023_0042,0,2023,2022,c5c162e440897a82f0cf5001e5831e1ef3a67dfe6bf07a591a79a43cc3ff74f5,site_fold_1,0.018115518450763826,0.012058078987654363,0.000489671697330916,250,fit
bg_2023_0043,0,2023,2022,3dc07fb46bf80b6eecd3b849850467fc614be95e21cbda76c3c7cdf7a7106cf4,site_fold_2,0.00010554216609303894,0.00010276465800998527,5.481294415934315e-05,250,fit
bg_2023_0045,0,2023,2022,5abac985a6deaa808eecb6a2742d5a724388c8f6c7ad871704b78b4066e386dc,site_fold_1,0.5058942523345901,0.18785309728669905,0.09670040421151439,250,fit
bg_2023_0047,0,2023,2022,9b143e553b172de0a0dbcd667fcc44ff4424a8f9c8019d9c4a4518f7420b41af,site_fold_0,0.0006900801844701684,0.0019142206446828977,0.015613374839800152,250,fit
bg_2023_0049,0,2023,2022,1a44f043ff970d264d22e596a5e8bcb7dd2eeaed1035fc9b3d7de0c36349a6e3,site_fold_3,0.5291166986949033,0.9396063699057964,0.9378849029258299,250,fit
bg_2023_0051,0,2023,2022,748d2b899e4eb3beab4800bc94e8ff516e34ed0db3aef051813bec260a8670ce,site_fold_2,0.24908587196109333,0.21375726122263408,0.6231498146458376,250,fit
bg_2023_0052,0,2023,2022,dcd99ae5f275a0be2458b09742536127a22d13b902bd53e5ac740a04f46f77f3,site_fold_3,0.23979549454010557,0.0010611244554500224,0.007648186111753495,250,fit
bg_2023_0053,0,2023,2022,ef5548ab378a0d6f1136921f787bedefcf308b5bf6f03841ab384a58392a796f,site_fold_3,0.0823932843989678,0.00011307845684442366,9.276927025891207e-05,250,fit
bg_2023_0054,0,2023,2022,8b97daeee954f5cf8ce99941964f6b69aafbd08ff670db5383f686bb16668c44,site_fold_1,0.40263735593536093,0.022147809305922618,0.0027306330763174807,250,fit
bg_2023_0056,0,2023,2022,dc2c073fab33fa44d4232f769c5e6003d6870f75c7967861a7b52e38d7c69572,site_fold_4,0.4876992415248152,0.18779296795383543,0.1783542546921343,250,fit
bg_2023_0057,0,2023,2022,d40effa8069de0fc26ed37d2c749ab608986996e969ab3f7db4ee96472d380dc,site_fold_1,0.4203140171350979,0.44091630319758435,0.33979040523666415,250,fit
bg_2023_0058,0,2023,2022,203ddd064d80fc0d4e7bff11a0776d9e93419a3a6037aa9adc2c7505290a1813,site_fold_4,0.43844521574348694,0.5864732122871054,0.4514352843010075,250,fit
bg_2023_0059,0,2023,2022,f9a9ec68c6f1d2a1231e5e83d38745b60d61290ff74ac936aa8f0683822eb8eb,site_fold_0,0.9059592157290633,0.9745019335250346,0.9877221049367237,250,fit
bg_2023_0061,0,2023,2022,320a5b870363bc27bd783e6d2b485a8d3972cfc67854a5a58639a25fc374f980,site_fold_0,5.351199415266098e-07,4.227932540284174e-08,3.8634846418216455e-11,250,fit
bg_2023_0062,0,2023,2022,b72bc3515d6491d4fb990553794908030b77eceda6076312844c64f5685529fc,site_fold_4,0.5162880929456524,0.017929077415278282,0.01398041625569755,250,fit
bg_2023_0064,0,2023,2022,7cf777b87c15c35cb12a26b7d8ad0f56654c2b75b6447578107c0cef8bdd2e29,site_fold_1,0.4043011252837244,0.7053829720871255,0.6226311149772116,250,fit
bg_2023_0065,0,2023,2022,2ae3e4a48561eae2ac17dd839dccd2bfa7997585727481cf2cc5ad1a544cbb29,site_fold_3,0.002327116843409953,0.0004249016958546263,0.0007616072181950346,250,fit
bg_2023_0066,0,2023,2022,a5a2dc9c1dbe6d7af6f51645bd09cb467e8f7c186eb7d91b2a155cea8ae622ed,site_fold_3,0.19741302746714826,0.047845887494075,0.0017943990267354766,250,fit
bg_2023_0067,0,2023,2022,b687a30ed837278ff4dadcfdef30f40b2986a06c7c79ed57693b3e6b2b1a9d33,site_fold_4,0.5706546815317074,0.8570785137680886,0.673188675705593,250,fit
bg_2023_0069,0,2023,2022,19b54b72bdde6c4bd3cbe2546f3414a4ff56cd60d6a2bcdf3d6f1f199e8b9a7a,site_fold_2,0.2241989383624727,0.009679451473843756,0.12019873432026575,250,fit
bg_2023_0071,0,2023,2022,48da3e414015f3351b42e87e9218a6ceaedce537a926ba13d8759590bdad9d81,site_fold_3,0.6678846863012585,0.7972849351643947,0.2909395451346883,250,fit
bg_2023_0072,0,2023,2022,ea2e9240baa8efb8641cef5f652b1f430fd03b8bb6bdcae03cd85c7be7d79e6c,site_fold_1,0.4795431001772839,0.027913801222738396,0.008681415271749308,250,fit
bg_2023_0073,0,2023,2022,eb67dc3c4a6302c161ea7c937485d56e520ac962c08ed97fcd8cb6d32e101eed,site_fold_1,0.7982773965049018,0.3867492018738547,0.0794446803235141,250,fit
bg_2023_0074,0,2023,2022,0661378a425c8a66c4aa539a6016f77d94444565f19a404c200d8da71d881e6f,site_fold_0,0.17475068916772493,0.0069017257473457504,0.026284647681320657,250,fit
bg_2023_0076,0,2023,2022,b0bb5e94bbb58bef0707986a0b214f4618e10f100ec3660f7f792c139b83b7bf,site_fold_3,0.5734803153439368,0.035694088212514935,0.014408038443072068,250,fit
bg_2023_0078,0,2023,2022,a5ca7d8f214e2cdbd499bf191e3ef82542d8fc7c4eb63c250906aecb6d052776,site_fold_1,0.0004844776237525935,0.0001131561216310142,2.235622870097897e-06,250,fit
bg_2023_0079,0,2023,2022,387293de0a4d2562776968a4c928898f0c153e19c243293da6f2314332ce8e09,site_fold_0,0.6970797425750127,0.20263271476495906,0.001424994443640287,250,fit
bg_2023_0081,0,2023,2022,a79ec02ce4ac7963f73a96c80a4ea1fc557a0747a742e20e54654266ddade15f,site_fold_4,0.7734201530437127,0.8228545277079424,0.5417435618371239,250,fit
bg_2023_0082,0,2023,2022,5535d9eaa37e4d1a7b852f0870d6bc9cf8d44c2c849c46b6e3bc123aea922f98,site_fold_0,0.9632067536458839,0.04295457230593007,8.085013179502625e-05,250,fit
bg_2023_0083,0,2023,2022,fe080c2d9abb132cc64d5557983b111ff97e3f58f287666fd5faa26bdb192287,site_fold_2,0.7574817356993483,0.41444310340592544,0.035559423388225854,250,fit
bg_2023_0085,0,2023,2022,f3ce6092bb24123a060a0495483d50073de4e4ee953fe58bd28e219e1a83baa1,site_fold_3,0.011347398486344131,0.0067857432595274355,0.011365020627900691,250,fit
bg_2023_0086,0,2023,2022,2f8d0c0da0be361972dcf84753d6a3e08b6dad88a520b7d1a92b86f9b38320ac,site_fold_1,0.2444742334725214,0.25782316317238213,0.01064878123926689,250,fit
bg_2023_0088,0,2023,2022,d948566b5d11292ec582eb153178eebb116e8d9e510bbbb560baf1319dcb07ea,site_fold_4,0.3608310628802791,0.11378509971693665,0.12394811645669747,250,fit
bg_2023_0089,0,2023,2022,30e0262a5079f27f544cfa11a50c2dac7696a1223e31b6a5743a25b88178f3f9,site_fold_1,0.5798298277281607,0.08497813605428539,0.0882722360221504,250,fit
bg_2023_0090,0,2023,2022,0ea0ea06867904ade6f0cc97d06bcc3a15a536e081b0765ae05da45dd08c935e,site_fold_3,0.7675890333671981,0.6080815869875273,0.39688726248370015,250,fit
bg_2023_0091,0,2023,2022,982618d21af830b045f8c249c93b9fe8c0ca46e8eef0f38a41b858d40f182133,site_fold_1,0.5983793309963845,0.9067355509140087,0.5165798668765746,250,fit
bg_2023_0092,0,2023,2022,1329ca34dd0aa22bba0143275ea656df9883ad433541073bcd4a263e3256d123,site_fold_3,0.24674772249531637,0.694834439005808,0.5570809795066062,250,fit
bg_2023_0093,0,2023,2022,39af272ed4011f905c7675ca8e5251a45ad8be334a928f57454f06824c57b67d,site_fold_1,0.34192446474354676,0.2720703864946514,0.050629960348319035,250,fit
bg_2023_0098,0,2023,2022,09cec87c34c3457792131d98f4e5ea7c0de72227cb164719da0895a2dd49e29f,site_fold_4,0.13137846188927532,0.9995316712079555,0.9545221243163233,250,fit
bg_2023_0099,0,2023,2022,eab8096d803acb18cc201f6ace31bbda179073d5e6a99e0d73d2ec05bccdf772,site_fold_0,0.13504528204504948,4.70002976919579e-05,0.0004944832047421996,250,fit
bg_2023_0101,0,2023,2022,0e3e2e1f0d7500e89ab5386ac3395e82b86d098339e82b63a4f96b3de677403b,site_fold_4,0.3007648164988297,0.17259826941177747,0.03278069310921594,250,fit
bg_2023_0102,0,2023,2022,d083f6498d7fbd2e9d25a6ad0b6797fb6e2c24cc6ad3d7ca5f9713008c86dd50,site_fold_1,0.08144781344229181,0.006210228187850865,2.6620421767067593e-05,250,fit
bg_2023_0103,0,2023,2022,094fe38ba748a64e5efdec7fb8286b4be6aadc362ada39934354d5551a5da3d0,site_fold_3,0.27410998286953436,0.5471896955155663,0.18876583176356132,250,fit
bg_2023_0104,0,2023,2022,381d18bd61e34cf882bdfdf6012481b10927e35d12e6647db1266ea9a179de4a,site_fold_0,0.00025470046543825083,0.00033431077386276753,0.00020667899060884933,250,fit
bg_2023_0105,0,2023,2022,5bb0f3030646a3eca15b3c715c0a2cc5c67d8a64036f4b26e788799479fcac9b,site_fold_4,0.60869039530136,0.7837652420558647,0.6586381700098846,250,fit
bg_2023_0107,0,2023,2022,121ca7306a2ae0103033e3004279ef3e80366ab277effbd7df933cd44df93378,site_fold_4,0.6846540523744409,0.8265196216834418,0.5483961077175356,250,fit
bg_2023_0110,0,2023,2022,fe94a8a6361778f583248af09d52d2f8beaeed2c3a1047494990e54232abf263,site_fold_3,0.4703479242139251,0.7790841178605165,0.6014034334324047,250,fit
bg_2023_0112,0,2023,2022,9b8cfb8dd01fd7117ec530b8b1be50f430e0bba381744f956eee96179adeacee,site_fold_1,0.8515227860115694,0.9940575852423589,0.9570240895055615,250,fit
bg_2023_0114,0,2023,2022,cbf698a2629e0c40badff8fdce66678097136d982ad6e328f5e174702db1ac72,site_fold_1,0.015979662870444125,0.0010398257757519448,0.00017182457134220534,250,fit
bg_2023_0115,0,2023,2022,48ba22de3d6960040834837c9f93bad7da1ff9aa12c70c28cf23329daa5556b9,site_fold_0,0.2460873411600779,0.06260357808341269,0.004299774681571453,250,fit
bg_2023_0116,0,2023,2022,b89dc14cbabd117f4baa55fee005974d32ebb678421d282b6faf5919d4c5513d,site_fold_0,0.06421124169668196,0.7878412035839437,0.73319949216654,250,fit
bg_2023_0117,0,2023,2022,259d5e4e331efc426e8d5cb37d174767fad44812d9c8aac2673f920f15e78ad6,site_fold_0,0.6417585634636684,0.013330855174652809,0.04397566812968468,250,fit
bg_2023_0118,0,2023,2022,8e82547d47b9be467e201fcc7a5aecc54c71aded64e0ac980099b8678439acd8,site_fold_4,0.5816288903478392,0.07976947777991013,0.05562990289984564,250,fit
bg_2023_0120,0,2023,2022,1cdab643d1b940b0693fcbf08e8a99e52473b61131de923eb8b284c32f00c4d4,site_fold_3,0.35105571627705795,0.24112483677016383,0.01291289735096022,250,fit
bg_2023_0122,0,2023,2022,bf6cb7c3b436132579c4c247e107989902b49e1a3a297a787f54b840578a302e,site_fold_3,0.23512394193681066,0.0042649459744129,0.0065105845709343855,250,fit
bg_2023_0124,0,2023,2022,74a593ab813090c62b6028480a668a3959fb4e059bcc73876ed08db88d30bda2,site_fold_1,0.021931523520780784,0.18652667632142178,0.03519601860100452,250,fit
bg_2023_0125,0,2023,2022,669228cb6311c26fa81b0cc72a9f043cf099e2aec5da6174c5343570362b53f9,site_fold_4,0.0043828655559496,0.002246489449499475,0.4512495301107675,250,fit
bg_2023_0129,0,2023,2022,9d517f55ae5613be7e9c1f546afa3a8453196835262a2da69354022e181623af,site_fold_1,0.69736557183191,0.7684685187086714,0.5430412479040043,250,fit
bg_2023_0130,0,2023,2022,30fc7f1fd06b41eaa1cbfba3302ccf7b637fb6b97d364777008dcc7203e27e88,site_fold_3,0.6658833912186388,0.9426241780468055,0.8710067352518377,250,fit
bg_2023_0131,0,2023,2022,c70088b5f5ed553ac8d54c56b48c1be5b90a722246b8993e86f8ab252abee2b8,site_fold_2,0.7848068657766252,0.7803759556174106,0.7136736394279309,250,fit
bg_2023_0133,0,2023,2022,f4be26be42aa63779b31705fdb787991f04b62cc376f4011ad45d4e46a90aadc,site_fold_3,0.8373144753521036,0.5213520827697917,0.13145290356041545,250,fit
bg_2023_0135,0,2023,2022,d4a9a61f6e816b947950df9ce5dcf1ba5199c097b89c4e2ff3146444ea11cb5e,site_fold_0,0.4297788278155874,0.536965636885005,0.6081333974260338,250,fit
bg_2023_0137,0,2023,2022,b1c60d3479151c265d732f1691c8965b5045f9f996bc435e7cc5093bbabaa7ca,site_fold_0,0.20026518168959367,0.0801325112929524,0.18856342564138637,250,fit
bg_2023_0138,0,2023,2022,8c4da60d1d75cffc9bd0bb476c0dc48b8024afb93b7ec5dce86a348e4a515c7e,site_fold_1,0.0038999407603930504,0.021140696704659057,0.004478361160584235,250,fit
bg_2023_0140,0,2023,2022,25491912f96991025541d5f5da5a1ed06d902fbef16223d74ebe72a74b2706c0,site_fold_0,0.27415435857075743,0.16019130921397473,0.3948107728372451,250,fit
bg_2023_0142,0,2023,2022,27cf11d64439127707db65caff07bd9f503a61a6427d56ac8b3df0c792261c04,site_fold_2,5.317911648513728e-06,0.8621486179917704,1.205921170241037e-11,250,fit
bg_2023_0144,0,2023,2022,48a8d4b27be3f5a3d567610c033ac715c6277500103c9ec2d712f0b3bd427f0b,site_fold_4,0.7185442093817642,0.5177258430098735,0.4186767823356813,250,fit
bg_2023_0146,0,2023,2022,e889077796f75a8bf06a0218348506ff1aa58361a026a2158158d33545d8f8e8,site_fold_4,0.795059339714987,0.9059379537068777,0.7823570552390513,250,fit
bg_2023_0148,0,2023,2022,7e9ec81c8ea1517e7c97d3f130bd8da15eded8367199dea08912d7fec27678bc,site_fold_4,0.7854188607116946,0.3651525191589549,0.5154009183354543,250,fit
bg_2023_0150,0,2023,2022,2d514b854a9419024c44d135af3eff0d5ec793684c36bece8e6471bba25f3d4b,site_fold_2,0.01134297543804348,0.003987716465153865,0.0412678325282352,250,fit
bg_2023_0152,0,2023,2022,ce81223ed4abc36fdbbc236f8ffb7d0ee9ea969f12ac8750196c90345354cd48,site_fold_1,0.10363888488874637,0.044587637658106735,0.002145987677856841,250,fit
bg_2023_0154,0,2023,2022,eaa88e45dc34bbc37c2c1c462247981c702e40fc4de264f8bfd709abb71da6d3,site_fold_2,0.1374057200539868,0.8102307081418108,0.9088073893260031,250,fit
bg_2023_0155,0,2023,2022,37a1b32ea4828c6949829c840f5a2c1015383861dcde49e417670a4242964123,site_fold_1,0.024421042591899606,3.337053629021884e-05,2.6386548693763057e-06,250,fit
bg_2023_0157,0,2023,2022,10931396412cd75603aea0d3abeeaa86eab99d3b921d1b092b41bbab3e6b3ef3,site_fold_3,0.2882614927396099,0.015417073717147865,0.0062415843859722755,250,fit
bg_2023_0161,0,2023,2022,d49b5fbc9ceb41ca0416f4cdb698a4166b7a68f5b61831b3c486481ab9266d59,site_fold_0,0.6529874031049115,0.9867084913116746,0.966327099379203,250,fit
bg_2023_0163,0,2023,2022,aa4923f93f3935d9017a178e2e2a00c39f8bda9e0d5768ff25899acb453cfe4f,site_fold_4,0.4648469188289523,0.11879660065093699,0.35876931404668316,250,fit
bg_2023_0165,0,2023,2022,d2fe77c5494009de82c48b234cc00ce5e962100afef8729763eebcde1fdb3ee6,site_fold_4,0.6296894370445687,0.00499552582981955,0.01858431478921584,250,fit
bg_2023_0167,0,2023,2022,4a3e32b2592c4bca0306e12810e632bbc064edd22a18e37cda46c14b345b44bb,site_fold_3,0.11494930150369471,2.3308090997987348e-05,0.00790259845376682,250,fit
bg_2023_0176,0,2023,2022,f2237c29d27bd0b5346f0be444cdf4b5a741aa2fba630c9086b59654a04a210f,site_fold_2,0.5992683322507106,0.2770379751532467,0.04688615337973652,250,fit
bg_2023_0178,0,2023,2022,e61f9b395ebe806bb4173411398360588d9e72421527f2deafa2fdbbbb195b65,site_fold_4,0.4978490235469955,0.6738888508418742,0.7105503980715903,250,fit
bg_2023_0180,0,2023,2022,a113ed2181e2dafdd3bd4c517c782ea37e2fc64120cbcccfd433bc0ea0d1188c,site_fold_2,0.003978825715867374,0.00022398767707904432,0.0005232038208345325,250,fit
bg_2023_0182,0,2023,2022,338e23f9b352e3105dbde6ef929db218b89c42bef0ff3192ba71868dc1c03e11,site_fold_1,0.6185335836158345,0.8943359878112304,0.9037387018696633,250,fit
bg_2023_0191,0,2023,2022,cbc1c3c2479947688ce7ff97d13516aff256f9ff10811bac671aee0b4c32337a,site_fold_4,0.0019143768819120373,0.0013201847069416249,0.026833748070842822,250,fit
bg_2023_0193,0,2023,2022,61dbfdd28521f9308c90c25b11338b8d4a84bcf61abdb389858a2ac8ee611700,site_fold_3,0.3250205192500593,0.929397770022773,0.14567246329366068,250,fit
bg_2023_0195,0,2023,2022,84ed77966a29277f09a9d25467f5d8ab0f66d8e58892bfa6b237ad9a9a82cd74,site_fold_2,0.00044818468921339823,0.05889945639929892,0.32358099596162954,250,fit
bg_2023_0197,0,2023,2022,085eb8211e0d2e935d23d26841e01d26a6fd4d394c7185918f5965368be91c14,site_fold_4,0.9445993308099396,0.9910613823913141,0.9961397096273787,250,fit
bg_2023_0199,0,2023,2022,83039e54e1fa37ee25521fbe29d0a288ee1d48abb96cc75dc80796ea6e46a80e,site_fold_3,0.04300927141793363,0.0005355803472287025,0.01882283580808886,250,fit
bg_2023_0208,0,2023,2022,7fcd19c49f8ef373af77d30b6ea657701de171b59c2cc99c492381c7fa79eb53,site_fold_2,0.01800255215014063,7.179266783077309e-08,6.911924620615901e-07,250,fit
bg_2023_0210,0,2023,2022,81ecec5ea53df338cb8dec8a3d93efdf89b240e40ceb46e53c9c62deeb7134ad,site_fold_4,0.7469877378271447,0.9402887414649347,0.924026801548701,250,fit
bg_2023_0212,0,2023,2022,d62a426cec03061a92b4b16ff9276a42c85c45c9bef3ede5653bbbd82d16c4a6,site_fold_1,0.4517978186109925,0.007439346734017191,0.02430368223799856,250,fit
bg_2023_0214,0,2023,2022,adcf989dc565c016087934f1ab4ba3b574fbe4b87d6ce6c4c0efac4ac2994595,site_fold_3,0.7605492340868939,0.05486046329573563,0.8298132227012055,250,fit
bg_2023_0227,0,2023,2022,f6e58d1a82b10079ee37183b7cf9cacaf6d4a553dd204c84c7040b1b90f871aa,site_fold_3,0.0005708702642761549,2.9309737447498823e-07,4.288557044624859e-07,250,fit
bg_2023_0229,0,2023,2022,571d300f79ea95c93212637680e248e7f42521541f8f5180c48bc4344a8082b1,site_fold_1,0.009022484237078125,0.06309267561956786,0.0038969095331716956,250,fit
bg_2024_0008,0,2024,2023,e01f18c6157377aa8fea34d0849ee57ba81780ea6b458a684b38b58c1f249aa7,site_fold_1,0.022576936954949695,0.004046522526801892,0.005352837679374543,250,fit
bg_2024_0012,0,2024,2023,031f604ccd8decf0bc0c0f1b46d764f67618a666286b5ef046ba714fd32ce319,site_fold_2,0.0038006154487826294,0.00018202686290370585,0.00023596023402453931,250,fit
bg_2024_0014,0,2024,2023,96f4653cba9c5b8fffc448302fa973dfcae2a21030235ce4f086544c824fafd7,site_fold_0,0.3565487313557418,0.002511588769089962,0.014869720393436432,250,fit
bg_2024_0016,0,2024,2023,b567922b1a6e50fee3cb576e2441824a9c83fd4dd5fac5d1c44c98d81360cfb7,site_fold_1,0.15833234695721451,0.5592728036777435,0.673882325054291,250,fit
bg_2024_0019,0,2024,2023,6edce6b5be5a6297cfc6785fe6eb1f9255b7a66545fc3bea508c64d379a86f22,site_fold_4,3.8723780077852555e-05,4.302761298438924e-06,1.011575791484541e-05,250,fit
bg_2024_0021,0,2024,2023,a74f251b2c3000fafc6ffa15b42a8c8767d1d7f96385ec57c9a92bad2775d4d8,site_fold_2,5.705850428267269e-05,2.1917481402982795e-06,0.00012177890296879235,250,fit
bg_2024_0023,0,2024,2023,707cefe99fb18e837868489d84317ae20f18934da0f4afa2a1f2b42c41ecaec8,site_fold_1,0.009838103654494217,1.2554946440345822e-05,2.797740228420082e-06,250,fit
bg_2024_0025,0,2024,2023,7c6261366bf8edda64089f460e853aeaeda958dee0f29ba57605120c552ce3ad,site_fold_2,0.3220929938243869,0.113290951912674,0.04156415250623979,250,fit
bg_2024_0027,0,2024,2023,07e4e2986cc515ff4959416c897bb00877a6b5e8b3b13ea6b922aa271b685181,site_fold_1,0.04613242959686751,0.34747631714959065,0.08788587510707631,250,fit
bg_2024_0029,0,2024,2023,d85443019e270af275d8e6dd883eb545895d895bb3302685db5c485b48671cbe,site_fold_4,0.06232563973076117,0.5302289827074621,0.5520757210157025,250,fit
bg_2024_0031,0,2024,2023,294277d42644ddf4e441a0ce7c53aca2bfa06820f022b5f34069e9a8a30356b2,site_fold_4,0.0014859455609282956,0.0131049204519701,0.007326624981236855,250,fit
bg_2024_0033,0,2024,2023,21e62fc153d7c067a581956f9285d808728d0fbcc3f743972121ab385b7f240d,site_fold_3,0.5474249664012779,0.6664776949653136,0.24617965863374458,250,fit
bg_2024_0035,0,2024,2023,84e4269b50220afc54cd94d366ce19c65299d35df850ceaee93eadc2d1fba7df,site_fold_2,0.004499492570950866,0.1140052773774231,0.015203404685589901,250,fit
bg_2024_0037,0,2024,2023,ec12ead14120d4fd24d16cabbbd241eb1d0fe9c16ad943805a4312845283d462,site_fold_4,0.37648553583225774,0.016784932683363767,0.13541969437016144,250,fit
bg_2024_0040,0,2024,2023,b8e6d522bdee72713691c7fcf5a63989a868dfd95bd2cab5437e22511b06187d,site_fold_1,0.016408050876984517,1.6318312376375958e-05,4.065668294749078e-05,250,fit
bg_2024_0041,0,2024,2023,2fd1ce506e821d00b2c7dc4f3c74578abf6a9aa737fc9b17501c9a890c7b32f4,site_fold_2,0.6814013036719263,0.690412070616858,0.008850019454436222,250,fit
bg_2024_0042,0,2024,2023,c5c162e440897a82f0cf5001e5831e1ef3a67dfe6bf07a591a79a43cc3ff74f5,site_fold_1,0.08708248103092786,0.047293667953020604,0.14145215442933548,250,fit
bg_2024_0043,0,2024,2023,3dc07fb46bf80b6eecd3b849850467fc614be95e21cbda76c3c7cdf7a7106cf4,site_fold_2,0.00018833983404917382,0.0002673657729618054,0.00012368553231592558,250,fit
bg_2024_0045,0,2024,2023,5abac985a6deaa808eecb6a2742d5a724388c8f6c7ad871704b78b4066e386dc,site_fold_1,0.5476826663304963,0.4627011821528391,0.2789940535839497,250,fit
bg_2024_0047,0,2024,2023,9b143e553b172de0a0dbcd667fcc44ff4424a8f9c8019d9c4a4518f7420b41af,site_fold_0,0.0007393161828228626,0.003482021634164626,0.0011220728034232919,250,fit
bg_2024_0049,0,2024,2023,1a44f043ff970d264d22e596a5e8bcb7dd2eeaed1035fc9b3d7de0c36349a6e3,site_fold_3,0.5407029082103524,0.9704028820934761,0.9795954880545591,250,fit
bg_2024_0051,0,2024,2023,748d2b899e4eb3beab4800bc94e8ff516e34ed0db3aef051813bec260a8670ce,site_fold_2,0.1405585712293128,0.5435013191445036,0.6650152325737088,250,fit
bg_2024_0052,0,2024,2023,dcd99ae5f275a0be2458b09742536127a22d13b902bd53e5ac740a04f46f77f3,site_fold_3,0.3953245396380466,0.012151128835849975,0.008944302039898558,250,fit
bg_2024_0053,0,2024,2023,ef5548ab378a0d6f1136921f787bedefcf308b5bf6f03841ab384a58392a796f,site_fold_3,0.02623660827169037,3.801626756496637e-05,8.629577817484668e-05,250,fit
bg_2024_0054,0,2024,2023,8b97daeee954f5cf8ce99941964f6b69aafbd08ff670db5383f686bb16668c44,site_fold_1,0.4475479769671428,0.01216074436002555,0.015158600160229,250,fit
bg_2024_0056,0,2024,2023,dc2c073fab33fa44d4232f769c5e6003d6870f75c7967861a7b52e38d7c69572,site_fold_4,0.41193252414777626,0.29712493810118523,0.6468034421597162,250,fit
bg_2024_0057,0,2024,2023,d40effa8069de0fc26ed37d2c749ab608986996e969ab3f7db4ee96472d380dc,site_fold_1,0.5490787954364991,0.22725661271343475,0.5416399892772353,250,fit
bg_2024_0058,0,2024,2023,203ddd064d80fc0d4e7bff11a0776d9e93419a3a6037aa9adc2c7505290a1813,site_fold_4,0.4748488249055038,0.8697901259469941,0.8611602702239355,250,fit
bg_2024_0059,0,2024,2023,f9a9ec68c6f1d2a1231e5e83d38745b60d61290ff74ac936aa8f0683822eb8eb,site_fold_0,0.9507395747851961,0.9934811265956816,0.9815183819969693,250,fit
bg_2024_0061,0,2024,2023,320a5b870363bc27bd783e6d2b485a8d3972cfc67854a5a58639a25fc374f980,site_fold_0,1.1421880225116279e-05,1.037843364750712e-08,5.710402658306816e-09,250,fit
bg_2024_0062,0,2024,2023,b72bc3515d6491d4fb990553794908030b77eceda6076312844c64f5685529fc,site_fold_4,0.4418561121904642,0.013820788298537796,0.00927517073466999,250,fit
bg_2024_0064,0,2024,2023,7cf777b87c15c35cb12a26b7d8ad0f56654c2b75b6447578107c0cef8bdd2e29,site_fold_1,0.4027387716397034,0.45542398659490646,0.22605473307094323,250,fit
bg_2024_0065,0,2024,2023,2ae3e4a48561eae2ac17dd839dccd2bfa7997585727481cf2cc5ad1a544cbb29,site_fold_3,0.004040781715738546,0.0008072268111854712,0.004367038533286586,250,fit
bg_2024_0066,0,2024,2023,a5a2dc9c1dbe6d7af6f51645bd09cb467e8f7c186eb7d91b2a155cea8ae622ed,site_fold_3,0.2173080107288753,0.04338289460394734,0.04744581259406664,250,fit
bg_2024_0067,0,2024,2023,b687a30ed837278ff4dadcfdef30f40b2986a06c7c79ed57693b3e6b2b1a9d33,site_fold_4,0.49723281848539,0.7225206147409261,0.6461729476987418,250,fit
bg_2024_0069,0,2024,2023,19b54b72bdde6c4bd3cbe2546f3414a4ff56cd60d6a2bcdf3d6f1f199e8b9a7a,site_fold_2,0.38678791196145507,0.5644126140037194,0.2618921120814679,250,fit
bg_2024_0071,0,2024,2023,48da3e414015f3351b42e87e9218a6ceaedce537a926ba13d8759590bdad9d81,site_fold_3,0.6475729989535451,0.6480775328040844,0.457175665448718,250,fit
bg_2024_0072,0,2024,2023,ea2e9240baa8efb8641cef5f652b1f430fd03b8bb6bdcae03cd85c7be7d79e6c,site_fold_1,0.5063943332803651,0.012347352282036542,0.11424314306313377,250,fit
bg_2024_0073,0,2024,2023,eb67dc3c4a6302c161ea7c937485d56e520ac962c08ed97fcd8cb6d32e101eed,site_fold_1,0.7409944019786159,0.34780469141816023,0.18564695263686376,250,fit
bg_2024_0074,0,2024,2023,0661378a425c8a66c4aa539a6016f77d94444565f19a404c200d8da71d881e6f,site_fold_0,0.15496465709088503,0.0187169915361679,0.014752008566332698,250,fit
bg_2024_0076,0,2024,2023,b0bb5e94bbb58bef0707986a0b214f4618e10f100ec3660f7f792c139b83b7bf,site_fold_3,0.568037859836143,0.050987570619394,0.04228384610968972,250,fit
bg_2024_0078,0,2024,2023,a5ca7d8f214e2cdbd499bf191e3ef82542d8fc7c4eb63c250906aecb6d052776,site_fold_1,0.003476261865044892,0.0003156910499180255,5.736259612664395e-05,250,fit
bg_2024_0079,0,2024,2023,387293de0a4d2562776968a4c928898f0c153e19c243293da6f2314332ce8e09,site_fold_0,0.6638302603701963,0.00969816867691211,0.004860098041404964,250,fit
bg_2024_0081,0,2024,2023,a79ec02ce4ac7963f73a96c80a4ea1fc557a0747a742e20e54654266ddade15f,site_fold_4,0.8225679335418556,0.6053768925504445,0.9901045106373191,250,fit
bg_2024_0082,0,2024,2023,5535d9eaa37e4d1a7b852f0870d6bc9cf8d44c2c849c46b6e3bc123aea922f98,site_fold_0,0.7881510297379867,0.0019899411138950968,7.516579072550663e-05,250,fit
bg_2024_0083,0,2024,2023,fe080c2d9abb132cc64d5557983b111ff97e3f58f287666fd5faa26bdb192287,site_fold_2,0.7043573638887775,0.32121282941141166,0.05117682133359166,250,fit
bg_2024_0085,0,2024,2023,f3ce6092bb24123a060a0495483d50073de4e4ee953fe58bd28e219e1a83baa1,site_fold_3,0.0066111807730035044,0.007236602757726981,0.017545534550063562,250,fit
bg_2024_0086,0,2024,2023,2f8d0c0da0be361972dcf84753d6a3e08b6dad88a520b7d1a92b86f9b38320ac,site_fold_1,0.24062421029931644,0.09458812358500714,0.0413017246589003,250,fit
bg_2024_0088,0,2024,2023,d948566b5d11292ec582eb153178eebb116e8d9e510bbbb560baf1319dcb07ea,site_fold_4,0.31494993280074324,0.2440637438889815,0.24125137557870224,250,fit
bg_2024_0089,0,2024,2023,30e0262a5079f27f544cfa11a50c2dac7696a1223e31b6a5743a25b88178f3f9,site_fold_1,0.6198458699856824,0.4142309991500107,0.9149949624314557,250,fit
bg_2024_0090,0,2024,2023,0ea0ea06867904ade6f0cc97d06bcc3a15a536e081b0765ae05da45dd08c935e,site_fold_3,0.7611200334991682,0.6802593186924893,0.5746172585129454,250,fit
bg_2024_0091,0,2024,2023,982618d21af830b045f8c249c93b9fe8c0ca46e8eef0f38a41b858d40f182133,site_fold_1,0.598684302529151,0.7236492225191732,0.944039937132648,250,fit
bg_2024_0092,0,2024,2023,1329ca34dd0aa22bba0143275ea656df9883ad433541073bcd4a263e3256d123,site_fold_3,0.300826714523386,0.5586032933358992,0.7740602702027312,250,fit
bg_2024_0093,0,2024,2023,39af272ed4011f905c7675ca8e5251a45ad8be334a928f57454f06824c57b67d,site_fold_1,0.42274522676398385,0.19396145313186816,0.08836886682142091,250,fit
bg_2024_0098,0,2024,2023,09cec87c34c3457792131d98f4e5ea7c0de72227cb164719da0895a2dd49e29f,site_fold_4,0.27711545881389776,0.9926329905105666,0.9889650569530068,250,fit
bg_2024_0099,0,2024,2023,eab8096d803acb18cc201f6ace31bbda179073d5e6a99e0d73d2ec05bccdf772,site_fold_0,0.13031159725830727,0.00011583729757918606,0.00044308849880058917,250,fit
bg_2024_0101,0,2024,2023,0e3e2e1f0d7500e89ab5386ac3395e82b86d098339e82b63a4f96b3de677403b,site_fold_4,0.2558781475979261,0.19631926386742132,0.03448540594470319,250,fit
bg_2024_0102,0,2024,2023,d083f6498d7fbd2e9d25a6ad0b6797fb6e2c24cc6ad3d7ca5f9713008c86dd50,site_fold_1,0.06950543881641688,0.00222692751341826,0.00041747302188422324,250,fit
bg_2024_0103,0,2024,2023,094fe38ba748a64e5efdec7fb8286b4be6aadc362ada39934354d5551a5da3d0,site_fold_3,0.2963164418133907,0.6512001370540664,0.15072118748179023,250,fit
bg_2024_0104,0,2024,2023,381d18bd61e34cf882bdfdf6012481b10927e35d12e6647db1266ea9a179de4a,site_fold_0,0.0005511896990911609,0.0002296999078242706,0.0007025467842607176,250,fit
bg_2024_0105,0,2024,2023,5bb0f3030646a3eca15b3c715c0a2cc5c67d8a64036f4b26e788799479fcac9b,site_fold_4,0.5940378583015765,0.819817808058769,0.543876632820875,250,fit
bg_2024_0107,0,2024,2023,121ca7306a2ae0103033e3004279ef3e80366ab277effbd7df933cd44df93378,site_fold_4,0.6022875088858679,0.7930259927881494,0.6453044478979997,250,fit
bg_2024_0110,0,2024,2023,fe94a8a6361778f583248af09d52d2f8beaeed2c3a1047494990e54232abf263,site_fold_3,0.5351073969152818,0.9153396135713262,0.9654347443113288,250,fit
bg_2024_0112,0,2024,2023,9b8cfb8dd01fd7117ec530b8b1be50f430e0bba381744f956eee96179adeacee,site_fold_1,0.8726505770278095,0.979560152790884,0.9941522753846707,250,fit
bg_2024_0114,0,2024,2023,cbf698a2629e0c40badff8fdce66678097136d982ad6e328f5e174702db1ac72,site_fold_1,0.024783761536629027,0.0007803124798294781,0.000489025825982154,250,fit
bg_2024_0115,0,2024,2023,48ba22de3d6960040834837c9f93bad7da1ff9aa12c70c28cf23329daa5556b9,site_fold_0,0.11043135339136537,0.0027732003415685998,0.012455496484950696,250,fit
bg_2024_0116,0,2024,2023,b89dc14cbabd117f4baa55fee005974d32ebb678421d282b6faf5919d4c5513d,site_fold_0,0.14443946133240787,0.9194020201555511,0.8970555580637276,250,fit
bg_2024_0117,0,2024,2023,259d5e4e331efc426e8d5cb37d174767fad44812d9c8aac2673f920f15e78ad6,site_fold_0,0.6149000512996369,0.029599293111228133,0.020815589208950238,250,fit
bg_2024_0118,0,2024,2023,8e82547d47b9be467e201fcc7a5aecc54c71aded64e0ac980099b8678439acd8,site_fold_4,0.5985917150978195,0.06396826223913368,0.15360748797696638,250,fit
bg_2024_0120,0,2024,2023,1cdab643d1b940b0693fcbf08e8a99e52473b61131de923eb8b284c32f00c4d4,site_fold_3,0.2616964227881966,0.09937062879686505,0.02431535680748046,250,fit
bg_2024_0122,0,2024,2023,bf6cb7c3b436132579c4c247e107989902b49e1a3a297a787f54b840578a302e,site_fold_3,0.18504734629553143,0.003411383532746065,0.04776845360140768,250,fit
bg_2024_0124,0,2024,2023,74a593ab813090c62b6028480a668a3959fb4e059bcc73876ed08db88d30bda2,site_fold_1,0.012650712777480191,0.12120954148200921,0.02925702844350237,250,fit
bg_2024_0125,0,2024,2023,669228cb6311c26fa81b0cc72a9f043cf099e2aec5da6174c5343570362b53f9,site_fold_4,0.0032908008382210494,0.024353029012525347,0.4527616185334928,250,fit
bg_2024_0129,0,2024,2023,9d517f55ae5613be7e9c1f546afa3a8453196835262a2da69354022e181623af,site_fold_1,0.7311255605474464,0.8066888394368339,0.7717985886017994,250,fit
bg_2024_0130,0,2024,2023,30fc7f1fd06b41eaa1cbfba3302ccf7b637fb6b97d364777008dcc7203e27e88,site_fold_3,0.6273336621349478,0.917024210654105,0.8299931007737407,250,fit
bg_2024_0131,0,2024,2023,c70088b5f5ed553ac8d54c56b48c1be5b90a722246b8993e86f8ab252abee2b8,site_fold_2,0.8039441972612907,0.8944089272332584,0.552413099244638,250,fit
bg_2024_0133,0,2024,2023,f4be26be42aa63779b31705fdb787991f04b62cc376f4011ad45d4e46a90aadc,site_fold_3,0.8306778581076266,0.42983471379702526,0.4463298388450965,250,fit
bg_2024_0135,0,2024,2023,d4a9a61f6e816b947950df9ce5dcf1ba5199c097b89c4e2ff3146444ea11cb5e,site_fold_0,0.3922662357055397,0.42637666507402283,0.342820282605033,250,fit
bg_2024_0137,0,2024,2023,b1c60d3479151c265d732f1691c8965b5045f9f996bc435e7cc5093bbabaa7ca,site_fold_0,0.17224333607302228,0.18536286415965175,0.3608497536434843,250,fit
bg_2024_0138,0,2024,2023,8c4da60d1d75cffc9bd0bb476c0dc48b8024afb93b7ec5dce86a348e4a515c7e,site_fold_1,0.007021592634676766,0.008237286897863802,0.033825746573117384,250,fit
bg_2024_0140,0,2024,2023,25491912f96991025541d5f5da5a1ed06d902fbef16223d74ebe72a74b2706c0,site_fold_0,0.33940319359883353,0.16557290677908768,0.8073842138517386,250,fit
bg_2024_0142,0,2024,2023,27cf11d64439127707db65caff07bd9f503a61a6427d56ac8b3df0c792261c04,site_fold_2,6.829276887405115e-06,0.7320318773259863,3.017389971961524e-11,250,fit
bg_2024_0144,0,2024,2023,48a8d4b27be3f5a3d567610c033ac715c6277500103c9ec2d712f0b3bd427f0b,site_fold_4,0.814018717252235,0.7031516813870305,0.8376962490104177,250,fit
bg_2024_0146,0,2024,2023,e889077796f75a8bf06a0218348506ff1aa58361a026a2158158d33545d8f8e8,site_fold_4,0.768195523575759,0.7878862250415283,0.9314596278392333,250,fit
bg_2024_0148,0,2024,2023,7e9ec81c8ea1517e7c97d3f130bd8da15eded8367199dea08912d7fec27678bc,site_fold_4,0.9103204597758572,0.8144018831467537,0.6209264657512054,250,fit
bg_2024_0150,0,2024,2023,2d514b854a9419024c44d135af3eff0d5ec793684c36bece8e6471bba25f3d4b,site_fold_2,0.016510844411292254,0.04240310616897748,0.023332234523409975,250,fit
bg_2024_0152,0,2024,2023,ce81223ed4abc36fdbbc236f8ffb7d0ee9ea969f12ac8750196c90345354cd48,site_fold_1,0.03222700074720581,0.011276056924523846,0.0017760832206512693,250,fit
bg_2024_0154,0,2024,2023,eaa88e45dc34bbc37c2c1c462247981c702e40fc4de264f8bfd709abb71da6d3,site_fold_2,0.038373639131057916,0.7826176306255669,0.9039348250496023,250,fit
bg_2024_0155,0,2024,2023,37a1b32ea4828c6949829c840f5a2c1015383861dcde49e417670a4242964123,site_fold_1,0.029736187422439442,8.259898482426263e-06,6.865883922003097e-06,250,fit
bg_2024_0157,0,2024,2023,10931396412cd75603aea0d3abeeaa86eab99d3b921d1b092b41bbab3e6b3ef3,site_fold_3,0.3320513357030601,0.013033575648728125,0.03159960524112701,250,fit
bg_2024_0161,0,2024,2023,d49b5fbc9ceb41ca0416f4cdb698a4166b7a68f5b61831b3c486481ab9266d59,site_fold_0,0.7132491025664985,0.9831380326215455,0.964846453580089,250,fit
bg_2024_0163,0,2024,2023,aa4923f93f3935d9017a178e2e2a00c39f8bda9e0d5768ff25899acb453cfe4f,site_fold_4,0.5345982989013177,0.09673612203314344,0.3898929983689614,250,fit
bg_2024_0165,0,2024,2023,d2fe77c5494009de82c48b234cc00ce5e962100afef8729763eebcde1fdb3ee6,site_fold_4,0.6219161670384284,0.003375383362586988,0.05664617693125839,250,fit
bg_2024_0167,0,2024,2023,4a3e32b2592c4bca0306e12810e632bbc064edd22a18e37cda46c14b345b44bb,site_fold_3,0.13194827862981437,8.779281303271732e-05,0.0024260626454962425,250,fit
bg_2024_0176,0,2024,2023,f2237c29d27bd0b5346f0be444cdf4b5a741aa2fba630c9086b59654a04a210f,site_fold_2,0.3343251385135659,0.01772663075649897,0.094329458265259,250,fit
bg_2024_0178,0,2024,2023,e61f9b395ebe806bb4173411398360588d9e72421527f2deafa2fdbbbb195b65,site_fold_4,0.5361208843232514,0.6248941104968269,0.5412139401167363,250,fit
bg_2024_0180,0,2024,2023,a113ed2181e2dafdd3bd4c517c782ea37e2fc64120cbcccfd433bc0ea0d1188c,site_fold_2,0.01593362630790144,0.0017482998611861042,0.00040800769725256563,250,fit
bg_2024_0182,0,2024,2023,338e23f9b352e3105dbde6ef929db218b89c42bef0ff3192ba71868dc1c03e11,site_fold_1,0.6679519073515785,0.898871159993044,0.9694352109842549,250,fit
bg_2024_0191,0,2024,2023,cbc1c3c2479947688ce7ff97d13516aff256f9ff10811bac671aee0b4c32337a,site_fold_4,0.00838743138836317,0.03447870778955137,0.11540505331255434,250,fit
bg_2024_0193,0,2024,2023,61dbfdd28521f9308c90c25b11338b8d4a84bcf61abdb389858a2ac8ee611700,site_fold_3,0.40011387284164446,0.22564670337326742,0.7869880493115337,250,fit
bg_2024_0195,0,2024,2023,84ed77966a29277f09a9d25467f5d8ab0f66d8e58892bfa6b237ad9a9a82cd74,site_fold_2,0.0018273866787856116,0.4745294600634512,0.1992405327415099,250,fit
bg_2024_0197,0,2024,2023,085eb8211e0d2e935d23d26841e01d26a6fd4d394c7185918f5965368be91c14,site_fold_4,0.9717434605977757,0.9973975950628015,0.997331303261768,250,fit
bg_2024_0199,0,2024,2023,83039e54e1fa37ee25521fbe29d0a288ee1d48abb96cc75dc80796ea6e46a80e,site_fold_3,0.11876059680515445,0.0016955852962321763,0.009448650096332594,250,fit
bg_2024_0208,0,2024,2023,7fcd19c49f8ef373af77d30b6ea657701de171b59c2cc99c492381c7fa79eb53,site_fold_2,0.007510600317646508,5.954520204788115e-08,4.5975952459770005e-08,250,fit
bg_2024_0210,0,2024,2023,81ecec5ea53df338cb8dec8a3d93efdf89b240e40ceb46e53c9c62deeb7134ad,site_fold_4,0.6518494777680867,0.9045474549580974,0.9631939334150793,250,fit
bg_2024_0212,0,2024,2023,d62a426cec03061a92b4b16ff9276a42c85c45c9bef3ede5653bbbd82d16c4a6,site_fold_1,0.5590008555657322,0.017858453730954977,0.01778681482816308,250,fit
bg_2024_0214,0,2024,2023,adcf989dc565c016087934f1ab4ba3b574fbe4b87d6ce6c4c0efac4ac2994595,site_fold_3,0.5980717034950414,0.2720550773223766,0.15902374354637688,250,fit
bg_2024_0227,0,2024,2023,f6e58d1a82b10079ee37183b7cf9cacaf6d4a553dd204c84c7040b1b90f871aa,site_fold_3,0.00033179817693620593,1.1013190149726171e-06,1.221349468800548e-07,250,fit
bg_2024_0229,0,2024,2023,571d300f79ea95c93212637680e248e7f42521541f8f5180c48bc4344a8082b1,site_fold_1,0.01622412755070064,0.10705111082547367,0.013393570612758397,250,fit
