sample_id,label,event_year,feature_year,site_id,fold_id,T_DW_prior,T_DW_prior_AE_prior,T_DW_prior_AE_event,buffer_m,fit_status
seoul_flood_2018_00324,1,2018,2017,a1b1fca44bc1ff34acebce1d2dec2893d4eccf3bfe1ad7734248e10fe47f54c7,site_fold_1,0.48532679174278015,0.8314039343328486,0.7570847974418999,500,fit
seoul_flood_2018_00005,1,2018,2017,e88f89ee8b1977d499627aace65949860075e37faa7075fb202f3b9c70914306,site_fold_2,0.9367716219723191,0.7233255608724029,0.8617617317673957,500,fit
seoul_flood_2018_00723,1,2018,2017,f792ca6fa3b7966d7fa888f7aba498b9357ec720fd74b0d523038cf5741af0bd,site_fold_2,0.9786770627406379,0.9845006834520862,0.9504428122297821,500,fit
seoul_flood_2018_00741,1,2018,2017,0c53dcd495b829b20efb3cd45350dae6ad9e1f288bc99042e9b015befbc96aea,site_fold_2,0.36852219437890626,0.6204320599526718,0.5256161784462465,500,fit
seoul_flood_2018_00325,1,2018,2017,a83737b63d9a503d7d831fb52ed8b58f380bae7bb9a6ea2c93390c680f809ee1,site_fold_3,0.9540870448194567,0.9591762066179615,0.9722224113378828,500,fit
seoul_flood_2018_00006,1,2018,2017,ac7d7cf118db0102628ab6d0633c011aa5b6a76e06adea19ae1b020a71924fb9,site_fold_2,0.879498483884787,0.43923570982005217,0.9004302695766834,500,fit
seoul_flood_2018_00724,1,2018,2017,cd69195557cdbdaf5ce455c634a40f8ef2384631b031d6bf23b3bfbf753d27c3,site_fold_0,0.882666038380489,0.953601552165893,0.8883819313778522,500,fit
seoul_flood_2018_00742,1,2018,2017,281ee18e6f6caaecbe9a202ceb6e7b72f1f1c841efc7b7cee1fc3c5652f3683d,site_fold_2,0.6658772242870058,0.9795824645758868,0.8355301584651237,500,fit
seoul_flood_2018_00326,1,2018,2017,0b759919b089a0a22e2f525d49ab414e3f532557f3abde425e5117e4866d8812,site_fold_2,0.6995735816720076,0.8624442752013636,0.9128580201606249,500,fit
seoul_flood_2018_00011,1,2018,2017,1d041d03fe3492d616ef2e8ff830888228eb12026dc49e31cce9a305e5ed7e06,site_fold_3,0.691052884853636,0.9004936928978611,0.6368925516275115,500,fit
seoul_flood_2018_00725,1,2018,2017,016fdce57ee065cde1e7a7d9c7335988a9c8740d99386001979a8db655fe94fd,site_fold_4,0.9709231441484525,0.9961979243689836,0.9935754689930496,500,fit
seoul_flood_2018_00743,1,2018,2017,7620be273e51d04036dd429b1780df3112895de3b62b1d436d4774dbb49c4d76,site_fold_4,0.4678801010137683,0.5166514852457934,0.677353436139066,500,fit
seoul_flood_2018_00327,1,2018,2017,053d6f8c081d5d4514368aeca0fcac700fbe7e896de8295fc6772f272a3546f3,site_fold_2,0.7789891078492421,0.8506483032687612,0.9069144895081261,500,fit
seoul_flood_2018_00012,1,2018,2017,9df6541a039a93123871f9d79f5b8006457ed47b9ce2268ed5d86a5099fcbcc7,site_fold_2,0.9085339684586464,0.8848614087028736,0.978061410054196,500,fit
seoul_flood_2018_00726,1,2018,2017,b7cfe4f3036b3920a9c0cea41a0880e97030fd6eba18c0725e204f88cfc566dc,site_fold_0,0.995637971847278,0.9865125369660406,0.8861453134870148,500,fit
seoul_flood_2018_00744,1,2018,2017,3a238d50e2af219ba4ec25c647463d9ea7d1f63a9a1d239c41f91c75c557643a,site_fold_4,0.178720542880139,0.3257376677653315,0.477577980792422,500,fit
seoul_flood_2018_00328,1,2018,2017,c350b7a0650780eee86eed1205b21bc8e309f3758943c1e32321cec0af94c026,site_fold_1,0.836607267958812,0.9553554362043731,0.9882531024241263,500,fit
seoul_flood_2018_00020,1,2018,2017,388a682307c61eec5c4cc5e96e9adecbf7434ab3669180ed93edde5abf56ec24,site_fold_3,0.8691709037747818,0.8579802288475233,0.8993809953320216,500,fit
seoul_flood_2018_00727,1,2018,2017,c750d53cddbd6712ab9b87d84b0fa4436f78f820dbb071fee232eebeb0c9dc63,site_fold_4,0.37856217970021344,0.7307066367219971,0.34459400250991395,500,fit
seoul_flood_2018_00745,1,2018,2017,3522d53dc7424cb162deeb350bf2fbeaae2820630dafe096b0b77802e2cb3cc5,site_fold_3,0.36420335506815904,0.11775550302362837,0.10605450025594716,500,fit
seoul_flood_2018_00329,1,2018,2017,918ba9f59e992e22e19d2a2a57747a530407ff0a2caaae7081813c50b7096c64,site_fold_2,0.8285873742344206,0.8253522948544889,0.9384150294511943,500,fit
seoul_flood_2018_00021,1,2018,2017,3b97d95dd112fb934e3360de60c479a157c794139261e92b084fedd6f79a6971,site_fold_3,0.6400172936724291,0.4215223768932388,0.6924647558559379,500,fit
seoul_flood_2018_00728,1,2018,2017,1567ff21af4f0e60ece05b1b1f97f6688f3122fa285400a649e9f6911f4eb7d8,site_fold_3,0.8227742570862964,0.9806156935671583,0.9676193442917456,500,fit
seoul_flood_2018_00746,1,2018,2017,f2cba0d9a3d3f61556a8daef88c437a1b6ffdb591f7f34d3bd05083858f871d0,site_fold_2,0.19386374408478374,0.24518175605142853,0.1280174009033685,500,fit
seoul_flood_2018_00330,1,2018,2017,ccc187526c6e506022a98020a10e694ebed7f9288bcab382e7573d1639ce746f,site_fold_3,0.7576836250821408,0.8936316663146971,0.9535992347508198,500,fit
seoul_flood_2018_00022,1,2018,2017,37ac8c59899fdee8a996aecc0b960138157b4d540236c004fac05624e9a802dd,site_fold_4,0.7519899011067708,0.9258605378068544,0.9805879946586112,500,fit
seoul_flood_2018_00729,1,2018,2017,c52b915e27b4091750b43512b670caee102702467a59260cb6dc9389b90583f9,site_fold_0,0.7806102882210958,0.7107863860912407,0.7991803919448236,500,fit
seoul_flood_2018_00747,1,2018,2017,c7edb11248be6812169ef801e912dbf2da345059d9f63db27f0a5fa68b0be9c7,site_fold_0,0.8036442760955232,0.9794290657145402,0.894245049172745,500,fit
seoul_flood_2018_00331,1,2018,2017,1d35c36c5c8376735746df76324bd49ab4a065010f8d30d93d79cb28dc3150e4,site_fold_4,0.8511215727260301,0.9684685361317478,0.9824485931954834,500,fit
seoul_flood_2018_00025,1,2018,2017,53a24fef9ef8807e2cc28e2f06874c151ec3c800b1fc78566a38dfc78c97939f,site_fold_4,0.5395833657108118,0.9411319028237792,0.919249703493292,500,fit
seoul_flood_2018_00730,1,2018,2017,2188fc31bf1b87a414d865159779d5c75063bd89ee3bba3de439f0c8935be81b,site_fold_1,0.944730438429098,0.9904263472664083,0.9949590838107049,500,fit
seoul_flood_2018_00748,1,2018,2017,efa5830a13132042247e314874bb44bc8008ea34483223557638b3c466ae6d7b,site_fold_3,0.7335035941413272,0.936833680434263,0.8258020811626153,500,fit
seoul_flood_2018_00332,1,2018,2017,381acfff536f180dba5bf633c798bf56cbb21042110d410ba141294bbb24c97e,site_fold_1,0.9262595558387461,0.9631269673922181,0.9839882166298922,500,fit
seoul_flood_2018_00040,1,2018,2017,659d244386f4866b404465faceec6356e38de3adfd161893e5fd8ef2a036df9f,site_fold_4,0.9559239236190739,0.9634870836825601,0.9692654341614488,500,fit
seoul_flood_2018_00749,1,2018,2017,6d7587c462684477b7bfd3915ed0660269aefa70ae2fb0556af7aa5c82ac789c,site_fold_4,0.8054257903637291,0.9856213556095763,0.987260774723916,500,fit
seoul_flood_2018_00333,1,2018,2017,605ee8a54d1aaa4b9701f183e63067ac88aacf7d6bda1ef075ab1637bfd92de5,site_fold_0,0.9053643561112479,0.9835965768640805,0.9887033866364047,500,fit
seoul_flood_2018_00043,1,2018,2017,cda8b7236e56129d5f1016fb65a3cb4103a46fdbfd7644c4b4c8f1aa856ea226,site_fold_1,0.937373772812301,0.5835977471884751,0.9638115397684722,500,fit
seoul_flood_2018_00750,1,2018,2017,3813ecb1452f6add0e764ae12869927bdd31ead5da2599a59a4786f1c1d338fb,site_fold_4,0.34478743997377315,0.07673544760728074,0.18092406650707402,500,fit
seoul_flood_2018_00334,1,2018,2017,c8a1f2ad0894e015f83443c9267b0394232ddbc3070594550ee0c906ef8fb4d8,site_fold_3,0.8488797946254486,0.9702319092277043,0.9321471470462761,500,fit
seoul_flood_2018_00044,1,2018,2017,b85e697ac2a50ccb96d372f5cc922136a327bc212ce3ef91b6d535dd5a1433cc,site_fold_0,0.6082376963703638,0.9947334526478467,0.9952587185027414,500,fit
seoul_flood_2018_00751,1,2018,2017,1d014c0252c9d1e801cd15c8ef78f472bea4869776885c791bbf25c842eca006,site_fold_1,0.4335501446272598,0.02255777050315001,0.04633028144170165,500,fit
seoul_flood_2018_00335,1,2018,2017,b2f2b60c254e7490190f41b9c16af5d8de91579749b3fd585287c90ddc3a9f8c,site_fold_1,0.9834362968963816,0.9682415215467546,0.972340131722169,500,fit
seoul_flood_2018_00050,1,2018,2017,79f8b2c51da51d091269b8226eaa9c01c48c24aea78c15bf3cdc5ce731a6e3af,site_fold_3,0.62755693669599,0.4680808857902059,0.7947884156974064,500,fit
seoul_flood_2018_00752,1,2018,2017,4299d7148be312faca910ed1a45c3f59ab862b0ae0e28fb46a59d325163411e8,site_fold_3,0.48621468205879026,0.3595061411496823,0.27682608926845564,500,fit
seoul_flood_2018_00336,1,2018,2017,58dcf847e10eb5935155f8eaf1b4d1599acff4602e20f9ba360e9e0b5f450524,site_fold_0,0.9798556668043792,0.9856112750402247,0.9674192801276743,500,fit
seoul_flood_2018_00053,1,2018,2017,624e10d71a7f47b984636b6edb8bdaeb5b127bfda9d61227a0b41f3151c86416,site_fold_0,0.788332167481584,0.9050768426281339,0.8889430169519574,500,fit
seoul_flood_2018_00753,1,2018,2017,326d3e32f81727903e6e38e8d66e8f45c0f49a83fd1d55dc4bf18b1596746aaf,site_fold_0,0.5661292630645921,0.4814887467659129,0.43831213259527857,500,fit
seoul_flood_2018_00731,1,2018,2017,7e27002406c970b9f0ad3eef70363e745220a81e62d98ccc076ed94360476b50,site_fold_0,0.7632982899581562,0.4520580997771047,0.4874078435529554,500,fit
seoul_flood_2018_00056,1,2018,2017,48b35a72390e799e3ddeeb233e3c32a9ac9aaddacb845ae849a8bcb07b4e71f4,site_fold_3,0.7886830435362916,0.8293568510952186,0.7927858761148482,500,fit
seoul_flood_2018_00754,1,2018,2017,97789c0161bd76a063a56684677dbb07715ff06ff30edbf9dd137f6c3b398409,site_fold_1,0.627723420635595,0.03569865417478293,0.0947368990916787,500,fit
seoul_flood_2018_00732,1,2018,2017,e5fa1ea429c64ce2505d006be1fb818f4d0046e475d298ccb992113713754a16,site_fold_1,0.6291912336246348,0.9718192056998461,0.9581289267026329,500,fit
seoul_flood_2018_00057,1,2018,2017,21e378c1bde8ed37fbd884d8f7bf3aa6571b63b171072ae0243436ac2a33da03,site_fold_1,0.7947303262019373,0.9640524252589925,0.992048734451833,500,fit
seoul_flood_2018_00755,1,2018,2017,f7652aa85c77cbc87997e2756749f15c92d172deeefd4982fdea8e0c0e1ecc05,site_fold_2,0.193866762029354,0.12384741296727443,0.0998330998141245,500,fit
seoul_flood_2018_00733,1,2018,2017,1a260a4112fa78b379fdd3363e95fb3f2dab1c04edc8b1adb13fd6674ef65186,site_fold_4,0.8442456177297767,0.9525460068135412,0.9787159146286586,500,fit
seoul_flood_2018_00061,1,2018,2017,dad1c77fbc783427bafba867dc3676e700063a0f8bf0cba6999b50341c608236,site_fold_3,0.9518962682665426,0.9952070547058615,0.9891811445038625,500,fit
seoul_flood_2018_00756,1,2018,2017,d820383513b0930310149682bf4fa107808fe3139631b684f8cddbf29663c7a1,site_fold_1,0.3499700816043151,0.1345453024213189,0.08711419294995584,500,fit
seoul_flood_2018_00734,1,2018,2017,41db34bc751872c31e82c1435d7851e06d4acbddc1fe6a1b119b517cb9da914e,site_fold_3,0.6646012726918945,0.9309274863376408,0.8953641260256243,500,fit
seoul_flood_2018_00062,1,2018,2017,9f7481cc4bd4e573144e61fce0fa90b22b1866ba41db60d60147951b6a558950,site_fold_0,0.3495796658439558,0.5273032217966659,0.9354814820315165,500,fit
seoul_flood_2018_00757,1,2018,2017,8bf60aa3320ff1085bdb260f4de4d79abcec85d2751865de7bc81c6e7f5c9230,site_fold_2,0.245062282537213,0.31287087219451837,0.16737289220905088,500,fit
seoul_flood_2018_00735,1,2018,2017,9a2a6d96d61b642accdc67fe6199408ae6318794974446f6e6849d5d9b096ab1,site_fold_4,0.5220501011968408,0.24475068399196956,0.19229488731800068,500,fit
seoul_flood_2018_00064,1,2018,2017,ee0fed5c78b685055fd38ef69d86e32bb9b0540bd39afaa2454136cc247e7709,site_fold_2,0.3234822510567276,0.45222286027105046,0.8374396374917512,500,fit
seoul_flood_2018_00758,1,2018,2017,705e49ec80245d662e9cf4181ff34571db06dfe1e4d68d6be85d478bb8638e6d,site_fold_1,0.34987863057546925,0.02599218476849495,0.020206621829281207,500,fit
seoul_flood_2018_00736,1,2018,2017,3a631fbb8ea1590814892f1b2dbb54dd3a3d627eee72ad04c6730da37e0c1d54,site_fold_3,0.6656529797495075,0.9494256557607609,0.918919689858836,500,fit
seoul_flood_2018_00065,1,2018,2017,8eab2f8b57512faca1a4b9278339274fb6f1b87d275b8d9d89afaa1fa7b1bef5,site_fold_2,0.9064824756288694,0.04097741152877,0.03429619487119846,500,fit
seoul_flood_2018_00759,1,2018,2017,3079dfeaba1faf9d566c7050ff2ec5201d3799d5b4bc7d5fc23a1983a3885e4a,site_fold_3,0.5403277038508054,0.5487862454573313,0.4004764920535459,500,fit
seoul_flood_2018_00737,1,2018,2017,112344c4987a5f696346382e2b12cbf7f30d7e84fa4b1a4e4543ad0e8ded311a,site_fold_4,0.33226809322125556,0.9792468300167765,0.9583122794535529,500,fit
seoul_flood_2018_00069,1,2018,2017,2b3e5e6e494b7fe4dad6a6696e4750401a2405216cf6320548ed8ca7ad9d4225,site_fold_0,0.5731638100214785,0.15681623024549313,0.4329346729810526,500,fit
seoul_flood_2018_00760,1,2018,2017,d19d4648cf65ca6ea86331157fa9bf7b652de1ccb3a2155cabc6bf5f2b500ff2,site_fold_4,0.762327819293769,0.983112609813634,0.9643350606375533,500,fit
seoul_flood_2018_00738,1,2018,2017,b219ab5ae8913d32375632f6109b09c84f177543da505670ae46e9c08117413d,site_fold_0,0.3604411419086254,0.8964794158751599,0.933378445034113,500,fit
seoul_flood_2018_00071,1,2018,2017,7adaa6b8000bc42a464e78f70fa2d413bbf039dd656438fd0e5654cd9ae0975f,site_fold_1,0.6610103637337972,0.7991078475669746,0.9604761174467477,500,fit
seoul_flood_2018_00761,1,2018,2017,649a028f0cab3f8dce663c2991f00eb3df881d64269eedcbdf1a0f16a1ac86ad,site_fold_0,0.40863450470545465,0.9616441585663359,0.9391295726928747,500,fit
seoul_flood_2018_00739,1,2018,2017,d1408d944ffa98ee9c0008881a700f860a827354ea90fa56a5140e08bc15ca6f,site_fold_2,0.7615625127321812,0.8743466186783138,0.9012718023126746,500,fit
seoul_flood_2018_00074,1,2018,2017,275e9fc1dbbb45fea3e5c12324184c1afc46cc59e56490e9b814a413a9db3ce2,site_fold_1,0.7604719303747715,0.9966179010324703,0.9984833892673272,500,fit
seoul_flood_2018_00762,1,2018,2017,51e73d067106dedd680d04080ccf46f7803895ebabffcad1563ccaf312909474,site_fold_2,0.9827578611328648,0.7839363467708361,0.9837795866048834,500,fit
seoul_flood_2018_00740,1,2018,2017,138f9834a140c30fe1cb1013f09b6df844aff508584439948cb9fc3ecb933306,site_fold_0,0.24591148479121502,0.2858916491978929,0.2936252493109485,500,fit
seoul_flood_2018_00080,1,2018,2017,5b18f1a9783d4518a71dc4dcda4a948cc51404a72c5c09734ee122e18d3f95ef,site_fold_4,0.9389084330985626,0.9752531413557204,0.9511181295541549,500,fit
seoul_flood_2018_00763,1,2018,2017,2ec78c588853f99c32d1ede1fa1ac3ddfaf067a1b750ed949481cb32e682495f,site_fold_3,0.7347298698797549,0.9509630160317637,0.9410181933044681,500,fit
seoul_flood_2018_00083,1,2018,2017,53f21c0284ddea8549b752d3c5ff3be611c28804d4f6564a5f13a1ff0a5b11bd,site_fold_3,0.8680553744816237,0.983348750550904,0.9832239963757472,500,fit
seoul_flood_2018_00764,1,2018,2017,05d3f478e28ca860362a10d492fa9a67f8c033caa6ab9ca380f53048b367b481,site_fold_0,0.5951240620789624,0.03829601983649064,0.0285995981674872,500,fit
seoul_flood_2018_00085,1,2018,2017,0765f22659ab1c730be3c132151cb333cb8e887f92fc902404be8b7a4e4d42d8,site_fold_1,0.7668451433351757,0.8470211881382848,0.9595729654856239,500,fit
seoul_flood_2019_00001,1,2019,2018,fcb0a15bb5a2205a02887417432d9ab19ce9374453c6aa345161e4520f3b6176,site_fold_0,0.6390875792903753,0.8304118868166084,0.9398231370900166,500,fit
seoul_flood_2019_00002,1,2019,2018,5fd8b087336a389f8364b4a246a938ed21be409b952c86585a9f54ddd749638b,site_fold_3,0.35064042355289277,0.5104951936123177,0.3379094402298435,500,fit
seoul_flood_2019_00004,1,2019,2018,54cd0bb8ec5fe2848ec2ecae95098289bd76d30ee662d04ac03f69be0465d9d9,site_fold_2,0.457910700706616,0.15699535131193762,0.6331346156843819,500,fit
seoul_flood_2019_00003,1,2019,2018,547e2d01ac7557cf394ed69c6db6d5d02025d9fe473ef3bf7490e9270bc0d793,site_fold_1,0.4380269621758276,0.7209080534987276,0.4933159521238817,500,fit
seoul_flood_2019_00005,1,2019,2018,fd65d6658f5c8b220975c11acba4fd65d878d6713aff553ae1f91f6159a3afc7,site_fold_2,0.5591087740161113,0.33901446708686284,0.4280368966013589,500,fit
seoul_flood_2020_00031,1,2020,2019,60cd8eda4cf981487d922b2bc9e94f935b3640c72165ca20371285f105bfbc4f,site_fold_4,0.7298983945410118,0.9554315091326976,0.969669362874681,500,fit
seoul_flood_2018_00087,1,2020,2019,3c515eb667611eba105aabdc662f06d42cc067b6a4d35327bb2f79d1c65ea40e,site_fold_0,0.7633943340039073,0.999407598648464,0.9992893432469273,500,fit
seoul_flood_2020_00161,1,2020,2019,c90712fd2ef2d9873c9b89acd3eeca11a6a7a57e145395af8d2a70433783d621,site_fold_0,0.2558519944567557,0.020962880393728758,0.08321910046266422,500,fit
seoul_flood_2020_00038,1,2020,2019,7222b0a726b4d6c589b7367aa03cd95be294d02ac9a05538f65edde4b0fec905,site_fold_1,0.936214174450536,0.33928000846819545,0.40159555610744885,500,fit
seoul_flood_2020_00032,1,2020,2019,cb715ed173479e77ef2d6ac026302a54a58d9972f9db28988c05158b74d71cf0,site_fold_3,0.390522432560927,0.045783984563086196,0.03595689204145627,500,fit
seoul_flood_2020_00008,1,2020,2019,18a42675611639157295738f87f0005ce33c610aa2b3bc131d1c81844bbf3344,site_fold_2,0.5665715806561833,0.01138931953722768,0.07972598798380093,500,fit
seoul_flood_2020_00162,1,2020,2019,18934a7e51159b2f8bb68012fdb6bd5b0f75ef97656072bd5eef4b836fad42ac,site_fold_2,0.9707734928346223,0.9978984756612043,0.9909637125056617,500,fit
seoul_flood_2020_00041,1,2020,2019,20f45fbd0cd6c1b2391ffe209cca7f6998b68037228bc730a5c77074aaf53eb2,site_fold_0,0.5256358138673711,0.7971586775595454,0.9358610659667681,500,fit
seoul_flood_2020_00033,1,2020,2019,ef6b220ac91c0f350535c2927f95ad072f275f16ff047695c8ca1b82121c76c4,site_fold_0,0.6403515429349281,0.9410647391873127,0.9784312151626926,500,fit
seoul_flood_2020_00016,1,2020,2019,e10a1d4b0b322dbb7542eab7927bf9f8e9d224d52e55caa6bac671aeb120f13f,site_fold_2,0.6466473219115424,0.9709123649190564,0.9495819794093306,500,fit
seoul_flood_2020_00163,1,2020,2019,262d20d84cc21b6ee00c5d5c466254ab88ec02c9f15fc316248a69cd528083f8,site_fold_0,0.6109948670321642,0.6042087697697328,0.7039947254940778,500,fit
seoul_flood_2020_00155,1,2020,2019,f4b457f52bf5d3e32988f5e0f4e9e9ab2afcfa6bfbde1a658ba24fdee3240d98,site_fold_1,6.5046170216437986e-06,8.142627421308591e-08,1.4423090484836066e-08,500,fit
seoul_flood_2020_00034,1,2020,2019,10c46e4c62d7fdf5ed72a30e7772ba427dc77d249e30d5db3813c87d6a25358d,site_fold_2,0.951173417110737,0.9560957540228897,0.9769655450116669,500,fit
seoul_flood_2020_00017,1,2020,2019,75b5b3fdff7bad158fcf1d9e2521788292a2fdd529262e14a8c3c7e1065b5167,site_fold_0,0.8643227964654732,0.913694500062148,0.9421754337728696,500,fit
seoul_flood_2020_00164,1,2020,2019,d38c663073cd86f011cced4de194b87e1b9d16bb8b5389e5ccf62d2aa8ebad41,site_fold_2,0.38827673357535003,0.31677772393977044,0.31695862183138346,500,fit
seoul_flood_2020_00156,1,2020,2019,3555de32ff588ee5c192166c9fc69526e5cdb8a175dba83f459952df5027364b,site_fold_0,8.363994575306919e-08,7.943025286696998e-16,1.5671871900261376e-14,500,fit
seoul_flood_2020_00035,1,2020,2019,7e6c491cfb15eceaaa54161669de732ec9dde775dd0633a75e28ff537399fb74,site_fold_0,0.9809332599045938,0.9785217258653404,0.9869012321363259,500,fit
seoul_flood_2020_00024,1,2020,2019,08886a1567bf070a2898b735962da5b5637940828754011bfd419b9efba0e6fb,site_fold_0,0.7692151323400628,0.047339687060757946,0.26448025439462847,500,fit
seoul_flood_2020_00165,1,2020,2019,40392281aeb3adb0c0778c84507c484136bcf21550dc3461d47533208cc16d0d,site_fold_0,0.9382672048354703,0.9984958115897814,0.9976328919387638,500,fit
seoul_flood_2020_00157,1,2020,2019,7b2db85225e0120ee8866f4d1af9bd2aa38f479e3462310696a9b7979bf3c97c,site_fold_1,9.315340149745094e-07,1.2892106905161523e-09,4.5452247037851527e-11,500,fit
seoul_flood_2020_00036,1,2020,2019,a40d0bba62c999d879457048f04d7b8deff936b8ce065f1b93ed9f9b9add1779,site_fold_3,0.8259030427196734,0.6042571064068474,0.7106054321928982,500,fit
seoul_flood_2020_00026,1,2020,2019,60c400e61de242770e7da27016af5b1594a883cf59b9a9d86a72b9faa255f301,site_fold_3,0.8241867159661657,0.9398232884916738,0.9117553771639,500,fit
seoul_flood_2020_00158,1,2020,2019,0ebe6e4adbc9b4123af967a249ff6160cb782d1ce30ef79fdfebfa0de565d9e2,site_fold_2,0.9999987977194482,0.9999379063351169,1.6789180002194347e-06,500,fit
seoul_flood_2020_00037,1,2020,2019,68064bd8597c3a2f5dcea7760664869c422926f714498f30c771c4ac7d10c12c,site_fold_3,0.808018517033113,0.5877557094476524,0.5892548644718695,500,fit
seoul_flood_2020_00027,1,2020,2019,159756d275658a6eea185326c1c8b8bdf783cb6ed665eec07e2c6cfd1f90fd46,site_fold_1,0.9943235612112147,0.9994388001284923,0.999151669490159,500,fit
seoul_flood_2020_00159,1,2020,2019,19c1885565e56c290d21634561050e4e1cc121630fe7468379a765458fc7dd94,site_fold_0,1.197587969646682e-05,9.242536780031353e-11,2.88036349987894e-10,500,fit
seoul_flood_2020_00052,1,2020,2019,8f04d29a85b032d3db48171fa74a0e015c47781d33e5eb50b4beb7c8e972e2d5,site_fold_3,0.9963816658707144,0.9944229093066448,0.9981695134338013,500,fit
seoul_flood_2020_00028,1,2020,2019,e311ebab0d1322dd22364ea30cd114fc805926a72b5d28893510e9a4da436f4d,site_fold_0,0.9937881162373957,0.9905318072133836,0.9979736054962,500,fit
seoul_flood_2020_00160,1,2020,2019,456d2ad59c7004e996a1bb2640f7a4c7791206f398afcf1712627e80ebbe03d5,site_fold_3,0.0006383599911699959,1.8455165500244887e-07,1.1317630419471241e-08,500,fit
seoul_flood_2020_00053,1,2020,2019,e92a42c30861ff8dd3c05bd15d469cecd2a4a795eabff79eb9735e228dfa1377,site_fold_4,0.9772986888567371,0.9962828508779638,0.9721539782754595,500,fit
seoul_flood_2020_00029,1,2020,2019,e54e33160a2670c6606515444b193b0c29f0b4c0ce102243371879c9fa07af70,site_fold_3,0.5897366488410944,0.9834945495878967,0.9858510851942123,500,fit
seoul_flood_2020_00054,1,2020,2019,903fe509e1173017f2664fdb60235e5c0fecf5698740e6cbaf813caacf9bafe2,site_fold_4,0.729749034220133,0.7989780150776832,0.8403562288963459,500,fit
seoul_flood_2020_00030,1,2020,2019,4892c95f9d4be5fe6e9e807cecd47c952f44a5088c5322e9a089f89958183f58,site_fold_1,0.7064768113479933,0.4451410722139108,0.24331120551866536,500,fit
seoul_flood_2020_00055,1,2020,2019,4da29f2b0d9cdcc836f9470f506600c4a9c7d272b3e99196aaf402c8da14efe6,site_fold_1,0.8067633106785048,0.6193672646538511,0.8691761302738302,500,fit
seoul_flood_2020_00049,1,2020,2019,11883d7fa62f924dcca67e6b71805e13ffe7284cfa99d3aab7e71251afc42871,site_fold_3,0.7434774883873284,0.7072744001500829,0.9018927946523353,500,fit
seoul_flood_2020_00056,1,2020,2019,fe81cdb1e697e8d9d4e8a80b1d37984835eaf1d7832d50438399759015467427,site_fold_1,0.5206897059530794,0.40999631946130766,0.25784601764153187,500,fit
seoul_flood_2020_00050,1,2020,2019,c16f2de5175ab6c9c3347be190453bea3fbc24fe1f20f10b5b6eed4088860d86,site_fold_1,0.5604818462869211,0.7512154944642588,0.7678793545201331,500,fit
seoul_flood_2020_00057,1,2020,2019,85a1a4d286c1a53ca36fa8ceeca235ad1b2f583d127de7ab084cc0882321ff74,site_fold_4,0.6917433653043912,0.5719981492366916,0.4879760494612064,500,fit
seoul_flood_2020_00051,1,2020,2019,01b405d8db875779338248b392bebddac1a9f6fb16604928d371454ee69e0204,site_fold_4,0.564245591700893,0.5153908477759253,0.7193583433267353,500,fit
seoul_flood_2020_00058,1,2020,2019,6d3dd7eae848fa7d6717b0f8ee7631b0158b96c9cd6f237d2c2e4c179d9af571,site_fold_2,0.813660322220006,0.7690769675271966,0.7513853202829462,500,fit
seoul_flood_2020_00059,1,2020,2019,e5b2c0eae5350cbd21ab8dc75a8db32c3f296c350d962b4a4bf95ca07aa71bb7,site_fold_2,0.6430316036847872,0.7079743688677103,0.7121124540919764,500,fit
seoul_flood_2020_00060,1,2020,2019,dc52b7037a37162ca7aeba0c259fcd2d421b8bf018e5cc39e00ec8d22374ef17,site_fold_1,0.9593325007323479,0.9902069453629581,0.9844608520210073,500,fit
seoul_flood_2020_00061,1,2020,2019,63766b2550ac2953f858ddfec3231520fd87d6dfca7d9e0ac9c396ec7684e38b,site_fold_1,0.9590706459502536,0.9978745755495522,0.9935238384870817,500,fit
seoul_flood_2020_00062,1,2020,2019,8266c76f416d89566523a98da79764c403297610b0a135f5a5ebe1be9695c216,site_fold_3,0.7359225607881847,0.961819790794438,0.977835570135349,500,fit
seoul_flood_2020_00063,1,2020,2019,df5c84717faba2883b1eaff076e8fb3415343781d918d34433bbca08fcd8e080,site_fold_0,0.942574486792099,0.989236127841232,0.976210901780546,500,fit
seoul_flood_2020_00064,1,2020,2019,e99e51efa4aad35446fd6eeed904db223ad457aabb180255994303345c8ed2a4,site_fold_4,0.8680410446687818,0.9741627496031594,0.9867865037335086,500,fit
seoul_flood_2020_00065,1,2020,2019,03f72303926d55a23a3475a8ba15ff8d5fbd5acd435609a29c889cc220ab2047,site_fold_3,0.6432585379123053,0.9214615100760168,0.9899265609392895,500,fit
seoul_flood_2020_00066,1,2020,2019,8346ac8e8c0e93102650b8a71656bdbaac4d11ea774826e6cd08a89d08ea03c1,site_fold_4,0.7947066983605481,0.9720724984956806,0.9867362016524366,500,fit
seoul_flood_2020_00067,1,2020,2019,058fbbcdcf0d4578013e341b772cf94f2a02c13400f39a0c2c101529bad541b0,site_fold_2,0.9704271290858418,0.9855124080007954,0.9878140313969717,500,fit
seoul_flood_2020_00068,1,2020,2019,d42b20bbd4e6bc379486f37ee4112e847759b2099f5dedb9a751a364e5621901,site_fold_0,0.9544161867701191,0.8100279380170848,0.9190870059673214,500,fit
seoul_flood_2020_00069,1,2020,2019,ca563eafd2455af056608fba6c9ac053308d757ff5046eab790cb80c2a839fc5,site_fold_1,0.9330947347362997,0.9022783836750166,0.9497301025352608,500,fit
seoul_flood_2020_00070,1,2020,2019,aa4fc57098b6444a72f7e54fad0bd94f7d13e0ed964d0da4f74baa4a28879a81,site_fold_0,0.9393035049765184,0.9023523124436897,0.8970453273650275,500,fit
seoul_flood_2020_00071,1,2020,2019,eb16dd72df019be8aaed131448ff14d6fa2e90652a14ac21d8168900287d1771,site_fold_3,0.9726060573607171,0.95695261781106,0.9789607993787245,500,fit
seoul_flood_2020_00072,1,2020,2019,ddd0ee00f74b24696844c4bf71e040308c72a4828d9cf64169a64e13cdfe5cf1,site_fold_1,0.7253014637003201,0.9052801902949762,0.8321550103624299,500,fit
seoul_flood_2020_00073,1,2020,2019,df6af837ab1e8ab5974dbc7660158495b8788ed4c013bde7047e1bd168e85eb4,site_fold_0,0.7206130151675557,0.7057515059047884,0.7290355667522525,500,fit
seoul_flood_2020_00074,1,2020,2019,2cf7023a2041036172a96ac21f090d9cd58b1730cc9f9e95a6c212caec306f78,site_fold_3,0.6947888329707246,0.930883327313221,0.9211693533047065,500,fit
seoul_flood_2020_00075,1,2020,2019,e798af31805b93f2a373a142b3747c8dd0ae6e681f2c5a7759cddd703fd2d4b9,site_fold_2,0.7781106569352402,0.8010230780606432,0.8776440477729363,500,fit
seoul_flood_2020_00076,1,2020,2019,847fee03f196da88ca147fdf7626ad98f52286f7ea498dd829ca73fc6754a405,site_fold_1,0.5590469483126288,0.7895144227505869,0.8828212751907325,500,fit
seoul_flood_2020_00077,1,2020,2019,ec99fd509b9e2467c4e1ceff5f845246f9e79dccf916d6cc7264606f24baa3eb,site_fold_2,0.848141863271793,0.9466445759153107,0.9560714956877631,500,fit
seoul_flood_2020_00078,1,2020,2019,2a970bd1e5da9c66f6c1d11324148b0c4aa0e7d91fd8c59caeed1de1c30ab379,site_fold_4,0.9565000642574558,0.9732367550680162,0.978645050956491,500,fit
seoul_flood_2020_00079,1,2020,2019,5aa2d66777c3e62df2fdb8eba1789b466006935c4c7891a25a62d120eb0a99c4,site_fold_1,0.6856147483049784,0.8444654540661783,0.9489034196511673,500,fit
seoul_flood_2020_00080,1,2020,2019,ea0d9b27de5b3a497afb216d359db965021e8cc09be25f62cdbc2de869da116a,site_fold_3,0.5724045723614295,0.9248011345564575,0.9827642511181464,500,fit
seoul_flood_2020_00081,1,2020,2019,f013ca10ef383f71858c29d3fb13140635d86a1ce3ec15fd5b0453fdb37c02f3,site_fold_1,0.36462256627736495,0.6288296984726223,0.5647383726919548,500,fit
seoul_flood_2020_00082,1,2020,2019,b89594e6b2febff01ff6a0c0643adc8e4dc82e340c686e371c14308620dd0fea,site_fold_4,0.5472456348266033,0.5591935249393652,0.5082817643572421,500,fit
seoul_flood_2020_00083,1,2020,2019,713f69f5010d35e7e66d51cf3ba9fe812d012df85bfad7f672554d4ac92faaf3,site_fold_1,0.7650141002926921,0.9246491397012956,0.9441838915442451,500,fit
seoul_flood_2020_00084,1,2020,2019,a6975803fcd9ed59082319f235a19be9cc856dc8e8022bbd04605b4189502d25,site_fold_2,0.7495767850381251,0.8854046604539829,0.553225350355291,500,fit
seoul_flood_2020_00085,1,2020,2019,c20bab6ce4577490838ddb71db53f4891556cc2f04806b8d6cb43622ce57bbfd,site_fold_4,0.9919967082321055,0.9988447341484886,0.9938431826267846,500,fit
seoul_flood_2020_00086,1,2020,2019,4e19ce88d34fe87d0a2a5e11416f6eb85c46b0fcf2e107a638f171186779bbd6,site_fold_2,0.9649609833032234,0.8814268240422731,0.9611086589514358,500,fit
seoul_flood_2020_00087,1,2020,2019,3ea925bf459597c5b9524d19ac3179165e43e6bc3969bfcf1a837070522a3fbf,site_fold_3,0.5069307414752197,0.9659875052851404,0.8415487395654676,500,fit
seoul_flood_2020_00088,1,2020,2019,0513a2f379edeebf9f8641c008b9c7e1dfa57ea729522adafb9c73da30072a3e,site_fold_3,0.7733859145074407,0.6956634251173368,0.6729526272428099,500,fit
seoul_flood_2020_00089,1,2020,2019,884e85d417bfc975175cd72cbd65f4c35646555ee12ee3400d790f91665881ec,site_fold_1,0.7496332726215161,0.46244873107120826,0.8418861497960745,500,fit
seoul_flood_2020_00090,1,2020,2019,02b5a35da5c0d1c7b55d751771925c966c8fa2149315a4ea571297a2e00589d4,site_fold_0,0.4537236597108549,0.8295938011001269,0.9712416387760048,500,fit
seoul_flood_2020_00091,1,2020,2019,2f940a2629c365a7b9e2443e66b0475548e1e3c806287a3668631816edb4c76a,site_fold_2,0.9994597137611023,0.9994604665749287,0.9991871318257377,500,fit
seoul_flood_2020_00092,1,2020,2019,ee1c8e078be4900323ab65b222f58829af044f35e5a1a009b24b1e855719d373,site_fold_3,0.8747345134889069,0.996791365604703,0.9911118636937646,500,fit
seoul_flood_2020_00093,1,2020,2019,632b8e96246333277e4d39daadf7dababa6b4157490016c2140a055401220e2e,site_fold_4,0.48820575453840115,0.8461532599662858,0.8532685298188625,500,fit
seoul_flood_2020_00094,1,2020,2019,27b3be534d925c2e739b1225e7178079f898526288912aa01fe40a8ea9d9f566,site_fold_3,0.7477027303520242,0.934532425471435,0.8561575354571389,500,fit
seoul_flood_2020_00095,1,2020,2019,0d59208c254d5ba3ef1452a38666a492dd0a7bc57c585d5d69901544caa14cbf,site_fold_2,0.996439498526977,0.9932471916719197,0.9965325211562716,500,fit
seoul_flood_2020_00096,1,2020,2019,2f638be1e5a53380c3c0717fb1c4cd1b049457fa6ebfab2e672087a582e741ad,site_fold_0,0.9951188887105159,0.9378362792973577,0.9881297156747698,500,fit
seoul_flood_2020_00097,1,2020,2019,0659d1fe4562f7d74b5948a58a76afab170728df7447d0ef6dcf6d4c783bb660,site_fold_2,0.30032081657334503,0.21310612510604401,0.26519503412044587,500,fit
seoul_flood_2020_00098,1,2020,2019,ca3b181429a7329124cce9f9f2b96cb34be7cf2b024ec1f7414d8ce713bb9465,site_fold_4,0.9972612930904234,0.9994448447380536,0.9956696114064607,500,fit
seoul_flood_2023_00010,1,2023,2022,cdac98a48f34f783458e25bb71bec50a9941f951adda2ef1ed119a8d4a0828ec,site_fold_3,0.5530343436600387,0.9965422928266251,0.9519812509350033,500,fit
seoul_flood_2023_00002,1,2023,2022,56194f3b0d4ef83211b9500e873a993b7c4872605ad975779d5bd2204e40cc9c,site_fold_0,0.7518594480493966,0.1682279629918474,0.16258192534051677,500,fit
seoul_flood_2023_00043,1,2023,2022,248fd4f18691def34c6601546f753c06d11ae98cf78256a042219048350a4848,site_fold_4,0.8911289432658092,0.6881445150032334,0.9478611280325958,500,fit
seoul_flood_2023_00044,1,2023,2022,2936fe9484566290154a4a78f1271b029cc6c88fdef60a4f432e5bf00e8a5520,site_fold_3,0.7568738872376837,0.9592254391980942,0.8529917091770784,500,fit
seoul_flood_2023_00248,1,2023,2022,b2b9daa097bd03ac3b1154ab1efb93273c2ad4ec5b9113697c086a095b80910d,site_fold_1,0.9568632672961738,0.998774864606354,0.9913610624202218,500,fit
seoul_flood_2023_00004,1,2023,2022,d3a0fe4a01296db4593fc36df0fde0ff144cc7a56203125c74004378d0a06b99,site_fold_4,0.6037555306575794,0.549943032211154,0.5259229791095323,500,fit
seoul_flood_2023_00070,1,2023,2022,e02228460eb8c581c0556701b02567d9bef77a390613b7e41616f20628f49750,site_fold_1,0.7063094900195109,0.9769188158879747,0.9957716066489211,500,fit
seoul_flood_2023_00047,1,2023,2022,b4a159bd3df0eaa57b55ef4da2c655abebf1329fc1a2c1f4e393a61eb888fd51,site_fold_0,0.8780534163659609,0.6294318984766276,0.8978212720899975,500,fit
seoul_flood_2023_00009,1,2023,2022,70157f5482cb159b3b68e48336c450e93766506e243cdf9eb03590b5bc45596f,site_fold_2,0.5314654102059744,0.9664887777318157,0.9959759011244141,500,fit
seoul_flood_2023_00071,1,2023,2022,017ade65ff0240adecf03eb0741307ea502590ae6c0ef638e6e9f384025b1f8c,site_fold_2,0.9337516760082185,0.9988106056110695,0.9983926815511225,500,fit
seoul_flood_2023_00059,1,2023,2022,51c0f0b21f81c1e61262409620f2b3be9b562fa300bbdcdd2dd94f5aacccfb02,site_fold_4,0.7099116804002522,0.6385119419690921,0.818242733010524,500,fit
seoul_flood_2023_00012,1,2023,2022,667e30e9a3f7fb988cd90180a9d904755fa591265581c0609b8d81e4deb93970,site_fold_1,0.5795594518570304,0.9740466926225554,0.9221792450628282,500,fit
seoul_flood_2023_00225,1,2023,2022,4ea0938144a26214fc7cd3a870d4a3879c6bc8a8b7a1be7254dce6517520b228,site_fold_4,0.8107616196263207,0.8662187410157767,0.9245870365033143,500,fit
seoul_flood_2023_00067,1,2023,2022,2b039c27036068493acf6918e3daa9e63f32629a1a6faca59390d100614c1013,site_fold_1,0.565212740204297,0.696704724969121,0.3042806877560378,500,fit
seoul_flood_2023_00013,1,2023,2022,80a618b88b8e6324b97cbe64c342ff6711e3161d146da345ab6070b95880e439,site_fold_4,0.5266685863233832,0.5264832216820082,0.6956625190514474,500,fit
seoul_flood_2023_00227,1,2023,2022,f5de86b449cb8e2ee3e8157a80068b892f7e3c9b0db6a16fe8637184ef8663d6,site_fold_3,0.8100233620680066,0.9894698224991588,0.9154777738643121,500,fit
seoul_flood_2023_00068,1,2023,2022,fd65d6658f5c8b220975c11acba4fd65d878d6713aff553ae1f91f6159a3afc7,site_fold_2,0.5815111895183648,0.5961404602752495,0.48019107685967316,500,fit
seoul_flood_2023_00015,1,2023,2022,18b4b2fdda6fc69634d44ecb3f1034bd1fc1bd99100a1cfcf3b83fafa76d9cf8,site_fold_0,0.5439643361469213,0.929331169331674,0.923011608791318,500,fit
seoul_flood_2023_00228,1,2023,2022,48006a51e30c32762694ec18747d1425bb4b974c56c4c0c98d57886cadd0c783,site_fold_4,0.8134304397912292,0.9986782519289611,0.9582625574642102,500,fit
seoul_flood_2023_00072,1,2023,2022,2afb0fa8a1f0cc6a7ed67c17008f75bd42461bd0ba6df7c3c3d887904196895d,site_fold_3,0.8155444018431419,0.004538653746110563,0.013734975205864981,500,fit
seoul_flood_2023_00016,1,2023,2022,9449d82b55823a2b21e722445146dd58f28c2892847ebd7d9d3528a705c333d7,site_fold_0,0.9301567985480216,0.9887802671780103,0.9508260673250649,500,fit
seoul_flood_2023_00243,1,2023,2022,1ef45c1f3265d27b162d2e8ed4381ef427bdf586c45963e44e4392b26ba86b72,site_fold_4,0.906835937910091,0.9730852623378456,0.9607872773176198,500,fit
seoul_flood_2023_00074,1,2023,2022,b9bc2f927ed11bd524706f6d4967f92b59403bf3a4c2f3c470a8c815fd79e460,site_fold_2,0.7498965236766673,0.837513522329184,0.7011891031333335,500,fit
seoul_flood_2023_00017,1,2023,2022,c14d98d5e804cded4ef08ae8cdf0707ca6178666fe17dbc79d181d4cc9dee14b,site_fold_3,0.7358686404291771,0.9977679321404728,0.9966552076197381,500,fit
seoul_flood_2023_00250,1,2023,2022,2c7709566a2e9c494198b62a00ef526dfe6053df3b61476d6f3474d3a092eeb5,site_fold_3,0.9022566731084687,0.6873026148208043,0.6996703944238261,500,fit
seoul_flood_2023_00075,1,2023,2022,ac6920819be8e420a3aac9974fb430eca317f55a0609b05ff32e884b1c75beaf,site_fold_4,0.6674752581898902,0.6722561420392738,0.8597692790910823,500,fit
seoul_flood_2023_00018,1,2023,2022,611ef7d2bb8f2df5e6108e65595a9a37b583dbd4323706a0ec255f8e960d2ddb,site_fold_2,0.6424739162164949,0.8265431103147288,0.936952988549591,500,fit
seoul_flood_2023_00277,1,2023,2022,2e908b9152c52096e61faa554d5ff494fdeeb050209f5fc14355fe66b5e5d4d4,site_fold_3,0.7111657165781989,0.9649233469052602,0.8602705786111612,500,fit
seoul_flood_2023_00076,1,2023,2022,0059d2a4c367d474476bdb36e5406db4c952a2a967b25e3c6166b8b6fc181976,site_fold_0,0.7347247784311888,0.10228124783770125,0.3390473493044743,500,fit
seoul_flood_2023_00021,1,2023,2022,e6acf5cf32b2d0c5cb627acd0c05f96bfb50942c86e13eeac0f97655bb35bf64,site_fold_2,0.8487383773670771,0.9504672415659409,0.9580913940588155,500,fit
seoul_flood_2023_00077,1,2023,2022,ac006ae8566252eae229f3cdf08285ec62948465438fa1fd37525350f732bb46,site_fold_0,0.8151170088882924,0.5491084928632387,0.9255472494145086,500,fit
seoul_flood_2023_00022,1,2023,2022,2ccee39efbee54552c27ec5f3380e8b6db91ab9da3255a83fc493c1d1767d3f3,site_fold_1,0.7509445480940146,0.9925188702888581,0.9909803186183621,500,fit
seoul_flood_2023_00078,1,2023,2022,54043b91c4a304d4c675985edfa95ef876b138ff57a6389bfd28818074d39fc1,site_fold_4,0.5749671486931752,0.6706856906263132,0.7299853509003429,500,fit
seoul_flood_2023_00028,1,2023,2022,ab9d5a9c105349411f7c92c7845f7e8ec24f10552a9a484d7dd02c0c9d6df2e1,site_fold_3,0.5786766170242025,0.4610403029253225,0.6631841183013327,500,fit
seoul_flood_2023_00079,1,2023,2022,a825d29c20ca2db6c0b5bf5ccb6ee269beedc5bda085fce5a584b3d600c91af2,site_fold_2,0.7374003213769281,0.9317193519548432,0.8275601211521901,500,fit
seoul_flood_2023_00030,1,2023,2022,109d39d58c882b2875c711bbb1fbdc53ae3234b9f7c2e321096d7429e46331b6,site_fold_3,0.9906207453032598,0.9990947396813248,0.9987199210554067,500,fit
seoul_flood_2023_00080,1,2023,2022,516a51b5f7484840c5b87649d04bf5f7fe7b3f5a641c45cc08cdca8b66f74a9a,site_fold_1,0.7027254270527039,0.84025231015514,0.6722222067414294,500,fit
seoul_flood_2023_00032,1,2023,2022,0b4d4f8312fd79b55496cf1cff09a958a968eae46e135c54724bebedf54d8400,site_fold_2,0.6911122976848246,0.17279389317082336,0.4874816988521989,500,fit
seoul_flood_2023_00081,1,2023,2022,80dacb840448896f846147086fb6904aace095c7ed082be2f6978ab4a65d9d17,site_fold_4,0.6100750752261103,0.480724604285686,0.5290911022426658,500,fit
seoul_flood_2023_00036,1,2023,2022,824b284c7bf45801707ed1a0e35648f2949764c72352ac38100d99cb94e7ed05,site_fold_4,0.8434713105302399,0.9462693424588395,0.9306388214708314,500,fit
seoul_flood_2023_00082,1,2023,2022,b45c216bee7e0d6ee0455f8bf2899fb0637e6409ddda7e861dc355e9dcf32559,site_fold_0,0.7937623809074575,0.7619933895215751,0.7306595225232868,500,fit
seoul_flood_2023_00045,1,2023,2022,047a0479a6796b37ba99d6e6577b3ffb20aab618b478d303de927d6a6faca3a4,site_fold_4,0.6420167549341532,0.7276435289920055,0.8749152635061604,500,fit
seoul_flood_2023_00083,1,2023,2022,8cc3386043fed7e4a08a2bc9dc0aa45a181ba89b153abc9f991119c15c99e48f,site_fold_3,0.6923764488183435,0.8962524738111123,0.5076828754693323,500,fit
seoul_flood_2023_00046,1,2023,2022,c1467d5c72e32f7e65ab4237818f35148a9e8e89d62f6c485f6e3282213122d6,site_fold_0,0.7106104094017173,0.9932133335636152,0.996094121312412,500,fit
seoul_flood_2023_00084,1,2023,2022,227a0397ded397793104e4c0dd13029ed0f9025afe13bbec3f057cea4e5a725e,site_fold_2,0.7667151516818219,0.8903710634531745,0.922010505543133,500,fit
seoul_flood_2023_00222,1,2023,2022,c65581d8bf8cf915e9fe2ca51b089e97441ac2f57272bc2cdb231ee83f757ae0,site_fold_4,0.588714221361769,0.9066477185880105,0.9046518503239153,500,fit
seoul_flood_2023_00085,1,2023,2022,5c52fa5b830c2d85cb3619fa6dd7b6c3c4fa0ae339105571c5aacfadc1f57dca,site_fold_0,0.7772675042555619,0.9261030115204061,0.9392973550227256,500,fit
seoul_flood_2023_00223,1,2023,2022,a3396b1b87eceeedee47469b37f3882ca3efbef67a922173e8c25c4bc7457491,site_fold_0,0.6673668094564631,0.256478361617634,0.514508085970934,500,fit
seoul_flood_2023_00086,1,2023,2022,a23e42946ff072eac7708b41013273d24b29f25c3b2a68f2fd71cd5555db568f,site_fold_3,0.639579189570631,0.3800203763331562,0.4659946524727943,500,fit
seoul_flood_2023_00224,1,2023,2022,6b1bebc088f54a96e550aaa77b7c7dc8a68bdb509ee5100ddb911beae78c5051,site_fold_3,0.9052061893305996,0.9617812020396502,0.9806206133203274,500,fit
seoul_flood_2023_00087,1,2023,2022,c806eda7ed36cd9e6ecf80572678e5580be30156dc628686a27b057e82be7f05,site_fold_1,0.6615531846883178,0.9753275727516909,0.8768110532759288,500,fit
seoul_flood_2023_00226,1,2023,2022,5b4e991e2eaf736f1ecc63796633bf37e2674c5669ccae29f43454531101f031,site_fold_1,0.8201716768699678,0.9613648470309195,0.9875358949585286,500,fit
seoul_flood_2023_00088,1,2023,2022,5d84a21238eb09a213a6a5e8c5a2d41c6f70decc00617b93e8dda58c2d7a235f,site_fold_3,0.621050929299432,0.2405430959485014,0.3180358912313535,500,fit
seoul_flood_2023_00229,1,2023,2022,972f0a0ebf5383f911b746160b79c88b8b0c7aa70e1b9861ff6abfa2392f939d,site_fold_3,0.8214018767676406,0.9837769436382174,0.9239364801824284,500,fit
seoul_flood_2023_00089,1,2023,2022,8e255f9a86ec3588ecf56d040b65bc4fbebed179e07431fc842ce550145b9863,site_fold_1,0.6382257943228029,0.8019608288005778,0.7561662241300833,500,fit
seoul_flood_2023_00230,1,2023,2022,351930c74ba2930ac78f71a4e59d24ec3a9c408c09f4bddcf7fa3699bf8a21fe,site_fold_2,0.8057195687230069,0.9933887237653197,0.9497663762190908,500,fit
seoul_flood_2023_00090,1,2023,2022,fd6f0f91e6250a60b21fd97b70f686db535df935a8841de34f4bfbb09aa0efb0,site_fold_0,0.7978885106302507,0.9564441302352968,0.9057652359674314,500,fit
seoul_flood_2023_00231,1,2023,2022,c78427527ae5ed46cec266bf7f5102da2f65c62f603b3c800e26eace25a5c839,site_fold_4,0.34280621955353036,0.2482921691187827,0.05146037373597588,500,fit
seoul_flood_2023_00091,1,2023,2022,ccb2187c465a4a42452f6d96c6ecd61471e4bd6347f569f84a47b5683742fac9,site_fold_2,0.721901345706825,0.852877403372891,0.8795735184604278,500,fit
seoul_flood_2023_00232,1,2023,2022,5336135f67660856ece6ad6d54f733a34080d27dfbe335858b52eb42facdced4,site_fold_2,0.7502186909602789,0.9060165468700853,0.8309962339728846,500,fit
seoul_flood_2023_00092,1,2023,2022,8eac4c0475636dabe754422f418c76eb191e9b3e663e31e296fb69f7a6fb8cc8,site_fold_1,0.6553194284462092,0.6264463091544096,0.7321103266147857,500,fit
seoul_flood_2023_00233,1,2023,2022,e55963a41e664f031359274c8576c1cb5d6c9c2998192b355445bbfe50c138ba,site_fold_4,0.42606723736892493,0.788663505176886,0.7595589969070962,500,fit
seoul_flood_2023_00093,1,2023,2022,dc728f9adfc11d8c5c2ec698fb1df3af31c3b43457a9a69377f3e7a04f506468,site_fold_1,0.6727601749052741,0.9838285369926671,0.9647369841374669,500,fit
seoul_flood_2023_00234,1,2023,2022,d44f553eb4a78c3e8e73f10a2584e2b08c855f4d7d091ed0bda77b9ebca91d2e,site_fold_0,0.4527492244139455,0.9888281476855174,0.9863257997286776,500,fit
seoul_flood_2023_00094,1,2023,2022,8c06fb30ac6a96f25e4c0adbd324b5185f5468e1f2512e1480789b99a603de36,site_fold_3,0.6830849444282255,0.8747985982069136,0.957570907484093,500,fit
seoul_flood_2023_00235,1,2023,2022,e635dda0a74d3988c04c4e76a855e983d6033e5538e0b291c2a7d019a42df52f,site_fold_1,0.606006722423182,0.9309440067312338,0.9460538863369528,500,fit
seoul_flood_2023_00095,1,2023,2022,bcd669daed0897a45b8903b79c40b7cc6b1c557b0e8708071442ee549f83e05b,site_fold_4,0.6291133879235841,0.8196623270259639,0.9418968411859946,500,fit
seoul_flood_2023_00236,1,2023,2022,3806182b64eb41706f3328e741dcc36e0a6617e9349746b3fda442906e5bc7e3,site_fold_2,0.5234692515340028,0.7666976802640224,0.9568281004595595,500,fit
seoul_flood_2023_00096,1,2023,2022,3c90eac0010785df62fd85c83633074dccd90c84ba9e27d4f2c28c78b4f0d5d6,site_fold_4,0.6425322802690635,0.7713638124842945,0.9372086402061837,500,fit
seoul_flood_2023_00237,1,2023,2022,1b36675e1d11fd325a672ec04ac67bd989594417a5729df4f870059fa87b9d1a,site_fold_4,0.5125858818055199,0.8660846961449847,0.910211036288448,500,fit
seoul_flood_2023_00097,1,2023,2022,72f61518a84c9a55b3352cbb5023921cad60474d413e7b72f69c74dcf2d72799,site_fold_0,0.635603423877647,0.2578206721614462,0.17058124158981366,500,fit
seoul_flood_2023_00238,1,2023,2022,6bb5e3a1d3d33c5db48aeb2feb9ba125ac0daeeca2d842b2e02d5875228b2034,site_fold_0,0.5049043942788451,0.9566330666161388,0.9694175085860285,500,fit
seoul_flood_2023_00098,1,2023,2022,69999efddf274f8271d36927d9ec9541d3c52ecbcda9f4fd5d4e4576776c0f81,site_fold_2,0.7359222775415512,0.5052209520322104,0.7300498745945038,500,fit
seoul_flood_2023_00239,1,2023,2022,2d536fc8f243ee74cda2625ce6b41f0808c1a746c242a68cc049153db304cec3,site_fold_4,0.7030438006889078,0.7687423206423395,0.9231236086773004,500,fit
seoul_flood_2023_00099,1,2023,2022,f20722d01f05a742b8dec71af1e8e07cd63b8a6c64dabe657c23086f84b1cc72,site_fold_4,0.6944282247621383,0.29208424568344116,0.8410205035632903,500,fit
seoul_flood_2023_00240,1,2023,2022,3ad5a64b1adf89e718a6b754a2a9d66bb8b911be81bf90bc31007aa5e3b55b65,site_fold_1,0.7088673362613171,0.9850727476944192,0.9777945473020703,500,fit
seoul_flood_2023_00100,1,2023,2022,45e322c42efd83690f4dfb0ff1d1bbb111f8a340eead50dd2d0b80db07f8e193,site_fold_0,0.7949778010176319,0.4824617327174708,0.8488624867128752,500,fit
seoul_flood_2023_00241,1,2023,2022,fd9b2055defb5a8b5d9a6ad4ec71b2866a897478c50ac25e466cf2ebb31972b3,site_fold_2,0.7615436254512352,0.567596667051541,0.8203179720086665,500,fit
seoul_flood_2023_00101,1,2023,2022,cde4ea100a86579780194fd2a9211067fff3ec841acaf671446c7e1a10100140,site_fold_2,0.7361291022928296,0.15965526469211408,0.7057239947352576,500,fit
seoul_flood_2023_00244,1,2023,2022,45eade17eef3d54e8ae3d65c6c2fe09751b2504861f44169da0daab75d8028e3,site_fold_4,0.4845386063601414,0.21409198522637476,0.5023846807426353,500,fit
seoul_flood_2024_00041,1,2024,2023,437d4e1375e418c1898eaf0ae2743a3a3897e3504fcb93ac4cb1d44ca1794e2d,site_fold_1,0.6272709086117454,0.26541412853528945,0.3323202702379156,500,fit
seoul_flood_2024_00007,1,2024,2023,bb4ef8ec9e43272a080f1429baad8954fb44bfba666cbe0407e5a401a7cbe57c,site_fold_1,0.6805930915727442,0.7683997166142069,0.9035346097520592,500,fit
seoul_flood_2024_00061,1,2024,2023,fcc88c7839e8fbf3b46125b0962e2d83e51fa121fb2ad474578c0205a69158a3,site_fold_1,0.8592984183798358,0.8844913596680022,0.9191343801327585,500,fit
seoul_flood_2024_00043,1,2024,2023,123bf2caaf4935a556e8202150c1fa202134ea1b2f1300bbcd7d8c0eaeec8db2,site_fold_3,0.6898833026170503,0.9746573448501427,0.9750699790626688,500,fit
seoul_flood_2024_00008,1,2024,2023,f81340838ca8d98e7a73bb0e3af78d74d80c528b295742e4fb99440aaed665fe,site_fold_2,0.6706377999318561,0.09550295635111175,0.23909880236872172,500,fit
seoul_flood_2024_00062,1,2024,2023,2936fe9484566290154a4a78f1271b029cc6c88fdef60a4f432e5bf00e8a5520,site_fold_3,0.6452132707286681,0.864299747102599,0.9598544973068409,500,fit
seoul_flood_2024_00044,1,2024,2023,a740d451ba6b1561554cb9fcec4fafe896119054b664fa3843f905be77b05322,site_fold_4,0.7440853160128366,0.8164662512819998,0.7825942803524959,500,fit
seoul_flood_2024_00009,1,2024,2023,e511340b55220ca5cd74855047a854ce0e58734aaa0e70dd27409a906657097c,site_fold_3,0.5411265924357972,0.6330250357562675,0.5854982722139077,500,fit
seoul_flood_2024_00046,1,2024,2023,29c21a43454c116be3b275e72bea1085c7e3a46b402c40cbecd77815d561a6c4,site_fold_4,0.7219069090659899,0.5514783612344634,0.7663276519703495,500,fit
seoul_flood_2024_00010,1,2024,2023,00796b29fe88d57e702ccb4f39268f140294a0ccce5940d0e9de2cd48648f6e3,site_fold_2,0.5971880175018763,0.28109458780010665,0.4802171590620663,500,fit
seoul_flood_2024_00048,1,2024,2023,7202cf9a0478f75db97858316a56aae958a1fe3a3a300fdd8c9f15c8d98b8795,site_fold_3,0.9242116889308404,0.9787996862269993,0.9793626123760819,500,fit
seoul_flood_2024_00011,1,2024,2023,ffbf9e54cd41025956746859bd5ec126cd181dc76ec068864b593b2c72ce3cfa,site_fold_3,0.623196834465046,0.7168589253475374,0.5308946169188872,500,fit
seoul_flood_2024_00055,1,2024,2023,b73912d269b006bf961cd5418321dbc3a3ddd9e0782ae7fc2e87b7201c11b4b3,site_fold_0,0.6904096691406195,0.03912427054929695,0.25018483014040627,500,fit
seoul_flood_2024_00012,1,2024,2023,80a618b88b8e6324b97cbe64c342ff6711e3161d146da345ab6070b95880e439,site_fold_4,0.40466117621060466,0.6022697067312878,0.5117043098189621,500,fit
seoul_flood_2024_00063,1,2024,2023,bd1b8d0105f1dc87aa3d99df0e4cec2c47adbd7400d6c185bd25421ba23dde1e,site_fold_3,0.7482879846879933,0.6370808890188886,0.9333545435227735,500,fit
seoul_flood_2024_00013,1,2024,2023,757a23417a3e32f5178c71d73aa0af81284864b4cea9764741e4edab5aa5daef,site_fold_0,0.6576088580766367,0.0010878660932992505,0.0023471497069927284,500,fit
seoul_flood_2024_00067,1,2024,2023,948d2d09df15eb7f7191ace14981ba5c0ab110c09fcefb90834aab93c7c078bd,site_fold_0,0.6327919739589124,0.07690606319869032,0.2166208092008331,500,fit
seoul_flood_2024_00014,1,2024,2023,9d2e0e628256e0e8794e82426aa235d02ec76a3dc6aad4e9ac3c5a814f9829d1,site_fold_2,0.6199119738809777,0.762618362464948,0.8686905099347979,500,fit
seoul_flood_2024_00068,1,2024,2023,0cd3a852ecf4dc5dfeeccb70c7c7c9ef166021c2b5eab3853b7473d5589777a4,site_fold_3,0.7844255216136274,0.5578175741909646,0.5777681422620452,500,fit
seoul_flood_2024_00015,1,2024,2023,971f5541f6195b192b925d8efefffbeca88d01c4a9f0a60d74dde196ee0c86d1,site_fold_2,0.8453586425838244,0.9250030986575881,0.9827922867560713,500,fit
seoul_flood_2024_00069,1,2024,2023,7ab3d273ca7380c8698814a0811a1fe680f9d78ab49ee0d92911a4c107de8238,site_fold_2,0.5646957719592237,0.3564267606436843,0.7390142567749015,500,fit
seoul_flood_2024_00016,1,2024,2023,e3e50f5e44035dce95e5b6d8138e134698d49eee758b5eec26535a51bde85df7,site_fold_0,0.047919484335052845,0.004767060843435376,0.0029065093074085984,500,fit
seoul_flood_2024_00070,1,2024,2023,e803b0ddd0c957cf8b860f04d63d206bc58c4a7e216618b57c60191c479923d1,site_fold_1,0.6282044896903369,0.21695072015794106,0.4458797868467302,500,fit
seoul_flood_2024_00017,1,2024,2023,70760aecf195bae192f5baf7428743d230db64ee9aa273bad54777a29fa61d56,site_fold_1,0.8038666443489553,0.9284807085582086,0.9875415692531061,500,fit
seoul_flood_2024_00093,1,2024,2023,63766b2550ac2953f858ddfec3231520fd87d6dfca7d9e0ac9c396ec7684e38b,site_fold_1,0.9483379063583418,0.997752709300631,0.9983075532021768,500,fit
seoul_flood_2024_00018,1,2024,2023,3693df7f5d8484c40a64e5edfe29168feaab0a3d8ad2d5ef780c0be6f0e46a79,site_fold_0,0.26665831874375195,0.915075305743165,0.884031601598355,500,fit
seoul_flood_2024_00094,1,2024,2023,604a183e9f44726cdef3c553ac7408e85ae4b02ccd41506423055ce6ebe1b7d3,site_fold_2,0.3127805786210422,0.9932498844008627,0.9609664793712807,500,fit
seoul_flood_2024_00019,1,2024,2023,5a25b979c2422917f17db7df5dd87a2297c474a9b3d62c792bff7d427ea669bf,site_fold_2,0.8526545375798715,0.9141229273126529,0.9858922331339075,500,fit
seoul_flood_2024_00096,1,2024,2023,79e0a2a000dd61aa37a52001d61342cb8a1c5d1e016976766fc295b4c94b56cc,site_fold_0,0.6211218794618575,0.11384017871071432,0.6240048299854175,500,fit
seoul_flood_2024_00020,1,2024,2023,13ddeac8fe6671414275b639d61a07e9c672c7476e5ccdf793402e7aaeb515d8,site_fold_2,0.9671891924979179,0.6945769668584654,0.9695686524841514,500,fit
seoul_flood_2024_00097,1,2024,2023,2f886984eaa4246f0d5b4af68316375d1b6bdd3583792bcce78bba0fee5cbef1,site_fold_0,0.7759679799289504,0.8631072352558337,0.9441946074478683,500,fit
seoul_flood_2024_00021,1,2024,2023,e124f13166523cb7b6c4c8e441002a9277718c2ebd4cbf13029b4f79c18ecc01,site_fold_0,0.7457791748660324,0.6799522800945134,0.7868250708233528,500,fit
seoul_flood_2024_00098,1,2024,2023,02b5a35da5c0d1c7b55d751771925c966c8fa2149315a4ea571297a2e00589d4,site_fold_0,0.3896487839151111,0.5044375062906241,0.8799915438830948,500,fit
seoul_flood_2024_00022,1,2024,2023,9273fd03db09618bb97fc47b4ab967ad480bfc45f45e026bbdb076e81845adc8,site_fold_1,0.7333025439236277,0.5471922738064113,0.20848847281014474,500,fit
seoul_flood_2024_00099,1,2024,2023,28444bca6837218bf4d704ba4f93934ae8e92a43af99913e4cec692d5abd5c9f,site_fold_0,0.016368094473283596,0.00025772214392673603,0.00449630285860902,500,fit
seoul_flood_2024_00023,1,2024,2023,9632c60e0ed4c6223ae3b937ce22f1876fb6cdeb28c7f55bc33e2ce939b58e6d,site_fold_4,0.7640970547778269,0.7896697169584903,0.8019296619716241,500,fit
seoul_flood_2024_00100,1,2024,2023,847fee03f196da88ca147fdf7626ad98f52286f7ea498dd829ca73fc6754a405,site_fold_1,0.8074249388316221,0.8645531198861962,0.9811172660320082,500,fit
seoul_flood_2024_00025,1,2024,2023,c819cede6995ea40f0f68f04316d2019be37ac994dd418a0cbdec1c843dea159,site_fold_1,0.7446939694672644,0.9787826243095036,0.9819511090464017,500,fit
seoul_flood_2024_00101,1,2024,2023,b29f3a9d05c34c68522b01fe2640595e685f4c88f5d8e969f08db1a8e186643c,site_fold_2,0.9020005996486795,0.9716222358592329,0.9840955721238809,500,fit
seoul_flood_2024_00026,1,2024,2023,5601cfe0dafd37c847a7491e472fc4c99c05a8f729d671a071c556aa12d1cc69,site_fold_2,0.8191425390498567,0.9584413665005523,0.9793005173348167,500,fit
seoul_flood_2024_00102,1,2024,2023,77738368915709589f9285d3dbfbdc93e438bffdbe2b754c7ab44d8cbb4dac84,site_fold_0,0.8736870594510452,0.20618419242153457,0.8145727170365408,500,fit
seoul_flood_2024_00027,1,2024,2023,420e8c48ebc7ccbf83d2395b4da0611b4c8dc5279fe949942775ff2ccb1f5fee,site_fold_2,0.9519743661852393,0.9677570265158311,0.9463505241939424,500,fit
seoul_flood_2024_00103,1,2024,2023,99026cbc6581e1dda7853aac956f2790cb89367aded1a3bc771ebbde0df131e3,site_fold_1,0.7811909895381235,0.8325263565460844,0.9484927180602435,500,fit
seoul_flood_2024_00028,1,2024,2023,4ba93dbfdb004cedc56f5c631fad8150f58d482ea512ef4108dc18ece34c55a6,site_fold_0,0.9747090603544072,0.9007927305305375,0.9630052637582254,500,fit
seoul_flood_2024_00104,1,2024,2023,8d7f23048bda7bb098f76ccf0fe517f0812889d3669924c1d3df7a7c3beb466e,site_fold_4,0.9439087773876147,0.9934447623959175,0.9954330023276949,500,fit
seoul_flood_2024_00029,1,2024,2023,3e44220d47bea9d8726118dbc011d3073c17208543dc34617d2426bd0b013376,site_fold_3,0.5549906355102985,0.9634727304889585,0.8431060004913076,500,fit
seoul_flood_2024_00105,1,2024,2023,b070070fb490cb378ac75ab72a1cdec8f99ca298a47ea83535ff462f4218a566,site_fold_0,0.9690202723562293,0.8787888008432845,0.9859298837765093,500,fit
seoul_flood_2024_00030,1,2024,2023,03119c1c5c1adcbae5fd24c55ada049a8f1452bfcfcd3e573fa9bebf91752bb0,site_fold_3,0.13517104056467671,0.4820011313438645,0.7761614070830382,500,fit
seoul_flood_2024_00106,1,2024,2023,8a10ba040bee51a4dfb38952aa2bf48f827db9c60619fd3afaf104dd06491a34,site_fold_2,0.7774895369473351,0.9284343460558223,0.9828637426949476,500,fit
seoul_flood_2024_00031,1,2024,2023,13147c272b4c57eb35511cf391e997f00dc7d10b3a1f309bf6f9a86e80bd6d98,site_fold_0,0.6963365634815704,0.965248550339813,0.9233547780585059,500,fit
seoul_flood_2024_00107,1,2024,2023,168cd363d196b4cea35e3fbd5c31a32fe30f602e59fd2e486239d28906f9d02d,site_fold_1,0.6417936798377923,0.20717479810815934,0.27641413523380554,500,fit
seoul_flood_2024_00032,1,2024,2023,580ebce2e64ba8e209c7b1cebf7178a8945d8200b9c28e17ef913090e1016c84,site_fold_1,0.7004671661416828,0.4850289154533115,0.7354351277502771,500,fit
seoul_flood_2024_00108,1,2024,2023,642d2d7d6191dca8abc1ab275b94fdac98c447af754257111014110d2816b94b,site_fold_2,0.3162108676630128,0.7007599365227332,0.7197522651138845,500,fit
seoul_flood_2024_00033,1,2024,2023,825340dcf23951f2d8e47a605ed2e1b965b6967c54812a042734b3eda4bc5c96,site_fold_0,0.9741017497281925,0.896481277397039,0.9187555588179148,500,fit
seoul_flood_2024_00109,1,2024,2023,1a5ac1cf0c6d290a58dd20ffa384cfc5a1c391aa45217ea6646abf4d6d3cd048,site_fold_0,0.6889212722862373,0.4356329906798849,0.9870806864944973,500,fit
seoul_flood_2024_00034,1,2024,2023,e5b6ce851537198eb60726302c43334dbe511f11228c46cc6fe4387bcb048678,site_fold_1,0.8719685887314289,0.7477841203274045,0.9440202496641819,500,fit
seoul_flood_2024_00110,1,2024,2023,e06015435d8e64d0e545abf7950cc1a141c6e072d8a8bc68d033a5d44da502c7,site_fold_4,0.3401465870293685,0.20243818742215972,0.5868362314038277,500,fit
seoul_flood_2024_00038,1,2024,2023,38da3f8f9cf16edf6f767e063dbcce4cd45bf9964614ea38636c127bfd87bf07,site_fold_0,0.859009008706918,0.953785640637538,0.9808464680464006,500,fit
seoul_flood_2024_00111,1,2024,2023,39bb7133a5a101fdedcd7174962b3f0100428b3745479f0cd22475a6ec2e451e,site_fold_0,0.9597267316939188,0.846301356336195,0.997524130395847,500,fit
seoul_flood_2024_00039,1,2024,2023,83e08aa3e97db1d52d86474b863a153e2cc9377b044e7cac80a279df233b1119,site_fold_3,0.8574506435518078,0.6736962473235242,0.8913601182010042,500,fit
seoul_flood_2024_00112,1,2024,2023,976afaf01c54fedf9ff44d35ddf4ab9dd2ec59cd6f6522f18ed8ec0bb0a0420f,site_fold_2,0.11566552369042583,0.8172047104467018,0.9597717579324136,500,fit
seoul_flood_2024_00040,1,2024,2023,571c211904d10956955b5efb4fa653d8e5f9f7eb62867184c400a15c68241389,site_fold_2,0.802619620605126,0.9919380179227759,0.9409149125427686,500,fit
seoul_flood_2024_00113,1,2024,2023,fbcf72bad940a495b5c781c0dacec95037e2444e074e00b823baaff2a70a2897,site_fold_0,0.2183016844307598,0.37500832562902814,0.01810369079501706,500,fit
seoul_flood_2024_00047,1,2024,2023,17f667ebdcf62fddc91ad9b0250bb9b2adc97cb183d86891c48fee18be6e5cef,site_fold_1,0.5778286774650608,0.5318359978629531,0.5210778254370988,500,fit
seoul_flood_2024_00114,1,2024,2023,6aed3ebb380da99b9ee22cdafb43ad80499c1bff6c3499d470dc7ee07d89c849,site_fold_2,0.2748347661954187,0.04848031008261762,0.444767405738256,500,fit
seoul_flood_2024_00050,1,2024,2023,45e0d39429832b452a4c887bb71b185d61412763fa2b471282d7f26b4d5b2a6d,site_fold_4,0.6182029411202373,0.5378435162486584,0.27953767612027325,500,fit
seoul_flood_2024_00115,1,2024,2023,7738cfb0acdc52887fd9690f1d5b486d23901783ababf94e5884b74aebb7b7a6,site_fold_4,0.7071147716574793,0.6643854022963459,0.9110460154711002,500,fit
seoul_flood_2024_00066,1,2024,2023,3249f0c73043197204ff8e0eb2de32de25359d1a88ab3e65135ed05df3e17632,site_fold_4,0.5805655801984825,0.8649376385783534,0.8795447661934982,500,fit
seoul_flood_2024_00116,1,2024,2023,7d0ace58f1bf6a48eed8c62e46a71a458d0fecfa8f511947d46a0167e6837f9c,site_fold_2,0.1741298480958919,0.41079643472729827,0.5196687200727624,500,fit
seoul_flood_2024_00073,1,2024,2023,287234d601433e40a271d9ddd26ead9f9308af2b1677c85e3834012d64e6e7d2,site_fold_3,0.5645834607879711,0.22223048060451556,0.7538108908795355,500,fit
seoul_flood_2024_00117,1,2024,2023,96bfd72b61bf954f2785d404c928759454d7b17f1b9112b500e5bef0de66965f,site_fold_3,0.9434842903253718,0.927343952204627,0.8615926743963834,500,fit
seoul_flood_2024_00085,1,2024,2023,3becba3274152e21c153ada0da15bb1d8f5a0a5aa386ebae6fe6064d468e125d,site_fold_4,0.7262896476691321,0.9966067305685411,0.9963597592824454,500,fit
seoul_flood_2024_00118,1,2024,2023,08e8ba1a5228798be26cec1295ab372eef931328d892df9a0a6f83f388090f1f,site_fold_1,0.9226797743051384,0.9189919674303384,0.9636426491021369,500,fit
seoul_flood_2024_00087,1,2024,2023,038885154917f49461b2bd823ed84f168eb6f07b4247e762aa3785177bf2f1a8,site_fold_4,0.6052000068095215,0.8710647491636925,0.9239072995131137,500,fit
seoul_flood_2024_00090,1,2024,2023,e2021107777c58ae4753e65b214bcf759eb5dade508d589c0faa3ecf220f7db4,site_fold_0,0.711175694516026,0.9858828854624804,0.9895750868067867,500,fit
seoul_flood_2024_00092,1,2024,2023,9a1836775b51d543b83e763701479475aa2241ddd6420af60260e1c2994536b2,site_fold_0,0.8362835697581392,0.9172856281247254,0.9196639750852533,500,fit
seoul_flood_2024_00095,1,2024,2023,5609876fb475b5f8749245964924f472f2921b55d27942248654e089174fcb3d,site_fold_3,0.7317783881618902,0.889957271745317,0.6002121575704958,500,fit
bg_2018_0008,0,2018,2017,e01f18c6157377aa8fea34d0849ee57ba81780ea6b458a684b38b58c1f249aa7,site_fold_1,0.009468367803299002,0.0013165835371974125,0.0011716020219241226,500,fit
bg_2018_0012,0,2018,2017,031f604ccd8decf0bc0c0f1b46d764f67618a666286b5ef046ba714fd32ce319,site_fold_2,0.00254484121962835,0.00021486728480937914,4.387173075636992e-05,500,fit
bg_2018_0014,0,2018,2017,96f4653cba9c5b8fffc448302fa973dfcae2a21030235ce4f086544c824fafd7,site_fold_0,0.10786204533288037,0.0001990993519102982,0.0008774548827445968,500,fit
bg_2018_0016,0,2018,2017,b567922b1a6e50fee3cb576e2441824a9c83fd4dd5fac5d1c44c98d81360cfb7,site_fold_1,0.1760466067407554,0.4381031302744529,0.2788553798110722,500,fit
bg_2018_0019,0,2018,2017,6edce6b5be5a6297cfc6785fe6eb1f9255b7a66545fc3bea508c64d379a86f22,site_fold_4,1.3794962194959898e-05,4.3033338835602984e-07,4.995302415954299e-06,500,fit
bg_2018_0021,0,2018,2017,a74f251b2c3000fafc6ffa15b42a8c8767d1d7f96385ec57c9a92bad2775d4d8,site_fold_2,3.052033872709776e-05,9.149117143246849e-05,1.4875470550341436e-05,500,fit
bg_2018_0023,0,2018,2017,707cefe99fb18e837868489d84317ae20f18934da0f4afa2a1f2b42c41ecaec8,site_fold_1,0.004235848203600691,0.0006249967960466201,2.0876973847824574e-05,500,fit
bg_2018_0025,0,2018,2017,7c6261366bf8edda64089f460e853aeaeda958dee0f29ba57605120c552ce3ad,site_fold_2,0.4022139290554661,0.010125476091981589,0.033755737667479045,500,fit
bg_2018_0027,0,2018,2017,07e4e2986cc515ff4959416c897bb00877a6b5e8b3b13ea6b922aa271b685181,site_fold_1,0.017211537123834473,0.01801367033482874,0.0006407830347256361,500,fit
bg_2018_0029,0,2018,2017,d85443019e270af275d8e6dd883eb545895d895bb3302685db5c485b48671cbe,site_fold_4,0.029148996593828115,0.32518539238215094,0.2882545145164833,500,fit
bg_2018_0031,0,2018,2017,294277d42644ddf4e441a0ce7c53aca2bfa06820f022b5f34069e9a8a30356b2,site_fold_4,0.0011321290681109793,0.0060996526177298505,0.001260962858747218,500,fit
bg_2018_0033,0,2018,2017,21e62fc153d7c067a581956f9285d808728d0fbcc3f743972121ab385b7f240d,site_fold_3,0.47928003919654405,0.2549068314769849,0.0706187775070143,500,fit
bg_2018_0035,0,2018,2017,84e4269b50220afc54cd94d366ce19c65299d35df850ceaee93eadc2d1fba7df,site_fold_2,0.002976152801339346,0.03797056064180998,0.0005124763954701021,500,fit
bg_2018_0037,0,2018,2017,ec12ead14120d4fd24d16cabbbd241eb1d0fe9c16ad943805a4312845283d462,site_fold_4,0.4288849762199967,0.003935826504180818,0.0055496227109048755,500,fit
bg_2018_0040,0,2018,2017,b8e6d522bdee72713691c7fcf5a63989a868dfd95bd2cab5437e22511b06187d,site_fold_1,0.005331012455836237,4.790098189884594e-05,8.6202165370562e-06,500,fit
bg_2018_0041,0,2018,2017,2fd1ce506e821d00b2c7dc4f3c74578abf6a9aa737fc9b17501c9a890c7b32f4,site_fold_2,0.7334700374369748,0.4075124012672699,0.062812837447493,500,fit
bg_2018_0042,0,2018,2017,c5c162e440897a82f0cf5001e5831e1ef3a67dfe6bf07a591a79a43cc3ff74f5,site_fold_1,0.0025387029998846177,2.499024654588771e-05,6.4590601951708815e-06,500,fit
bg_2018_0043,0,2018,2017,3dc07fb46bf80b6eecd3b849850467fc614be95e21cbda76c3c7cdf7a7106cf4,site_fold_2,0.00012579813909662272,6.404527881633652e-05,5.774167407982378e-06,500,fit
bg_2018_0045,0,2018,2017,5abac985a6deaa808eecb6a2742d5a724388c8f6c7ad871704b78b4066e386dc,site_fold_1,0.6038368928840674,0.344118318172446,0.2748683682190104,500,fit
bg_2018_0047,0,2018,2017,9b143e553b172de0a0dbcd667fcc44ff4424a8f9c8019d9c4a4518f7420b41af,site_fold_0,9.641558188281033e-05,4.691726057317446e-05,0.0005662822085046392,500,fit
bg_2018_0049,0,2018,2017,1a44f043ff970d264d22e596a5e8bcb7dd2eeaed1035fc9b3d7de0c36349a6e3,site_fold_3,0.4704189915822514,0.9714008338993295,0.9561979102638756,500,fit
bg_2018_0051,0,2018,2017,748d2b899e4eb3beab4800bc94e8ff516e34ed0db3aef051813bec260a8670ce,site_fold_2,0.06241197597971878,0.10723369739098172,0.09781397738238232,500,fit
bg_2018_0052,0,2018,2017,dcd99ae5f275a0be2458b09742536127a22d13b902bd53e5ac740a04f46f77f3,site_fold_3,0.15542113880409447,0.12038420761630925,0.07963307608983125,500,fit
bg_2018_0053,0,2018,2017,ef5548ab378a0d6f1136921f787bedefcf308b5bf6f03841ab384a58392a796f,site_fold_3,0.0005277518399173544,1.666125213478126e-08,5.388087055800864e-06,500,fit
bg_2018_0054,0,2018,2017,8b97daeee954f5cf8ce99941964f6b69aafbd08ff670db5383f686bb16668c44,site_fold_1,0.0448614940203507,0.0019470446066086034,0.0008151422308587572,500,fit
bg_2018_0056,0,2018,2017,dc2c073fab33fa44d4232f769c5e6003d6870f75c7967861a7b52e38d7c69572,site_fold_4,0.0635228274342868,0.967614233725097,0.8275552195468165,500,fit
bg_2018_0057,0,2018,2017,d40effa8069de0fc26ed37d2c749ab608986996e969ab3f7db4ee96472d380dc,site_fold_1,0.4716370002274921,0.05692456810948084,0.1864733392796588,500,fit
bg_2018_0058,0,2018,2017,203ddd064d80fc0d4e7bff11a0776d9e93419a3a6037aa9adc2c7505290a1813,site_fold_4,0.27434207130985405,0.45696216228884384,0.7697461169854217,500,fit
bg_2018_0059,0,2018,2017,f9a9ec68c6f1d2a1231e5e83d38745b60d61290ff74ac936aa8f0683822eb8eb,site_fold_0,0.6732197159878145,0.24212649748873338,0.4848880131407775,500,fit
bg_2018_0061,0,2018,2017,320a5b870363bc27bd783e6d2b485a8d3972cfc67854a5a58639a25fc374f980,site_fold_0,5.6630967586432275e-08,3.0218261082154126e-13,1.3601906676333888e-13,500,fit
bg_2018_0062,0,2018,2017,b72bc3515d6491d4fb990553794908030b77eceda6076312844c64f5685529fc,site_fold_4,0.39846493710005554,0.009021763468339444,0.05241957301081869,500,fit
bg_2018_0064,0,2018,2017,7cf777b87c15c35cb12a26b7d8ad0f56654c2b75b6447578107c0cef8bdd2e29,site_fold_1,0.27881038158441473,0.5231029695002702,0.4928847186550509,500,fit
bg_2018_0065,0,2018,2017,2ae3e4a48561eae2ac17dd839dccd2bfa7997585727481cf2cc5ad1a544cbb29,site_fold_3,0.0025165639679690863,0.002957263207184525,0.0006947859438640302,500,fit
bg_2018_0066,0,2018,2017,a5a2dc9c1dbe6d7af6f51645bd09cb467e8f7c186eb7d91b2a155cea8ae622ed,site_fold_3,0.12338910446278188,0.012069745280912427,0.012545868634281294,500,fit
bg_2018_0067,0,2018,2017,b687a30ed837278ff4dadcfdef30f40b2986a06c7c79ed57693b3e6b2b1a9d33,site_fold_4,0.6456973504502116,0.9592528391160903,0.9007881889779967,500,fit
bg_2018_0069,0,2018,2017,19b54b72bdde6c4bd3cbe2546f3414a4ff56cd60d6a2bcdf3d6f1f199e8b9a7a,site_fold_2,0.07572069099849786,0.002458810546785494,0.0027157231875194177,500,fit
bg_2018_0071,0,2018,2017,48da3e414015f3351b42e87e9218a6ceaedce537a926ba13d8759590bdad9d81,site_fold_3,0.4153470784565711,0.911035110519235,0.7396670104682418,500,fit
bg_2018_0072,0,2018,2017,ea2e9240baa8efb8641cef5f652b1f430fd03b8bb6bdcae03cd85c7be7d79e6c,site_fold_1,0.3876578230198632,0.016325911235412868,0.0060215240103466865,500,fit
bg_2018_0073,0,2018,2017,eb67dc3c4a6302c161ea7c937485d56e520ac962c08ed97fcd8cb6d32e101eed,site_fold_1,0.386741951123251,0.044169107276125316,0.03464186777079081,500,fit
bg_2018_0074,0,2018,2017,0661378a425c8a66c4aa539a6016f77d94444565f19a404c200d8da71d881e6f,site_fold_0,0.026218453003246496,0.00032847274460610416,0.00018007274200664515,500,fit
bg_2018_0075,0,2018,2017,c1f90f1983b063e2d466b9b1bebe90d7fc37a3d7d52615c416a054934dc3850f,site_fold_4,0.8882273578090717,0.4656049414017957,0.24939340247934366,500,fit
bg_2018_0076,0,2018,2017,b0bb5e94bbb58bef0707986a0b214f4618e10f100ec3660f7f792c139b83b7bf,site_fold_3,0.5394276499085958,0.03332314860191578,0.007066118969242674,500,fit
bg_2018_0078,0,2018,2017,a5ca7d8f214e2cdbd499bf191e3ef82542d8fc7c4eb63c250906aecb6d052776,site_fold_1,0.00012122227388649161,9.262542736409462e-06,1.9987125005853777e-07,500,fit
bg_2018_0079,0,2018,2017,387293de0a4d2562776968a4c928898f0c153e19c243293da6f2314332ce8e09,site_fold_0,0.7426140749108158,0.09982399789569708,0.013789793563987273,500,fit
bg_2018_0080,0,2018,2017,e647221675ed4239c7ecfb607d39fbe04e5956323af3be0aa98f0d64ac923420,site_fold_2,0.49519913087237255,0.0002003683146625148,0.0003588691156022144,500,fit
bg_2018_0081,0,2018,2017,a79ec02ce4ac7963f73a96c80a4ea1fc557a0747a742e20e54654266ddade15f,site_fold_4,0.8220436245537008,0.9339164229394379,0.7822987333585533,500,fit
bg_2018_0082,0,2018,2017,5535d9eaa37e4d1a7b852f0870d6bc9cf8d44c2c849c46b6e3bc123aea922f98,site_fold_0,0.768249662490209,2.847661149293377e-05,1.6638170810411974e-07,500,fit
bg_2018_0083,0,2018,2017,fe080c2d9abb132cc64d5557983b111ff97e3f58f287666fd5faa26bdb192287,site_fold_2,0.7773383765287619,0.6374540977378486,0.17660543747781463,500,fit
bg_2018_0085,0,2018,2017,f3ce6092bb24123a060a0495483d50073de4e4ee953fe58bd28e219e1a83baa1,site_fold_3,0.009250039078540382,0.1597573908042636,0.22717657226855323,500,fit
bg_2018_0086,0,2018,2017,2f8d0c0da0be361972dcf84753d6a3e08b6dad88a520b7d1a92b86f9b38320ac,site_fold_1,0.0423521558543919,0.02191585521611928,0.0034927484017097605,500,fit
bg_2018_0088,0,2018,2017,d948566b5d11292ec582eb153178eebb116e8d9e510bbbb560baf1319dcb07ea,site_fold_4,0.32942864858290855,0.05988049248109746,0.046192565848521036,500,fit
bg_2018_0089,0,2018,2017,30e0262a5079f27f544cfa11a50c2dac7696a1223e31b6a5743a25b88178f3f9,site_fold_1,0.5084111300318761,0.27584569654598157,0.16131998007971898,500,fit
bg_2018_0090,0,2018,2017,0ea0ea06867904ade6f0cc97d06bcc3a15a536e081b0765ae05da45dd08c935e,site_fold_3,0.4067587318246329,0.10800399193775173,0.28245371959414994,500,fit
bg_2018_0091,0,2018,2017,982618d21af830b045f8c249c93b9fe8c0ca46e8eef0f38a41b858d40f182133,site_fold_1,0.48179104862714023,0.2883083268848071,0.4089685693281128,500,fit
bg_2018_0092,0,2018,2017,1329ca34dd0aa22bba0143275ea656df9883ad433541073bcd4a263e3256d123,site_fold_3,0.09773441513397806,0.40266616236704783,0.36713889613265116,500,fit
bg_2018_0093,0,2018,2017,39af272ed4011f905c7675ca8e5251a45ad8be334a928f57454f06824c57b67d,site_fold_1,0.09115886664871017,0.058516078883448404,0.06573902134829022,500,fit
bg_2018_0098,0,2018,2017,09cec87c34c3457792131d98f4e5ea7c0de72227cb164719da0895a2dd49e29f,site_fold_4,0.03565643563785505,0.9428669744363197,0.2957506969479689,500,fit
bg_2018_0099,0,2018,2017,eab8096d803acb18cc201f6ace31bbda179073d5e6a99e0d73d2ec05bccdf772,site_fold_0,0.07181393522785011,0.0002801724898387843,0.002059943398360568,500,fit
bg_2018_0101,0,2018,2017,0e3e2e1f0d7500e89ab5386ac3395e82b86d098339e82b63a4f96b3de677403b,site_fold_4,0.31099831387720606,0.1794666521468359,0.053645454577239536,500,fit
bg_2018_0102,0,2018,2017,d083f6498d7fbd2e9d25a6ad0b6797fb6e2c24cc6ad3d7ca5f9713008c86dd50,site_fold_1,0.014101061853237892,0.001855320421851713,8.205521950232306e-05,500,fit
bg_2018_0103,0,2018,2017,094fe38ba748a64e5efdec7fb8286b4be6aadc362ada39934354d5551a5da3d0,site_fold_3,0.22346979968262973,0.5472751257155083,0.38150064154038904,500,fit
bg_2018_0104,0,2018,2017,381d18bd61e34cf882bdfdf6012481b10927e35d12e6647db1266ea9a179de4a,site_fold_0,0.0006166674720194189,0.0002760569695628636,0.0007309998464067833,500,fit
bg_2018_0105,0,2018,2017,5bb0f3030646a3eca15b3c715c0a2cc5c67d8a64036f4b26e788799479fcac9b,site_fold_4,0.5875643949238988,0.569127507713145,0.36983568253125726,500,fit
bg_2018_0107,0,2018,2017,121ca7306a2ae0103033e3004279ef3e80366ab277effbd7df933cd44df93378,site_fold_4,0.7217494509705352,0.7222035440650312,0.3787157231894114,500,fit
bg_2018_0110,0,2018,2017,fe94a8a6361778f583248af09d52d2f8beaeed2c3a1047494990e54232abf263,site_fold_3,0.3805692614504407,0.6555460329899054,0.47588201998498186,500,fit
bg_2018_0112,0,2018,2017,9b8cfb8dd01fd7117ec530b8b1be50f430e0bba381744f956eee96179adeacee,site_fold_1,0.9155035288040108,0.9765717777378291,0.9530023580131318,500,fit
bg_2018_0113,0,2018,2017,574a670bce4623563698b796be6af8072c206bfd8806e5f36ff822a332eff57b,site_fold_2,0.12200517365199365,0.9433403964248845,0.5514095157299541,500,fit
bg_2018_0114,0,2018,2017,cbf698a2629e0c40badff8fdce66678097136d982ad6e328f5e174702db1ac72,site_fold_1,0.06811762564289182,3.9030073253221653e-07,2.833445058231293e-05,500,fit
bg_2018_0115,0,2018,2017,48ba22de3d6960040834837c9f93bad7da1ff9aa12c70c28cf23329daa5556b9,site_fold_0,0.17697394366323457,0.00010483711218434084,0.0002579926233146906,500,fit
bg_2018_0116,0,2018,2017,b89dc14cbabd117f4baa55fee005974d32ebb678421d282b6faf5919d4c5513d,site_fold_0,0.0015316562951704707,0.04041660032809775,0.012019535810998848,500,fit
bg_2018_0117,0,2018,2017,259d5e4e331efc426e8d5cb37d174767fad44812d9c8aac2673f920f15e78ad6,site_fold_0,0.6685554743083912,0.004164873873803657,0.004620133475863351,500,fit
bg_2018_0118,0,2018,2017,8e82547d47b9be467e201fcc7a5aecc54c71aded64e0ac980099b8678439acd8,site_fold_4,0.6492358726232177,0.033814076779288826,0.008999320118515104,500,fit
bg_2018_0120,0,2018,2017,1cdab643d1b940b0693fcbf08e8a99e52473b61131de923eb8b284c32f00c4d4,site_fold_3,0.2998796037430335,0.32171197076738445,0.3804686165541884,500,fit
bg_2018_0122,0,2018,2017,bf6cb7c3b436132579c4c247e107989902b49e1a3a297a787f54b840578a302e,site_fold_3,0.1794580162470266,0.04814539688312516,0.057699638390017946,500,fit
bg_2018_0124,0,2018,2017,74a593ab813090c62b6028480a668a3959fb4e059bcc73876ed08db88d30bda2,site_fold_1,0.0038338776775232977,0.023011261980755083,0.006366342587176095,500,fit
bg_2018_0125,0,2018,2017,669228cb6311c26fa81b0cc72a9f043cf099e2aec5da6174c5343570362b53f9,site_fold_4,0.0030221940750139805,0.005080009826437086,0.21985829577525634,500,fit
bg_2018_0129,0,2018,2017,9d517f55ae5613be7e9c1f546afa3a8453196835262a2da69354022e181623af,site_fold_1,0.48120929552950376,0.5052945090670928,0.23562573098695785,500,fit
bg_2018_0130,0,2018,2017,30fc7f1fd06b41eaa1cbfba3302ccf7b637fb6b97d364777008dcc7203e27e88,site_fold_3,0.612545170298085,0.882093464744342,0.8124541513806774,500,fit
bg_2018_0131,0,2018,2017,c70088b5f5ed553ac8d54c56b48c1be5b90a722246b8993e86f8ab252abee2b8,site_fold_2,0.6000562533234663,0.48127700331786166,0.5742689306227787,500,fit
bg_2018_0133,0,2018,2017,f4be26be42aa63779b31705fdb787991f04b62cc376f4011ad45d4e46a90aadc,site_fold_3,0.8886109089922327,0.21092705347936372,0.09931762965515703,500,fit
bg_2018_0135,0,2018,2017,d4a9a61f6e816b947950df9ce5dcf1ba5199c097b89c4e2ff3146444ea11cb5e,site_fold_0,0.44878094396691437,0.12877028779011482,0.22084201187803465,500,fit
bg_2018_0137,0,2018,2017,b1c60d3479151c265d732f1691c8965b5045f9f996bc435e7cc5093bbabaa7ca,site_fold_0,0.15861470729960236,3.543497319804382e-05,9.553847826331327e-06,500,fit
bg_2018_0138,0,2018,2017,8c4da60d1d75cffc9bd0bb476c0dc48b8024afb93b7ec5dce86a348e4a515c7e,site_fold_1,0.001530944680209631,0.018353918520207256,0.0014629040899287423,500,fit
bg_2018_0140,0,2018,2017,25491912f96991025541d5f5da5a1ed06d902fbef16223d74ebe72a74b2706c0,site_fold_0,0.09872516765267089,0.027242756122067145,0.3692885963406032,500,fit
bg_2018_0142,0,2018,2017,27cf11d64439127707db65caff07bd9f503a61a6427d56ac8b3df0c792261c04,site_fold_2,0.9999999999992601,0.9999999999856974,0.7679808834201746,500,fit
bg_2018_0144,0,2018,2017,48a8d4b27be3f5a3d567610c033ac715c6277500103c9ec2d712f0b3bd427f0b,site_fold_4,0.6351964300165592,0.8223718604153739,0.8316983782766121,500,fit
bg_2018_0146,0,2018,2017,e889077796f75a8bf06a0218348506ff1aa58361a026a2158158d33545d8f8e8,site_fold_4,0.6564986321376285,0.6363965548135871,0.6987828342782489,500,fit
bg_2018_0148,0,2018,2017,7e9ec81c8ea1517e7c97d3f130bd8da15eded8367199dea08912d7fec27678bc,site_fold_4,0.8240390520567311,0.35326110765680313,0.47789347329697013,500,fit
bg_2018_0150,0,2018,2017,2d514b854a9419024c44d135af3eff0d5ec793684c36bece8e6471bba25f3d4b,site_fold_2,0.015617062726539914,0.01274687275334277,0.001279884712732249,500,fit
bg_2018_0152,0,2018,2017,ce81223ed4abc36fdbbc236f8ffb7d0ee9ea969f12ac8750196c90345354cd48,site_fold_1,0.013482346962587943,0.0013539229219061246,0.0004114262648159447,500,fit
bg_2018_0154,0,2018,2017,eaa88e45dc34bbc37c2c1c462247981c702e40fc4de264f8bfd709abb71da6d3,site_fold_2,0.06606237226518441,0.4389870625781181,0.49832312768655146,500,fit
bg_2018_0155,0,2018,2017,37a1b32ea4828c6949829c840f5a2c1015383861dcde49e417670a4242964123,site_fold_1,0.04139593634360926,0.0004602976666657207,0.0002892952966890847,500,fit
bg_2018_0157,0,2018,2017,10931396412cd75603aea0d3abeeaa86eab99d3b921d1b092b41bbab3e6b3ef3,site_fold_3,0.2294407516269103,0.0010426672608799838,0.0009102522925413226,500,fit
bg_2018_0161,0,2018,2017,d49b5fbc9ceb41ca0416f4cdb698a4166b7a68f5b61831b3c486481ab9266d59,site_fold_0,0.5675650594857563,0.9461650007833304,0.9204440325855143,500,fit
bg_2018_0163,0,2018,2017,aa4923f93f3935d9017a178e2e2a00c39f8bda9e0d5768ff25899acb453cfe4f,site_fold_4,0.6639245079304321,0.6531150961362008,0.19416494590754765,500,fit
bg_2018_0165,0,2018,2017,d2fe77c5494009de82c48b234cc00ce5e962100afef8729763eebcde1fdb3ee6,site_fold_4,0.5672551186486643,0.0013472126194989831,0.007896140118230454,500,fit
bg_2018_0167,0,2018,2017,4a3e32b2592c4bca0306e12810e632bbc064edd22a18e37cda46c14b345b44bb,site_fold_3,0.06053849012577851,8.066618697338175e-05,0.005445351015723018,500,fit
bg_2018_0176,0,2018,2017,f2237c29d27bd0b5346f0be444cdf4b5a741aa2fba630c9086b59654a04a210f,site_fold_2,0.30349165699321246,0.0002839830922940231,0.009627361558762778,500,fit
bg_2018_0178,0,2018,2017,e61f9b395ebe806bb4173411398360588d9e72421527f2deafa2fdbbbb195b65,site_fold_4,0.35493379529227154,0.4177697106223358,0.8456534447935934,500,fit
bg_2018_0180,0,2018,2017,a113ed2181e2dafdd3bd4c517c782ea37e2fc64120cbcccfd433bc0ea0d1188c,site_fold_2,0.001176206931359329,5.6997305952281525e-05,2.055911501151463e-05,500,fit
bg_2018_0182,0,2018,2017,338e23f9b352e3105dbde6ef929db218b89c42bef0ff3192ba71868dc1c03e11,site_fold_1,0.6620492722225515,0.5327122611160288,0.2991942921267195,500,fit
bg_2018_0191,0,2018,2017,cbc1c3c2479947688ce7ff97d13516aff256f9ff10811bac671aee0b4c32337a,site_fold_4,0.0012370737410724079,0.00040387877439335737,0.004473452674752667,500,fit
bg_2018_0193,0,2018,2017,61dbfdd28521f9308c90c25b11338b8d4a84bcf61abdb389858a2ac8ee611700,site_fold_3,0.4284054253252448,0.8134381840399074,0.9035209226743377,500,fit
bg_2018_0195,0,2018,2017,84ed77966a29277f09a9d25467f5d8ab0f66d8e58892bfa6b237ad9a9a82cd74,site_fold_2,0.0015115000532149538,0.08195993628020222,0.013920220455367085,500,fit
bg_2018_0197,0,2018,2017,085eb8211e0d2e935d23d26841e01d26a6fd4d394c7185918f5965368be91c14,site_fold_4,0.9533679879476853,0.94199989028841,0.979478523516769,500,fit
bg_2018_0199,0,2018,2017,83039e54e1fa37ee25521fbe29d0a288ee1d48abb96cc75dc80796ea6e46a80e,site_fold_3,0.031084108388721263,0.0028709654334035718,0.005037005753150909,500,fit
bg_2018_0208,0,2018,2017,7fcd19c49f8ef373af77d30b6ea657701de171b59c2cc99c492381c7fa79eb53,site_fold_2,0.013639668601863492,1.6335236059060577e-07,6.164722346560268e-08,500,fit
bg_2018_0210,0,2018,2017,81ecec5ea53df338cb8dec8a3d93efdf89b240e40ceb46e53c9c62deeb7134ad,site_fold_4,0.5486288460256701,0.7221430729475466,0.7969253251792981,500,fit
bg_2018_0212,0,2018,2017,d62a426cec03061a92b4b16ff9276a42c85c45c9bef3ede5653bbbd82d16c4a6,site_fold_1,0.15576306318519242,0.0013264810384352925,0.0012981222883696253,500,fit
bg_2018_0214,0,2018,2017,adcf989dc565c016087934f1ab4ba3b574fbe4b87d6ce6c4c0efac4ac2994595,site_fold_3,0.7644743638194099,0.982309872998196,0.9923683929659103,500,fit
bg_2018_0227,0,2018,2017,f6e58d1a82b10079ee37183b7cf9cacaf6d4a553dd204c84c7040b1b90f871aa,site_fold_3,0.0008873376705082325,1.6980041909790535e-05,5.475112545885615e-06,500,fit
bg_2018_0229,0,2018,2017,571d300f79ea95c93212637680e248e7f42521541f8f5180c48bc4344a8082b1,site_fold_1,0.003610080790565989,0.0185151429903089,0.005456808175616484,500,fit
bg_2019_0008,0,2019,2018,e01f18c6157377aa8fea34d0849ee57ba81780ea6b458a684b38b58c1f249aa7,site_fold_1,0.008612999240603846,0.0003393535377288018,2.189642129488721e-05,500,fit
bg_2019_0012,0,2019,2018,031f604ccd8decf0bc0c0f1b46d764f67618a666286b5ef046ba714fd32ce319,site_fold_2,0.001940456407905672,5.405186230683712e-06,8.699448385037063e-06,500,fit
bg_2019_0014,0,2019,2018,96f4653cba9c5b8fffc448302fa973dfcae2a21030235ce4f086544c824fafd7,site_fold_0,0.04683808662802164,2.3992463518760504e-05,1.2185871181130363e-05,500,fit
bg_2019_0016,0,2019,2018,b567922b1a6e50fee3cb576e2441824a9c83fd4dd5fac5d1c44c98d81360cfb7,site_fold_1,0.08304846386084576,0.10886464374338374,0.021246471427245603,500,fit
bg_2019_0019,0,2019,2018,6edce6b5be5a6297cfc6785fe6eb1f9255b7a66545fc3bea508c64d379a86f22,site_fold_4,1.0351886854611127e-05,1.4343463277309231e-06,9.232753723996837e-08,500,fit
bg_2019_0021,0,2019,2018,a74f251b2c3000fafc6ffa15b42a8c8767d1d7f96385ec57c9a92bad2775d4d8,site_fold_2,0.00017345374588239234,1.9164329728032975e-05,3.704494066763539e-05,500,fit
bg_2019_0023,0,2019,2018,707cefe99fb18e837868489d84317ae20f18934da0f4afa2a1f2b42c41ecaec8,site_fold_1,0.0008008421277107981,1.0161945825085094e-05,2.88920336927726e-07,500,fit
bg_2019_0025,0,2019,2018,7c6261366bf8edda64089f460e853aeaeda958dee0f29ba57605120c552ce3ad,site_fold_2,0.2038297935474504,0.009576969768899374,0.0011057854729965933,500,fit
bg_2019_0027,0,2019,2018,07e4e2986cc515ff4959416c897bb00877a6b5e8b3b13ea6b922aa271b685181,site_fold_1,0.009545412839474026,0.0018186395676047429,6.243971682002554e-05,500,fit
bg_2019_0029,0,2019,2018,d85443019e270af275d8e6dd883eb545895d895bb3302685db5c485b48671cbe,site_fold_4,0.021381286395511397,0.3331951042972736,0.00890994578457805,500,fit
bg_2019_0031,0,2019,2018,294277d42644ddf4e441a0ce7c53aca2bfa06820f022b5f34069e9a8a30356b2,site_fold_4,0.000580220644387836,0.0017941504140806816,5.424410500558235e-05,500,fit
bg_2019_0033,0,2019,2018,21e62fc153d7c067a581956f9285d808728d0fbcc3f743972121ab385b7f240d,site_fold_3,0.524181026194869,0.05963364672136867,0.021793309239380138,500,fit
bg_2019_0035,0,2019,2018,84e4269b50220afc54cd94d366ce19c65299d35df850ceaee93eadc2d1fba7df,site_fold_2,0.002066632670298234,0.00022404006991508693,5.358191870156242e-05,500,fit
bg_2019_0037,0,2019,2018,ec12ead14120d4fd24d16cabbbd241eb1d0fe9c16ad943805a4312845283d462,site_fold_4,0.3990004590361419,0.002162781368285629,0.0013673574928630009,500,fit
bg_2019_0040,0,2019,2018,b8e6d522bdee72713691c7fcf5a63989a868dfd95bd2cab5437e22511b06187d,site_fold_1,0.005221157374396531,7.3527941681968565e-06,4.426752396766999e-06,500,fit
bg_2019_0041,0,2019,2018,2fd1ce506e821d00b2c7dc4f3c74578abf6a9aa737fc9b17501c9a890c7b32f4,site_fold_2,0.7654039633372299,0.040365583541757566,0.007917095545269669,500,fit
bg_2019_0042,0,2019,2018,c5c162e440897a82f0cf5001e5831e1ef3a67dfe6bf07a591a79a43cc3ff74f5,site_fold_1,0.05626122950579571,0.00015016422748095635,3.531180419472167e-05,500,fit
bg_2019_0043,0,2019,2018,3dc07fb46bf80b6eecd3b849850467fc614be95e21cbda76c3c7cdf7a7106cf4,site_fold_2,7.129719283514282e-05,8.303494337068228e-06,4.548085449556046e-07,500,fit
bg_2019_0045,0,2019,2018,5abac985a6deaa808eecb6a2742d5a724388c8f6c7ad871704b78b4066e386dc,site_fold_1,0.5833393681112365,0.2261786357396742,0.1314931025366619,500,fit
bg_2019_0047,0,2019,2018,9b143e553b172de0a0dbcd667fcc44ff4424a8f9c8019d9c4a4518f7420b41af,site_fold_0,0.0014901657863560722,0.00027588322568295126,0.0009793307811163663,500,fit
bg_2019_0049,0,2019,2018,1a44f043ff970d264d22e596a5e8bcb7dd2eeaed1035fc9b3d7de0c36349a6e3,site_fold_3,0.2767605425205359,0.8604550739244496,0.6176921262824867,500,fit
bg_2019_0051,0,2019,2018,748d2b899e4eb3beab4800bc94e8ff516e34ed0db3aef051813bec260a8670ce,site_fold_2,0.12921427654529882,0.11455297989195534,0.05231768013654823,500,fit
bg_2019_0052,0,2019,2018,dcd99ae5f275a0be2458b09742536127a22d13b902bd53e5ac740a04f46f77f3,site_fold_3,0.32400164339401427,0.057973231049478983,0.07196014929429011,500,fit
bg_2019_0053,0,2019,2018,ef5548ab378a0d6f1136921f787bedefcf308b5bf6f03841ab384a58392a796f,site_fold_3,0.0005195202663019699,1.036939246561955e-08,1.5216400381932749e-06,500,fit
bg_2019_0054,0,2019,2018,8b97daeee954f5cf8ce99941964f6b69aafbd08ff670db5383f686bb16668c44,site_fold_1,0.20970916270650672,0.00864127215739645,0.0018049098078095195,500,fit
bg_2019_0056,0,2019,2018,dc2c073fab33fa44d4232f769c5e6003d6870f75c7967861a7b52e38d7c69572,site_fold_4,0.069820586638325,0.7214575194006918,0.40616724282698413,500,fit
bg_2019_0057,0,2019,2018,d40effa8069de0fc26ed37d2c749ab608986996e969ab3f7db4ee96472d380dc,site_fold_1,0.23825408378605767,0.03270958759094569,0.15187189877310106,500,fit
bg_2019_0058,0,2019,2018,203ddd064d80fc0d4e7bff11a0776d9e93419a3a6037aa9adc2c7505290a1813,site_fold_4,0.37852966308162406,0.5692678890779009,0.8479429292634075,500,fit
bg_2019_0059,0,2019,2018,f9a9ec68c6f1d2a1231e5e83d38745b60d61290ff74ac936aa8f0683822eb8eb,site_fold_0,0.6941468577478295,0.3572585744052191,0.5323639965026788,500,fit
bg_2019_0061,0,2019,2018,320a5b870363bc27bd783e6d2b485a8d3972cfc67854a5a58639a25fc374f980,site_fold_0,2.3697664735885266e-07,9.251842941277335e-12,2.4138380767674106e-12,500,fit
bg_2019_0062,0,2019,2018,b72bc3515d6491d4fb990553794908030b77eceda6076312844c64f5685529fc,site_fold_4,0.40170797900194555,0.010755335563585763,0.016084767515957263,500,fit
bg_2019_0064,0,2019,2018,7cf777b87c15c35cb12a26b7d8ad0f56654c2b75b6447578107c0cef8bdd2e29,site_fold_1,0.3579548858590759,0.4075595433506541,0.552112019539376,500,fit
bg_2019_0065,0,2019,2018,2ae3e4a48561eae2ac17dd839dccd2bfa7997585727481cf2cc5ad1a544cbb29,site_fold_3,0.0017528299945028304,0.00027448066929429546,4.403049321109576e-05,500,fit
bg_2019_0066,0,2019,2018,a5a2dc9c1dbe6d7af6f51645bd09cb467e8f7c186eb7d91b2a155cea8ae622ed,site_fold_3,0.20198968283860774,0.021992971225342123,0.0004708054884396931,500,fit
bg_2019_0067,0,2019,2018,b687a30ed837278ff4dadcfdef30f40b2986a06c7c79ed57693b3e6b2b1a9d33,site_fold_4,0.5737641268323367,0.9508438020736688,0.8568292869440012,500,fit
bg_2019_0069,0,2019,2018,19b54b72bdde6c4bd3cbe2546f3414a4ff56cd60d6a2bcdf3d6f1f199e8b9a7a,site_fold_2,0.13689224417630744,0.003003322601934982,1.1907205814097583e-05,500,fit
bg_2019_0071,0,2019,2018,48da3e414015f3351b42e87e9218a6ceaedce537a926ba13d8759590bdad9d81,site_fold_3,0.6461798786347313,0.8824728720686363,0.8282060943541952,500,fit
bg_2019_0072,0,2019,2018,ea2e9240baa8efb8641cef5f652b1f430fd03b8bb6bdcae03cd85c7be7d79e6c,site_fold_1,0.4250038505000686,0.008621402401095397,0.005858754749675824,500,fit
bg_2019_0073,0,2019,2018,eb67dc3c4a6302c161ea7c937485d56e520ac962c08ed97fcd8cb6d32e101eed,site_fold_1,0.5047519631127699,0.0810219317558364,0.04647109488054953,500,fit
bg_2019_0074,0,2019,2018,0661378a425c8a66c4aa539a6016f77d94444565f19a404c200d8da71d881e6f,site_fold_0,0.030275937313706053,0.0005157600450777007,0.0002626906370922368,500,fit
bg_2019_0076,0,2019,2018,b0bb5e94bbb58bef0707986a0b214f4618e10f100ec3660f7f792c139b83b7bf,site_fold_3,0.4422264114666421,0.0026292962312669844,0.0006848171614751371,500,fit
bg_2019_0078,0,2019,2018,a5ca7d8f214e2cdbd499bf191e3ef82542d8fc7c4eb63c250906aecb6d052776,site_fold_1,9.75850701937055e-05,3.1395716843465907e-07,3.8586042819860843e-07,500,fit
bg_2019_0079,0,2019,2018,387293de0a4d2562776968a4c928898f0c153e19c243293da6f2314332ce8e09,site_fold_0,0.7881821064694714,0.04116900328410059,0.0043561429011501705,500,fit
bg_2019_0081,0,2019,2018,a79ec02ce4ac7963f73a96c80a4ea1fc557a0747a742e20e54654266ddade15f,site_fold_4,0.8504435883744567,0.8884608905184649,0.9303810419213592,500,fit
bg_2019_0082,0,2019,2018,5535d9eaa37e4d1a7b852f0870d6bc9cf8d44c2c849c46b6e3bc123aea922f98,site_fold_0,0.5785668095750386,8.50415350004975e-06,4.3087264224747814e-07,500,fit
bg_2019_0083,0,2019,2018,fe080c2d9abb132cc64d5557983b111ff97e3f58f287666fd5faa26bdb192287,site_fold_2,0.8058472724282426,0.2137070126976693,0.2657889516289553,500,fit
bg_2019_0085,0,2019,2018,f3ce6092bb24123a060a0495483d50073de4e4ee953fe58bd28e219e1a83baa1,site_fold_3,0.006278087502837931,0.0360944525700037,0.009984200347551962,500,fit
bg_2019_0086,0,2019,2018,2f8d0c0da0be361972dcf84753d6a3e08b6dad88a520b7d1a92b86f9b38320ac,site_fold_1,0.07781920225054507,0.0016762458502629048,0.010638542837656457,500,fit
bg_2019_0088,0,2019,2018,d948566b5d11292ec582eb153178eebb116e8d9e510bbbb560baf1319dcb07ea,site_fold_4,0.3144612182065317,0.04246102755822105,0.05226336585039299,500,fit
bg_2019_0089,0,2019,2018,30e0262a5079f27f544cfa11a50c2dac7696a1223e31b6a5743a25b88178f3f9,site_fold_1,0.5426372644280838,0.05685993304096497,0.018080900752889144,500,fit
bg_2019_0090,0,2019,2018,0ea0ea06867904ade6f0cc97d06bcc3a15a536e081b0765ae05da45dd08c935e,site_fold_3,0.4885065822340932,0.07588373405614515,0.10844456199553183,500,fit
bg_2019_0091,0,2019,2018,982618d21af830b045f8c249c93b9fe8c0ca46e8eef0f38a41b858d40f182133,site_fold_1,0.555567500198824,0.25642493862295684,0.5013595717233454,500,fit
bg_2019_0092,0,2019,2018,1329ca34dd0aa22bba0143275ea656df9883ad433541073bcd4a263e3256d123,site_fold_3,0.12112480623297325,0.23047718777100443,0.13203831815079556,500,fit
bg_2019_0093,0,2019,2018,39af272ed4011f905c7675ca8e5251a45ad8be334a928f57454f06824c57b67d,site_fold_1,0.2845904683395603,0.2660188614270343,0.03962583680108186,500,fit
bg_2019_0098,0,2019,2018,09cec87c34c3457792131d98f4e5ea7c0de72227cb164719da0895a2dd49e29f,site_fold_4,0.04399684781075714,0.8186563386827355,0.19987586274075914,500,fit
bg_2019_0099,0,2019,2018,eab8096d803acb18cc201f6ace31bbda179073d5e6a99e0d73d2ec05bccdf772,site_fold_0,0.06532293503600552,5.3863150359935734e-05,0.00016308299470762337,500,fit
bg_2019_0101,0,2019,2018,0e3e2e1f0d7500e89ab5386ac3395e82b86d098339e82b63a4f96b3de677403b,site_fold_4,0.3079880356032587,0.07685140963324207,0.009804309659673272,500,fit
bg_2019_0102,0,2019,2018,d083f6498d7fbd2e9d25a6ad0b6797fb6e2c24cc6ad3d7ca5f9713008c86dd50,site_fold_1,0.016148125113104126,0.00048419426698684183,1.1228339084977407e-05,500,fit
bg_2019_0103,0,2019,2018,094fe38ba748a64e5efdec7fb8286b4be6aadc362ada39934354d5551a5da3d0,site_fold_3,0.307941238071778,0.5838608084883556,0.4262525134076061,500,fit
bg_2019_0104,0,2019,2018,381d18bd61e34cf882bdfdf6012481b10927e35d12e6647db1266ea9a179de4a,site_fold_0,0.00048649170457697004,5.68855828087258e-05,0.00010508592190694837,500,fit
bg_2019_0105,0,2019,2018,5bb0f3030646a3eca15b3c715c0a2cc5c67d8a64036f4b26e788799479fcac9b,site_fold_4,0.5647064439359264,0.6018522322290625,0.2709065156655325,500,fit
bg_2019_0107,0,2019,2018,121ca7306a2ae0103033e3004279ef3e80366ab277effbd7df933cd44df93378,site_fold_4,0.5902434828197571,0.6845857668789808,0.6223192687641433,500,fit
bg_2019_0110,0,2019,2018,fe94a8a6361778f583248af09d52d2f8beaeed2c3a1047494990e54232abf263,site_fold_3,0.4249472842436797,0.39456900835347797,0.6023177475523247,500,fit
bg_2019_0112,0,2019,2018,9b8cfb8dd01fd7117ec530b8b1be50f430e0bba381744f956eee96179adeacee,site_fold_1,0.810542434431785,0.8771597214905256,0.6108033882522476,500,fit
bg_2019_0113,0,2019,2018,574a670bce4623563698b796be6af8072c206bfd8806e5f36ff822a332eff57b,site_fold_2,0.12443826482749644,0.8476326405881466,0.5694891908302835,500,fit
bg_2019_0114,0,2019,2018,cbf698a2629e0c40badff8fdce66678097136d982ad6e328f5e174702db1ac72,site_fold_1,0.055827812362156067,1.4896230395159442e-06,0.00034270021847024524,500,fit
bg_2019_0115,0,2019,2018,48ba22de3d6960040834837c9f93bad7da1ff9aa12c70c28cf23329daa5556b9,site_fold_0,0.2905882028704968,0.0005578824069430762,0.0007314385959078868,500,fit
bg_2019_0116,0,2019,2018,b89dc14cbabd117f4baa55fee005974d32ebb678421d282b6faf5919d4c5513d,site_fold_0,0.029652818784940534,0.6498867786828129,0.17083102303668415,500,fit
bg_2019_0117,0,2019,2018,259d5e4e331efc426e8d5cb37d174767fad44812d9c8aac2673f920f15e78ad6,site_fold_0,0.7149792448682135,0.006667353940210785,0.0420357303854009,500,fit
bg_2019_0118,0,2019,2018,8e82547d47b9be467e201fcc7a5aecc54c71aded64e0ac980099b8678439acd8,site_fold_4,0.5994003226119935,0.011419044722087563,0.006014620745781081,500,fit
bg_2019_0120,0,2019,2018,1cdab643d1b940b0693fcbf08e8a99e52473b61131de923eb8b284c32f00c4d4,site_fold_3,0.3177955503490977,0.5628027287484313,0.06602613194900724,500,fit
bg_2019_0122,0,2019,2018,bf6cb7c3b436132579c4c247e107989902b49e1a3a297a787f54b840578a302e,site_fold_3,0.22538891278876153,0.02354495312307013,0.008063356442574087,500,fit
bg_2019_0124,0,2019,2018,74a593ab813090c62b6028480a668a3959fb4e059bcc73876ed08db88d30bda2,site_fold_1,0.004017290598935825,0.0076656869577552186,0.0030248400481871405,500,fit
bg_2019_0125,0,2019,2018,669228cb6311c26fa81b0cc72a9f043cf099e2aec5da6174c5343570362b53f9,site_fold_4,0.003081977618521241,0.002687729675321395,0.0351516389638655,500,fit
bg_2019_0129,0,2019,2018,9d517f55ae5613be7e9c1f546afa3a8453196835262a2da69354022e181623af,site_fold_1,0.578281059263766,0.36439704181873944,0.09110441352592222,500,fit
bg_2019_0130,0,2019,2018,30fc7f1fd06b41eaa1cbfba3302ccf7b637fb6b97d364777008dcc7203e27e88,site_fold_3,0.6411278699155316,0.8583757991969492,0.8801126708760787,500,fit
bg_2019_0131,0,2019,2018,c70088b5f5ed553ac8d54c56b48c1be5b90a722246b8993e86f8ab252abee2b8,site_fold_2,0.6433772288569323,0.30641444717113336,0.4776627459111269,500,fit
bg_2019_0135,0,2019,2018,d4a9a61f6e816b947950df9ce5dcf1ba5199c097b89c4e2ff3146444ea11cb5e,site_fold_0,0.491555873042102,0.08183184021155772,0.08634685337329204,500,fit
bg_2019_0137,0,2019,2018,b1c60d3479151c265d732f1691c8965b5045f9f996bc435e7cc5093bbabaa7ca,site_fold_0,0.17027259043241982,0.00011141532154155478,0.011926072399698031,500,fit
bg_2019_0138,0,2019,2018,8c4da60d1d75cffc9bd0bb476c0dc48b8024afb93b7ec5dce86a348e4a515c7e,site_fold_1,0.0008769387715158801,0.0006918832657700526,2.4181615039496987e-05,500,fit
bg_2019_0140,0,2019,2018,25491912f96991025541d5f5da5a1ed06d902fbef16223d74ebe72a74b2706c0,site_fold_0,0.24449690076149458,0.037230519806714275,0.12453500879947549,500,fit
bg_2019_0142,0,2019,2018,27cf11d64439127707db65caff07bd9f503a61a6427d56ac8b3df0c792261c04,site_fold_2,0.9999999999992355,0.9999999999977798,0.38067443418006164,500,fit
bg_2019_0144,0,2019,2018,48a8d4b27be3f5a3d567610c033ac715c6277500103c9ec2d712f0b3bd427f0b,site_fold_4,0.7349580771333444,0.8231316237323572,0.5822588465028327,500,fit
bg_2019_0146,0,2019,2018,e889077796f75a8bf06a0218348506ff1aa58361a026a2158158d33545d8f8e8,site_fold_4,0.7608097220531257,0.37517978868092516,0.6578468081660905,500,fit
bg_2019_0148,0,2019,2018,7e9ec81c8ea1517e7c97d3f130bd8da15eded8367199dea08912d7fec27678bc,site_fold_4,0.8392099262105189,0.5096391877455825,0.09622584688737208,500,fit
bg_2019_0150,0,2019,2018,2d514b854a9419024c44d135af3eff0d5ec793684c36bece8e6471bba25f3d4b,site_fold_2,0.009229654971101453,0.00015339685599596035,2.3601163164514655e-05,500,fit
bg_2019_0152,0,2019,2018,ce81223ed4abc36fdbbc236f8ffb7d0ee9ea969f12ac8750196c90345354cd48,site_fold_1,0.008131287603419754,0.0005576510850675367,2.9756365801242217e-05,500,fit
bg_2019_0154,0,2019,2018,eaa88e45dc34bbc37c2c1c462247981c702e40fc4de264f8bfd709abb71da6d3,site_fold_2,0.13234783416856022,0.4525574826031326,0.3247929660858642,500,fit
bg_2019_0155,0,2019,2018,37a1b32ea4828c6949829c840f5a2c1015383861dcde49e417670a4242964123,site_fold_1,0.018010591763012923,6.526268775286577e-05,1.976001931062241e-06,500,fit
bg_2019_0157,0,2019,2018,10931396412cd75603aea0d3abeeaa86eab99d3b921d1b092b41bbab3e6b3ef3,site_fold_3,0.2473863805847374,0.00019005232112547136,0.001264420081626743,500,fit
bg_2019_0161,0,2019,2018,d49b5fbc9ceb41ca0416f4cdb698a4166b7a68f5b61831b3c486481ab9266d59,site_fold_0,0.7709472830958959,0.9473718270321653,0.9379485034947354,500,fit
bg_2019_0163,0,2019,2018,aa4923f93f3935d9017a178e2e2a00c39f8bda9e0d5768ff25899acb453cfe4f,site_fold_4,0.6668810326379483,0.017215329754310362,0.005299315110116508,500,fit
bg_2019_0165,0,2019,2018,d2fe77c5494009de82c48b234cc00ce5e962100afef8729763eebcde1fdb3ee6,site_fold_4,0.5965615181738358,0.0017259243376754356,0.0010171250558216282,500,fit
bg_2019_0167,0,2019,2018,4a3e32b2592c4bca0306e12810e632bbc064edd22a18e37cda46c14b345b44bb,site_fold_3,0.02363931488653144,7.940528194762884e-06,1.406930183266831e-05,500,fit
bg_2019_0176,0,2019,2018,f2237c29d27bd0b5346f0be444cdf4b5a741aa2fba630c9086b59654a04a210f,site_fold_2,0.16989995663328628,0.00016900447501685668,0.0009268940096161043,500,fit
bg_2019_0178,0,2019,2018,e61f9b395ebe806bb4173411398360588d9e72421527f2deafa2fdbbbb195b65,site_fold_4,0.37203799703049983,0.4959971137057981,0.7560678710672507,500,fit
bg_2019_0180,0,2019,2018,a113ed2181e2dafdd3bd4c517c782ea37e2fc64120cbcccfd433bc0ea0d1188c,site_fold_2,0.0013718550421401756,1.1117949490219869e-05,7.465904193579593e-06,500,fit
bg_2019_0182,0,2019,2018,338e23f9b352e3105dbde6ef929db218b89c42bef0ff3192ba71868dc1c03e11,site_fold_1,0.7188840362022301,0.3003610104055162,0.08574365613033284,500,fit
bg_2019_0191,0,2019,2018,cbc1c3c2479947688ce7ff97d13516aff256f9ff10811bac671aee0b4c32337a,site_fold_4,0.0012702043835683525,0.0021454217484635613,0.00030084475092851347,500,fit
bg_2019_0193,0,2019,2018,61dbfdd28521f9308c90c25b11338b8d4a84bcf61abdb389858a2ac8ee611700,site_fold_3,0.4226170610929628,0.6119863549390158,0.25582032300669755,500,fit
bg_2019_0195,0,2019,2018,84ed77966a29277f09a9d25467f5d8ab0f66d8e58892bfa6b237ad9a9a82cd74,site_fold_2,0.0007957415079250885,0.0025479618814587476,0.0008310983819252562,500,fit
bg_2019_0197,0,2019,2018,085eb8211e0d2e935d23d26841e01d26a6fd4d394c7185918f5965368be91c14,site_fold_4,0.9152931325628685,0.9692624665745586,0.9684863460374044,500,fit
bg_2019_0199,0,2019,2018,83039e54e1fa37ee25521fbe29d0a288ee1d48abb96cc75dc80796ea6e46a80e,site_fold_3,0.05374291380201664,0.0006040664998985747,0.00010883202051427628,500,fit
bg_2019_0208,0,2019,2018,7fcd19c49f8ef373af77d30b6ea657701de171b59c2cc99c492381c7fa79eb53,site_fold_2,0.006567927296420245,9.841247916696875e-09,1.6246309202773366e-08,500,fit
bg_2019_0210,0,2019,2018,81ecec5ea53df338cb8dec8a3d93efdf89b240e40ceb46e53c9c62deeb7134ad,site_fold_4,0.6449505941859272,0.5237333818341118,0.7251269325828765,500,fit
bg_2019_0212,0,2019,2018,d62a426cec03061a92b4b16ff9276a42c85c45c9bef3ede5653bbbd82d16c4a6,site_fold_1,0.4218433941623293,0.002334559269319641,0.0009681549540412579,500,fit
bg_2019_0214,0,2019,2018,adcf989dc565c016087934f1ab4ba3b574fbe4b87d6ce6c4c0efac4ac2994595,site_fold_3,0.6899064250224585,0.618104135853216,0.039950432534204355,500,fit
bg_2019_0227,0,2019,2018,f6e58d1a82b10079ee37183b7cf9cacaf6d4a553dd204c84c7040b1b90f871aa,site_fold_3,0.002085942675726171,3.1717527588520036e-06,5.354158037230223e-09,500,fit
bg_2019_0229,0,2019,2018,571d300f79ea95c93212637680e248e7f42521541f8f5180c48bc4344a8082b1,site_fold_1,0.0018899547988045586,0.0038022619401396726,0.00020033929629931563,500,fit
bg_2020_0008,0,2020,2019,e01f18c6157377aa8fea34d0849ee57ba81780ea6b458a684b38b58c1f249aa7,site_fold_1,0.007371514757258381,4.402324051965733e-05,2.5131555750448174e-05,500,fit
bg_2020_0012,0,2020,2019,031f604ccd8decf0bc0c0f1b46d764f67618a666286b5ef046ba714fd32ce319,site_fold_2,0.012039437422685904,0.0003434792766595828,0.00045353796254235214,500,fit
bg_2020_0014,0,2020,2019,96f4653cba9c5b8fffc448302fa973dfcae2a21030235ce4f086544c824fafd7,site_fold_0,0.14440326314187693,0.00011517853410579464,0.00028018314504336516,500,fit
bg_2020_0016,0,2020,2019,b567922b1a6e50fee3cb576e2441824a9c83fd4dd5fac5d1c44c98d81360cfb7,site_fold_1,0.3726952354044899,0.5281468878691258,0.4032272379782209,500,fit
bg_2020_0019,0,2020,2019,6edce6b5be5a6297cfc6785fe6eb1f9255b7a66545fc3bea508c64d379a86f22,site_fold_4,1.4297291467706401e-05,2.5636885445960424e-07,1.2130373955623052e-06,500,fit
bg_2020_0021,0,2020,2019,a74f251b2c3000fafc6ffa15b42a8c8767d1d7f96385ec57c9a92bad2775d4d8,site_fold_2,7.268062925980884e-05,1.1942233595550936e-05,6.003494648324851e-05,500,fit
bg_2020_0023,0,2020,2019,707cefe99fb18e837868489d84317ae20f18934da0f4afa2a1f2b42c41ecaec8,site_fold_1,0.0031974741850764694,0.00012686035783058728,3.0920809402254485e-05,500,fit
bg_2020_0025,0,2020,2019,7c6261366bf8edda64089f460e853aeaeda958dee0f29ba57605120c552ce3ad,site_fold_2,0.2898391991961895,0.014852116721549947,0.0291922610292003,500,fit
bg_2020_0027,0,2020,2019,07e4e2986cc515ff4959416c897bb00877a6b5e8b3b13ea6b922aa271b685181,site_fold_1,0.03126086723934243,0.005146837095501993,0.005346205110153729,500,fit
bg_2020_0029,0,2020,2019,d85443019e270af275d8e6dd883eb545895d895bb3302685db5c485b48671cbe,site_fold_4,0.043324377714216065,0.04772797151126256,0.20100805658769086,500,fit
bg_2020_0031,0,2020,2019,294277d42644ddf4e441a0ce7c53aca2bfa06820f022b5f34069e9a8a30356b2,site_fold_4,0.0013640353616118412,0.0038108257360274468,0.004338234029992484,500,fit
bg_2020_0033,0,2020,2019,21e62fc153d7c067a581956f9285d808728d0fbcc3f743972121ab385b7f240d,site_fold_3,0.5219741307333136,0.42564673101546413,0.12183717658647998,500,fit
bg_2020_0035,0,2020,2019,84e4269b50220afc54cd94d366ce19c65299d35df850ceaee93eadc2d1fba7df,site_fold_2,0.0031915976924204205,0.0008499614161664826,0.0017074180992016244,500,fit
bg_2020_0037,0,2020,2019,ec12ead14120d4fd24d16cabbbd241eb1d0fe9c16ad943805a4312845283d462,site_fold_4,0.4804550231032041,0.0055108434527758494,0.01638325202925038,500,fit
bg_2020_0040,0,2020,2019,b8e6d522bdee72713691c7fcf5a63989a868dfd95bd2cab5437e22511b06187d,site_fold_1,0.0011198390567005465,2.166841909255747e-05,4.373345970737635e-06,500,fit
bg_2020_0041,0,2020,2019,2fd1ce506e821d00b2c7dc4f3c74578abf6a9aa737fc9b17501c9a890c7b32f4,site_fold_2,0.8280123552812152,0.17142661421971234,0.06393411345979072,500,fit
bg_2020_0042,0,2020,2019,c5c162e440897a82f0cf5001e5831e1ef3a67dfe6bf07a591a79a43cc3ff74f5,site_fold_1,0.06646084686040997,0.0008621516833426242,0.0004640303892725473,500,fit
bg_2020_0043,0,2020,2019,3dc07fb46bf80b6eecd3b849850467fc614be95e21cbda76c3c7cdf7a7106cf4,site_fold_2,0.00024203745163163198,1.767792625305763e-05,1.8263283451463227e-05,500,fit
bg_2020_0045,0,2020,2019,5abac985a6deaa808eecb6a2742d5a724388c8f6c7ad871704b78b4066e386dc,site_fold_1,0.730187492425492,0.6474983716072492,0.12340015765687824,500,fit
bg_2020_0047,0,2020,2019,9b143e553b172de0a0dbcd667fcc44ff4424a8f9c8019d9c4a4518f7420b41af,site_fold_0,0.0014186222371173611,9.610594404525438e-05,0.006126056193936222,500,fit
bg_2020_0049,0,2020,2019,1a44f043ff970d264d22e596a5e8bcb7dd2eeaed1035fc9b3d7de0c36349a6e3,site_fold_3,0.43624703119733493,0.9513545644093662,0.961041112713595,500,fit
bg_2020_0051,0,2020,2019,748d2b899e4eb3beab4800bc94e8ff516e34ed0db3aef051813bec260a8670ce,site_fold_2,0.08895054412183968,0.29055201445036327,0.12634701774879029,500,fit
bg_2020_0052,0,2020,2019,dcd99ae5f275a0be2458b09742536127a22d13b902bd53e5ac740a04f46f77f3,site_fold_3,0.5700885954272377,0.31060815554745597,0.3108317420730948,500,fit
bg_2020_0053,0,2020,2019,ef5548ab378a0d6f1136921f787bedefcf308b5bf6f03841ab384a58392a796f,site_fold_3,0.02772384354372941,0.00010005881002953911,0.0014300454233701619,500,fit
bg_2020_0054,0,2020,2019,8b97daeee954f5cf8ce99941964f6b69aafbd08ff670db5383f686bb16668c44,site_fold_1,0.16594191001068173,0.022483219134283937,0.011830570251343651,500,fit
bg_2020_0056,0,2020,2019,dc2c073fab33fa44d4232f769c5e6003d6870f75c7967861a7b52e38d7c69572,site_fold_4,0.20188097078188813,0.46166079861742954,0.7618829563856185,500,fit
bg_2020_0057,0,2020,2019,d40effa8069de0fc26ed37d2c749ab608986996e969ab3f7db4ee96472d380dc,site_fold_1,0.4957112246005724,0.236419429394129,0.3824871494318147,500,fit
bg_2020_0058,0,2020,2019,203ddd064d80fc0d4e7bff11a0776d9e93419a3a6037aa9adc2c7505290a1813,site_fold_4,0.47701888172885676,0.9269630724207761,0.8391823838135485,500,fit
bg_2020_0059,0,2020,2019,f9a9ec68c6f1d2a1231e5e83d38745b60d61290ff74ac936aa8f0683822eb8eb,site_fold_0,0.872405622665227,0.5555570658552494,0.9460564714395977,500,fit
bg_2020_0061,0,2020,2019,320a5b870363bc27bd783e6d2b485a8d3972cfc67854a5a58639a25fc374f980,site_fold_0,4.997470654409433e-07,4.5934242232295225e-10,8.234659552660483e-12,500,fit
bg_2020_0062,0,2020,2019,b72bc3515d6491d4fb990553794908030b77eceda6076312844c64f5685529fc,site_fold_4,0.4742738111559188,0.02032725594670837,0.04964606087764177,500,fit
bg_2020_0064,0,2020,2019,7cf777b87c15c35cb12a26b7d8ad0f56654c2b75b6447578107c0cef8bdd2e29,site_fold_1,0.43855570544980366,0.7581742543299179,0.7986861974374256,500,fit
bg_2020_0065,0,2020,2019,2ae3e4a48561eae2ac17dd839dccd2bfa7997585727481cf2cc5ad1a544cbb29,site_fold_3,0.0040036369403600326,0.0002485485187810305,0.0015765262379132173,500,fit
bg_2020_0066,0,2020,2019,a5a2dc9c1dbe6d7af6f51645bd09cb467e8f7c186eb7d91b2a155cea8ae622ed,site_fold_3,0.22783689139139687,0.0056534855430298465,0.008494320408849475,500,fit
bg_2020_0067,0,2020,2019,b687a30ed837278ff4dadcfdef30f40b2986a06c7c79ed57693b3e6b2b1a9d33,site_fold_4,0.6151834729904115,0.9825320622335897,0.9676459803082321,500,fit
bg_2020_0069,0,2020,2019,19b54b72bdde6c4bd3cbe2546f3414a4ff56cd60d6a2bcdf3d6f1f199e8b9a7a,site_fold_2,0.24684838821583013,0.000427408801770024,0.0004928763115302861,500,fit
bg_2020_0071,0,2020,2019,48da3e414015f3351b42e87e9218a6ceaedce537a926ba13d8759590bdad9d81,site_fold_3,0.5037139797174999,0.9644757547440092,0.7673166105985618,500,fit
bg_2020_0072,0,2020,2019,ea2e9240baa8efb8641cef5f652b1f430fd03b8bb6bdcae03cd85c7be7d79e6c,site_fold_1,0.4650622735831501,0.014299981524501274,0.006424475903517866,500,fit
bg_2020_0073,0,2020,2019,eb67dc3c4a6302c161ea7c937485d56e520ac962c08ed97fcd8cb6d32e101eed,site_fold_1,0.6521723059682883,0.5051488337404368,0.3681764321685045,500,fit
bg_2020_0074,0,2020,2019,0661378a425c8a66c4aa539a6016f77d94444565f19a404c200d8da71d881e6f,site_fold_0,0.04496466983571281,0.0019467159752598355,0.0010677202835263327,500,fit
bg_2020_0076,0,2020,2019,b0bb5e94bbb58bef0707986a0b214f4618e10f100ec3660f7f792c139b83b7bf,site_fold_3,0.5961578523251947,0.01523384389032001,0.010112913554681947,500,fit
bg_2020_0078,0,2020,2019,a5ca7d8f214e2cdbd499bf191e3ef82542d8fc7c4eb63c250906aecb6d052776,site_fold_1,0.0001432343996981964,3.307292868258109e-06,7.588470706170891e-06,500,fit
bg_2020_0079,0,2020,2019,387293de0a4d2562776968a4c928898f0c153e19c243293da6f2314332ce8e09,site_fold_0,0.8117952405966149,0.032875091722914106,0.030014905068252492,500,fit
bg_2020_0081,0,2020,2019,a79ec02ce4ac7963f73a96c80a4ea1fc557a0747a742e20e54654266ddade15f,site_fold_4,0.8849925329891705,0.9894948687036152,0.9679429595033783,500,fit
bg_2020_0082,0,2020,2019,5535d9eaa37e4d1a7b852f0870d6bc9cf8d44c2c849c46b6e3bc123aea922f98,site_fold_0,0.45441956339477013,7.838900194870553e-05,1.5872183112437044e-06,500,fit
bg_2020_0083,0,2020,2019,fe080c2d9abb132cc64d5557983b111ff97e3f58f287666fd5faa26bdb192287,site_fold_2,0.8431290985415457,0.8046503452165976,0.4425945031665141,500,fit
bg_2020_0085,0,2020,2019,f3ce6092bb24123a060a0495483d50073de4e4ee953fe58bd28e219e1a83baa1,site_fold_3,0.007021254988492725,0.08810565916850588,0.02996607213586908,500,fit
bg_2020_0086,0,2020,2019,2f8d0c0da0be361972dcf84753d6a3e08b6dad88a520b7d1a92b86f9b38320ac,site_fold_1,0.10836104805959343,0.016565716170955966,0.026170149044902107,500,fit
bg_2020_0088,0,2020,2019,d948566b5d11292ec582eb153178eebb116e8d9e510bbbb560baf1319dcb07ea,site_fold_4,0.4925914105968151,0.2673249656972331,0.10126551003510766,500,fit
bg_2020_0089,0,2020,2019,30e0262a5079f27f544cfa11a50c2dac7696a1223e31b6a5743a25b88178f3f9,site_fold_1,0.6514076286071933,0.04451883614222362,0.05534668239283964,500,fit
bg_2020_0090,0,2020,2019,0ea0ea06867904ade6f0cc97d06bcc3a15a536e081b0765ae05da45dd08c935e,site_fold_3,0.5785994192974393,0.5823210747312315,0.2091505103747648,500,fit
bg_2020_0091,0,2020,2019,982618d21af830b045f8c249c93b9fe8c0ca46e8eef0f38a41b858d40f182133,site_fold_1,0.515851831372124,0.7467401474344361,0.8144437724899452,500,fit
bg_2020_0092,0,2020,2019,1329ca34dd0aa22bba0143275ea656df9883ad433541073bcd4a263e3256d123,site_fold_3,0.16516828350143326,0.25974010482758736,0.2407349592851083,500,fit
bg_2020_0093,0,2020,2019,39af272ed4011f905c7675ca8e5251a45ad8be334a928f57454f06824c57b67d,site_fold_1,0.17223429615500954,0.11032156869598429,0.16437352661243285,500,fit
bg_2020_0098,0,2020,2019,09cec87c34c3457792131d98f4e5ea7c0de72227cb164719da0895a2dd49e29f,site_fold_4,0.17321567945254152,0.9911237680657478,0.9477364649849526,500,fit
bg_2020_0099,0,2020,2019,eab8096d803acb18cc201f6ace31bbda179073d5e6a99e0d73d2ec05bccdf772,site_fold_0,0.14384611967506192,0.0004296994001269712,0.0051724665307754936,500,fit
bg_2020_0101,0,2020,2019,0e3e2e1f0d7500e89ab5386ac3395e82b86d098339e82b63a4f96b3de677403b,site_fold_4,0.3843652512715209,0.16549100447021795,0.14991672442855009,500,fit
bg_2020_0102,0,2020,2019,d083f6498d7fbd2e9d25a6ad0b6797fb6e2c24cc6ad3d7ca5f9713008c86dd50,site_fold_1,0.020685174061798366,0.0006589724590425783,0.0006265122447792551,500,fit
bg_2020_0103,0,2020,2019,094fe38ba748a64e5efdec7fb8286b4be6aadc362ada39934354d5551a5da3d0,site_fold_3,0.3249052902827079,0.8916459056428256,0.595209918977326,500,fit
bg_2020_0104,0,2020,2019,381d18bd61e34cf882bdfdf6012481b10927e35d12e6647db1266ea9a179de4a,site_fold_0,6.107130893603081e-05,1.5160851628389918e-06,4.2176903283477134e-05,500,fit
bg_2020_0105,0,2020,2019,5bb0f3030646a3eca15b3c715c0a2cc5c67d8a64036f4b26e788799479fcac9b,site_fold_4,0.5741801980059089,0.8082631920949068,0.6492921300966175,500,fit
bg_2020_0107,0,2020,2019,121ca7306a2ae0103033e3004279ef3e80366ab277effbd7df933cd44df93378,site_fold_4,0.6170950766131592,0.8747334023558653,0.650711209804783,500,fit
bg_2020_0110,0,2020,2019,fe94a8a6361778f583248af09d52d2f8beaeed2c3a1047494990e54232abf263,site_fold_3,0.5361067906640768,0.9091879480415074,0.7565743600778422,500,fit
bg_2020_0112,0,2020,2019,9b8cfb8dd01fd7117ec530b8b1be50f430e0bba381744f956eee96179adeacee,site_fold_1,0.9663868988193164,0.9906958216341207,0.978751666235703,500,fit
bg_2020_0114,0,2020,2019,cbf698a2629e0c40badff8fdce66678097136d982ad6e328f5e174702db1ac72,site_fold_1,0.07292307943012463,0.0006815102969426779,0.007078226303580943,500,fit
bg_2020_0115,0,2020,2019,48ba22de3d6960040834837c9f93bad7da1ff9aa12c70c28cf23329daa5556b9,site_fold_0,0.3135055015230942,0.001010470584863201,0.0030680631988504736,500,fit
bg_2020_0116,0,2020,2019,b89dc14cbabd117f4baa55fee005974d32ebb678421d282b6faf5919d4c5513d,site_fold_0,0.04418459853313429,0.7288295482850174,0.5822659722280424,500,fit
bg_2020_0117,0,2020,2019,259d5e4e331efc426e8d5cb37d174767fad44812d9c8aac2673f920f15e78ad6,site_fold_0,0.5990569768324514,0.01666711748406519,0.08729657016652714,500,fit
bg_2020_0118,0,2020,2019,8e82547d47b9be467e201fcc7a5aecc54c71aded64e0ac980099b8678439acd8,site_fold_4,0.6873996281877199,0.059185076205936805,0.0592937352751047,500,fit
bg_2020_0120,0,2020,2019,1cdab643d1b940b0693fcbf08e8a99e52473b61131de923eb8b284c32f00c4d4,site_fold_3,0.37023920532617377,0.6554690163664411,0.15521536411185677,500,fit
bg_2020_0122,0,2020,2019,bf6cb7c3b436132579c4c247e107989902b49e1a3a297a787f54b840578a302e,site_fold_3,0.27720930636103125,0.009428804688078827,0.03138921167020849,500,fit
bg_2020_0124,0,2020,2019,74a593ab813090c62b6028480a668a3959fb4e059bcc73876ed08db88d30bda2,site_fold_1,0.009420736603940386,0.014969759834703358,0.04848918064744292,500,fit
bg_2020_0125,0,2020,2019,669228cb6311c26fa81b0cc72a9f043cf099e2aec5da6174c5343570362b53f9,site_fold_4,0.008246834165213919,0.003738001312079453,0.22348604779647224,500,fit
bg_2020_0129,0,2020,2019,9d517f55ae5613be7e9c1f546afa3a8453196835262a2da69354022e181623af,site_fold_1,0.6412541473943955,0.5531057201752845,0.8125911430173384,500,fit
bg_2020_0130,0,2020,2019,30fc7f1fd06b41eaa1cbfba3302ccf7b637fb6b97d364777008dcc7203e27e88,site_fold_3,0.6542977753412461,0.9668413745635042,0.8388406366262079,500,fit
bg_2020_0131,0,2020,2019,c70088b5f5ed553ac8d54c56b48c1be5b90a722246b8993e86f8ab252abee2b8,site_fold_2,0.6843417279405096,0.7376430575627096,0.7726948956290807,500,fit
bg_2020_0133,0,2020,2019,f4be26be42aa63779b31705fdb787991f04b62cc376f4011ad45d4e46a90aadc,site_fold_3,0.9737030287671082,0.41084724868124356,0.29267021794070364,500,fit
bg_2020_0135,0,2020,2019,d4a9a61f6e816b947950df9ce5dcf1ba5199c097b89c4e2ff3146444ea11cb5e,site_fold_0,0.3970588353659057,0.11823385409508731,0.14486772403077716,500,fit
bg_2020_0137,0,2020,2019,b1c60d3479151c265d732f1691c8965b5045f9f996bc435e7cc5093bbabaa7ca,site_fold_0,0.17596887405882922,0.5880589573571671,0.017791150766037916,500,fit
bg_2020_0138,0,2020,2019,8c4da60d1d75cffc9bd0bb476c0dc48b8024afb93b7ec5dce86a348e4a515c7e,site_fold_1,0.0011200398926022193,0.0008928299217570085,0.0011217008875568015,500,fit
bg_2020_0140,0,2020,2019,25491912f96991025541d5f5da5a1ed06d902fbef16223d74ebe72a74b2706c0,site_fold_0,0.31303169562552446,0.04306523710099111,0.6453480587713787,500,fit
bg_2020_0142,0,2020,2019,27cf11d64439127707db65caff07bd9f503a61a6427d56ac8b3df0c792261c04,site_fold_2,0.9999999999998914,0.9999999999999856,0.9644775434135882,500,fit
bg_2020_0144,0,2020,2019,48a8d4b27be3f5a3d567610c033ac715c6277500103c9ec2d712f0b3bd427f0b,site_fold_4,0.7035299339197617,0.9271472569378919,0.8777369046968457,500,fit
bg_2020_0146,0,2020,2019,e889077796f75a8bf06a0218348506ff1aa58361a026a2158158d33545d8f8e8,site_fold_4,0.8267052973310608,0.8296054138986795,0.8409806407114203,500,fit
bg_2020_0148,0,2020,2019,7e9ec81c8ea1517e7c97d3f130bd8da15eded8367199dea08912d7fec27678bc,site_fold_4,0.8818477026146045,0.4881132968636297,0.5423966304933584,500,fit
bg_2020_0150,0,2020,2019,2d514b854a9419024c44d135af3eff0d5ec793684c36bece8e6471bba25f3d4b,site_fold_2,0.02421861282180956,0.0003493944186908777,0.001383204977091835,500,fit
bg_2020_0152,0,2020,2019,ce81223ed4abc36fdbbc236f8ffb7d0ee9ea969f12ac8750196c90345354cd48,site_fold_1,0.09262906510455957,0.005668521485853749,0.0006778389610545819,500,fit
bg_2020_0154,0,2020,2019,eaa88e45dc34bbc37c2c1c462247981c702e40fc4de264f8bfd709abb71da6d3,site_fold_2,0.07417603862415724,0.4013521145236232,0.5002549924170873,500,fit
bg_2020_0155,0,2020,2019,37a1b32ea4828c6949829c840f5a2c1015383861dcde49e417670a4242964123,site_fold_1,0.020476704110406998,4.294396932149958e-05,1.679403010391679e-05,500,fit
bg_2020_0157,0,2020,2019,10931396412cd75603aea0d3abeeaa86eab99d3b921d1b092b41bbab3e6b3ef3,site_fold_3,0.2988592349043853,0.004493897008453053,0.009228518155622947,500,fit
bg_2020_0161,0,2020,2019,d49b5fbc9ceb41ca0416f4cdb698a4166b7a68f5b61831b3c486481ab9266d59,site_fold_0,0.8779875286617784,0.9903747165541842,0.9789648418475371,500,fit
bg_2020_0163,0,2020,2019,aa4923f93f3935d9017a178e2e2a00c39f8bda9e0d5768ff25899acb453cfe4f,site_fold_4,0.6377508544989876,0.12469763740092547,0.3876897784579402,500,fit
bg_2020_0165,0,2020,2019,d2fe77c5494009de82c48b234cc00ce5e962100afef8729763eebcde1fdb3ee6,site_fold_4,0.5776870886053517,0.001562141125726907,0.002515324994292553,500,fit
bg_2020_0167,0,2020,2019,4a3e32b2592c4bca0306e12810e632bbc064edd22a18e37cda46c14b345b44bb,site_fold_3,0.26292503379732574,0.00010185217492668586,0.011588524502795381,500,fit
bg_2020_0176,0,2020,2019,f2237c29d27bd0b5346f0be444cdf4b5a741aa2fba630c9086b59654a04a210f,site_fold_2,0.4897797273752759,0.0014042106147237306,0.08918941640575442,500,fit
bg_2020_0178,0,2020,2019,e61f9b395ebe806bb4173411398360588d9e72421527f2deafa2fdbbbb195b65,site_fold_4,0.4361441601328988,0.6240689033236484,0.8680248685414723,500,fit
bg_2020_0180,0,2020,2019,a113ed2181e2dafdd3bd4c517c782ea37e2fc64120cbcccfd433bc0ea0d1188c,site_fold_2,0.014323721731619415,3.751915625630688e-05,6.074789666838284e-05,500,fit
bg_2020_0182,0,2020,2019,338e23f9b352e3105dbde6ef929db218b89c42bef0ff3192ba71868dc1c03e11,site_fold_1,0.7854182211342559,0.6416498030484348,0.66152255723842,500,fit
bg_2020_0191,0,2020,2019,cbc1c3c2479947688ce7ff97d13516aff256f9ff10811bac671aee0b4c32337a,site_fold_4,0.0033777834231079836,0.0004655737971626163,0.001826296379955697,500,fit
bg_2020_0193,0,2020,2019,61dbfdd28521f9308c90c25b11338b8d4a84bcf61abdb389858a2ac8ee611700,site_fold_3,0.4740672296533498,0.7822005686902204,0.6813211374992063,500,fit
bg_2020_0195,0,2020,2019,84ed77966a29277f09a9d25467f5d8ab0f66d8e58892bfa6b237ad9a9a82cd74,site_fold_2,0.0006072996582372109,0.003237881099338807,0.003538983335742937,500,fit
bg_2020_0197,0,2020,2019,085eb8211e0d2e935d23d26841e01d26a6fd4d394c7185918f5965368be91c14,site_fold_4,0.9721343338943493,0.996416673202831,0.9984837343093771,500,fit
bg_2020_0199,0,2020,2019,83039e54e1fa37ee25521fbe29d0a288ee1d48abb96cc75dc80796ea6e46a80e,site_fold_3,0.04832703238160049,0.0002367259180041773,0.006366590125944512,500,fit
bg_2020_0208,0,2020,2019,7fcd19c49f8ef373af77d30b6ea657701de171b59c2cc99c492381c7fa79eb53,site_fold_2,0.01940389199242519,1.9553299077329505e-07,1.3871133222267635e-07,500,fit
bg_2020_0210,0,2020,2019,81ecec5ea53df338cb8dec8a3d93efdf89b240e40ceb46e53c9c62deeb7134ad,site_fold_4,0.6896294179404584,0.8961632451275114,0.9298097149608784,500,fit
bg_2020_0212,0,2020,2019,d62a426cec03061a92b4b16ff9276a42c85c45c9bef3ede5653bbbd82d16c4a6,site_fold_1,0.2867083079455848,0.006476092000388462,0.019974443835100063,500,fit
bg_2020_0214,0,2020,2019,adcf989dc565c016087934f1ab4ba3b574fbe4b87d6ce6c4c0efac4ac2994595,site_fold_3,0.7685212128840994,0.6975125703181636,0.5502229249468336,500,fit
bg_2020_0227,0,2020,2019,f6e58d1a82b10079ee37183b7cf9cacaf6d4a553dd204c84c7040b1b90f871aa,site_fold_3,0.0023656889248964883,1.4964868495488083e-06,1.3956836150840943e-06,500,fit
bg_2020_0229,0,2020,2019,571d300f79ea95c93212637680e248e7f42521541f8f5180c48bc4344a8082b1,site_fold_1,0.009224813772535355,0.04361564246685534,0.005736924236712747,500,fit
bg_2023_0008,0,2023,2022,e01f18c6157377aa8fea34d0849ee57ba81780ea6b458a684b38b58c1f249aa7,site_fold_1,0.015852421254786586,0.0011390240608224788,0.002987582288421327,500,fit
bg_2023_0012,0,2023,2022,031f604ccd8decf0bc0c0f1b46d764f67618a666286b5ef046ba714fd32ce319,site_fold_2,0.0025863223387563483,1.847936379213605e-05,0.00032885338172398173,500,fit
bg_2023_0014,0,2023,2022,96f4653cba9c5b8fffc448302fa973dfcae2a21030235ce4f086544c824fafd7,site_fold_0,0.056642788033768654,4.4863220791748925e-05,0.0009968911391158761,500,fit
bg_2023_0016,0,2023,2022,b567922b1a6e50fee3cb576e2441824a9c83fd4dd5fac5d1c44c98d81360cfb7,site_fold_1,0.250614135204477,0.6854546418310453,0.5387086280249024,500,fit
bg_2023_0019,0,2023,2022,6edce6b5be5a6297cfc6785fe6eb1f9255b7a66545fc3bea508c64d379a86f22,site_fold_4,8.889239561523148e-06,1.3190298846705732e-07,2.4678389342948372e-06,500,fit
bg_2023_0021,0,2023,2022,a74f251b2c3000fafc6ffa15b42a8c8767d1d7f96385ec57c9a92bad2775d4d8,site_fold_2,0.0003850425712870797,9.754729371236115e-05,0.0008415604945602108,500,fit
bg_2023_0023,0,2023,2022,707cefe99fb18e837868489d84317ae20f18934da0f4afa2a1f2b42c41ecaec8,site_fold_1,0.0017193863193857672,6.488326726071726e-05,4.153712826448741e-06,500,fit
bg_2023_0025,0,2023,2022,7c6261366bf8edda64089f460e853aeaeda958dee0f29ba57605120c552ce3ad,site_fold_2,0.20013983722429138,0.04200741942873194,0.05043467635320306,500,fit
bg_2023_0027,0,2023,2022,07e4e2986cc515ff4959416c897bb00877a6b5e8b3b13ea6b922aa271b685181,site_fold_1,0.03658925318577013,0.028833644017603473,0.0060690208467008054,500,fit
bg_2023_0029,0,2023,2022,d85443019e270af275d8e6dd883eb545895d895bb3302685db5c485b48671cbe,site_fold_4,0.03431973575447218,0.08051984617582518,0.4505717601404609,500,fit
bg_2023_0031,0,2023,2022,294277d42644ddf4e441a0ce7c53aca2bfa06820f022b5f34069e9a8a30356b2,site_fold_4,0.0020665054749786833,0.004495748453530084,0.0019341217536717544,500,fit
bg_2023_0033,0,2023,2022,21e62fc153d7c067a581956f9285d808728d0fbcc3f743972121ab385b7f240d,site_fold_3,0.5034279272103062,0.09875237652321,0.34611976874589384,500,fit
bg_2023_0035,0,2023,2022,84e4269b50220afc54cd94d366ce19c65299d35df850ceaee93eadc2d1fba7df,site_fold_2,0.005524819459172592,0.001270770111296185,0.013312948208868934,500,fit
bg_2023_0037,0,2023,2022,ec12ead14120d4fd24d16cabbbd241eb1d0fe9c16ad943805a4312845283d462,site_fold_4,0.3105127034386798,0.06770560192216751,0.01081106894058941,500,fit
bg_2023_0040,0,2023,2022,b8e6d522bdee72713691c7fcf5a63989a868dfd95bd2cab5437e22511b06187d,site_fold_1,0.00513849237628848,2.541119415301928e-05,8.664514204669365e-06,500,fit
bg_2023_0041,0,2023,2022,2fd1ce506e821d00b2c7dc4f3c74578abf6a9aa737fc9b17501c9a890c7b32f4,site_fold_2,0.8794006887964705,0.4284642924589249,0.7423613461198662,500,fit
bg_2023_0042,0,2023,2022,c5c162e440897a82f0cf5001e5831e1ef3a67dfe6bf07a591a79a43cc3ff74f5,site_fold_1,0.016038958515283617,0.014097983072639892,0.001048369366262991,500,fit
bg_2023_0043,0,2023,2022,3dc07fb46bf80b6eecd3b849850467fc614be95e21cbda76c3c7cdf7a7106cf4,site_fold_2,0.0002530449553874493,4.02008897488121e-05,1.844849815344389e-05,500,fit
bg_2023_0045,0,2023,2022,5abac985a6deaa808eecb6a2742d5a724388c8f6c7ad871704b78b4066e386dc,site_fold_1,0.48895766336198054,0.295474600227546,0.08740052187339822,500,fit
bg_2023_0047,0,2023,2022,9b143e553b172de0a0dbcd667fcc44ff4424a8f9c8019d9c4a4518f7420b41af,site_fold_0,0.0006900916700938839,0.00021490355154445443,0.006495507217773554,500,fit
bg_2023_0049,0,2023,2022,1a44f043ff970d264d22e596a5e8bcb7dd2eeaed1035fc9b3d7de0c36349a6e3,site_fold_3,0.5817375216164705,0.987021023103291,0.9673366200358373,500,fit
bg_2023_0051,0,2023,2022,748d2b899e4eb3beab4800bc94e8ff516e34ed0db3aef051813bec260a8670ce,site_fold_2,0.2856094464378117,0.6031615171878344,0.7323993001503466,500,fit
bg_2023_0052,0,2023,2022,dcd99ae5f275a0be2458b09742536127a22d13b902bd53e5ac740a04f46f77f3,site_fold_3,0.2677552471540617,0.0006110733078473506,0.0066922933984341505,500,fit
bg_2023_0053,0,2023,2022,ef5548ab378a0d6f1136921f787bedefcf308b5bf6f03841ab384a58392a796f,site_fold_3,0.04305666882781558,0.00011071654690451117,1.5031133313301166e-05,500,fit
bg_2023_0054,0,2023,2022,8b97daeee954f5cf8ce99941964f6b69aafbd08ff670db5383f686bb16668c44,site_fold_1,0.44293751217146654,0.014266352399881612,0.0011091085444587903,500,fit
bg_2023_0056,0,2023,2022,dc2c073fab33fa44d4232f769c5e6003d6870f75c7967861a7b52e38d7c69572,site_fold_4,0.4967919524252723,0.2942648307258525,0.2749485745531764,500,fit
bg_2023_0057,0,2023,2022,d40effa8069de0fc26ed37d2c749ab608986996e969ab3f7db4ee96472d380dc,site_fold_1,0.3561834068650241,0.2388848273558104,0.24927814703804266,500,fit
bg_2023_0058,0,2023,2022,203ddd064d80fc0d4e7bff11a0776d9e93419a3a6037aa9adc2c7505290a1813,site_fold_4,0.3680258764082915,0.595544573457889,0.47714479326244735,500,fit
bg_2023_0059,0,2023,2022,f9a9ec68c6f1d2a1231e5e83d38745b60d61290ff74ac936aa8f0683822eb8eb,site_fold_0,0.9010296601430118,0.9527237427467515,0.9622919417099887,500,fit
bg_2023_0061,0,2023,2022,320a5b870363bc27bd783e6d2b485a8d3972cfc67854a5a58639a25fc374f980,site_fold_0,2.2666041703178568e-07,1.8469815716963122e-09,7.041633659809983e-12,500,fit
bg_2023_0062,0,2023,2022,b72bc3515d6491d4fb990553794908030b77eceda6076312844c64f5685529fc,site_fold_4,0.4966412446964723,0.013216036354984367,0.01997297841348282,500,fit
bg_2023_0064,0,2023,2022,7cf777b87c15c35cb12a26b7d8ad0f56654c2b75b6447578107c0cef8bdd2e29,site_fold_1,0.4235895401420152,0.7486548744008783,0.5634146644614398,500,fit
bg_2023_0065,0,2023,2022,2ae3e4a48561eae2ac17dd839dccd2bfa7997585727481cf2cc5ad1a544cbb29,site_fold_3,0.003114359261110582,0.0006649638340566889,0.001071591561879049,500,fit
bg_2023_0066,0,2023,2022,a5a2dc9c1dbe6d7af6f51645bd09cb467e8f7c186eb7d91b2a155cea8ae622ed,site_fold_3,0.27364358912332887,0.0796686872261462,0.003463987631796561,500,fit
bg_2023_0067,0,2023,2022,b687a30ed837278ff4dadcfdef30f40b2986a06c7c79ed57693b3e6b2b1a9d33,site_fold_4,0.582676755929702,0.8352775777634625,0.8419364547634038,500,fit
bg_2023_0069,0,2023,2022,19b54b72bdde6c4bd3cbe2546f3414a4ff56cd60d6a2bcdf3d6f1f199e8b9a7a,site_fold_2,0.19476298399874098,0.03724149766326902,0.2571780886672938,500,fit
bg_2023_0071,0,2023,2022,48da3e414015f3351b42e87e9218a6ceaedce537a926ba13d8759590bdad9d81,site_fold_3,0.6467735539161746,0.8485484548660923,0.4035960332803456,500,fit
bg_2023_0072,0,2023,2022,ea2e9240baa8efb8641cef5f652b1f430fd03b8bb6bdcae03cd85c7be7d79e6c,site_fold_1,0.5083554071325364,0.025222925687969838,0.004073248410322312,500,fit
bg_2023_0073,0,2023,2022,eb67dc3c4a6302c161ea7c937485d56e520ac962c08ed97fcd8cb6d32e101eed,site_fold_1,0.7394968488189064,0.21878337164465825,0.04179684476028172,500,fit
bg_2023_0074,0,2023,2022,0661378a425c8a66c4aa539a6016f77d94444565f19a404c200d8da71d881e6f,site_fold_0,0.08395939096343595,0.0036251767073134868,0.023551716669033294,500,fit
bg_2023_0076,0,2023,2022,b0bb5e94bbb58bef0707986a0b214f4618e10f100ec3660f7f792c139b83b7bf,site_fold_3,0.5405284123286646,0.044911563007060104,0.023207144561351853,500,fit
bg_2023_0078,0,2023,2022,a5ca7d8f214e2cdbd499bf191e3ef82542d8fc7c4eb63c250906aecb6d052776,site_fold_1,0.0001340293007142325,7.86889906119696e-06,2.6148649196144e-07,500,fit
bg_2023_0079,0,2023,2022,387293de0a4d2562776968a4c928898f0c153e19c243293da6f2314332ce8e09,site_fold_0,0.7548074249853091,0.5161795875565559,0.004470257216210308,500,fit
bg_2023_0081,0,2023,2022,a79ec02ce4ac7963f73a96c80a4ea1fc557a0747a742e20e54654266ddade15f,site_fold_4,0.8643775963276248,0.9835674274246634,0.8148618184327717,500,fit
bg_2023_0082,0,2023,2022,5535d9eaa37e4d1a7b852f0870d6bc9cf8d44c2c849c46b6e3bc123aea922f98,site_fold_0,0.9571917452600888,0.03735751301255621,0.0002850637603550256,500,fit
bg_2023_0083,0,2023,2022,fe080c2d9abb132cc64d5557983b111ff97e3f58f287666fd5faa26bdb192287,site_fold_2,0.8222170518739778,0.7170838601244781,0.20393082903426607,500,fit
bg_2023_0085,0,2023,2022,f3ce6092bb24123a060a0495483d50073de4e4ee953fe58bd28e219e1a83baa1,site_fold_3,0.01071845436071277,0.06277894713801659,0.021882905887996004,500,fit
bg_2023_0086,0,2023,2022,2f8d0c0da0be361972dcf84753d6a3e08b6dad88a520b7d1a92b86f9b38320ac,site_fold_1,0.20974171919269113,0.2662905023086608,0.04154129970009348,500,fit
bg_2023_0088,0,2023,2022,d948566b5d11292ec582eb153178eebb116e8d9e510bbbb560baf1319dcb07ea,site_fold_4,0.34518684494429686,0.08768427209683885,0.07745675677561788,500,fit
bg_2023_0089,0,2023,2022,30e0262a5079f27f544cfa11a50c2dac7696a1223e31b6a5743a25b88178f3f9,site_fold_1,0.6310225046293009,0.04790110165468748,0.03808412647607812,500,fit
bg_2023_0090,0,2023,2022,0ea0ea06867904ade6f0cc97d06bcc3a15a536e081b0765ae05da45dd08c935e,site_fold_3,0.8029626956028154,0.27044578768909583,0.4244964847825056,500,fit
bg_2023_0091,0,2023,2022,982618d21af830b045f8c249c93b9fe8c0ca46e8eef0f38a41b858d40f182133,site_fold_1,0.5778849367699682,0.8206345692098008,0.290906701785746,500,fit
bg_2023_0092,0,2023,2022,1329ca34dd0aa22bba0143275ea656df9883ad433541073bcd4a263e3256d123,site_fold_3,0.19393956377635246,0.7561247402778205,0.3993655723949342,500,fit
bg_2023_0093,0,2023,2022,39af272ed4011f905c7675ca8e5251a45ad8be334a928f57454f06824c57b67d,site_fold_1,0.22283226245619914,0.27951361640868533,0.02917169096214747,500,fit
bg_2023_0098,0,2023,2022,09cec87c34c3457792131d98f4e5ea7c0de72227cb164719da0895a2dd49e29f,site_fold_4,0.15217333918335602,0.997975414947811,0.8889684904772027,500,fit
bg_2023_0099,0,2023,2022,eab8096d803acb18cc201f6ace31bbda179073d5e6a99e0d73d2ec05bccdf772,site_fold_0,0.10598752224226063,6.98172490534146e-05,0.0009535438676089658,500,fit
bg_2023_0101,0,2023,2022,0e3e2e1f0d7500e89ab5386ac3395e82b86d098339e82b63a4f96b3de677403b,site_fold_4,0.35648340615336527,0.2102777359693938,0.042544732780390594,500,fit
bg_2023_0102,0,2023,2022,d083f6498d7fbd2e9d25a6ad0b6797fb6e2c24cc6ad3d7ca5f9713008c86dd50,site_fold_1,0.05607671126755037,0.021116869095396007,4.663103587351038e-05,500,fit
bg_2023_0103,0,2023,2022,094fe38ba748a64e5efdec7fb8286b4be6aadc362ada39934354d5551a5da3d0,site_fold_3,0.3436763594254253,0.513287994357453,0.27341467063431063,500,fit
bg_2023_0104,0,2023,2022,381d18bd61e34cf882bdfdf6012481b10927e35d12e6647db1266ea9a179de4a,site_fold_0,0.0006067916711396002,0.00012428694744057286,0.00011599277167771458,500,fit
bg_2023_0105,0,2023,2022,5bb0f3030646a3eca15b3c715c0a2cc5c67d8a64036f4b26e788799479fcac9b,site_fold_4,0.6366166369823335,0.6819270368568316,0.6404544141268689,500,fit
bg_2023_0107,0,2023,2022,121ca7306a2ae0103033e3004279ef3e80366ab277effbd7df933cd44df93378,site_fold_4,0.6667309991140268,0.8123362661031511,0.602606606512962,500,fit
bg_2023_0110,0,2023,2022,fe94a8a6361778f583248af09d52d2f8beaeed2c3a1047494990e54232abf263,site_fold_3,0.4976992588852602,0.7412255275606152,0.677423966867463,500,fit
bg_2023_0112,0,2023,2022,9b8cfb8dd01fd7117ec530b8b1be50f430e0bba381744f956eee96179adeacee,site_fold_1,0.8440067930412362,0.9927577624217618,0.9520141587562838,500,fit
bg_2023_0114,0,2023,2022,cbf698a2629e0c40badff8fdce66678097136d982ad6e328f5e174702db1ac72,site_fold_1,0.015542049819017313,0.000600941587573297,0.00013284769533591516,500,fit
bg_2023_0115,0,2023,2022,48ba22de3d6960040834837c9f93bad7da1ff9aa12c70c28cf23329daa5556b9,site_fold_0,0.3143946380102474,0.05946425315699879,0.007260918422278408,500,fit
bg_2023_0116,0,2023,2022,b89dc14cbabd117f4baa55fee005974d32ebb678421d282b6faf5919d4c5513d,site_fold_0,0.046314477594313806,0.577130037963251,0.5628452636697854,500,fit
bg_2023_0117,0,2023,2022,259d5e4e331efc426e8d5cb37d174767fad44812d9c8aac2673f920f15e78ad6,site_fold_0,0.6540567500111324,0.02115277602970289,0.06491950054019144,500,fit
bg_2023_0118,0,2023,2022,8e82547d47b9be467e201fcc7a5aecc54c71aded64e0ac980099b8678439acd8,site_fold_4,0.6556447194288197,0.08937065536727382,0.054610911936314274,500,fit
bg_2023_0120,0,2023,2022,1cdab643d1b940b0693fcbf08e8a99e52473b61131de923eb8b284c32f00c4d4,site_fold_3,0.40612163237051846,0.2992292293343093,0.018403965063767066,500,fit
bg_2023_0122,0,2023,2022,bf6cb7c3b436132579c4c247e107989902b49e1a3a297a787f54b840578a302e,site_fold_3,0.31535927806132824,0.024370776889494673,0.022358935930193256,500,fit
bg_2023_0124,0,2023,2022,74a593ab813090c62b6028480a668a3959fb4e059bcc73876ed08db88d30bda2,site_fold_1,0.014263880564514518,0.025478596863891083,0.0055903425414911825,500,fit
bg_2023_0125,0,2023,2022,669228cb6311c26fa81b0cc72a9f043cf099e2aec5da6174c5343570362b53f9,site_fold_4,0.004388052855509208,0.0025969543877242887,0.26563693188288134,500,fit
bg_2023_0129,0,2023,2022,9d517f55ae5613be7e9c1f546afa3a8453196835262a2da69354022e181623af,site_fold_1,0.6607712792797114,0.8624245372189202,0.6911409340423302,500,fit
bg_2023_0130,0,2023,2022,30fc7f1fd06b41eaa1cbfba3302ccf7b637fb6b97d364777008dcc7203e27e88,site_fold_3,0.6458545037842257,0.9588014025561585,0.8343168670959961,500,fit
bg_2023_0131,0,2023,2022,c70088b5f5ed553ac8d54c56b48c1be5b90a722246b8993e86f8ab252abee2b8,site_fold_2,0.739313728491046,0.654792029449516,0.6834911067951805,500,fit
bg_2023_0133,0,2023,2022,f4be26be42aa63779b31705fdb787991f04b62cc376f4011ad45d4e46a90aadc,site_fold_3,0.8731627523817546,0.6681142533256555,0.2289431351779884,500,fit
bg_2023_0135,0,2023,2022,d4a9a61f6e816b947950df9ce5dcf1ba5199c097b89c4e2ff3146444ea11cb5e,site_fold_0,0.3657584076794369,0.2701597592249939,0.3764734398184084,500,fit
bg_2023_0137,0,2023,2022,b1c60d3479151c265d732f1691c8965b5045f9f996bc435e7cc5093bbabaa7ca,site_fold_0,0.1980139120551977,0.17458350633549866,0.18974237923530282,500,fit
bg_2023_0138,0,2023,2022,8c4da60d1d75cffc9bd0bb476c0dc48b8024afb93b7ec5dce86a348e4a515c7e,site_fold_1,0.0017659168279353756,0.006693570131731023,0.0012376572752707702,500,fit
bg_2023_0140,0,2023,2022,25491912f96991025541d5f5da5a1ed06d902fbef16223d74ebe72a74b2706c0,site_fold_0,0.28493098339722267,0.34550791151286214,0.6197606186949526,500,fit
bg_2023_0142,0,2023,2022,27cf11d64439127707db65caff07bd9f503a61a6427d56ac8b3df0c792261c04,site_fold_2,0.9999999999999514,0.9999999999999998,0.9992807321991318,500,fit
bg_2023_0144,0,2023,2022,48a8d4b27be3f5a3d567610c033ac715c6277500103c9ec2d712f0b3bd427f0b,site_fold_4,0.6976315353979738,0.48644640666192457,0.4102399936256776,500,fit
bg_2023_0146,0,2023,2022,e889077796f75a8bf06a0218348506ff1aa58361a026a2158158d33545d8f8e8,site_fold_4,0.8185630870919813,0.9390348570324154,0.7915331978626193,500,fit
bg_2023_0148,0,2023,2022,7e9ec81c8ea1517e7c97d3f130bd8da15eded8367199dea08912d7fec27678bc,site_fold_4,0.8090086794716836,0.22760608377145583,0.30631097330269214,500,fit
bg_2023_0150,0,2023,2022,2d514b854a9419024c44d135af3eff0d5ec793684c36bece8e6471bba25f3d4b,site_fold_2,0.016929999668645397,0.0007654858326813357,0.00878874617870751,500,fit
bg_2023_0152,0,2023,2022,ce81223ed4abc36fdbbc236f8ffb7d0ee9ea969f12ac8750196c90345354cd48,site_fold_1,0.10444971208843912,0.09876288142769094,0.005127226789814139,500,fit
bg_2023_0154,0,2023,2022,eaa88e45dc34bbc37c2c1c462247981c702e40fc4de264f8bfd709abb71da6d3,site_fold_2,0.17865797034618272,0.7408435057993271,0.7081742738164729,500,fit
bg_2023_0155,0,2023,2022,37a1b32ea4828c6949829c840f5a2c1015383861dcde49e417670a4242964123,site_fold_1,0.02334677779557013,0.00016182389754224326,8.461298444285507e-06,500,fit
bg_2023_0157,0,2023,2022,10931396412cd75603aea0d3abeeaa86eab99d3b921d1b092b41bbab3e6b3ef3,site_fold_3,0.23814252150391055,0.009639799801604676,0.003506393987377737,500,fit
bg_2023_0161,0,2023,2022,d49b5fbc9ceb41ca0416f4cdb698a4166b7a68f5b61831b3c486481ab9266d59,site_fold_0,0.6748694373037468,0.9840291867434239,0.9486497237099546,500,fit
bg_2023_0163,0,2023,2022,aa4923f93f3935d9017a178e2e2a00c39f8bda9e0d5768ff25899acb453cfe4f,site_fold_4,0.5002440717002787,0.07523374905348429,0.14221498101776517,500,fit
bg_2023_0165,0,2023,2022,d2fe77c5494009de82c48b234cc00ce5e962100afef8729763eebcde1fdb3ee6,site_fold_4,0.6504115750730622,0.0077190013563043286,0.009828363500745898,500,fit
bg_2023_0167,0,2023,2022,4a3e32b2592c4bca0306e12810e632bbc064edd22a18e37cda46c14b345b44bb,site_fold_3,0.09386702631087927,1.3468744543375233e-05,0.0026042816709400435,500,fit
bg_2023_0176,0,2023,2022,f2237c29d27bd0b5346f0be444cdf4b5a741aa2fba630c9086b59654a04a210f,site_fold_2,0.5828238620762278,0.45106126740400887,0.0883020240663604,500,fit
bg_2023_0178,0,2023,2022,e61f9b395ebe806bb4173411398360588d9e72421527f2deafa2fdbbbb195b65,site_fold_4,0.4377801042911514,0.4525744505339288,0.654341281432648,500,fit
bg_2023_0180,0,2023,2022,a113ed2181e2dafdd3bd4c517c782ea37e2fc64120cbcccfd433bc0ea0d1188c,site_fold_2,0.005360258136353472,0.00033766000443142624,0.00030759865504084147,500,fit
bg_2023_0182,0,2023,2022,338e23f9b352e3105dbde6ef929db218b89c42bef0ff3192ba71868dc1c03e11,site_fold_1,0.6388814480202906,0.8811062984268987,0.8745950488257597,500,fit
bg_2023_0191,0,2023,2022,cbc1c3c2479947688ce7ff97d13516aff256f9ff10811bac671aee0b4c32337a,site_fold_4,0.004049963323796756,0.0008740568678455004,0.03645606756117916,500,fit
bg_2023_0193,0,2023,2022,61dbfdd28521f9308c90c25b11338b8d4a84bcf61abdb389858a2ac8ee611700,site_fold_3,0.4012894659648948,0.9294606499264706,0.18056167795130837,500,fit
bg_2023_0195,0,2023,2022,84ed77966a29277f09a9d25467f5d8ab0f66d8e58892bfa6b237ad9a9a82cd74,site_fold_2,0.0011503945795815276,0.019280932412093905,0.07281664285127042,500,fit
bg_2023_0197,0,2023,2022,085eb8211e0d2e935d23d26841e01d26a6fd4d394c7185918f5965368be91c14,site_fold_4,0.9434155790153008,0.9808303688683743,0.9972319049914115,500,fit
bg_2023_0199,0,2023,2022,83039e54e1fa37ee25521fbe29d0a288ee1d48abb96cc75dc80796ea6e46a80e,site_fold_3,0.03334706524120721,0.00012617118589402693,0.0055314225662148366,500,fit
bg_2023_0208,0,2023,2022,7fcd19c49f8ef373af77d30b6ea657701de171b59c2cc99c492381c7fa79eb53,site_fold_2,0.023697786200810193,3.330487443565723e-07,9.623323181953724e-07,500,fit
bg_2023_0210,0,2023,2022,81ecec5ea53df338cb8dec8a3d93efdf89b240e40ceb46e53c9c62deeb7134ad,site_fold_4,0.7183188946449874,0.8761730535629122,0.9222916899387246,500,fit
bg_2023_0212,0,2023,2022,d62a426cec03061a92b4b16ff9276a42c85c45c9bef3ede5653bbbd82d16c4a6,site_fold_1,0.44587571328003056,0.011342143553982824,0.06917403588800732,500,fit
bg_2023_0214,0,2023,2022,adcf989dc565c016087934f1ab4ba3b574fbe4b87d6ce6c4c0efac4ac2994595,site_fold_3,0.7190631977909256,0.1712222395453751,0.882335766948768,500,fit
bg_2023_0227,0,2023,2022,f6e58d1a82b10079ee37183b7cf9cacaf6d4a553dd204c84c7040b1b90f871aa,site_fold_3,0.0013554246533447004,3.989552929547076e-07,1.8293695197698366e-06,500,fit
bg_2023_0229,0,2023,2022,571d300f79ea95c93212637680e248e7f42521541f8f5180c48bc4344a8082b1,site_fold_1,0.00512195607400623,0.04620414290029662,0.005447427180299982,500,fit
bg_2024_0008,0,2024,2023,e01f18c6157377aa8fea34d0849ee57ba81780ea6b458a684b38b58c1f249aa7,site_fold_1,0.02719903827158457,0.0008856807279965305,0.001415865587318997,500,fit
bg_2024_0012,0,2024,2023,031f604ccd8decf0bc0c0f1b46d764f67618a666286b5ef046ba714fd32ce319,site_fold_2,0.004763879308442148,0.0002363595513960299,0.0002517556090292952,500,fit
bg_2024_0014,0,2024,2023,96f4653cba9c5b8fffc448302fa973dfcae2a21030235ce4f086544c824fafd7,site_fold_0,0.14146576242792847,0.0006867310289498229,0.006365956792292646,500,fit
bg_2024_0016,0,2024,2023,b567922b1a6e50fee3cb576e2441824a9c83fd4dd5fac5d1c44c98d81360cfb7,site_fold_1,0.20875033839240198,0.5746983060993749,0.744313212626403,500,fit
bg_2024_0019,0,2024,2023,6edce6b5be5a6297cfc6785fe6eb1f9255b7a66545fc3bea508c64d379a86f22,site_fold_4,3.455657153630312e-05,1.851747683172637e-06,1.6711386859479604e-05,500,fit
bg_2024_0021,0,2024,2023,a74f251b2c3000fafc6ffa15b42a8c8767d1d7f96385ec57c9a92bad2775d4d8,site_fold_2,7.812823709365045e-05,5.164434458180052e-06,9.042553475817154e-05,500,fit
bg_2024_0023,0,2024,2023,707cefe99fb18e837868489d84317ae20f18934da0f4afa2a1f2b42c41ecaec8,site_fold_1,0.005451152658471884,0.00015250764952316154,4.090059721660776e-05,500,fit
bg_2024_0025,0,2024,2023,7c6261366bf8edda64089f460e853aeaeda958dee0f29ba57605120c552ce3ad,site_fold_2,0.34129032182416097,0.13882085900981084,0.06660321703269752,500,fit
bg_2024_0027,0,2024,2023,07e4e2986cc515ff4959416c897bb00877a6b5e8b3b13ea6b922aa271b685181,site_fold_1,0.026549503527308855,0.04264391485225843,0.008834842265866772,500,fit
bg_2024_0029,0,2024,2023,d85443019e270af275d8e6dd883eb545895d895bb3302685db5c485b48671cbe,site_fold_4,0.048390600915893346,0.5006759176681997,0.48256673770641817,500,fit
bg_2024_0031,0,2024,2023,294277d42644ddf4e441a0ce7c53aca2bfa06820f022b5f34069e9a8a30356b2,site_fold_4,0.001824141626004673,0.02497839339107968,0.0027985042086389592,500,fit
bg_2024_0033,0,2024,2023,21e62fc153d7c067a581956f9285d808728d0fbcc3f743972121ab385b7f240d,site_fold_3,0.5484458850026495,0.7593388815838827,0.2151923687870282,500,fit
bg_2024_0035,0,2024,2023,84e4269b50220afc54cd94d366ce19c65299d35df850ceaee93eadc2d1fba7df,site_fold_2,0.006804880280385455,0.04427655951217267,0.005451083986902246,500,fit
bg_2024_0037,0,2024,2023,ec12ead14120d4fd24d16cabbbd241eb1d0fe9c16ad943805a4312845283d462,site_fold_4,0.3455774498066996,0.012331342273108845,0.18270465104892375,500,fit
bg_2024_0040,0,2024,2023,b8e6d522bdee72713691c7fcf5a63989a868dfd95bd2cab5437e22511b06187d,site_fold_1,0.01324169189720729,0.00010310866680858117,0.001043945528632623,500,fit
bg_2024_0041,0,2024,2023,2fd1ce506e821d00b2c7dc4f3c74578abf6a9aa737fc9b17501c9a890c7b32f4,site_fold_2,0.8593115039838221,0.8845474440717961,0.03075386870616564,500,fit
bg_2024_0042,0,2024,2023,c5c162e440897a82f0cf5001e5831e1ef3a67dfe6bf07a591a79a43cc3ff74f5,site_fold_1,0.07192814391526338,0.045856495033409286,0.19332258135615332,500,fit
bg_2024_0043,0,2024,2023,3dc07fb46bf80b6eecd3b849850467fc614be95e21cbda76c3c7cdf7a7106cf4,site_fold_2,0.00040758365142232867,0.0001128631475889817,4.033173128668696e-05,500,fit
bg_2024_0045,0,2024,2023,5abac985a6deaa808eecb6a2742d5a724388c8f6c7ad871704b78b4066e386dc,site_fold_1,0.5339026358693204,0.5335717022956165,0.3785786981345777,500,fit
bg_2024_0047,0,2024,2023,9b143e553b172de0a0dbcd667fcc44ff4424a8f9c8019d9c4a4518f7420b41af,site_fold_0,0.000727499972001693,0.00047663044658762264,0.0006924628809015748,500,fit
bg_2024_0049,0,2024,2023,1a44f043ff970d264d22e596a5e8bcb7dd2eeaed1035fc9b3d7de0c36349a6e3,site_fold_3,0.5756291653833785,0.9861699753900807,0.9869671186391928,500,fit
bg_2024_0051,0,2024,2023,748d2b899e4eb3beab4800bc94e8ff516e34ed0db3aef051813bec260a8670ce,site_fold_2,0.13318599190541125,0.7692807703949566,0.7924282601523686,500,fit
bg_2024_0052,0,2024,2023,dcd99ae5f275a0be2458b09742536127a22d13b902bd53e5ac740a04f46f77f3,site_fold_3,0.43311010631379665,0.027172994014373196,0.002827386129922573,500,fit
bg_2024_0053,0,2024,2023,ef5548ab378a0d6f1136921f787bedefcf308b5bf6f03841ab384a58392a796f,site_fold_3,0.018391501797803286,2.281626394511404e-05,2.3541360542467684e-05,500,fit
bg_2024_0054,0,2024,2023,8b97daeee954f5cf8ce99941964f6b69aafbd08ff670db5383f686bb16668c44,site_fold_1,0.47804130014151663,0.006859044914419081,0.006176503406954398,500,fit
bg_2024_0056,0,2024,2023,dc2c073fab33fa44d4232f769c5e6003d6870f75c7967861a7b52e38d7c69572,site_fold_4,0.36290477594997816,0.2362930407245753,0.6834021270614574,500,fit
bg_2024_0057,0,2024,2023,d40effa8069de0fc26ed37d2c749ab608986996e969ab3f7db4ee96472d380dc,site_fold_1,0.48368474908210746,0.15956484292577952,0.32246078299624786,500,fit
bg_2024_0058,0,2024,2023,203ddd064d80fc0d4e7bff11a0776d9e93419a3a6037aa9adc2c7505290a1813,site_fold_4,0.4296559023913712,0.8225220991052018,0.8366952049576499,500,fit
bg_2024_0059,0,2024,2023,f9a9ec68c6f1d2a1231e5e83d38745b60d61290ff74ac936aa8f0683822eb8eb,site_fold_0,0.9522085301944435,0.9815750989439775,0.9560804998449085,500,fit
bg_2024_0061,0,2024,2023,320a5b870363bc27bd783e6d2b485a8d3972cfc67854a5a58639a25fc374f980,site_fold_0,7.523215149790353e-06,2.5182050004966258e-09,2.8145874150228278e-09,500,fit
bg_2024_0062,0,2024,2023,b72bc3515d6491d4fb990553794908030b77eceda6076312844c64f5685529fc,site_fold_4,0.38908477612938364,0.011571961932209673,0.006275253350953182,500,fit
bg_2024_0064,0,2024,2023,7cf777b87c15c35cb12a26b7d8ad0f56654c2b75b6447578107c0cef8bdd2e29,site_fold_1,0.4101903001036261,0.48843165544824946,0.1374350893102971,500,fit
bg_2024_0065,0,2024,2023,2ae3e4a48561eae2ac17dd839dccd2bfa7997585727481cf2cc5ad1a544cbb29,site_fold_3,0.003928675551062371,0.0005683405599294049,0.00566704233505159,500,fit
bg_2024_0066,0,2024,2023,a5a2dc9c1dbe6d7af6f51645bd09cb467e8f7c186eb7d91b2a155cea8ae622ed,site_fold_3,0.28896296761664536,0.0524241537582373,0.16113634940028818,500,fit
bg_2024_0067,0,2024,2023,b687a30ed837278ff4dadcfdef30f40b2986a06c7c79ed57693b3e6b2b1a9d33,site_fold_4,0.4980877570001009,0.8139448148682121,0.5330825112108807,500,fit
bg_2024_0069,0,2024,2023,19b54b72bdde6c4bd3cbe2546f3414a4ff56cd60d6a2bcdf3d6f1f199e8b9a7a,site_fold_2,0.4191903643711262,0.6896802937497949,0.40030505328818333,500,fit
bg_2024_0071,0,2024,2023,48da3e414015f3351b42e87e9218a6ceaedce537a926ba13d8759590bdad9d81,site_fold_3,0.6494848019010968,0.5883464429963506,0.48530966363265465,500,fit
bg_2024_0072,0,2024,2023,ea2e9240baa8efb8641cef5f652b1f430fd03b8bb6bdcae03cd85c7be7d79e6c,site_fold_1,0.5447120340489001,0.008094487299753907,0.06460890446815477,500,fit
bg_2024_0073,0,2024,2023,eb67dc3c4a6302c161ea7c937485d56e520ac962c08ed97fcd8cb6d32e101eed,site_fold_1,0.6776354605826079,0.26652772588372264,0.10040236618164886,500,fit
bg_2024_0074,0,2024,2023,0661378a425c8a66c4aa539a6016f77d94444565f19a404c200d8da71d881e6f,site_fold_0,0.07873530720408317,0.016136242336694737,0.01166692605235367,500,fit
bg_2024_0076,0,2024,2023,b0bb5e94bbb58bef0707986a0b214f4618e10f100ec3660f7f792c139b83b7bf,site_fold_3,0.5597791172077833,0.09946478773315243,0.062029788510469794,500,fit
bg_2024_0078,0,2024,2023,a5ca7d8f214e2cdbd499bf191e3ef82542d8fc7c4eb63c250906aecb6d052776,site_fold_1,0.0010098067100871345,3.317672715790146e-05,3.058581956190357e-06,500,fit
bg_2024_0079,0,2024,2023,387293de0a4d2562776968a4c928898f0c153e19c243293da6f2314332ce8e09,site_fold_0,0.7330526360565115,0.029769006358604935,0.026045275870663,500,fit
bg_2024_0081,0,2024,2023,a79ec02ce4ac7963f73a96c80a4ea1fc557a0747a742e20e54654266ddade15f,site_fold_4,0.8945443132392478,0.8500800969470172,0.9979750762852578,500,fit
bg_2024_0082,0,2024,2023,5535d9eaa37e4d1a7b852f0870d6bc9cf8d44c2c849c46b6e3bc123aea922f98,site_fold_0,0.6845716610925096,0.003346565520113482,0.00023396799819411286,500,fit
bg_2024_0083,0,2024,2023,fe080c2d9abb132cc64d5557983b111ff97e3f58f287666fd5faa26bdb192287,site_fold_2,0.7709467078240066,0.6844195935664268,0.49259736831188905,500,fit
bg_2024_0085,0,2024,2023,f3ce6092bb24123a060a0495483d50073de4e4ee953fe58bd28e219e1a83baa1,site_fold_3,0.0064945847705122454,0.02984810840536769,0.10980734888329471,500,fit
bg_2024_0086,0,2024,2023,2f8d0c0da0be361972dcf84753d6a3e08b6dad88a520b7d1a92b86f9b38320ac,site_fold_1,0.20120335047152973,0.11981860166782378,0.13571323640506155,500,fit
bg_2024_0088,0,2024,2023,d948566b5d11292ec582eb153178eebb116e8d9e510bbbb560baf1319dcb07ea,site_fold_4,0.323659905037057,0.2191807947152538,0.14291962899817576,500,fit
bg_2024_0089,0,2024,2023,30e0262a5079f27f544cfa11a50c2dac7696a1223e31b6a5743a25b88178f3f9,site_fold_1,0.674309865612914,0.2732596804002756,0.7779952034029578,500,fit
bg_2024_0090,0,2024,2023,0ea0ea06867904ade6f0cc97d06bcc3a15a536e081b0765ae05da45dd08c935e,site_fold_3,0.8025224898798116,0.34279747123704946,0.5870688066502499,500,fit
bg_2024_0091,0,2024,2023,982618d21af830b045f8c249c93b9fe8c0ca46e8eef0f38a41b858d40f182133,site_fold_1,0.595441029698776,0.4911236484565832,0.9015393943549532,500,fit
bg_2024_0092,0,2024,2023,1329ca34dd0aa22bba0143275ea656df9883ad433541073bcd4a263e3256d123,site_fold_3,0.23732338866280406,0.26415977655767425,0.6331783970337089,500,fit
bg_2024_0093,0,2024,2023,39af272ed4011f905c7675ca8e5251a45ad8be334a928f57454f06824c57b67d,site_fold_1,0.27372381198930307,0.11334301709437089,0.04605018377835946,500,fit
bg_2024_0098,0,2024,2023,09cec87c34c3457792131d98f4e5ea7c0de72227cb164719da0895a2dd49e29f,site_fold_4,0.3245305950786713,0.9676773981790402,0.9193383107978598,500,fit
bg_2024_0099,0,2024,2023,eab8096d803acb18cc201f6ace31bbda179073d5e6a99e0d73d2ec05bccdf772,site_fold_0,0.09838898536092504,0.00015952349126086582,0.0009875723127767248,500,fit
bg_2024_0101,0,2024,2023,0e3e2e1f0d7500e89ab5386ac3395e82b86d098339e82b63a4f96b3de677403b,site_fold_4,0.2799905622988408,0.215509077548446,0.022069748310982917,500,fit
bg_2024_0102,0,2024,2023,d083f6498d7fbd2e9d25a6ad0b6797fb6e2c24cc6ad3d7ca5f9713008c86dd50,site_fold_1,0.05026530784294636,0.010126138066436717,0.0012774179970989426,500,fit
bg_2024_0103,0,2024,2023,094fe38ba748a64e5efdec7fb8286b4be6aadc362ada39934354d5551a5da3d0,site_fold_3,0.3613485775886554,0.7319936329396287,0.3098070580137822,500,fit
bg_2024_0104,0,2024,2023,381d18bd61e34cf882bdfdf6012481b10927e35d12e6647db1266ea9a179de4a,site_fold_0,0.0008225540789010905,3.491450866169013e-05,0.00027601655985941276,500,fit
bg_2024_0105,0,2024,2023,5bb0f3030646a3eca15b3c715c0a2cc5c67d8a64036f4b26e788799479fcac9b,site_fold_4,0.596335477135161,0.7653700479588205,0.35883939552704874,500,fit
bg_2024_0107,0,2024,2023,121ca7306a2ae0103033e3004279ef3e80366ab277effbd7df933cd44df93378,site_fold_4,0.5700539376050177,0.7867724682054297,0.5969833341778169,500,fit
bg_2024_0110,0,2024,2023,fe94a8a6361778f583248af09d52d2f8beaeed2c3a1047494990e54232abf263,site_fold_3,0.5678234638430854,0.8850576963180041,0.9862080998001228,500,fit
bg_2024_0112,0,2024,2023,9b8cfb8dd01fd7117ec530b8b1be50f430e0bba381744f956eee96179adeacee,site_fold_1,0.868023168926317,0.9787847919787793,0.9942151021105241,500,fit
bg_2024_0114,0,2024,2023,cbf698a2629e0c40badff8fdce66678097136d982ad6e328f5e174702db1ac72,site_fold_1,0.023079770127319838,0.00041170205663118895,0.00034197473915440114,500,fit
bg_2024_0115,0,2024,2023,48ba22de3d6960040834837c9f93bad7da1ff9aa12c70c28cf23329daa5556b9,site_fold_0,0.12302688446952446,0.002059808268308066,0.014323263659978328,500,fit
bg_2024_0116,0,2024,2023,b89dc14cbabd117f4baa55fee005974d32ebb678421d282b6faf5919d4c5513d,site_fold_0,0.09704242718114307,0.8277716268836727,0.7923162291639388,500,fit
bg_2024_0117,0,2024,2023,259d5e4e331efc426e8d5cb37d174767fad44812d9c8aac2673f920f15e78ad6,site_fold_0,0.6079429466225736,0.04194214509307947,0.03650272363171069,500,fit
bg_2024_0118,0,2024,2023,8e82547d47b9be467e201fcc7a5aecc54c71aded64e0ac980099b8678439acd8,site_fold_4,0.663697971866687,0.07552230761445931,0.09232417663897473,500,fit
bg_2024_0120,0,2024,2023,1cdab643d1b940b0693fcbf08e8a99e52473b61131de923eb8b284c32f00c4d4,site_fold_3,0.3090018153900169,0.1384790866846731,0.017755267645913637,500,fit
bg_2024_0122,0,2024,2023,bf6cb7c3b436132579c4c247e107989902b49e1a3a297a787f54b840578a302e,site_fold_3,0.2431436884070729,0.0072802518296587885,0.12741305915525422,500,fit
bg_2024_0124,0,2024,2023,74a593ab813090c62b6028480a668a3959fb4e059bcc73876ed08db88d30bda2,site_fold_1,0.006867268366560794,0.021152660699962644,0.004520183040968853,500,fit
bg_2024_0125,0,2024,2023,669228cb6311c26fa81b0cc72a9f043cf099e2aec5da6174c5343570362b53f9,site_fold_4,0.0033191774482590874,0.0193993049212686,0.20250759592478243,500,fit
bg_2024_0129,0,2024,2023,9d517f55ae5613be7e9c1f546afa3a8453196835262a2da69354022e181623af,site_fold_1,0.6957780755416413,0.8309861809135975,0.775361348000528,500,fit
bg_2024_0130,0,2024,2023,30fc7f1fd06b41eaa1cbfba3302ccf7b637fb6b97d364777008dcc7203e27e88,site_fold_3,0.6159661798285159,0.9434496406350045,0.594444589821286,500,fit
bg_2024_0131,0,2024,2023,c70088b5f5ed553ac8d54c56b48c1be5b90a722246b8993e86f8ab252abee2b8,site_fold_2,0.7532122995673322,0.8493941920873239,0.44073765442112134,500,fit
bg_2024_0133,0,2024,2023,f4be26be42aa63779b31705fdb787991f04b62cc376f4011ad45d4e46a90aadc,site_fold_3,0.893301260104192,0.746079024187157,0.5305243593618382,500,fit
bg_2024_0135,0,2024,2023,d4a9a61f6e816b947950df9ce5dcf1ba5199c097b89c4e2ff3146444ea11cb5e,site_fold_0,0.30806487298323326,0.2588673881848638,0.2175775932513189,500,fit
bg_2024_0137,0,2024,2023,b1c60d3479151c265d732f1691c8965b5045f9f996bc435e7cc5093bbabaa7ca,site_fold_0,0.15930288497475295,0.177744739457307,0.3509136035835216,500,fit
bg_2024_0138,0,2024,2023,8c4da60d1d75cffc9bd0bb476c0dc48b8024afb93b7ec5dce86a348e4a515c7e,site_fold_1,0.0034882802099002125,0.0018603610464343991,0.009101991547862854,500,fit
bg_2024_0140,0,2024,2023,25491912f96991025541d5f5da5a1ed06d902fbef16223d74ebe72a74b2706c0,site_fold_0,0.3547033874690016,0.28514957045994865,0.928656077032372,500,fit
bg_2024_0142,0,2024,2023,27cf11d64439127707db65caff07bd9f503a61a6427d56ac8b3df0c792261c04,site_fold_2,0.9999999999999531,0.9999999999999998,0.9995666284344098,500,fit
bg_2024_0144,0,2024,2023,48a8d4b27be3f5a3d567610c033ac715c6277500103c9ec2d712f0b3bd427f0b,site_fold_4,0.7781230684566102,0.6915917964051275,0.7529436078734664,500,fit
bg_2024_0146,0,2024,2023,e889077796f75a8bf06a0218348506ff1aa58361a026a2158158d33545d8f8e8,site_fold_4,0.7891434825559366,0.8113776972656366,0.9359034805655738,500,fit
bg_2024_0148,0,2024,2023,7e9ec81c8ea1517e7c97d3f130bd8da15eded8367199dea08912d7fec27678bc,site_fold_4,0.9022899271388569,0.6461768543928724,0.3303065805388028,500,fit
bg_2024_0150,0,2024,2023,2d514b854a9419024c44d135af3eff0d5ec793684c36bece8e6471bba25f3d4b,site_fold_2,0.023270057266483745,0.004318625333212953,0.006290929335384578,500,fit
bg_2024_0152,0,2024,2023,ce81223ed4abc36fdbbc236f8ffb7d0ee9ea969f12ac8750196c90345354cd48,site_fold_1,0.030229650301231422,0.021623360152713954,0.005533685488476573,500,fit
bg_2024_0154,0,2024,2023,eaa88e45dc34bbc37c2c1c462247981c702e40fc4de264f8bfd709abb71da6d3,site_fold_2,0.05005518766069284,0.5775407359266169,0.7834689553432967,500,fit
bg_2024_0155,0,2024,2023,37a1b32ea4828c6949829c840f5a2c1015383861dcde49e417670a4242964123,site_fold_1,0.025170742529406598,1.720738106340331e-05,5.9619577337330103e-05,500,fit
bg_2024_0157,0,2024,2023,10931396412cd75603aea0d3abeeaa86eab99d3b921d1b092b41bbab3e6b3ef3,site_fold_3,0.22907974093203634,0.005548742625712815,0.014401036677722702,500,fit
bg_2024_0161,0,2024,2023,d49b5fbc9ceb41ca0416f4cdb698a4166b7a68f5b61831b3c486481ab9266d59,site_fold_0,0.7383910863609674,0.9816440258330087,0.9487930632837556,500,fit
bg_2024_0163,0,2024,2023,aa4923f93f3935d9017a178e2e2a00c39f8bda9e0d5768ff25899acb453cfe4f,site_fold_4,0.5488696569555459,0.04429251553284102,0.21952546056057273,500,fit
bg_2024_0165,0,2024,2023,d2fe77c5494009de82c48b234cc00ce5e962100afef8729763eebcde1fdb3ee6,site_fold_4,0.5999934904631785,0.003210095698938109,0.039595477154635336,500,fit
bg_2024_0167,0,2024,2023,4a3e32b2592c4bca0306e12810e632bbc064edd22a18e37cda46c14b345b44bb,site_fold_3,0.08566864148141601,4.5729989346893806e-05,0.0004976635668163151,500,fit
bg_2024_0176,0,2024,2023,f2237c29d27bd0b5346f0be444cdf4b5a741aa2fba630c9086b59654a04a210f,site_fold_2,0.24554501797135275,0.04267881661667639,0.18734327316304408,500,fit
bg_2024_0178,0,2024,2023,e61f9b395ebe806bb4173411398360588d9e72421527f2deafa2fdbbbb195b65,site_fold_4,0.44885915813271227,0.5062554997224361,0.396635719707218,500,fit
bg_2024_0180,0,2024,2023,a113ed2181e2dafdd3bd4c517c782ea37e2fc64120cbcccfd433bc0ea0d1188c,site_fold_2,0.01736795497963843,0.0012242357542256656,0.00046931289139357847,500,fit
bg_2024_0182,0,2024,2023,338e23f9b352e3105dbde6ef929db218b89c42bef0ff3192ba71868dc1c03e11,site_fold_1,0.712027902422126,0.9111124880148331,0.9798659691543418,500,fit
bg_2024_0191,0,2024,2023,cbc1c3c2479947688ce7ff97d13516aff256f9ff10811bac671aee0b4c32337a,site_fold_4,0.015871026360775236,0.039969177274650346,0.10142846105157505,500,fit
bg_2024_0193,0,2024,2023,61dbfdd28521f9308c90c25b11338b8d4a84bcf61abdb389858a2ac8ee611700,site_fold_3,0.4698416042211708,0.3852684681545139,0.8698860742791271,500,fit
bg_2024_0195,0,2024,2023,84ed77966a29277f09a9d25467f5d8ab0f66d8e58892bfa6b237ad9a9a82cd74,site_fold_2,0.004101034434693981,0.10125134935439471,0.05756674960826122,500,fit
bg_2024_0197,0,2024,2023,085eb8211e0d2e935d23d26841e01d26a6fd4d394c7185918f5965368be91c14,site_fold_4,0.9668761052877205,0.9959422445265047,0.9961196661834908,500,fit
bg_2024_0199,0,2024,2023,83039e54e1fa37ee25521fbe29d0a288ee1d48abb96cc75dc80796ea6e46a80e,site_fold_3,0.048006742559462995,0.0003949041943647285,0.0006826172060756969,500,fit
bg_2024_0208,0,2024,2023,7fcd19c49f8ef373af77d30b6ea657701de171b59c2cc99c492381c7fa79eb53,site_fold_2,0.008614593184266661,2.864060804811823e-07,5.901221177479779e-08,500,fit
bg_2024_0210,0,2024,2023,81ecec5ea53df338cb8dec8a3d93efdf89b240e40ceb46e53c9c62deeb7134ad,site_fold_4,0.63594431946846,0.8376681558476889,0.9228527839289851,500,fit
bg_2024_0212,0,2024,2023,d62a426cec03061a92b4b16ff9276a42c85c45c9bef3ede5653bbbd82d16c4a6,site_fold_1,0.5445027412670593,0.0459466824770399,0.01586805557383128,500,fit
bg_2024_0214,0,2024,2023,adcf989dc565c016087934f1ab4ba3b574fbe4b87d6ce6c4c0efac4ac2994595,site_fold_3,0.572254437960126,0.42211122409748847,0.15691103595166347,500,fit
bg_2024_0227,0,2024,2023,f6e58d1a82b10079ee37183b7cf9cacaf6d4a553dd204c84c7040b1b90f871aa,site_fold_3,0.0008657892836151129,2.8092455206006943e-06,1.8974613701288962e-07,500,fit
bg_2024_0229,0,2024,2023,571d300f79ea95c93212637680e248e7f42521541f8f5180c48bc4344a8082b1,site_fold_1,0.010349329458291168,0.08879767138643811,0.011486008292146828,500,fit
