sample_id,label,event_year,feature_year,site_id,fold_id,T_DW_prior,T_DW_prior_AE_prior,T_DW_prior_AE_event,buffer_m,fit_status
seoul_flood_2018_00324,1,2018,2017,a1b1fca44bc1ff34acebce1d2dec2893d4eccf3bfe1ad7734248e10fe47f54c7,site_fold_1,0.6542359108737927,0.9205657656535964,0.97184712458823,0,fit
seoul_flood_2018_00005,1,2018,2017,e88f89ee8b1977d499627aace65949860075e37faa7075fb202f3b9c70914306,site_fold_2,0.8744933576540771,0.9407957961235514,0.8671682761467528,0,fit
seoul_flood_2018_00723,1,2018,2017,f792ca6fa3b7966d7fa888f7aba498b9357ec720fd74b0d523038cf5741af0bd,site_fold_2,0.9569092926566615,0.9795887670291091,0.8512686998294752,0,fit
seoul_flood_2018_00741,1,2018,2017,0c53dcd495b829b20efb3cd45350dae6ad9e1f288bc99042e9b015befbc96aea,site_fold_2,0.7635475943400182,0.9054773508447496,0.9338403890299355,0,fit
seoul_flood_2018_00325,1,2018,2017,a83737b63d9a503d7d831fb52ed8b58f380bae7bb9a6ea2c93390c680f809ee1,site_fold_3,0.9167096241648741,0.9787695080781631,0.9875695336200517,0,fit
seoul_flood_2018_00006,1,2018,2017,ac7d7cf118db0102628ab6d0633c011aa5b6a76e06adea19ae1b020a71924fb9,site_fold_2,0.7856872933692735,0.93760192080252,0.9642467318596173,0,fit
seoul_flood_2018_00724,1,2018,2017,cd69195557cdbdaf5ce455c634a40f8ef2384631b031d6bf23b3bfbf753d27c3,site_fold_0,0.8982114483116883,0.9890398221367673,0.9723237151056111,0,fit
seoul_flood_2018_00742,1,2018,2017,281ee18e6f6caaecbe9a202ceb6e7b72f1f1c841efc7b7cee1fc3c5652f3683d,site_fold_2,0.7311661910185223,0.9800996483112637,0.9325417894328976,0,fit
seoul_flood_2018_00326,1,2018,2017,0b759919b089a0a22e2f525d49ab414e3f532557f3abde425e5117e4866d8812,site_fold_2,0.7521479735870854,0.9332609820752615,0.9481790526654283,0,fit
seoul_flood_2018_00011,1,2018,2017,1d041d03fe3492d616ef2e8ff830888228eb12026dc49e31cce9a305e5ed7e06,site_fold_3,0.6827559801975659,0.8968122176457327,0.7325904900231568,0,fit
seoul_flood_2018_00725,1,2018,2017,016fdce57ee065cde1e7a7d9c7335988a9c8740d99386001979a8db655fe94fd,site_fold_4,0.9862793536381608,0.998460060338837,0.9866216745003928,0,fit
seoul_flood_2018_00743,1,2018,2017,7620be273e51d04036dd429b1780df3112895de3b62b1d436d4774dbb49c4d76,site_fold_4,0.7743618786284802,0.937393554373172,0.9646243753232231,0,fit
seoul_flood_2018_00327,1,2018,2017,053d6f8c081d5d4514368aeca0fcac700fbe7e896de8295fc6772f272a3546f3,site_fold_2,0.7720070375328248,0.8635755581795614,0.8820790638109742,0,fit
seoul_flood_2018_00012,1,2018,2017,9df6541a039a93123871f9d79f5b8006457ed47b9ce2268ed5d86a5099fcbcc7,site_fold_2,0.9410035836750809,0.9102771788285389,0.9428751685062894,0,fit
seoul_flood_2018_00726,1,2018,2017,b7cfe4f3036b3920a9c0cea41a0880e97030fd6eba18c0725e204f88cfc566dc,site_fold_0,0.9694554972230482,0.89494829040883,0.7625115828335565,0,fit
seoul_flood_2018_00744,1,2018,2017,3a238d50e2af219ba4ec25c647463d9ea7d1f63a9a1d239c41f91c75c557643a,site_fold_4,0.600641160675566,0.9168845736666653,0.9487495352544022,0,fit
seoul_flood_2018_00328,1,2018,2017,c350b7a0650780eee86eed1205b21bc8e309f3758943c1e32321cec0af94c026,site_fold_1,0.7308064307660703,0.9502513515968763,0.9875010723649578,0,fit
seoul_flood_2018_00020,1,2018,2017,388a682307c61eec5c4cc5e96e9adecbf7434ab3669180ed93edde5abf56ec24,site_fold_3,0.6238967715108621,0.881516090058279,0.9315890723967275,0,fit
seoul_flood_2018_00727,1,2018,2017,c750d53cddbd6712ab9b87d84b0fa4436f78f820dbb071fee232eebeb0c9dc63,site_fold_4,0.2517763890757692,0.46022998135980664,0.31688560871128146,0,fit
seoul_flood_2018_00745,1,2018,2017,3522d53dc7424cb162deeb350bf2fbeaae2820630dafe096b0b77802e2cb3cc5,site_fold_3,0.6413252060317122,0.857440295478882,0.9010256776156124,0,fit
seoul_flood_2018_00329,1,2018,2017,918ba9f59e992e22e19d2a2a57747a530407ff0a2caaae7081813c50b7096c64,site_fold_2,0.7356620169123647,0.9235439030662763,0.9698683555828784,0,fit
seoul_flood_2018_00021,1,2018,2017,3b97d95dd112fb934e3360de60c479a157c794139261e92b084fedd6f79a6971,site_fold_3,0.5282206572316992,0.49695704608239005,0.796364567878871,0,fit
seoul_flood_2018_00728,1,2018,2017,1567ff21af4f0e60ece05b1b1f97f6688f3122fa285400a649e9f6911f4eb7d8,site_fold_3,0.8369620023728023,0.907148367110704,0.9577608222094377,0,fit
seoul_flood_2018_00746,1,2018,2017,f2cba0d9a3d3f61556a8daef88c437a1b6ffdb591f7f34d3bd05083858f871d0,site_fold_2,0.6269832097425898,0.8207699121518867,0.8385322352736186,0,fit
seoul_flood_2018_00330,1,2018,2017,ccc187526c6e506022a98020a10e694ebed7f9288bcab382e7573d1639ce746f,site_fold_3,0.6638004137371514,0.8892816933431074,0.9647737788291825,0,fit
seoul_flood_2018_00022,1,2018,2017,37ac8c59899fdee8a996aecc0b960138157b4d540236c004fac05624e9a802dd,site_fold_4,0.7509332428360083,0.9779971386490484,0.9962755346655636,0,fit
seoul_flood_2018_00729,1,2018,2017,c52b915e27b4091750b43512b670caee102702467a59260cb6dc9389b90583f9,site_fold_0,0.6795811781895436,0.6601741270467059,0.8327008302376341,0,fit
seoul_flood_2018_00747,1,2018,2017,c7edb11248be6812169ef801e912dbf2da345059d9f63db27f0a5fa68b0be9c7,site_fold_0,0.6803122789386941,0.9871575594357261,0.9903410143086143,0,fit
seoul_flood_2018_00331,1,2018,2017,1d35c36c5c8376735746df76324bd49ab4a065010f8d30d93d79cb28dc3150e4,site_fold_4,0.8573601538523926,0.9626303999742403,0.9740654610725151,0,fit
seoul_flood_2018_00025,1,2018,2017,53a24fef9ef8807e2cc28e2f06874c151ec3c800b1fc78566a38dfc78c97939f,site_fold_4,0.4015195842294103,0.8736803630183575,0.864476226303277,0,fit
seoul_flood_2018_00730,1,2018,2017,2188fc31bf1b87a414d865159779d5c75063bd89ee3bba3de439f0c8935be81b,site_fold_1,0.9354318174436221,0.9864264583217008,0.982618179137526,0,fit
seoul_flood_2018_00748,1,2018,2017,efa5830a13132042247e314874bb44bc8008ea34483223557638b3c466ae6d7b,site_fold_3,0.5961524153011725,0.9724465547225853,0.9791588669825692,0,fit
seoul_flood_2018_00332,1,2018,2017,381acfff536f180dba5bf633c798bf56cbb21042110d410ba141294bbb24c97e,site_fold_1,0.8557061773958882,0.9155720203893395,0.974152130672332,0,fit
seoul_flood_2018_00040,1,2018,2017,659d244386f4866b404465faceec6356e38de3adfd161893e5fd8ef2a036df9f,site_fold_4,0.9691230527861597,0.9865127103323967,0.9938875371973045,0,fit
seoul_flood_2018_00749,1,2018,2017,6d7587c462684477b7bfd3915ed0660269aefa70ae2fb0556af7aa5c82ac789c,site_fold_4,0.7230064492874378,0.8537119405148144,0.9399364462235335,0,fit
seoul_flood_2018_00333,1,2018,2017,605ee8a54d1aaa4b9701f183e63067ac88aacf7d6bda1ef075ab1637bfd92de5,site_fold_0,0.8058251916647412,0.9260958220759951,0.9523407925911637,0,fit
seoul_flood_2018_00043,1,2018,2017,cda8b7236e56129d5f1016fb65a3cb4103a46fdbfd7644c4b4c8f1aa856ea226,site_fold_1,0.9153869608750466,0.9483602307551584,0.9852178962522701,0,fit
seoul_flood_2018_00750,1,2018,2017,3813ecb1452f6add0e764ae12869927bdd31ead5da2599a59a4786f1c1d338fb,site_fold_4,0.7728207430679364,0.6794393176204888,0.8040342844110178,0,fit
seoul_flood_2018_00334,1,2018,2017,c8a1f2ad0894e015f83443c9267b0394232ddbc3070594550ee0c906ef8fb4d8,site_fold_3,0.7466830641244363,0.9060672072534335,0.8945943869709984,0,fit
seoul_flood_2018_00044,1,2018,2017,b85e697ac2a50ccb96d372f5cc922136a327bc212ce3ef91b6d535dd5a1433cc,site_fold_0,0.4689230939554319,0.9597653459528988,0.9898670237136967,0,fit
seoul_flood_2018_00751,1,2018,2017,1d014c0252c9d1e801cd15c8ef78f472bea4869776885c791bbf25c842eca006,site_fold_1,0.7697527742936998,0.7919744703550817,0.8496181463975239,0,fit
seoul_flood_2018_00335,1,2018,2017,b2f2b60c254e7490190f41b9c16af5d8de91579749b3fd585287c90ddc3a9f8c,site_fold_1,0.9446822001685536,0.9235919619590952,0.9385126777874822,0,fit
seoul_flood_2018_00050,1,2018,2017,79f8b2c51da51d091269b8226eaa9c01c48c24aea78c15bf3cdc5ce731a6e3af,site_fold_3,0.7656413114480011,0.9541795263184202,0.9770954911470667,0,fit
seoul_flood_2018_00752,1,2018,2017,4299d7148be312faca910ed1a45c3f59ab862b0ae0e28fb46a59d325163411e8,site_fold_3,0.7198981969909718,0.8932683444020955,0.9251005344775425,0,fit
seoul_flood_2018_00336,1,2018,2017,58dcf847e10eb5935155f8eaf1b4d1599acff4602e20f9ba360e9e0b5f450524,site_fold_0,0.9421016555127975,0.9614973612886656,0.9107573905756385,0,fit
seoul_flood_2018_00053,1,2018,2017,624e10d71a7f47b984636b6edb8bdaeb5b127bfda9d61227a0b41f3151c86416,site_fold_0,0.8937477098330827,0.9952579145418768,0.9932973308436267,0,fit
seoul_flood_2018_00753,1,2018,2017,326d3e32f81727903e6e38e8d66e8f45c0f49a83fd1d55dc4bf18b1596746aaf,site_fold_0,0.7434642932583742,0.8734662108501543,0.9208791000918117,0,fit
seoul_flood_2018_00731,1,2018,2017,7e27002406c970b9f0ad3eef70363e745220a81e62d98ccc076ed94360476b50,site_fold_0,0.8574884381041162,0.841066214296484,0.8782273123659158,0,fit
seoul_flood_2018_00056,1,2018,2017,48b35a72390e799e3ddeeb233e3c32a9ac9aaddacb845ae849a8bcb07b4e71f4,site_fold_3,0.9453147618794748,0.9693096292080273,0.977697090597586,0,fit
seoul_flood_2018_00754,1,2018,2017,97789c0161bd76a063a56684677dbb07715ff06ff30edbf9dd137f6c3b398409,site_fold_1,0.779357239432821,0.7864098316816801,0.9197763252942897,0,fit
seoul_flood_2018_00732,1,2018,2017,e5fa1ea429c64ce2505d006be1fb818f4d0046e475d298ccb992113713754a16,site_fold_1,0.536067311258558,0.9728003458061987,0.9736500217944287,0,fit
seoul_flood_2018_00057,1,2018,2017,21e378c1bde8ed37fbd884d8f7bf3aa6571b63b171072ae0243436ac2a33da03,site_fold_1,0.7237737567841599,0.9906007512785301,0.9943806118406331,0,fit
seoul_flood_2018_00755,1,2018,2017,f7652aa85c77cbc87997e2756749f15c92d172deeefd4982fdea8e0c0e1ecc05,site_fold_2,0.6269907590851351,0.8134156096635653,0.8211331813715068,0,fit
seoul_flood_2018_00733,1,2018,2017,1a260a4112fa78b379fdd3363e95fb3f2dab1c04edc8b1adb13fd6674ef65186,site_fold_4,0.8198308491400907,0.9646679645550775,0.9853526015382779,0,fit
seoul_flood_2018_00061,1,2018,2017,dad1c77fbc783427bafba867dc3676e700063a0f8bf0cba6999b50341c608236,site_fold_3,0.9098184708022115,0.9608682994665672,0.9024937083334372,0,fit
seoul_flood_2018_00756,1,2018,2017,d820383513b0930310149682bf4fa107808fe3139631b684f8cddbf29663c7a1,site_fold_1,0.697587970254425,0.8888949386985214,0.867613533690225,0,fit
seoul_flood_2018_00734,1,2018,2017,41db34bc751872c31e82c1435d7851e06d4acbddc1fe6a1b119b517cb9da914e,site_fold_3,0.6276604972980396,0.9909768486947926,0.9575624657854982,0,fit
seoul_flood_2018_00062,1,2018,2017,9f7481cc4bd4e573144e61fce0fa90b22b1866ba41db60d60147951b6a558950,site_fold_0,0.30756052406281625,0.808622493688072,0.9220944035753735,0,fit
seoul_flood_2018_00757,1,2018,2017,8bf60aa3320ff1085bdb260f4de4d79abcec85d2751865de7bc81c6e7f5c9230,site_fold_2,0.6958584196763762,0.864128514933498,0.8745150834854357,0,fit
seoul_flood_2018_00735,1,2018,2017,9a2a6d96d61b642accdc67fe6199408ae6318794974446f6e6849d5d9b096ab1,site_fold_4,0.4321929899752701,0.4208098488492458,0.29711608061022504,0,fit
seoul_flood_2018_00064,1,2018,2017,ee0fed5c78b685055fd38ef69d86e32bb9b0540bd39afaa2454136cc247e7709,site_fold_2,0.4276392292356252,0.991749790861402,0.9977826122856641,0,fit
seoul_flood_2018_00758,1,2018,2017,705e49ec80245d662e9cf4181ff34571db06dfe1e4d68d6be85d478bb8638e6d,site_fold_1,0.6990855452369996,0.7995361819633647,0.8409158893379117,0,fit
seoul_flood_2018_00736,1,2018,2017,3a631fbb8ea1590814892f1b2dbb54dd3a3d627eee72ad04c6730da37e0c1d54,site_fold_3,0.6179720835933303,0.9676344090173731,0.9897117364317948,0,fit
seoul_flood_2018_00065,1,2018,2017,8eab2f8b57512faca1a4b9278339274fb6f1b87d275b8d9d89afaa1fa7b1bef5,site_fold_2,0.7469471346965987,0.019255147491851147,0.08703003518176544,0,fit
seoul_flood_2018_00759,1,2018,2017,3079dfeaba1faf9d566c7050ff2ec5201d3799d5b4bc7d5fc23a1983a3885e4a,site_fold_3,0.8023471114955952,0.8745296291973482,0.9388142625347855,0,fit
seoul_flood_2018_00737,1,2018,2017,112344c4987a5f696346382e2b12cbf7f30d7e84fa4b1a4e4543ad0e8ded311a,site_fold_4,0.21658000398763588,0.9733633342198387,0.9820462813031139,0,fit
seoul_flood_2018_00069,1,2018,2017,2b3e5e6e494b7fe4dad6a6696e4750401a2405216cf6320548ed8ca7ad9d4225,site_fold_0,0.6212068480151304,0.7362338493400732,0.8015374676973027,0,fit
seoul_flood_2018_00760,1,2018,2017,d19d4648cf65ca6ea86331157fa9bf7b652de1ccb3a2155cabc6bf5f2b500ff2,site_fold_4,0.8565072646823414,0.9938113841990027,0.9839788797850139,0,fit
seoul_flood_2018_00738,1,2018,2017,b219ab5ae8913d32375632f6109b09c84f177543da505670ae46e9c08117413d,site_fold_0,0.3743554497402757,0.9899849362144083,0.9922678438683895,0,fit
seoul_flood_2018_00071,1,2018,2017,7adaa6b8000bc42a464e78f70fa2d413bbf039dd656438fd0e5654cd9ae0975f,site_fold_1,0.6098615066769442,0.9095428688966413,0.9751064322820568,0,fit
seoul_flood_2018_00761,1,2018,2017,649a028f0cab3f8dce663c2991f00eb3df881d64269eedcbdf1a0f16a1ac86ad,site_fold_0,0.7685478201200837,0.9925986421814905,0.9965238183517127,0,fit
seoul_flood_2018_00739,1,2018,2017,d1408d944ffa98ee9c0008881a700f860a827354ea90fa56a5140e08bc15ca6f,site_fold_2,0.8536923869679821,0.9246367527844781,0.9531980303085137,0,fit
seoul_flood_2018_00074,1,2018,2017,275e9fc1dbbb45fea3e5c12324184c1afc46cc59e56490e9b814a413a9db3ce2,site_fold_1,0.605975526172937,0.9897109696088866,0.9934206186855737,0,fit
seoul_flood_2018_00762,1,2018,2017,51e73d067106dedd680d04080ccf46f7803895ebabffcad1563ccaf312909474,site_fold_2,0.970747394852864,0.9835780261212757,0.9917110548542879,0,fit
seoul_flood_2018_00740,1,2018,2017,138f9834a140c30fe1cb1013f09b6df844aff508584439948cb9fc3ecb933306,site_fold_0,0.08930612733281973,0.016779236931009755,0.10457172309150582,0,fit
seoul_flood_2018_00080,1,2018,2017,5b18f1a9783d4518a71dc4dcda4a948cc51404a72c5c09734ee122e18d3f95ef,site_fold_4,0.9523472615514459,0.9859007350008316,0.9826968194354854,0,fit
seoul_flood_2018_00763,1,2018,2017,2ec78c588853f99c32d1ede1fa1ac3ddfaf067a1b750ed949481cb32e682495f,site_fold_3,0.7271780618226397,0.9588918455119422,0.8978481241743321,0,fit
seoul_flood_2018_00083,1,2018,2017,53f21c0284ddea8549b752d3c5ff3be611c28804d4f6564a5f13a1ff0a5b11bd,site_fold_3,0.7923530473799525,0.9797251232985119,0.9619529567293107,0,fit
seoul_flood_2018_00764,1,2018,2017,05d3f478e28ca860362a10d492fa9a67f8c033caa6ab9ca380f53048b367b481,site_fold_0,0.5936772921530967,0.4340182330952712,0.3149002912597013,0,fit
seoul_flood_2018_00085,1,2018,2017,0765f22659ab1c730be3c132151cb333cb8e887f92fc902404be8b7a4e4d42d8,site_fold_1,0.7471398662128046,0.9775763905345428,0.9958621676185995,0,fit
seoul_flood_2019_00001,1,2019,2018,fcb0a15bb5a2205a02887417432d9ab19ce9374453c6aa345161e4520f3b6176,site_fold_0,0.7475370358000657,0.9856275304474466,0.9905988959844636,0,fit
seoul_flood_2019_00002,1,2019,2018,5fd8b087336a389f8364b4a246a938ed21be409b952c86585a9f54ddd749638b,site_fold_3,0.3724644160755927,0.4773158274573347,0.31337796910758126,0,fit
seoul_flood_2019_00004,1,2019,2018,54cd0bb8ec5fe2848ec2ecae95098289bd76d30ee662d04ac03f69be0465d9d9,site_fold_2,0.42640223486967965,0.02868567888509043,0.01582972499152557,0,fit
seoul_flood_2019_00003,1,2019,2018,547e2d01ac7557cf394ed69c6db6d5d02025d9fe473ef3bf7490e9270bc0d793,site_fold_1,0.4007529132894854,0.4961501221607292,0.2609086339892445,0,fit
seoul_flood_2019_00005,1,2019,2018,fd65d6658f5c8b220975c11acba4fd65d878d6713aff553ae1f91f6159a3afc7,site_fold_2,0.42415893583192876,0.30611728167195984,0.22369320528452202,0,fit
seoul_flood_2020_00031,1,2020,2019,60cd8eda4cf981487d922b2bc9e94f935b3640c72165ca20371285f105bfbc4f,site_fold_4,0.804258770788522,0.9591955467701363,0.964241513150625,0,fit
seoul_flood_2018_00087,1,2020,2019,3c515eb667611eba105aabdc662f06d42cc067b6a4d35327bb2f79d1c65ea40e,site_fold_0,0.7210824244291317,0.9876618261897725,0.9931687692827414,0,fit
seoul_flood_2020_00161,1,2020,2019,c90712fd2ef2d9873c9b89acd3eeca11a6a7a57e145395af8d2a70433783d621,site_fold_0,0.7076662483078848,0.13802686711187262,0.3879322143312562,0,fit
seoul_flood_2020_00038,1,2020,2019,7222b0a726b4d6c589b7367aa03cd95be294d02ac9a05538f65edde4b0fec905,site_fold_1,0.8504413143636514,0.03141811120430964,0.04890759616944994,0,fit
seoul_flood_2020_00032,1,2020,2019,cb715ed173479e77ef2d6ac026302a54a58d9972f9db28988c05158b74d71cf0,site_fold_3,0.3220066083429174,0.23142004440739877,0.12543535702627648,0,fit
seoul_flood_2020_00008,1,2020,2019,18a42675611639157295738f87f0005ce33c610aa2b3bc131d1c81844bbf3344,site_fold_2,0.3696475499291457,0.02158244523389368,0.04590197926603006,0,fit
seoul_flood_2020_00162,1,2020,2019,18934a7e51159b2f8bb68012fdb6bd5b0f75ef97656072bd5eef4b836fad42ac,site_fold_2,0.9400262790375535,0.9906544035064065,0.939111215499611,0,fit
seoul_flood_2020_00041,1,2020,2019,20f45fbd0cd6c1b2391ffe209cca7f6998b68037228bc730a5c77074aaf53eb2,site_fold_0,0.5589509083790805,0.46410098219632706,0.7888814865320546,0,fit
seoul_flood_2020_00033,1,2020,2019,ef6b220ac91c0f350535c2927f95ad072f275f16ff047695c8ca1b82121c76c4,site_fold_0,0.6902487306321591,0.7776627619276392,0.9112999482594311,0,fit
seoul_flood_2020_00016,1,2020,2019,e10a1d4b0b322dbb7542eab7927bf9f8e9d224d52e55caa6bac671aeb120f13f,site_fold_2,0.7103221584721576,0.9286011985330829,0.8275583393038293,0,fit
seoul_flood_2020_00163,1,2020,2019,262d20d84cc21b6ee00c5d5c466254ab88ec02c9f15fc316248a69cd528083f8,site_fold_0,0.47143337788191053,0.19413349620335552,0.19623334752141783,0,fit
seoul_flood_2020_00155,1,2020,2019,f4b457f52bf5d3e32988f5e0f4e9e9ab2afcfa6bfbde1a658ba24fdee3240d98,site_fold_1,0.6346357718571625,0.9646509235304292,0.9781088006770343,0,fit
seoul_flood_2020_00034,1,2020,2019,10c46e4c62d7fdf5ed72a30e7772ba427dc77d249e30d5db3813c87d6a25358d,site_fold_2,0.9312812613350977,0.9192351428604403,0.9775495717608128,0,fit
seoul_flood_2020_00017,1,2020,2019,75b5b3fdff7bad158fcf1d9e2521788292a2fdd529262e14a8c3c7e1065b5167,site_fold_0,0.9164410296213357,0.9079600918691831,0.9426803594024704,0,fit
seoul_flood_2020_00164,1,2020,2019,d38c663073cd86f011cced4de194b87e1b9d16bb8b5389e5ccf62d2aa8ebad41,site_fold_2,0.612656884232051,0.4825000041231181,0.328528626420603,0,fit
seoul_flood_2020_00156,1,2020,2019,3555de32ff588ee5c192166c9fc69526e5cdb8a175dba83f459952df5027364b,site_fold_0,0.4052836365186295,0.9010112334406413,0.8611961607077675,0,fit
seoul_flood_2020_00035,1,2020,2019,7e6c491cfb15eceaaa54161669de732ec9dde775dd0633a75e28ff537399fb74,site_fold_0,0.9477482944209191,0.9134257179280886,0.940455428803062,0,fit
seoul_flood_2020_00024,1,2020,2019,08886a1567bf070a2898b735962da5b5637940828754011bfd419b9efba0e6fb,site_fold_0,0.7834574510397592,0.17425867548202476,0.3644854941169871,0,fit
seoul_flood_2020_00165,1,2020,2019,40392281aeb3adb0c0778c84507c484136bcf21550dc3461d47533208cc16d0d,site_fold_0,0.9111706309498522,0.9969791928031487,0.9702934116603681,0,fit
seoul_flood_2020_00157,1,2020,2019,7b2db85225e0120ee8866f4d1af9bd2aa38f479e3462310696a9b7979bf3c97c,site_fold_1,0.8186924243659008,0.9945879931091892,0.9997785184565281,0,fit
seoul_flood_2020_00036,1,2020,2019,a40d0bba62c999d879457048f04d7b8deff936b8ce065f1b93ed9f9b9add1779,site_fold_3,0.7556566929282189,0.3174928093643309,0.6077769567751737,0,fit
seoul_flood_2020_00026,1,2020,2019,60c400e61de242770e7da27016af5b1594a883cf59b9a9d86a72b9faa255f301,site_fold_3,0.8225648539482344,0.8556916560791615,0.9504697828511249,0,fit
seoul_flood_2020_00158,1,2020,2019,0ebe6e4adbc9b4123af967a249ff6160cb782d1ce30ef79fdfebfa0de565d9e2,site_fold_2,2.3213742563523507e-12,1.8344562337099855e-06,4.783889588429574e-10,0,fit
seoul_flood_2020_00037,1,2020,2019,68064bd8597c3a2f5dcea7760664869c422926f714498f30c771c4ac7d10c12c,site_fold_3,0.7146084764658099,0.36376172858792977,0.23446297770946267,0,fit
seoul_flood_2020_00027,1,2020,2019,159756d275658a6eea185326c1c8b8bdf783cb6ed665eec07e2c6cfd1f90fd46,site_fold_1,0.9914651570106066,0.9990716054944314,0.9995840845907183,0,fit
seoul_flood_2020_00159,1,2020,2019,19c1885565e56c290d21634561050e4e1cc121630fe7468379a765458fc7dd94,site_fold_0,0.6007875311783115,0.9940401929178113,0.9937952521653947,0,fit
seoul_flood_2020_00052,1,2020,2019,8f04d29a85b032d3db48171fa74a0e015c47781d33e5eb50b4beb7c8e972e2d5,site_fold_3,0.9904227076243812,0.991247009480028,0.9879449658233946,0,fit
seoul_flood_2020_00028,1,2020,2019,e311ebab0d1322dd22364ea30cd114fc805926a72b5d28893510e9a4da436f4d,site_fold_0,0.9933188644351265,0.9974384818217362,0.9988705108771826,0,fit
seoul_flood_2020_00160,1,2020,2019,456d2ad59c7004e996a1bb2640f7a4c7791206f398afcf1712627e80ebbe03d5,site_fold_3,0.16540170812715937,0.1330418124309043,0.13007603776123763,0,fit
seoul_flood_2020_00053,1,2020,2019,e92a42c30861ff8dd3c05bd15d469cecd2a4a795eabff79eb9735e228dfa1377,site_fold_4,0.9795375355206495,0.9811336592062773,0.9640346625824406,0,fit
seoul_flood_2020_00029,1,2020,2019,e54e33160a2670c6606515444b193b0c29f0b4c0ce102243371879c9fa07af70,site_fold_3,0.6435908598718967,0.9556494851203367,0.9899933331365744,0,fit
seoul_flood_2020_00054,1,2020,2019,903fe509e1173017f2664fdb60235e5c0fecf5698740e6cbaf813caacf9bafe2,site_fold_4,0.8083458700354689,0.8907100449495309,0.9220052968825503,0,fit
seoul_flood_2020_00030,1,2020,2019,4892c95f9d4be5fe6e9e807cecd47c952f44a5088c5322e9a089f89958183f58,site_fold_1,0.8031290228584246,0.9674512813114702,0.944255487328848,0,fit
seoul_flood_2020_00055,1,2020,2019,4da29f2b0d9cdcc836f9470f506600c4a9c7d272b3e99196aaf402c8da14efe6,site_fold_1,0.7853196477742932,0.5530851571324475,0.751793659509437,0,fit
seoul_flood_2020_00049,1,2020,2019,11883d7fa62f924dcca67e6b71805e13ffe7284cfa99d3aab7e71251afc42871,site_fold_3,0.6117058112609716,0.4479532374596669,0.7915607126547692,0,fit
seoul_flood_2020_00056,1,2020,2019,fe81cdb1e697e8d9d4e8a80b1d37984835eaf1d7832d50438399759015467427,site_fold_1,0.7431984778874081,0.5292036382497116,0.5182674181309882,0,fit
seoul_flood_2020_00050,1,2020,2019,c16f2de5175ab6c9c3347be190453bea3fbc24fe1f20f10b5b6eed4088860d86,site_fold_1,0.5183645506520883,0.840194193622347,0.9045791794491328,0,fit
seoul_flood_2020_00057,1,2020,2019,85a1a4d286c1a53ca36fa8ceeca235ad1b2f583d127de7ab084cc0882321ff74,site_fold_4,0.8075321431373224,0.751963219427685,0.8455958744466733,0,fit
seoul_flood_2020_00051,1,2020,2019,01b405d8db875779338248b392bebddac1a9f6fb16604928d371454ee69e0204,site_fold_4,0.5100235061063909,0.4835346284051237,0.6298429224520101,0,fit
seoul_flood_2020_00058,1,2020,2019,6d3dd7eae848fa7d6717b0f8ee7631b0158b96c9cd6f237d2c2e4c179d9af571,site_fold_2,0.8713521683969763,0.8301965011915966,0.8510601956941284,0,fit
seoul_flood_2020_00059,1,2020,2019,e5b2c0eae5350cbd21ab8dc75a8db32c3f296c350d962b4a4bf95ca07aa71bb7,site_fold_2,0.46901590409715815,0.7116640316811246,0.7331272452300821,0,fit
seoul_flood_2020_00060,1,2020,2019,dc52b7037a37162ca7aeba0c259fcd2d421b8bf018e5cc39e00ec8d22374ef17,site_fold_1,0.9298611855544484,0.9427802940414503,0.9827624804583979,0,fit
seoul_flood_2020_00061,1,2020,2019,63766b2550ac2953f858ddfec3231520fd87d6dfca7d9e0ac9c396ec7684e38b,site_fold_1,0.9296129891851765,0.9856827420405991,0.9799170719351521,0,fit
seoul_flood_2020_00062,1,2020,2019,8266c76f416d89566523a98da79764c403297610b0a135f5a5ebe1be9695c216,site_fold_3,0.7335125013061395,0.9248016582307307,0.9304889770168014,0,fit
seoul_flood_2020_00063,1,2020,2019,df5c84717faba2883b1eaff076e8fb3415343781d918d34433bbca08fcd8e080,site_fold_0,0.8978030697239991,0.9525521863525139,0.9316076611402749,0,fit
seoul_flood_2020_00064,1,2020,2019,e99e51efa4aad35446fd6eeed904db223ad457aabb180255994303345c8ed2a4,site_fold_4,0.9213160152481037,0.9674329908966957,0.9884890562561274,0,fit
seoul_flood_2020_00065,1,2020,2019,03f72303926d55a23a3475a8ba15ff8d5fbd5acd435609a29c889cc220ab2047,site_fold_3,0.8429260663458987,0.9784376994949938,0.9803907012940637,0,fit
seoul_flood_2020_00066,1,2020,2019,8346ac8e8c0e93102650b8a71656bdbaac4d11ea774826e6cd08a89d08ea03c1,site_fold_4,0.8947741543279196,0.9711367945889187,0.9896129450346739,0,fit
seoul_flood_2020_00067,1,2020,2019,058fbbcdcf0d4578013e341b772cf94f2a02c13400f39a0c2c101529bad541b0,site_fold_2,0.9750122249814639,0.9967422377119786,0.9951759124940134,0,fit
seoul_flood_2020_00068,1,2020,2019,d42b20bbd4e6bc379486f37ee4112e847759b2099f5dedb9a751a364e5621901,site_fold_0,0.9365560391828361,0.9797587484412451,0.9875996407869294,0,fit
seoul_flood_2020_00069,1,2020,2019,ca563eafd2455af056608fba6c9ac053308d757ff5046eab790cb80c2a839fc5,site_fold_1,0.9143344447441781,0.91284898224055,0.9653397234459418,0,fit
seoul_flood_2020_00070,1,2020,2019,aa4fc57098b6444a72f7e54fad0bd94f7d13e0ed964d0da4f74baa4a28879a81,site_fold_0,0.9358610485068899,0.9827611715312693,0.9783394070713316,0,fit
seoul_flood_2020_00071,1,2020,2019,eb16dd72df019be8aaed131448ff14d6fa2e90652a14ac21d8168900287d1771,site_fold_3,0.9581173593757204,0.8614644148087247,0.8485480302861784,0,fit
seoul_flood_2020_00072,1,2020,2019,ddd0ee00f74b24696844c4bf71e040308c72a4828d9cf64169a64e13cdfe5cf1,site_fold_1,0.9103469503264556,0.9916052152131791,0.9924633531567354,0,fit
seoul_flood_2020_00073,1,2020,2019,df6af837ab1e8ab5974dbc7660158495b8788ed4c013bde7047e1bd168e85eb4,site_fold_0,0.7595183555357763,0.7674449785765892,0.8387850470060642,0,fit
seoul_flood_2020_00074,1,2020,2019,2cf7023a2041036172a96ac21f090d9cd58b1730cc9f9e95a6c212caec306f78,site_fold_3,0.7395441517687971,0.6047945191067319,0.568270460230308,0,fit
seoul_flood_2020_00075,1,2020,2019,e798af31805b93f2a373a142b3747c8dd0ae6e681f2c5a7759cddd703fd2d4b9,site_fold_2,0.8171000413543934,0.8155025259082481,0.8813852928933307,0,fit
seoul_flood_2020_00076,1,2020,2019,847fee03f196da88ca147fdf7626ad98f52286f7ea498dd829ca73fc6754a405,site_fold_1,0.8393575858808143,0.9562719612367223,0.9715769339239231,0,fit
seoul_flood_2020_00077,1,2020,2019,ec99fd509b9e2467c4e1ceff5f845246f9e79dccf916d6cc7264606f24baa3eb,site_fold_2,0.8666920579047402,0.9848761768905966,0.9700160431289571,0,fit
seoul_flood_2020_00078,1,2020,2019,2a970bd1e5da9c66f6c1d11324148b0c4aa0e7d91fd8c59caeed1de1c30ab379,site_fold_4,0.9735919426301685,0.9376077916177351,0.9697423590147901,0,fit
seoul_flood_2020_00079,1,2020,2019,5aa2d66777c3e62df2fdb8eba1789b466006935c4c7891a25a62d120eb0a99c4,site_fold_1,0.8628771052371623,0.7778542269927364,0.9399594117586463,0,fit
seoul_flood_2020_00080,1,2020,2019,ea0d9b27de5b3a497afb216d359db965021e8cc09be25f62cdbc2de869da116a,site_fold_3,0.6896279819029275,0.9801263024855614,0.9731020065214283,0,fit
seoul_flood_2020_00081,1,2020,2019,f013ca10ef383f71858c29d3fb13140635d86a1ce3ec15fd5b0453fdb37c02f3,site_fold_1,0.6069442983135512,0.9316374180807409,0.9206319299984207,0,fit
seoul_flood_2020_00082,1,2020,2019,b89594e6b2febff01ff6a0c0643adc8e4dc82e340c686e371c14308620dd0fea,site_fold_4,0.7274152769566428,0.8508957466210304,0.7934125721114366,0,fit
seoul_flood_2020_00083,1,2020,2019,713f69f5010d35e7e66d51cf3ba9fe812d012df85bfad7f672554d4ac92faaf3,site_fold_1,0.8108184762510514,0.8616703519510732,0.831636859289739,0,fit
seoul_flood_2020_00084,1,2020,2019,a6975803fcd9ed59082319f235a19be9cc856dc8e8022bbd04605b4189502d25,site_fold_2,0.7277423406120017,0.5972788324665878,0.21638648924489176,0,fit
seoul_flood_2020_00085,1,2020,2019,c20bab6ce4577490838ddb71db53f4891556cc2f04806b8d6cb43622ce57bbfd,site_fold_4,0.9951235597176276,0.9962871536159247,0.987707856272983,0,fit
seoul_flood_2020_00086,1,2020,2019,4e19ce88d34fe87d0a2a5e11416f6eb85c46b0fcf2e107a638f171186779bbd6,site_fold_2,0.9399296290254078,0.9579063135530473,0.9774903027676534,0,fit
seoul_flood_2020_00087,1,2020,2019,3ea925bf459597c5b9524d19ac3179165e43e6bc3969bfcf1a837070522a3fbf,site_fold_3,0.6564075272220139,0.9742617065233752,0.939998002349675,0,fit
seoul_flood_2020_00088,1,2020,2019,0513a2f379edeebf9f8641c008b9c7e1dfa57ea729522adafb9c73da30072a3e,site_fold_3,0.7251685544154957,0.49860689868319175,0.6187836724838467,0,fit
seoul_flood_2020_00089,1,2020,2019,884e85d417bfc975175cd72cbd65f4c35646555ee12ee3400d790f91665881ec,site_fold_1,0.7660381915690448,0.7885933598022282,0.9321573148348952,0,fit
seoul_flood_2020_00090,1,2020,2019,02b5a35da5c0d1c7b55d751771925c966c8fa2149315a4ea571297a2e00589d4,site_fold_0,0.5705855336742401,0.920037256185468,0.968940734564444,0,fit
seoul_flood_2020_00091,1,2020,2019,2f940a2629c365a7b9e2443e66b0475548e1e3c806287a3668631816edb4c76a,site_fold_2,0.9986475233779605,0.9991665435750826,0.9984619097199117,0,fit
seoul_flood_2020_00092,1,2020,2019,ee1c8e078be4900323ab65b222f58829af044f35e5a1a009b24b1e855719d373,site_fold_3,0.8573944435494929,0.9962859138263369,0.996438122885178,0,fit
seoul_flood_2020_00093,1,2020,2019,632b8e96246333277e4d39daadf7dababa6b4157490016c2140a055401220e2e,site_fold_4,0.6799477720926552,0.9389111135172922,0.9244483572013059,0,fit
seoul_flood_2020_00094,1,2020,2019,27b3be534d925c2e739b1225e7178079f898526288912aa01fe40a8ea9d9f566,site_fold_3,0.7933915807738676,0.9719755976571621,0.9702576474863488,0,fit
seoul_flood_2020_00095,1,2020,2019,0d59208c254d5ba3ef1452a38666a492dd0a7bc57c585d5d69901544caa14cbf,site_fold_2,0.9951393431730883,0.9969410243366855,0.9967262760875523,0,fit
seoul_flood_2020_00096,1,2020,2019,2f638be1e5a53380c3c0717fb1c4cd1b049457fa6ebfab2e672087a582e741ad,site_fold_0,0.982910981100481,0.976326328296217,0.9835711104294846,0,fit
seoul_flood_2020_00097,1,2020,2019,0659d1fe4562f7d74b5948a58a76afab170728df7447d0ef6dcf6d4c783bb660,site_fold_2,0.5747787995240426,0.48338434717046863,0.42431762741755424,0,fit
seoul_flood_2020_00098,1,2020,2019,ca3b181429a7329124cce9f9f2b96cb34be7cf2b024ec1f7414d8ce713bb9465,site_fold_4,0.9985540490260939,0.9975352828155867,0.9935094043043243,0,fit
seoul_flood_2023_00010,1,2023,2022,cdac98a48f34f783458e25bb71bec50a9941f951adda2ef1ed119a8d4a0828ec,site_fold_3,0.5085303760229798,0.975427520001256,0.8887413585040357,0,fit
seoul_flood_2023_00002,1,2023,2022,56194f3b0d4ef83211b9500e873a993b7c4872605ad975779d5bd2204e40cc9c,site_fold_0,0.457832109360217,0.34565171181228205,0.09606137545415416,0,fit
seoul_flood_2023_00043,1,2023,2022,248fd4f18691def34c6601546f753c06d11ae98cf78256a042219048350a4848,site_fold_4,0.8640302564836707,0.8711022485378203,0.9257606619350578,0,fit
seoul_flood_2023_00044,1,2023,2022,2936fe9484566290154a4a78f1271b029cc6c88fdef60a4f432e5bf00e8a5520,site_fold_3,0.7141554260922927,0.9474584651667226,0.769252000767804,0,fit
seoul_flood_2023_00248,1,2023,2022,b2b9daa097bd03ac3b1154ab1efb93273c2ad4ec5b9113697c086a095b80910d,site_fold_1,0.9419884960808457,0.9980735596091935,0.9930542209856307,0,fit
seoul_flood_2023_00004,1,2023,2022,d3a0fe4a01296db4593fc36df0fde0ff144cc7a56203125c74004378d0a06b99,site_fold_4,0.55226397038118,0.9107150835212992,0.8319553647822179,0,fit
seoul_flood_2023_00070,1,2023,2022,e02228460eb8c581c0556701b02567d9bef77a390613b7e41616f20628f49750,site_fold_1,0.6682350609705314,0.9943918859066152,0.9975358936054973,0,fit
seoul_flood_2023_00047,1,2023,2022,b4a159bd3df0eaa57b55ef4da2c655abebf1329fc1a2c1f4e393a61eb888fd51,site_fold_0,0.7695191786675347,0.8237964262360453,0.8777995002970608,0,fit
seoul_flood_2023_00009,1,2023,2022,70157f5482cb159b3b68e48336c450e93766506e243cdf9eb03590b5bc45596f,site_fold_2,0.5108675574982052,0.9164965321916331,0.9592553086207823,0,fit
seoul_flood_2023_00071,1,2023,2022,017ade65ff0240adecf03eb0741307ea502590ae6c0ef638e6e9f384025b1f8c,site_fold_2,0.9225312350843509,0.9957348705312766,0.9978359991610211,0,fit
seoul_flood_2023_00059,1,2023,2022,51c0f0b21f81c1e61262409620f2b3be9b562fa300bbdcdd2dd94f5aacccfb02,site_fold_4,0.5293627734239236,0.8221081943952692,0.9251743872187942,0,fit
seoul_flood_2023_00012,1,2023,2022,667e30e9a3f7fb988cd90180a9d904755fa591265581c0609b8d81e4deb93970,site_fold_1,0.576444291005881,0.9119411848580665,0.8214200951410441,0,fit
seoul_flood_2023_00225,1,2023,2022,4ea0938144a26214fc7cd3a870d4a3879c6bc8a8b7a1be7254dce6517520b228,site_fold_4,0.7445469394568317,0.34223886116876856,0.8955305574004198,0,fit
seoul_flood_2023_00067,1,2023,2022,2b039c27036068493acf6918e3daa9e63f32629a1a6faca59390d100614c1013,site_fold_1,0.566188044566641,0.6693214248857962,0.7156530054596923,0,fit
seoul_flood_2023_00013,1,2023,2022,80a618b88b8e6324b97cbe64c342ff6711e3161d146da345ab6070b95880e439,site_fold_4,0.6845146494440514,0.831511995796921,0.866831898856682,0,fit
seoul_flood_2023_00227,1,2023,2022,f5de86b449cb8e2ee3e8157a80068b892f7e3c9b0db6a16fe8637184ef8663d6,site_fold_3,0.7459776636745029,0.9885794094103144,0.9511563317419363,0,fit
seoul_flood_2023_00068,1,2023,2022,fd65d6658f5c8b220975c11acba4fd65d878d6713aff553ae1f91f6159a3afc7,site_fold_2,0.42837971945667574,0.51339581395017,0.5532749479640955,0,fit
seoul_flood_2023_00015,1,2023,2022,18b4b2fdda6fc69634d44ecb3f1034bd1fc1bd99100a1cfcf3b83fafa76d9cf8,site_fold_0,0.3032538381348505,0.9158279499922176,0.9046861900568295,0,fit
seoul_flood_2023_00228,1,2023,2022,48006a51e30c32762694ec18747d1425bb4b974c56c4c0c98d57886cadd0c783,site_fold_4,0.7582268947639195,0.9934818106790381,0.9695610880311558,0,fit
seoul_flood_2023_00072,1,2023,2022,2afb0fa8a1f0cc6a7ed67c17008f75bd42461bd0ba6df7c3c3d887904196895d,site_fold_3,0.6691614724885101,0.046175971732631375,0.037832319524061284,0,fit
seoul_flood_2023_00016,1,2023,2022,9449d82b55823a2b21e722445146dd58f28c2892847ebd7d9d3528a705c333d7,site_fold_0,0.5345263501770752,0.9175656376838683,0.7878248100170954,0,fit
seoul_flood_2023_00243,1,2023,2022,1ef45c1f3265d27b162d2e8ed4381ef427bdf586c45963e44e4392b26ba86b72,site_fold_4,0.9329207503047786,0.9864531482627401,0.9772971640177317,0,fit
seoul_flood_2023_00074,1,2023,2022,b9bc2f927ed11bd524706f6d4967f92b59403bf3a4c2f3c470a8c815fd79e460,site_fold_2,0.6422107189513304,0.9656915632498861,0.9216542423188371,0,fit
seoul_flood_2023_00017,1,2023,2022,c14d98d5e804cded4ef08ae8cdf0707ca6178666fe17dbc79d181d4cc9dee14b,site_fold_3,0.7050735704797686,0.9969544698750612,0.992831751319656,0,fit
seoul_flood_2023_00250,1,2023,2022,2c7709566a2e9c494198b62a00ef526dfe6053df3b61476d6f3474d3a092eeb5,site_fold_3,0.8183634241507316,0.4558015686955608,0.6449098316530905,0,fit
seoul_flood_2023_00075,1,2023,2022,ac6920819be8e420a3aac9974fb430eca317f55a0609b05ff32e884b1c75beaf,site_fold_4,0.6367686958242458,0.9473776717337887,0.9640358220690278,0,fit
seoul_flood_2023_00018,1,2023,2022,611ef7d2bb8f2df5e6108e65595a9a37b583dbd4323706a0ec255f8e960d2ddb,site_fold_2,0.7631128296874283,0.9311611611451694,0.9509571841387388,0,fit
seoul_flood_2023_00277,1,2023,2022,2e908b9152c52096e61faa554d5ff494fdeeb050209f5fc14355fe66b5e5d4d4,site_fold_3,0.6719915348105534,0.8827741520404975,0.7669733459181024,0,fit
seoul_flood_2023_00076,1,2023,2022,0059d2a4c367d474476bdb36e5406db4c952a2a967b25e3c6166b8b6fc181976,site_fold_0,0.684845688418853,0.7998290078507965,0.8959878719780378,0,fit
seoul_flood_2023_00021,1,2023,2022,e6acf5cf32b2d0c5cb627acd0c05f96bfb50942c86e13eeac0f97655bb35bf64,site_fold_2,0.7498917121831512,0.9589812441270346,0.9801821532425391,0,fit
seoul_flood_2023_00077,1,2023,2022,ac006ae8566252eae229f3cdf08285ec62948465438fa1fd37525350f732bb46,site_fold_0,0.6873328611367716,0.8668746857798033,0.9345913583054086,0,fit
seoul_flood_2023_00022,1,2023,2022,2ccee39efbee54552c27ec5f3380e8b6db91ab9da3255a83fc493c1d1767d3f3,site_fold_1,0.645718177038056,0.9840280967716191,0.9838992753007502,0,fit
seoul_flood_2023_00078,1,2023,2022,54043b91c4a304d4c675985edfa95ef876b138ff57a6389bfd28818074d39fc1,site_fold_4,0.4556020110202657,0.8618960439856537,0.7590336031994929,0,fit
seoul_flood_2023_00028,1,2023,2022,ab9d5a9c105349411f7c92c7845f7e8ec24f10552a9a484d7dd02c0c9d6df2e1,site_fold_3,0.46816807981098085,0.41684373538574276,0.5137644808196773,0,fit
seoul_flood_2023_00079,1,2023,2022,a825d29c20ca2db6c0b5bf5ccb6ee269beedc5bda085fce5a584b3d600c91af2,site_fold_2,0.6023499654106853,0.9760942148724288,0.9321557328106299,0,fit
seoul_flood_2023_00030,1,2023,2022,109d39d58c882b2875c711bbb1fbdc53ae3234b9f7c2e321096d7429e46331b6,site_fold_3,0.9511327530202662,0.9880397219106896,0.9935852533386715,0,fit
seoul_flood_2023_00080,1,2023,2022,516a51b5f7484840c5b87649d04bf5f7fe7b3f5a641c45cc08cdca8b66f74a9a,site_fold_1,0.6318751377427738,0.9184484990145313,0.7699146878217128,0,fit
seoul_flood_2023_00032,1,2023,2022,0b4d4f8312fd79b55496cf1cff09a958a968eae46e135c54724bebedf54d8400,site_fold_2,0.5084151803276764,0.30898589796883413,0.47834892505363963,0,fit
seoul_flood_2023_00081,1,2023,2022,80dacb840448896f846147086fb6904aace095c7ed082be2f6978ab4a65d9d17,site_fold_4,0.582208312523364,0.8539017977564464,0.7378717498822693,0,fit
seoul_flood_2023_00036,1,2023,2022,824b284c7bf45801707ed1a0e35648f2949764c72352ac38100d99cb94e7ed05,site_fold_4,0.932635993376319,0.9562040601381159,0.9792042421256736,0,fit
seoul_flood_2023_00082,1,2023,2022,b45c216bee7e0d6ee0455f8bf2899fb0637e6409ddda7e861dc355e9dcf32559,site_fold_0,0.6772854792321972,0.9632137723655156,0.9366282855815045,0,fit
seoul_flood_2023_00045,1,2023,2022,047a0479a6796b37ba99d6e6577b3ffb20aab618b478d303de927d6a6faca3a4,site_fold_4,0.6565488552531384,0.7749836542130738,0.9156823108521178,0,fit
seoul_flood_2023_00083,1,2023,2022,8cc3386043fed7e4a08a2bc9dc0aa45a181ba89b153abc9f991119c15c99e48f,site_fold_3,0.6574274724731132,0.9543703755679079,0.8615799143379139,0,fit
seoul_flood_2023_00046,1,2023,2022,c1467d5c72e32f7e65ab4237818f35148a9e8e89d62f6c485f6e3282213122d6,site_fold_0,0.8335135424718466,0.9983157566549437,0.9981668783754063,0,fit
seoul_flood_2023_00084,1,2023,2022,227a0397ded397793104e4c0dd13029ed0f9025afe13bbec3f057cea4e5a725e,site_fold_2,0.6481266017510684,0.9798174966645669,0.9726404436435745,0,fit
seoul_flood_2023_00222,1,2023,2022,c65581d8bf8cf915e9fe2ca51b089e97441ac2f57272bc2cdb231ee83f757ae0,site_fold_4,0.44618548528405977,0.8721126631930334,0.9577678861651172,0,fit
seoul_flood_2023_00085,1,2023,2022,5c52fa5b830c2d85cb3619fa6dd7b6c3c4fa0ae339105571c5aacfadc1f57dca,site_fold_0,0.7049772865763967,0.9508847212456655,0.9605122740832077,0,fit
seoul_flood_2023_00223,1,2023,2022,a3396b1b87eceeedee47469b37f3882ca3efbef67a922173e8c25c4bc7457491,site_fold_0,0.32716713518095064,0.5764345747589871,0.7738725960683719,0,fit
seoul_flood_2023_00086,1,2023,2022,a23e42946ff072eac7708b41013273d24b29f25c3b2a68f2fd71cd5555db568f,site_fold_3,0.621412359650609,0.720179444712689,0.5806152512309588,0,fit
seoul_flood_2023_00224,1,2023,2022,6b1bebc088f54a96e550aaa77b7c7dc8a68bdb509ee5100ddb911beae78c5051,site_fold_3,0.9392253450485915,0.8749483519057483,0.9595753834733239,0,fit
seoul_flood_2023_00087,1,2023,2022,c806eda7ed36cd9e6ecf80572678e5580be30156dc628686a27b057e82be7f05,site_fold_1,0.602184040362692,0.9800254188215914,0.9447341859426054,0,fit
seoul_flood_2023_00226,1,2023,2022,5b4e991e2eaf736f1ecc63796633bf37e2674c5669ccae29f43454531101f031,site_fold_1,0.7259897437275454,0.926890882141404,0.9256504307042482,0,fit
seoul_flood_2023_00088,1,2023,2022,5d84a21238eb09a213a6a5e8c5a2d41c6f70decc00617b93e8dda58c2d7a235f,site_fold_3,0.5696825439473183,0.8151412461531246,0.8697883952357732,0,fit
seoul_flood_2023_00229,1,2023,2022,972f0a0ebf5383f911b746160b79c88b8b0c7aa70e1b9861ff6abfa2392f939d,site_fold_3,0.7667764727360067,0.9152436531859538,0.9305722182620794,0,fit
seoul_flood_2023_00089,1,2023,2022,8e255f9a86ec3588ecf56d040b65bc4fbebed179e07431fc842ce550145b9863,site_fold_1,0.615808778142261,0.9304496560950186,0.9452734184968978,0,fit
seoul_flood_2023_00230,1,2023,2022,351930c74ba2930ac78f71a4e59d24ec3a9c408c09f4bddcf7fa3699bf8a21fe,site_fold_2,0.6873140843020848,0.9925904065414533,0.9623028144689311,0,fit
seoul_flood_2023_00090,1,2023,2022,fd6f0f91e6250a60b21fd97b70f686db535df935a8841de34f4bfbb09aa0efb0,site_fold_0,0.6958927710061679,0.9834519360175995,0.9686634023949686,0,fit
seoul_flood_2023_00231,1,2023,2022,c78427527ae5ed46cec266bf7f5102da2f65c62f603b3c800e26eace25a5c839,site_fold_4,0.14804730955675846,0.036054581544093876,0.027221604545416462,0,fit
seoul_flood_2023_00091,1,2023,2022,ccb2187c465a4a42452f6d96c6ecd61471e4bd6347f569f84a47b5683742fac9,site_fold_2,0.6017132813037865,0.9691337581198791,0.9648362657431744,0,fit
seoul_flood_2023_00232,1,2023,2022,5336135f67660856ece6ad6d54f733a34080d27dfbe335858b52eb42facdced4,site_fold_2,0.6645707583219553,0.9632510934651687,0.972060938045803,0,fit
seoul_flood_2023_00092,1,2023,2022,8eac4c0475636dabe754422f418c76eb191e9b3e663e31e296fb69f7a6fb8cc8,site_fold_1,0.6256175065971133,0.9119696351226255,0.8359827851815442,0,fit
seoul_flood_2023_00233,1,2023,2022,e55963a41e664f031359274c8576c1cb5d6c9c2998192b355445bbfe50c138ba,site_fold_4,0.358597025598701,0.6933385514374589,0.49090890435073903,0,fit
seoul_flood_2023_00093,1,2023,2022,dc728f9adfc11d8c5c2ec698fb1df3af31c3b43457a9a69377f3e7a04f506468,site_fold_1,0.6266434495063267,0.988347264380377,0.9820889316637689,0,fit
seoul_flood_2023_00234,1,2023,2022,d44f553eb4a78c3e8e73f10a2584e2b08c855f4d7d091ed0bda77b9ebca91d2e,site_fold_0,0.7037350033579154,0.9992672640781431,0.9977927967061481,0,fit
seoul_flood_2023_00094,1,2023,2022,8c06fb30ac6a96f25e4c0adbd324b5185f5468e1f2512e1480789b99a603de36,site_fold_3,0.6176758663931394,0.9730207486179175,0.9890409120261502,0,fit
seoul_flood_2023_00235,1,2023,2022,e635dda0a74d3988c04c4e76a855e983d6033e5538e0b291c2a7d019a42df52f,site_fold_1,0.5729661532357637,0.9035124815328163,0.9442226300818106,0,fit
seoul_flood_2023_00095,1,2023,2022,bcd669daed0897a45b8903b79c40b7cc6b1c557b0e8708071442ee549f83e05b,site_fold_4,0.5650220733816722,0.955833729402889,0.9865132709574786,0,fit
seoul_flood_2023_00236,1,2023,2022,3806182b64eb41706f3328e741dcc36e0a6617e9349746b3fda442906e5bc7e3,site_fold_2,0.4781642686672827,0.7825675235914665,0.9662495511992958,0,fit
seoul_flood_2023_00096,1,2023,2022,3c90eac0010785df62fd85c83633074dccd90c84ba9e27d4f2c28c78b4f0d5d6,site_fold_4,0.5899342230805473,0.9049946894729173,0.9722744085696307,0,fit
seoul_flood_2023_00237,1,2023,2022,1b36675e1d11fd325a672ec04ac67bd989594417a5729df4f870059fa87b9d1a,site_fold_4,0.40594765930848775,0.8402246389064303,0.9163569945106201,0,fit
seoul_flood_2023_00097,1,2023,2022,72f61518a84c9a55b3352cbb5023921cad60474d413e7b72f69c74dcf2d72799,site_fold_0,0.6503298100025139,0.5410998206336779,0.4076388190328996,0,fit
seoul_flood_2023_00238,1,2023,2022,6bb5e3a1d3d33c5db48aeb2feb9ba125ac0daeeca2d842b2e02d5875228b2034,site_fold_0,0.40504835931853567,0.8749918446454136,0.8847649508888453,0,fit
seoul_flood_2023_00098,1,2023,2022,69999efddf274f8271d36927d9ec9541d3c52ecbcda9f4fd5d4e4576776c0f81,site_fold_2,0.6373917441660977,0.8392199701279751,0.8492845893506248,0,fit
seoul_flood_2023_00239,1,2023,2022,2d536fc8f243ee74cda2625ce6b41f0808c1a746c242a68cc049153db304cec3,site_fold_4,0.8808926040329994,0.9762915324988707,0.9773856132884053,0,fit
seoul_flood_2023_00099,1,2023,2022,f20722d01f05a742b8dec71af1e8e07cd63b8a6c64dabe657c23086f84b1cc72,site_fold_4,0.6475716496291661,0.6229602406859811,0.845317505160255,0,fit
seoul_flood_2023_00240,1,2023,2022,3ad5a64b1adf89e718a6b754a2a9d66bb8b911be81bf90bc31007aa5e3b55b65,site_fold_1,0.8945131962748938,0.9832630992454856,0.987030863475471,0,fit
seoul_flood_2023_00100,1,2023,2022,45e322c42efd83690f4dfb0ff1d1bbb111f8a340eead50dd2d0b80db07f8e193,site_fold_0,0.6528896519795183,0.7532048684285217,0.8295268712725239,0,fit
seoul_flood_2023_00241,1,2023,2022,fd9b2055defb5a8b5d9a6ad4ec71b2866a897478c50ac25e466cf2ebb31972b3,site_fold_2,0.9202356516220754,0.9491676022254559,0.9722980654180721,0,fit
seoul_flood_2023_00101,1,2023,2022,cde4ea100a86579780194fd2a9211067fff3ec841acaf671446c7e1a10100140,site_fold_2,0.6378029021395212,0.6322888326093379,0.8669818043692521,0,fit
seoul_flood_2023_00244,1,2023,2022,45eade17eef3d54e8ae3d65c6c2fe09751b2504861f44169da0daab75d8028e3,site_fold_4,0.34529317484851174,0.08844440204603765,0.213353939486108,0,fit
seoul_flood_2024_00041,1,2024,2023,437d4e1375e418c1898eaf0ae2743a3a3897e3504fcb93ac4cb1d44ca1794e2d,site_fold_1,0.6298243200560144,0.46844392882464414,0.3170294185694577,0,fit
seoul_flood_2024_00007,1,2024,2023,bb4ef8ec9e43272a080f1429baad8954fb44bfba666cbe0407e5a401a7cbe57c,site_fold_1,0.5345738179125588,0.6648295836848305,0.5563797872327675,0,fit
seoul_flood_2024_00061,1,2024,2023,fcc88c7839e8fbf3b46125b0962e2d83e51fa121fb2ad474578c0205a69158a3,site_fold_1,0.8325810887658522,0.9295298088682546,0.9020289275886836,0,fit
seoul_flood_2024_00043,1,2024,2023,123bf2caaf4935a556e8202150c1fa202134ea1b2f1300bbcd7d8c0eaeec8db2,site_fold_3,0.6528738416688565,0.965431210600474,0.9715221265383781,0,fit
seoul_flood_2024_00008,1,2024,2023,f81340838ca8d98e7a73bb0e3af78d74d80c528b295742e4fb99440aaed665fe,site_fold_2,0.33753442632375136,0.09665155045514627,0.25157800494209415,0,fit
seoul_flood_2024_00062,1,2024,2023,2936fe9484566290154a4a78f1271b029cc6c88fdef60a4f432e5bf00e8a5520,site_fold_3,0.6571589025122264,0.8808134525278243,0.9316418293922728,0,fit
seoul_flood_2024_00044,1,2024,2023,a740d451ba6b1561554cb9fcec4fafe896119054b664fa3843f905be77b05322,site_fold_4,0.7160053810855195,0.8429176041449002,0.8172369713463071,0,fit
seoul_flood_2024_00009,1,2024,2023,e511340b55220ca5cd74855047a854ce0e58734aaa0e70dd27409a906657097c,site_fold_3,0.4104317535031915,0.33751113399890653,0.6049459796958119,0,fit
seoul_flood_2024_00046,1,2024,2023,29c21a43454c116be3b275e72bea1085c7e3a46b402c40cbecd77815d561a6c4,site_fold_4,0.5864698440182624,0.4347666957549455,0.4063690690070603,0,fit
seoul_flood_2024_00010,1,2024,2023,00796b29fe88d57e702ccb4f39268f140294a0ccce5940d0e9de2cd48648f6e3,site_fold_2,0.510767521917079,0.4708695879187709,0.783810913925455,0,fit
seoul_flood_2024_00048,1,2024,2023,7202cf9a0478f75db97858316a56aae958a1fe3a3a300fdd8c9f15c8d98b8795,site_fold_3,0.8367491187265284,0.9528691647326879,0.9563318202840997,0,fit
seoul_flood_2024_00011,1,2024,2023,ffbf9e54cd41025956746859bd5ec126cd181dc76ec068864b593b2c72ce3cfa,site_fold_3,0.4516109313655044,0.7215255809189296,0.5711361304763699,0,fit
seoul_flood_2024_00055,1,2024,2023,b73912d269b006bf961cd5418321dbc3a3ddd9e0782ae7fc2e87b7201c11b4b3,site_fold_0,0.7540371742478682,0.885505481828288,0.7235386357298341,0,fit
seoul_flood_2024_00012,1,2024,2023,80a618b88b8e6324b97cbe64c342ff6711e3161d146da345ab6070b95880e439,site_fold_4,0.6730795234858524,0.82735383624052,0.8754555724436655,0,fit
seoul_flood_2024_00063,1,2024,2023,bd1b8d0105f1dc87aa3d99df0e4cec2c47adbd7400d6c185bd25421ba23dde1e,site_fold_3,0.8395317276511296,0.5769405842349862,0.7829563412654075,0,fit
seoul_flood_2024_00013,1,2024,2023,757a23417a3e32f5178c71d73aa0af81284864b4cea9764741e4edab5aa5daef,site_fold_0,0.5971905342111633,0.0015199153032950234,0.00042341917342661066,0,fit
seoul_flood_2024_00067,1,2024,2023,948d2d09df15eb7f7191ace14981ba5c0ab110c09fcefb90834aab93c7c078bd,site_fold_0,0.7874005296399172,0.9131011933317146,0.7850984397182715,0,fit
seoul_flood_2024_00014,1,2024,2023,9d2e0e628256e0e8794e82426aa235d02ec76a3dc6aad4e9ac3c5a814f9829d1,site_fold_2,0.7671352366798183,0.673022492475181,0.8772721503535644,0,fit
seoul_flood_2024_00068,1,2024,2023,0cd3a852ecf4dc5dfeeccb70c7c7c9ef166021c2b5eab3853b7473d5589777a4,site_fold_3,0.7880798566906142,0.891294827146886,0.7796820107728365,0,fit
seoul_flood_2024_00015,1,2024,2023,971f5541f6195b192b925d8efefffbeca88d01c4a9f0a60d74dde196ee0c86d1,site_fold_2,0.822409250531364,0.8870628171644533,0.9552125680869294,0,fit
seoul_flood_2024_00069,1,2024,2023,7ab3d273ca7380c8698814a0811a1fe680f9d78ab49ee0d92911a4c107de8238,site_fold_2,0.7715204058502849,0.894923148888091,0.9586891181760626,0,fit
seoul_flood_2024_00016,1,2024,2023,e3e50f5e44035dce95e5b6d8138e134698d49eee758b5eec26535a51bde85df7,site_fold_0,0.6604760063255101,0.9360600334498778,0.7715203588679838,0,fit
seoul_flood_2024_00070,1,2024,2023,e803b0ddd0c957cf8b860f04d63d206bc58c4a7e216618b57c60191c479923d1,site_fold_1,0.7413731616319711,0.8202171769166442,0.8549350673926002,0,fit
seoul_flood_2024_00017,1,2024,2023,70760aecf195bae192f5baf7428743d230db64ee9aa273bad54777a29fa61d56,site_fold_1,0.7072765425232483,0.9706440738725874,0.9948434177543235,0,fit
seoul_flood_2024_00093,1,2024,2023,63766b2550ac2953f858ddfec3231520fd87d6dfca7d9e0ac9c396ec7684e38b,site_fold_1,0.8734216796723693,0.9816501276201536,0.983228506437551,0,fit
seoul_flood_2024_00018,1,2024,2023,3693df7f5d8484c40a64e5edfe29168feaab0a3d8ad2d5ef780c0be6f0e46a79,site_fold_0,0.5084321007615143,0.7791345168323044,0.8885988889939941,0,fit
seoul_flood_2024_00094,1,2024,2023,604a183e9f44726cdef3c553ac7408e85ae4b02ccd41506423055ce6ebe1b7d3,site_fold_2,0.17561963583877244,0.9505244823963195,0.7212243704497374,0,fit
seoul_flood_2024_00019,1,2024,2023,5a25b979c2422917f17db7df5dd87a2297c474a9b3d62c792bff7d427ea669bf,site_fold_2,0.8280054633876712,0.9617709528149972,0.9826447232930953,0,fit
seoul_flood_2024_00096,1,2024,2023,79e0a2a000dd61aa37a52001d61342cb8a1c5d1e016976766fc295b4c94b56cc,site_fold_0,0.8192390032641352,0.8984003863472314,0.7551199049590198,0,fit
seoul_flood_2024_00020,1,2024,2023,13ddeac8fe6671414275b639d61a07e9c672c7476e5ccdf793402e7aaeb515d8,site_fold_2,0.9469893978559415,0.8727244161765073,0.9400508954806478,0,fit
seoul_flood_2024_00097,1,2024,2023,2f886984eaa4246f0d5b4af68316375d1b6bdd3583792bcce78bba0fee5cbef1,site_fold_0,0.6612436995135741,0.9190532597812804,0.9194157509903332,0,fit
seoul_flood_2024_00021,1,2024,2023,e124f13166523cb7b6c4c8e441002a9277718c2ebd4cbf13029b4f79c18ecc01,site_fold_0,0.6202639695208918,0.6891517090389312,0.8431195632474041,0,fit
seoul_flood_2024_00098,1,2024,2023,02b5a35da5c0d1c7b55d751771925c966c8fa2149315a4ea571297a2e00589d4,site_fold_0,0.4587775464267492,0.9204753981871687,0.8670508433723659,0,fit
seoul_flood_2024_00022,1,2024,2023,9273fd03db09618bb97fc47b4ab967ad480bfc45f45e026bbdb076e81845adc8,site_fold_1,0.5970029296788688,0.20569038567410755,0.17341803309076823,0,fit
seoul_flood_2024_00099,1,2024,2023,28444bca6837218bf4d704ba4f93934ae8e92a43af99913e4cec692d5abd5c9f,site_fold_0,0.12082507097856904,0.001440993290085733,0.007462400835813834,0,fit
seoul_flood_2024_00023,1,2024,2023,9632c60e0ed4c6223ae3b937ce22f1876fb6cdeb28c7f55bc33e2ce939b58e6d,site_fold_4,0.8656203007524741,0.9518632858063718,0.9771299144382263,0,fit
seoul_flood_2024_00100,1,2024,2023,847fee03f196da88ca147fdf7626ad98f52286f7ea498dd829ca73fc6754a405,site_fold_1,0.8926052877685592,0.9511785660640298,0.9797540674502333,0,fit
seoul_flood_2024_00025,1,2024,2023,c819cede6995ea40f0f68f04316d2019be37ac994dd418a0cbdec1c843dea159,site_fold_1,0.5128202792349358,0.7832359602057309,0.8716931432836064,0,fit
seoul_flood_2024_00101,1,2024,2023,b29f3a9d05c34c68522b01fe2640595e685f4c88f5d8e969f08db1a8e186643c,site_fold_2,0.8433598308565934,0.9420227875500089,0.9590979073268764,0,fit
seoul_flood_2024_00026,1,2024,2023,5601cfe0dafd37c847a7491e472fc4c99c05a8f729d671a071c556aa12d1cc69,site_fold_2,0.8395133773446678,0.9571578443190952,0.975582365084752,0,fit
seoul_flood_2024_00102,1,2024,2023,77738368915709589f9285d3dbfbdc93e438bffdbe2b754c7ab44d8cbb4dac84,site_fold_0,0.8222482527317256,0.8527160290964823,0.8298029988749959,0,fit
seoul_flood_2024_00027,1,2024,2023,420e8c48ebc7ccbf83d2395b4da0611b4c8dc5279fe949942775ff2ccb1f5fee,site_fold_2,0.09407303510768182,0.25671093575962894,0.3616712483376027,0,fit
seoul_flood_2024_00103,1,2024,2023,99026cbc6581e1dda7853aac956f2790cb89367aded1a3bc771ebbde0df131e3,site_fold_1,0.6626635408544372,0.9288553471597888,0.9703225538438515,0,fit
seoul_flood_2024_00028,1,2024,2023,4ba93dbfdb004cedc56f5c631fad8150f58d482ea512ef4108dc18ece34c55a6,site_fold_0,0.8822096371676642,0.9481923750375982,0.8349373351111646,0,fit
seoul_flood_2024_00104,1,2024,2023,8d7f23048bda7bb098f76ccf0fe517f0812889d3669924c1d3df7a7c3beb466e,site_fold_4,0.9439430070625896,0.9980972770991338,0.9987386169064802,0,fit
seoul_flood_2024_00029,1,2024,2023,3e44220d47bea9d8726118dbc011d3073c17208543dc34617d2426bd0b013376,site_fold_3,0.5487077067764583,0.9626028923582318,0.9849630531338776,0,fit
seoul_flood_2024_00105,1,2024,2023,b070070fb490cb378ac75ab72a1cdec8f99ca298a47ea83535ff462f4218a566,site_fold_0,0.9282306605310674,0.9580713615387549,0.9475155550938924,0,fit
seoul_flood_2024_00030,1,2024,2023,03119c1c5c1adcbae5fd24c55ada049a8f1452bfcfcd3e573fa9bebf91752bb0,site_fold_3,0.38414488811928765,0.6532342427882977,0.9267609403813519,0,fit
seoul_flood_2024_00106,1,2024,2023,8a10ba040bee51a4dfb38952aa2bf48f827db9c60619fd3afaf104dd06491a34,site_fold_2,0.6818660893928857,0.940192052901615,0.9644848973445461,0,fit
seoul_flood_2024_00031,1,2024,2023,13147c272b4c57eb35511cf391e997f00dc7d10b3a1f309bf6f9a86e80bd6d98,site_fold_0,0.5938247082352329,0.9412705037787726,0.952559042321677,0,fit
seoul_flood_2024_00107,1,2024,2023,168cd363d196b4cea35e3fbd5c31a32fe30f602e59fd2e486239d28906f9d02d,site_fold_1,0.6746400972902321,0.6311614290059733,0.5674179863528291,0,fit
seoul_flood_2024_00032,1,2024,2023,580ebce2e64ba8e209c7b1cebf7178a8945d8200b9c28e17ef913090e1016c84,site_fold_1,0.7743409343967156,0.7532045489493302,0.9165909687273619,0,fit
seoul_flood_2024_00108,1,2024,2023,642d2d7d6191dca8abc1ab275b94fdac98c447af754257111014110d2816b94b,site_fold_2,0.5754771630152086,0.8764487570333707,0.8701770544024152,0,fit
seoul_flood_2024_00033,1,2024,2023,825340dcf23951f2d8e47a605ed2e1b965b6967c54812a042734b3eda4bc5c96,site_fold_0,0.8871742303892249,0.9114808619277815,0.825494170582672,0,fit
seoul_flood_2024_00109,1,2024,2023,1a5ac1cf0c6d290a58dd20ffa384cfc5a1c391aa45217ea6646abf4d6d3cd048,site_fold_0,0.6573845758285952,0.9035400747668283,0.9615431821559182,0,fit
seoul_flood_2024_00034,1,2024,2023,e5b6ce851537198eb60726302c43334dbe511f11228c46cc6fe4387bcb048678,site_fold_1,0.7333131526410759,0.84015594018284,0.938643945444965,0,fit
seoul_flood_2024_00110,1,2024,2023,e06015435d8e64d0e545abf7950cc1a141c6e072d8a8bc68d033a5d44da502c7,site_fold_4,0.6553790789386955,0.6969891107024667,0.9135123343637827,0,fit
seoul_flood_2024_00038,1,2024,2023,38da3f8f9cf16edf6f767e063dbcce4cd45bf9964614ea38636c127bfd87bf07,site_fold_0,0.6278630847396092,0.6061519636437486,0.8875505047717632,0,fit
seoul_flood_2024_00111,1,2024,2023,39bb7133a5a101fdedcd7174962b3f0100428b3745479f0cd22475a6ec2e451e,site_fold_0,0.9033938054399006,0.9973394981975728,0.9987780561512324,0,fit
seoul_flood_2024_00039,1,2024,2023,83e08aa3e97db1d52d86474b863a153e2cc9377b044e7cac80a279df233b1119,site_fold_3,0.6877563272817325,0.5430021447998492,0.7383613586589394,0,fit
seoul_flood_2024_00112,1,2024,2023,976afaf01c54fedf9ff44d35ddf4ab9dd2ec59cd6f6522f18ed8ec0bb0a0420f,site_fold_2,0.07459853025882801,0.8760749517995164,0.9843719334386557,0,fit
seoul_flood_2024_00040,1,2024,2023,571c211904d10956955b5efb4fa653d8e5f9f7eb62867184c400a15c68241389,site_fold_2,0.7287408387428042,0.9927580720350317,0.9492445565630547,0,fit
seoul_flood_2024_00113,1,2024,2023,fbcf72bad940a495b5c781c0dacec95037e2444e074e00b823baaff2a70a2897,site_fold_0,0.1951536921692417,0.7356831206011706,0.060051379293283254,0,fit
seoul_flood_2024_00047,1,2024,2023,17f667ebdcf62fddc91ad9b0250bb9b2adc97cb183d86891c48fee18be6e5cef,site_fold_1,0.39665438487989957,0.1622295319433697,0.13841429282753254,0,fit
seoul_flood_2024_00114,1,2024,2023,6aed3ebb380da99b9ee22cdafb43ad80499c1bff6c3499d470dc7ee07d89c849,site_fold_2,0.19653970632352297,0.5567203333731371,0.697616512064568,0,fit
seoul_flood_2024_00050,1,2024,2023,45e0d39429832b452a4c887bb71b185d61412763fa2b471282d7f26b4d5b2a6d,site_fold_4,0.5042514950745096,0.6115401597895074,0.39199967288345644,0,fit
seoul_flood_2024_00115,1,2024,2023,7738cfb0acdc52887fd9690f1d5b486d23901783ababf94e5884b74aebb7b7a6,site_fold_4,0.7196837888779772,0.8574519463400697,0.9477834150774835,0,fit
seoul_flood_2024_00066,1,2024,2023,3249f0c73043197204ff8e0eb2de32de25359d1a88ab3e65135ed05df3e17632,site_fold_4,0.6829175948448167,0.9235290581739986,0.9600520584741026,0,fit
seoul_flood_2024_00116,1,2024,2023,7d0ace58f1bf6a48eed8c62e46a71a458d0fecfa8f511947d46a0167e6837f9c,site_fold_2,0.11752169516210063,0.5674521776681261,0.8013085020680603,0,fit
seoul_flood_2024_00073,1,2024,2023,287234d601433e40a271d9ddd26ead9f9308af2b1677c85e3834012d64e6e7d2,site_fold_3,0.48825085133287494,0.052948215400365116,0.6789088495050511,0,fit
seoul_flood_2024_00117,1,2024,2023,96bfd72b61bf954f2785d404c928759454d7b17f1b9112b500e5bef0de66965f,site_fold_3,0.8906825212274573,0.8876088107886375,0.7393373764307556,0,fit
seoul_flood_2024_00085,1,2024,2023,3becba3274152e21c153ada0da15bb1d8f5a0a5aa386ebae6fe6064d468e125d,site_fold_4,0.6399281224351672,0.994846057193542,0.9964520686613596,0,fit
seoul_flood_2024_00118,1,2024,2023,08e8ba1a5228798be26cec1295ab372eef931328d892df9a0a6f83f388090f1f,site_fold_1,0.7300905215463871,0.9143151879584904,0.8036606719223026,0,fit
seoul_flood_2024_00087,1,2024,2023,038885154917f49461b2bd823ed84f168eb6f07b4247e762aa3785177bf2f1a8,site_fold_4,0.6909888391251968,0.8416732835644118,0.9575064817541136,0,fit
seoul_flood_2024_00090,1,2024,2023,e2021107777c58ae4753e65b214bcf759eb5dade508d589c0faa3ecf220f7db4,site_fold_0,0.6230079186077031,0.9965991030766952,0.9982897354401898,0,fit
seoul_flood_2024_00092,1,2024,2023,9a1836775b51d543b83e763701479475aa2241ddd6420af60260e1c2994536b2,site_fold_0,0.8183444474007644,0.8761523160525816,0.964297035944086,0,fit
seoul_flood_2024_00095,1,2024,2023,5609876fb475b5f8749245964924f472f2921b55d27942248654e089174fcb3d,site_fold_3,0.6601305300571786,0.8814910256074422,0.7516135462878235,0,fit
bg_2018_0008,0,2018,2017,e01f18c6157377aa8fea34d0849ee57ba81780ea6b458a684b38b58c1f249aa7,site_fold_1,0.002867501363247582,0.017802264754839373,0.02442665162513081,0,fit
bg_2018_0012,0,2018,2017,031f604ccd8decf0bc0c0f1b46d764f67618a666286b5ef046ba714fd32ce319,site_fold_2,0.00034793703884839335,0.00014438797472726515,0.00046728808834200976,0,fit
bg_2018_0014,0,2018,2017,96f4653cba9c5b8fffc448302fa973dfcae2a21030235ce4f086544c824fafd7,site_fold_0,0.0003888472145846538,0.0023869584580744055,0.0029170924267316093,0,fit
bg_2018_0016,0,2018,2017,b567922b1a6e50fee3cb576e2441824a9c83fd4dd5fac5d1c44c98d81360cfb7,site_fold_1,0.0221943330224048,0.14662478212714805,0.10359217765068594,0,fit
bg_2018_0019,0,2018,2017,6edce6b5be5a6297cfc6785fe6eb1f9255b7a66545fc3bea508c64d379a86f22,site_fold_4,1.94885897404484e-06,2.057427420020484e-06,2.2750160592697624e-06,0,fit
bg_2018_0021,0,2018,2017,a74f251b2c3000fafc6ffa15b42a8c8767d1d7f96385ec57c9a92bad2775d4d8,site_fold_2,2.8400179426721764e-05,0.0028852712776140676,0.00634629490469559,0,fit
bg_2018_0023,0,2018,2017,707cefe99fb18e837868489d84317ae20f18934da0f4afa2a1f2b42c41ecaec8,site_fold_1,0.0022887789546730056,0.0005492535642461311,4.349959058715244e-05,0,fit
bg_2018_0025,0,2018,2017,7c6261366bf8edda64089f460e853aeaeda958dee0f29ba57605120c552ce3ad,site_fold_2,0.3645307119504848,0.007178379946656944,0.05388798605714952,0,fit
bg_2018_0027,0,2018,2017,07e4e2986cc515ff4959416c897bb00877a6b5e8b3b13ea6b922aa271b685181,site_fold_1,0.013575117827109698,0.011204297393985424,0.000786692226016391,0,fit
bg_2018_0029,0,2018,2017,d85443019e270af275d8e6dd883eb545895d895bb3302685db5c485b48671cbe,site_fold_4,0.00723953923089295,0.22552411806865688,0.45376934242858585,0,fit
bg_2018_0031,0,2018,2017,294277d42644ddf4e441a0ce7c53aca2bfa06820f022b5f34069e9a8a30356b2,site_fold_4,0.0001325474275885416,0.001393194260771315,0.0006332887771837828,0,fit
bg_2018_0033,0,2018,2017,21e62fc153d7c067a581956f9285d808728d0fbcc3f743972121ab385b7f240d,site_fold_3,0.45348249954764563,0.4641938156573737,0.09293364312922091,0,fit
bg_2018_0035,0,2018,2017,84e4269b50220afc54cd94d366ce19c65299d35df850ceaee93eadc2d1fba7df,site_fold_2,0.0005847183304259757,0.14226640084824044,0.012350447371928731,0,fit
bg_2018_0037,0,2018,2017,ec12ead14120d4fd24d16cabbbd241eb1d0fe9c16ad943805a4312845283d462,site_fold_4,0.2891208582430354,0.0021582517460872505,0.001204706372703789,0,fit
bg_2018_0040,0,2018,2017,b8e6d522bdee72713691c7fcf5a63989a868dfd95bd2cab5437e22511b06187d,site_fold_1,0.09951865907180266,0.0019890501318532614,0.012979511456333788,0,fit
bg_2018_0041,0,2018,2017,2fd1ce506e821d00b2c7dc4f3c74578abf6a9aa737fc9b17501c9a890c7b32f4,site_fold_2,0.21657061843982642,0.02058463613545819,0.019015201627166443,0,fit
bg_2018_0042,0,2018,2017,c5c162e440897a82f0cf5001e5831e1ef3a67dfe6bf07a591a79a43cc3ff74f5,site_fold_1,0.015275936301603342,0.00022983026018401473,0.00016500168753375005,0,fit
bg_2018_0043,0,2018,2017,3dc07fb46bf80b6eecd3b849850467fc614be95e21cbda76c3c7cdf7a7106cf4,site_fold_2,1.7346291319833836e-05,4.9900966902719023e-05,1.5540812986354876e-05,0,fit
bg_2018_0045,0,2018,2017,5abac985a6deaa808eecb6a2742d5a724388c8f6c7ad871704b78b4066e386dc,site_fold_1,0.8394488895258836,0.40195689451489497,0.4002274970743825,0,fit
bg_2018_0047,0,2018,2017,9b143e553b172de0a0dbcd667fcc44ff4424a8f9c8019d9c4a4518f7420b41af,site_fold_0,8.862379298306323e-05,0.002695207325531252,0.0016991892518242206,0,fit
bg_2018_0049,0,2018,2017,1a44f043ff970d264d22e596a5e8bcb7dd2eeaed1035fc9b3d7de0c36349a6e3,site_fold_3,0.4452141357714879,0.7710722301274694,0.5536461698836598,0,fit
bg_2018_0051,0,2018,2017,748d2b899e4eb3beab4800bc94e8ff516e34ed0db3aef051813bec260a8670ce,site_fold_2,0.0741614236611705,0.049421484078652274,0.05370409812621643,0,fit
bg_2018_0052,0,2018,2017,dcd99ae5f275a0be2458b09742536127a22d13b902bd53e5ac740a04f46f77f3,site_fold_3,0.18463085038530416,0.07077147539985473,0.05245525259966952,0,fit
bg_2018_0053,0,2018,2017,ef5548ab378a0d6f1136921f787bedefcf308b5bf6f03841ab384a58392a796f,site_fold_3,0.0008023271200224356,1.018178223845023e-06,5.695848345795567e-06,0,fit
bg_2018_0054,0,2018,2017,8b97daeee954f5cf8ce99941964f6b69aafbd08ff670db5383f686bb16668c44,site_fold_1,0.1164858470849161,0.00436491919498721,0.0024434066239116753,0,fit
bg_2018_0056,0,2018,2017,dc2c073fab33fa44d4232f769c5e6003d6870f75c7967861a7b52e38d7c69572,site_fold_4,0.010498515143699627,0.6763726992079518,0.49906640832006366,0,fit
bg_2018_0057,0,2018,2017,d40effa8069de0fc26ed37d2c749ab608986996e969ab3f7db4ee96472d380dc,site_fold_1,0.7069511183072418,0.34458461952348934,0.7677166280665546,0,fit
bg_2018_0058,0,2018,2017,203ddd064d80fc0d4e7bff11a0776d9e93419a3a6037aa9adc2c7505290a1813,site_fold_4,0.10886781498088127,0.06941021250611273,0.42114264691119074,0,fit
bg_2018_0059,0,2018,2017,f9a9ec68c6f1d2a1231e5e83d38745b60d61290ff74ac936aa8f0683822eb8eb,site_fold_0,0.7082511366539763,0.28703051549295133,0.3086550868139147,0,fit
bg_2018_0061,0,2018,2017,320a5b870363bc27bd783e6d2b485a8d3972cfc67854a5a58639a25fc374f980,site_fold_0,1.1784192036378177e-05,5.883540664706137e-06,5.314725952976413e-07,0,fit
bg_2018_0062,0,2018,2017,b72bc3515d6491d4fb990553794908030b77eceda6076312844c64f5685529fc,site_fold_4,0.34978424113015305,0.0186453028916409,0.06584989184872976,0,fit
bg_2018_0064,0,2018,2017,7cf777b87c15c35cb12a26b7d8ad0f56654c2b75b6447578107c0cef8bdd2e29,site_fold_1,0.4118914134770328,0.5980932896640677,0.507312359209914,0,fit
bg_2018_0065,0,2018,2017,2ae3e4a48561eae2ac17dd839dccd2bfa7997585727481cf2cc5ad1a544cbb29,site_fold_3,0.000499145255122337,0.00022549861925970905,0.00012402610847819597,0,fit
bg_2018_0066,0,2018,2017,a5a2dc9c1dbe6d7af6f51645bd09cb467e8f7c186eb7d91b2a155cea8ae622ed,site_fold_3,0.04427916149424535,0.0015071018331167581,0.00033890075058336727,0,fit
bg_2018_0067,0,2018,2017,b687a30ed837278ff4dadcfdef30f40b2986a06c7c79ed57693b3e6b2b1a9d33,site_fold_4,0.5687478265912771,0.960495295830773,0.7355674581310039,0,fit
bg_2018_0069,0,2018,2017,19b54b72bdde6c4bd3cbe2546f3414a4ff56cd60d6a2bcdf3d6f1f199e8b9a7a,site_fold_2,0.5752474659225546,0.002596255367971808,0.01879091399804291,0,fit
bg_2018_0071,0,2018,2017,48da3e414015f3351b42e87e9218a6ceaedce537a926ba13d8759590bdad9d81,site_fold_3,0.5289372704650297,0.8535563028858452,0.7007973070948476,0,fit
bg_2018_0072,0,2018,2017,ea2e9240baa8efb8641cef5f652b1f430fd03b8bb6bdcae03cd85c7be7d79e6c,site_fold_1,0.4091830682708794,0.01859906292917917,0.0070078547725217835,0,fit
bg_2018_0073,0,2018,2017,eb67dc3c4a6302c161ea7c937485d56e520ac962c08ed97fcd8cb6d32e101eed,site_fold_1,0.3496819517529067,0.07768303536470539,0.08748871809333592,0,fit
bg_2018_0074,0,2018,2017,0661378a425c8a66c4aa539a6016f77d94444565f19a404c200d8da71d881e6f,site_fold_0,0.31576321508019123,0.009602573188128263,0.008895208909116973,0,fit
bg_2018_0075,0,2018,2017,c1f90f1983b063e2d466b9b1bebe90d7fc37a3d7d52615c416a054934dc3850f,site_fold_4,0.8849280012168754,0.29542689075813744,0.15063334086271174,0,fit
bg_2018_0076,0,2018,2017,b0bb5e94bbb58bef0707986a0b214f4618e10f100ec3660f7f792c139b83b7bf,site_fold_3,0.8367525247961232,0.03977064135592044,0.007344402543763571,0,fit
bg_2018_0078,0,2018,2017,a5ca7d8f214e2cdbd499bf191e3ef82542d8fc7c4eb63c250906aecb6d052776,site_fold_1,0.07133653402946169,0.008816685866081083,0.0004316984176289731,0,fit
bg_2018_0079,0,2018,2017,387293de0a4d2562776968a4c928898f0c153e19c243293da6f2314332ce8e09,site_fold_0,0.5294860749082138,0.019873001334209654,0.019094673934992378,0,fit
bg_2018_0080,0,2018,2017,e647221675ed4239c7ecfb607d39fbe04e5956323af3be0aa98f0d64ac923420,site_fold_2,0.8919365435824557,0.2224206832382089,0.1490279579775094,0,fit
bg_2018_0081,0,2018,2017,a79ec02ce4ac7963f73a96c80a4ea1fc557a0747a742e20e54654266ddade15f,site_fold_4,0.7436331134208396,0.5389469213712764,0.6292573217636301,0,fit
bg_2018_0082,0,2018,2017,5535d9eaa37e4d1a7b852f0870d6bc9cf8d44c2c849c46b6e3bc123aea922f98,site_fold_0,0.9929282305625564,0.0824692161187754,0.0014588251206168218,0,fit
bg_2018_0083,0,2018,2017,fe080c2d9abb132cc64d5557983b111ff97e3f58f287666fd5faa26bdb192287,site_fold_2,0.6114232984771382,0.653264775733768,0.041692993741015504,0,fit
bg_2018_0085,0,2018,2017,f3ce6092bb24123a060a0495483d50073de4e4ee953fe58bd28e219e1a83baa1,site_fold_3,0.0034138881780413095,0.01053097624889776,0.01355172327006326,0,fit
bg_2018_0086,0,2018,2017,2f8d0c0da0be361972dcf84753d6a3e08b6dad88a520b7d1a92b86f9b38320ac,site_fold_1,0.1591832830469854,0.004266508021853536,0.004052306860628383,0,fit
bg_2018_0088,0,2018,2017,d948566b5d11292ec582eb153178eebb116e8d9e510bbbb560baf1319dcb07ea,site_fold_4,0.24452843209091352,0.02026675827964539,0.03208807299425126,0,fit
bg_2018_0089,0,2018,2017,30e0262a5079f27f544cfa11a50c2dac7696a1223e31b6a5743a25b88178f3f9,site_fold_1,0.4240670282577288,0.16080047559058894,0.05328505317078181,0,fit
bg_2018_0090,0,2018,2017,0ea0ea06867904ade6f0cc97d06bcc3a15a536e081b0765ae05da45dd08c935e,site_fold_3,0.3549575171199178,0.14887577066791535,0.5189276115482339,0,fit
bg_2018_0091,0,2018,2017,982618d21af830b045f8c249c93b9fe8c0ca46e8eef0f38a41b858d40f182133,site_fold_1,0.4359501518330108,0.4797503593513143,0.5272643154581109,0,fit
bg_2018_0092,0,2018,2017,1329ca34dd0aa22bba0143275ea656df9883ad433541073bcd4a263e3256d123,site_fold_3,0.32106548574071175,0.6058623761134012,0.4374485223335394,0,fit
bg_2018_0093,0,2018,2017,39af272ed4011f905c7675ca8e5251a45ad8be334a928f57454f06824c57b67d,site_fold_1,0.5614580262655672,0.05173518112133652,0.3024159931122246,0,fit
bg_2018_0098,0,2018,2017,09cec87c34c3457792131d98f4e5ea7c0de72227cb164719da0895a2dd49e29f,site_fold_4,0.005785692523602543,0.853880232805929,0.06324037193643552,0,fit
bg_2018_0099,0,2018,2017,eab8096d803acb18cc201f6ace31bbda179073d5e6a99e0d73d2ec05bccdf772,site_fold_0,0.05446894658084588,0.0003048632796609577,0.0008709176504500373,0,fit
bg_2018_0101,0,2018,2017,0e3e2e1f0d7500e89ab5386ac3395e82b86d098339e82b63a4f96b3de677403b,site_fold_4,0.21780377338203338,0.029815208514444632,0.013657136170709364,0,fit
bg_2018_0102,0,2018,2017,d083f6498d7fbd2e9d25a6ad0b6797fb6e2c24cc6ad3d7ca5f9713008c86dd50,site_fold_1,0.042805089118875386,0.0001821785442993981,0.00011750754459949605,0,fit
bg_2018_0103,0,2018,2017,094fe38ba748a64e5efdec7fb8286b4be6aadc362ada39934354d5551a5da3d0,site_fold_3,0.21900511820356902,0.37027148842228613,0.16181308145346415,0,fit
bg_2018_0104,0,2018,2017,381d18bd61e34cf882bdfdf6012481b10927e35d12e6647db1266ea9a179de4a,site_fold_0,0.00028508344966182025,0.022908723137989886,0.020244251356818496,0,fit
bg_2018_0105,0,2018,2017,5bb0f3030646a3eca15b3c715c0a2cc5c67d8a64036f4b26e788799479fcac9b,site_fold_4,0.7047910956674843,0.7453862046817663,0.3198830466239914,0,fit
bg_2018_0107,0,2018,2017,121ca7306a2ae0103033e3004279ef3e80366ab277effbd7df933cd44df93378,site_fold_4,0.865190014040755,0.8966454264414684,0.3457392311788521,0,fit
bg_2018_0110,0,2018,2017,fe94a8a6361778f583248af09d52d2f8beaeed2c3a1047494990e54232abf263,site_fold_3,0.365912609860518,0.7711487469930413,0.4177993731332157,0,fit
bg_2018_0112,0,2018,2017,9b8cfb8dd01fd7117ec530b8b1be50f430e0bba381744f956eee96179adeacee,site_fold_1,0.8947455091856824,0.9745239526671508,0.9781315072185998,0,fit
bg_2018_0113,0,2018,2017,574a670bce4623563698b796be6af8072c206bfd8806e5f36ff822a332eff57b,site_fold_2,0.10851515515032228,0.8620285687464185,0.8615984751253559,0,fit
bg_2018_0114,0,2018,2017,cbf698a2629e0c40badff8fdce66678097136d982ad6e328f5e174702db1ac72,site_fold_1,0.0654015104052474,5.187233968164362e-06,0.0001223052390864758,0,fit
bg_2018_0115,0,2018,2017,48ba22de3d6960040834837c9f93bad7da1ff9aa12c70c28cf23329daa5556b9,site_fold_0,0.3319428556671987,0.008600835433851067,0.029330326379752938,0,fit
bg_2018_0116,0,2018,2017,b89dc14cbabd117f4baa55fee005974d32ebb678421d282b6faf5919d4c5513d,site_fold_0,0.016127333991694123,0.22651777163639408,0.14800435682686314,0,fit
bg_2018_0117,0,2018,2017,259d5e4e331efc426e8d5cb37d174767fad44812d9c8aac2673f920f15e78ad6,site_fold_0,0.4163572603851429,0.00041234158269923965,0.00022637094207033495,0,fit
bg_2018_0118,0,2018,2017,8e82547d47b9be467e201fcc7a5aecc54c71aded64e0ac980099b8678439acd8,site_fold_4,0.503112696186301,0.012585873165725962,0.0023514698556793773,0,fit
bg_2018_0120,0,2018,2017,1cdab643d1b940b0693fcbf08e8a99e52473b61131de923eb8b284c32f00c4d4,site_fold_3,0.3129724997234399,0.049651655503288906,0.15254695512392794,0,fit
bg_2018_0122,0,2018,2017,bf6cb7c3b436132579c4c247e107989902b49e1a3a297a787f54b840578a302e,site_fold_3,0.10715355696152627,0.0019638160046292225,0.001025300834069213,0,fit
bg_2018_0124,0,2018,2017,74a593ab813090c62b6028480a668a3959fb4e059bcc73876ed08db88d30bda2,site_fold_1,0.011210281752142977,0.020511567677569478,0.00555962366412329,0,fit
bg_2018_0125,0,2018,2017,669228cb6311c26fa81b0cc72a9f043cf099e2aec5da6174c5343570362b53f9,site_fold_4,0.0007219017868002254,0.004962337870919275,0.5615926912565952,0,fit
bg_2018_0129,0,2018,2017,9d517f55ae5613be7e9c1f546afa3a8453196835262a2da69354022e181623af,site_fold_1,0.4485973096617462,0.4281863898121366,0.4933951383282588,0,fit
bg_2018_0130,0,2018,2017,30fc7f1fd06b41eaa1cbfba3302ccf7b637fb6b97d364777008dcc7203e27e88,site_fold_3,0.5426544883760528,0.9672521240276748,0.9436296676586228,0,fit
bg_2018_0131,0,2018,2017,c70088b5f5ed553ac8d54c56b48c1be5b90a722246b8993e86f8ab252abee2b8,site_fold_2,0.6913387524858009,0.9332092903446083,0.9401974693197797,0,fit
bg_2018_0133,0,2018,2017,f4be26be42aa63779b31705fdb787991f04b62cc376f4011ad45d4e46a90aadc,site_fold_3,0.8169807416027276,0.025103107328963176,0.02674260856793335,0,fit
bg_2018_0135,0,2018,2017,d4a9a61f6e816b947950df9ce5dcf1ba5199c097b89c4e2ff3146444ea11cb5e,site_fold_0,0.29099958741338094,0.8858660935820056,0.7790918038537432,0,fit
bg_2018_0137,0,2018,2017,b1c60d3479151c265d732f1691c8965b5045f9f996bc435e7cc5093bbabaa7ca,site_fold_0,0.34103033208265743,0.00043594966821096815,8.835487643388448e-05,0,fit
bg_2018_0138,0,2018,2017,8c4da60d1d75cffc9bd0bb476c0dc48b8024afb93b7ec5dce86a348e4a515c7e,site_fold_1,0.0003084678588615248,0.04070897396218865,0.0056582340307664595,0,fit
bg_2018_0140,0,2018,2017,25491912f96991025541d5f5da5a1ed06d902fbef16223d74ebe72a74b2706c0,site_fold_0,0.22013038040330313,0.05268064731206275,0.30930651008032656,0,fit
bg_2018_0142,0,2018,2017,27cf11d64439127707db65caff07bd9f503a61a6427d56ac8b3df0c792261c04,site_fold_2,1.4788340473771765e-20,8.612585489714647e-18,8.141813300754941e-22,0,fit
bg_2018_0144,0,2018,2017,48a8d4b27be3f5a3d567610c033ac715c6277500103c9ec2d712f0b3bd427f0b,site_fold_4,0.6719927166914896,0.8637822698490186,0.8151671818067481,0,fit
bg_2018_0146,0,2018,2017,e889077796f75a8bf06a0218348506ff1aa58361a026a2158158d33545d8f8e8,site_fold_4,0.613028663816455,0.5163633243713331,0.6255278653743093,0,fit
bg_2018_0148,0,2018,2017,7e9ec81c8ea1517e7c97d3f130bd8da15eded8367199dea08912d7fec27678bc,site_fold_4,0.7714141679612341,0.36690411131033823,0.5583374730651094,0,fit
bg_2018_0150,0,2018,2017,2d514b854a9419024c44d135af3eff0d5ec793684c36bece8e6471bba25f3d4b,site_fold_2,0.0010707585799060804,0.010968684996203012,0.000688801603133935,0,fit
bg_2018_0152,0,2018,2017,ce81223ed4abc36fdbbc236f8ffb7d0ee9ea969f12ac8750196c90345354cd48,site_fold_1,0.008034558435450178,0.0003143994752835207,3.793373077057688e-05,0,fit
bg_2018_0154,0,2018,2017,eaa88e45dc34bbc37c2c1c462247981c702e40fc4de264f8bfd709abb71da6d3,site_fold_2,0.04262976180334652,0.13082360314505384,0.40064983449494207,0,fit
bg_2018_0155,0,2018,2017,37a1b32ea4828c6949829c840f5a2c1015383861dcde49e417670a4242964123,site_fold_1,0.02598678822014747,0.00011565277502587603,0.00010375778848680416,0,fit
bg_2018_0157,0,2018,2017,10931396412cd75603aea0d3abeeaa86eab99d3b921d1b092b41bbab3e6b3ef3,site_fold_3,0.4635386373702362,0.00882109256629052,0.005225961706901122,0,fit
bg_2018_0161,0,2018,2017,d49b5fbc9ceb41ca0416f4cdb698a4166b7a68f5b61831b3c486481ab9266d59,site_fold_0,0.6169695239960726,0.8809464423816812,0.9318215670779317,0,fit
bg_2018_0163,0,2018,2017,aa4923f93f3935d9017a178e2e2a00c39f8bda9e0d5768ff25899acb453cfe4f,site_fold_4,0.6214470133474045,0.7371361344842035,0.5086601655957926,0,fit
bg_2018_0165,0,2018,2017,d2fe77c5494009de82c48b234cc00ce5e962100afef8729763eebcde1fdb3ee6,site_fold_4,0.48104267250687177,0.0004249581050980758,0.005948309717505443,0,fit
bg_2018_0167,0,2018,2017,4a3e32b2592c4bca0306e12810e632bbc064edd22a18e37cda46c14b345b44bb,site_fold_3,0.012386991469104682,4.97030433309775e-06,0.0011471783522232536,0,fit
bg_2018_0176,0,2018,2017,f2237c29d27bd0b5346f0be444cdf4b5a741aa2fba630c9086b59654a04a210f,site_fold_2,0.12984141235132615,6.141317095480937e-05,0.0012196137779703995,0,fit
bg_2018_0178,0,2018,2017,e61f9b395ebe806bb4173411398360588d9e72421527f2deafa2fdbbbb195b65,site_fold_4,0.499898544138215,0.7547151978876075,0.8852751090588769,0,fit
bg_2018_0180,0,2018,2017,a113ed2181e2dafdd3bd4c517c782ea37e2fc64120cbcccfd433bc0ea0d1188c,site_fold_2,0.0014863983602143723,0.0008692749703415359,0.00017171353200527294,0,fit
bg_2018_0182,0,2018,2017,338e23f9b352e3105dbde6ef929db218b89c42bef0ff3192ba71868dc1c03e11,site_fold_1,0.5643745369850496,0.663684031260239,0.30196934523552826,0,fit
bg_2018_0191,0,2018,2017,cbc1c3c2479947688ce7ff97d13516aff256f9ff10811bac671aee0b4c32337a,site_fold_4,0.0004683619264864844,0.0005704089737142512,0.0032066554964540928,0,fit
bg_2018_0193,0,2018,2017,61dbfdd28521f9308c90c25b11338b8d4a84bcf61abdb389858a2ac8ee611700,site_fold_3,0.4487728149250578,0.4547858538529524,0.6899933447694276,0,fit
bg_2018_0195,0,2018,2017,84ed77966a29277f09a9d25467f5d8ab0f66d8e58892bfa6b237ad9a9a82cd74,site_fold_2,0.00013050899438977253,0.25633976494498434,0.008255866943973521,0,fit
bg_2018_0197,0,2018,2017,085eb8211e0d2e935d23d26841e01d26a6fd4d394c7185918f5965368be91c14,site_fold_4,0.9394887332138986,0.9440622659134968,0.9404608410890527,0,fit
bg_2018_0199,0,2018,2017,83039e54e1fa37ee25521fbe29d0a288ee1d48abb96cc75dc80796ea6e46a80e,site_fold_3,0.007149770421424173,0.00014206346457821715,0.0012829644642710107,0,fit
bg_2018_0208,0,2018,2017,7fcd19c49f8ef373af77d30b6ea657701de171b59c2cc99c492381c7fa79eb53,site_fold_2,0.000786804306915469,1.1693366959806545e-07,5.155752510313776e-06,0,fit
bg_2018_0210,0,2018,2017,81ecec5ea53df338cb8dec8a3d93efdf89b240e40ceb46e53c9c62deeb7134ad,site_fold_4,0.5129766644042041,0.7879152620839558,0.6393004457146095,0,fit
bg_2018_0212,0,2018,2017,d62a426cec03061a92b4b16ff9276a42c85c45c9bef3ede5653bbbd82d16c4a6,site_fold_1,0.24266575413437522,0.0007512884124947838,0.0033093376813834903,0,fit
bg_2018_0214,0,2018,2017,adcf989dc565c016087934f1ab4ba3b574fbe4b87d6ce6c4c0efac4ac2994595,site_fold_3,0.6752504699736365,0.9654367769085196,0.9656703347753552,0,fit
bg_2018_0227,0,2018,2017,f6e58d1a82b10079ee37183b7cf9cacaf6d4a553dd204c84c7040b1b90f871aa,site_fold_3,4.691109211735942e-05,2.7432094223778916e-05,1.7008703674611676e-05,0,fit
bg_2018_0229,0,2018,2017,571d300f79ea95c93212637680e248e7f42521541f8f5180c48bc4344a8082b1,site_fold_1,0.0008388482364985073,0.0013264514677997687,0.000639013183959037,0,fit
bg_2019_0008,0,2019,2018,e01f18c6157377aa8fea34d0849ee57ba81780ea6b458a684b38b58c1f249aa7,site_fold_1,0.0013895310872455832,0.002650930037159449,0.0005782642011180235,0,fit
bg_2019_0012,0,2019,2018,031f604ccd8decf0bc0c0f1b46d764f67618a666286b5ef046ba714fd32ce319,site_fold_2,0.00027461070129160557,1.9539185014214775e-05,5.782346135532926e-05,0,fit
bg_2019_0014,0,2019,2018,96f4653cba9c5b8fffc448302fa973dfcae2a21030235ce4f086544c824fafd7,site_fold_0,0.0001366866441784218,0.00029449486910622136,3.882726939386762e-05,0,fit
bg_2019_0016,0,2019,2018,b567922b1a6e50fee3cb576e2441824a9c83fd4dd5fac5d1c44c98d81360cfb7,site_fold_1,0.007819511915267965,0.02727046924076008,0.012332481228900103,0,fit
bg_2019_0019,0,2019,2018,6edce6b5be5a6297cfc6785fe6eb1f9255b7a66545fc3bea508c64d379a86f22,site_fold_4,1.2064323700444797e-06,5.699459176623823e-07,7.623289111035669e-08,0,fit
bg_2019_0021,0,2019,2018,a74f251b2c3000fafc6ffa15b42a8c8767d1d7f96385ec57c9a92bad2775d4d8,site_fold_2,4.132481542731293e-05,0.00015983826372562864,0.001370431452791425,0,fit
bg_2019_0023,0,2019,2018,707cefe99fb18e837868489d84317ae20f18934da0f4afa2a1f2b42c41ecaec8,site_fold_1,0.0004965575788005524,1.123009463402024e-05,2.8003507865908625e-06,0,fit
bg_2019_0025,0,2019,2018,7c6261366bf8edda64089f460e853aeaeda958dee0f29ba57605120c552ce3ad,site_fold_2,0.21566459149624445,0.010679977254580265,0.0013595790875243316,0,fit
bg_2019_0027,0,2019,2018,07e4e2986cc515ff4959416c897bb00877a6b5e8b3b13ea6b922aa271b685181,site_fold_1,0.006200433383679903,0.0006885928037095125,5.470176725435414e-05,0,fit
bg_2019_0029,0,2019,2018,d85443019e270af275d8e6dd883eb545895d895bb3302685db5c485b48671cbe,site_fold_4,0.0042063645904588534,0.07908551561961948,0.01216070423828721,0,fit
bg_2019_0031,0,2019,2018,294277d42644ddf4e441a0ce7c53aca2bfa06820f022b5f34069e9a8a30356b2,site_fold_4,4.579519652990126e-05,4.057877888981085e-05,2.2436895054559654e-05,0,fit
bg_2019_0033,0,2019,2018,21e62fc153d7c067a581956f9285d808728d0fbcc3f743972121ab385b7f240d,site_fold_3,0.39797715635532244,0.08365787532136298,0.010355119886290445,0,fit
bg_2019_0035,0,2019,2018,84e4269b50220afc54cd94d366ce19c65299d35df850ceaee93eadc2d1fba7df,site_fold_2,0.00015944458805628383,0.0012955409753315098,0.0004815840571093402,0,fit
bg_2019_0037,0,2019,2018,ec12ead14120d4fd24d16cabbbd241eb1d0fe9c16ad943805a4312845283d462,site_fold_4,0.26410187732213325,0.0004771864246140857,0.0001776841942379667,0,fit
bg_2019_0040,0,2019,2018,b8e6d522bdee72713691c7fcf5a63989a868dfd95bd2cab5437e22511b06187d,site_fold_1,0.19933235232218408,0.0013568785402769477,0.001674999391030061,0,fit
bg_2019_0041,0,2019,2018,2fd1ce506e821d00b2c7dc4f3c74578abf6a9aa737fc9b17501c9a890c7b32f4,site_fold_2,0.20204156347375254,0.002313311637342776,0.0012104705112429442,0,fit
bg_2019_0042,0,2019,2018,c5c162e440897a82f0cf5001e5831e1ef3a67dfe6bf07a591a79a43cc3ff74f5,site_fold_1,0.18682414576405149,0.0006205865754930988,0.000178737900111813,0,fit
bg_2019_0043,0,2019,2018,3dc07fb46bf80b6eecd3b849850467fc614be95e21cbda76c3c7cdf7a7106cf4,site_fold_2,4.462401469050951e-06,3.821891114674418e-06,6.321112503507893e-07,0,fit
bg_2019_0045,0,2019,2018,5abac985a6deaa808eecb6a2742d5a724388c8f6c7ad871704b78b4066e386dc,site_fold_1,0.6966993308466031,0.13243967071135862,0.1526618548527996,0,fit
bg_2019_0047,0,2019,2018,9b143e553b172de0a0dbcd667fcc44ff4424a8f9c8019d9c4a4518f7420b41af,site_fold_0,0.00015950541083587145,0.0002372026042632184,0.00024582023505421297,0,fit
bg_2019_0049,0,2019,2018,1a44f043ff970d264d22e596a5e8bcb7dd2eeaed1035fc9b3d7de0c36349a6e3,site_fold_3,0.28942255688045476,0.29536319465569966,0.10033504276300022,0,fit
bg_2019_0051,0,2019,2018,748d2b899e4eb3beab4800bc94e8ff516e34ed0db3aef051813bec260a8670ce,site_fold_2,0.10051292012834133,0.028585512593346237,0.0155005228974653,0,fit
bg_2019_0052,0,2019,2018,dcd99ae5f275a0be2458b09742536127a22d13b902bd53e5ac740a04f46f77f3,site_fold_3,0.18193131947130792,0.008972178918473019,0.012061764218649707,0,fit
bg_2019_0053,0,2019,2018,ef5548ab378a0d6f1136921f787bedefcf308b5bf6f03841ab384a58392a796f,site_fold_3,0.0014219388608885581,1.5234558204789685e-07,3.195772798307341e-05,0,fit
bg_2019_0054,0,2019,2018,8b97daeee954f5cf8ce99941964f6b69aafbd08ff670db5383f686bb16668c44,site_fold_1,0.21433361759385877,0.004203947307149518,0.0012430585386593797,0,fit
bg_2019_0056,0,2019,2018,dc2c073fab33fa44d4232f769c5e6003d6870f75c7967861a7b52e38d7c69572,site_fold_4,0.013437275605674063,0.22652758341857565,0.1970095719192396,0,fit
bg_2019_0057,0,2019,2018,d40effa8069de0fc26ed37d2c749ab608986996e969ab3f7db4ee96472d380dc,site_fold_1,0.43533364278894776,0.21237390751659815,0.49209061456352227,0,fit
bg_2019_0058,0,2019,2018,203ddd064d80fc0d4e7bff11a0776d9e93419a3a6037aa9adc2c7505290a1813,site_fold_4,0.16225505620524375,0.1024419261998968,0.2113433254045055,0,fit
bg_2019_0059,0,2019,2018,f9a9ec68c6f1d2a1231e5e83d38745b60d61290ff74ac936aa8f0683822eb8eb,site_fold_0,0.6344311388083514,0.20605981347806965,0.10482037202941472,0,fit
bg_2019_0061,0,2019,2018,320a5b870363bc27bd783e6d2b485a8d3972cfc67854a5a58639a25fc374f980,site_fold_0,1.8569078464182872e-05,3.273082414832532e-05,3.242901936127791e-06,0,fit
bg_2019_0062,0,2019,2018,b72bc3515d6491d4fb990553794908030b77eceda6076312844c64f5685529fc,site_fold_4,0.3697075044797308,0.014770005623426093,0.01605529341056153,0,fit
bg_2019_0064,0,2019,2018,7cf777b87c15c35cb12a26b7d8ad0f56654c2b75b6447578107c0cef8bdd2e29,site_fold_1,0.48778952684786486,0.42460190309063567,0.5577499371000256,0,fit
bg_2019_0065,0,2019,2018,2ae3e4a48561eae2ac17dd839dccd2bfa7997585727481cf2cc5ad1a544cbb29,site_fold_3,0.0001965779825424174,1.5077310780111428e-05,1.2653655898778726e-05,0,fit
bg_2019_0066,0,2019,2018,a5a2dc9c1dbe6d7af6f51645bd09cb467e8f7c186eb7d91b2a155cea8ae622ed,site_fold_3,0.11603683999591201,0.0004920203991567462,4.79234869919328e-05,0,fit
bg_2019_0067,0,2019,2018,b687a30ed837278ff4dadcfdef30f40b2986a06c7c79ed57693b3e6b2b1a9d33,site_fold_4,0.5273992935012338,0.8620682401935639,0.5150540812467665,0,fit
bg_2019_0069,0,2019,2018,19b54b72bdde6c4bd3cbe2546f3414a4ff56cd60d6a2bcdf3d6f1f199e8b9a7a,site_fold_2,0.40449049566166534,0.0022225820504087786,0.001479648129900689,0,fit
bg_2019_0071,0,2019,2018,48da3e414015f3351b42e87e9218a6ceaedce537a926ba13d8759590bdad9d81,site_fold_3,0.6887087448623924,0.7385320611328771,0.7111438864857841,0,fit
bg_2019_0072,0,2019,2018,ea2e9240baa8efb8641cef5f652b1f430fd03b8bb6bdcae03cd85c7be7d79e6c,site_fold_1,0.42502221305626064,0.006043356805357122,0.0020223186361488974,0,fit
bg_2019_0073,0,2019,2018,eb67dc3c4a6302c161ea7c937485d56e520ac962c08ed97fcd8cb6d32e101eed,site_fold_1,0.3824770735067817,0.10601755598104592,0.11351891231432136,0,fit
bg_2019_0074,0,2019,2018,0661378a425c8a66c4aa539a6016f77d94444565f19a404c200d8da71d881e6f,site_fold_0,0.35127142637732406,0.016732639494939205,0.0034632423425792554,0,fit
bg_2019_0076,0,2019,2018,b0bb5e94bbb58bef0707986a0b214f4618e10f100ec3660f7f792c139b83b7bf,site_fold_3,0.70262255214681,0.002447511898270088,0.0010250214538293694,0,fit
bg_2019_0078,0,2019,2018,a5ca7d8f214e2cdbd499bf191e3ef82542d8fc7c4eb63c250906aecb6d052776,site_fold_1,0.03973520237075122,0.00011871199752308655,0.00017232326179112293,0,fit
bg_2019_0079,0,2019,2018,387293de0a4d2562776968a4c928898f0c153e19c243293da6f2314332ce8e09,site_fold_0,0.6202051337724527,0.007835790882292715,0.008832625583555733,0,fit
bg_2019_0081,0,2019,2018,a79ec02ce4ac7963f73a96c80a4ea1fc557a0747a742e20e54654266ddade15f,site_fold_4,0.7789871684390051,0.27243566597201124,0.58360886753445,0,fit
bg_2019_0082,0,2019,2018,5535d9eaa37e4d1a7b852f0870d6bc9cf8d44c2c849c46b6e3bc123aea922f98,site_fold_0,0.9844306517267459,0.03735411182410876,0.002382831695937781,0,fit
bg_2019_0083,0,2019,2018,fe080c2d9abb132cc64d5557983b111ff97e3f58f287666fd5faa26bdb192287,site_fold_2,0.6944055619352361,0.15966881840597416,0.024794376213973967,0,fit
bg_2019_0085,0,2019,2018,f3ce6092bb24123a060a0495483d50073de4e4ee953fe58bd28e219e1a83baa1,site_fold_3,0.003412787335120288,0.0025308725647984896,0.0036385697017541625,0,fit
bg_2019_0086,0,2019,2018,2f8d0c0da0be361972dcf84753d6a3e08b6dad88a520b7d1a92b86f9b38320ac,site_fold_1,0.16728689724678455,0.00045398071999641886,0.0012019065079338143,0,fit
bg_2019_0088,0,2019,2018,d948566b5d11292ec582eb153178eebb116e8d9e510bbbb560baf1319dcb07ea,site_fold_4,0.22359781785066302,0.008751938163975055,0.012988833918012591,0,fit
bg_2019_0089,0,2019,2018,30e0262a5079f27f544cfa11a50c2dac7696a1223e31b6a5743a25b88178f3f9,site_fold_1,0.43390184534991694,0.016075798595415056,0.005118154309297095,0,fit
bg_2019_0090,0,2019,2018,0ea0ea06867904ade6f0cc97d06bcc3a15a536e081b0765ae05da45dd08c935e,site_fold_3,0.43242622662447466,0.0657958350537056,0.2923013719252183,0,fit
bg_2019_0091,0,2019,2018,982618d21af830b045f8c249c93b9fe8c0ca46e8eef0f38a41b858d40f182133,site_fold_1,0.48910357689514256,0.4269192548002181,0.4651615763684649,0,fit
bg_2019_0092,0,2019,2018,1329ca34dd0aa22bba0143275ea656df9883ad433541073bcd4a263e3256d123,site_fold_3,0.26794763233029817,0.28119739250040376,0.06863129747729446,0,fit
bg_2019_0093,0,2019,2018,39af272ed4011f905c7675ca8e5251a45ad8be334a928f57454f06824c57b67d,site_fold_1,0.6141004510569229,0.2148900341356075,0.03774280012045303,0,fit
bg_2019_0098,0,2019,2018,09cec87c34c3457792131d98f4e5ea7c0de72227cb164719da0895a2dd49e29f,site_fold_4,0.005472731079390019,0.25109498485545234,0.009793338548362392,0,fit
bg_2019_0099,0,2019,2018,eab8096d803acb18cc201f6ace31bbda179073d5e6a99e0d73d2ec05bccdf772,site_fold_0,0.08350273780740758,3.0074846910684517e-05,0.0001385607007155219,0,fit
bg_2019_0101,0,2019,2018,0e3e2e1f0d7500e89ab5386ac3395e82b86d098339e82b63a4f96b3de677403b,site_fold_4,0.22751613687909322,0.015070738172098237,0.00104659397441841,0,fit
bg_2019_0102,0,2019,2018,d083f6498d7fbd2e9d25a6ad0b6797fb6e2c24cc6ad3d7ca5f9713008c86dd50,site_fold_1,0.04849712488267792,4.3686447477429346e-05,2.6940483216914235e-06,0,fit
bg_2019_0103,0,2019,2018,094fe38ba748a64e5efdec7fb8286b4be6aadc362ada39934354d5551a5da3d0,site_fold_3,0.24977913245458364,0.1600540276154196,0.09182036786994549,0,fit
bg_2019_0104,0,2019,2018,381d18bd61e34cf882bdfdf6012481b10927e35d12e6647db1266ea9a179de4a,site_fold_0,0.00022722736488319618,0.002226443641266297,0.0024095307788484215,0,fit
bg_2019_0105,0,2019,2018,5bb0f3030646a3eca15b3c715c0a2cc5c67d8a64036f4b26e788799479fcac9b,site_fold_4,0.6467000379200147,0.4095843847503629,0.12566222894004717,0,fit
bg_2019_0107,0,2019,2018,121ca7306a2ae0103033e3004279ef3e80366ab277effbd7df933cd44df93378,site_fold_4,0.6829835632169713,0.5008883047239557,0.23334366060123907,0,fit
bg_2019_0110,0,2019,2018,fe94a8a6361778f583248af09d52d2f8beaeed2c3a1047494990e54232abf263,site_fold_3,0.3947213037064147,0.40452464481059797,0.22286209353478248,0,fit
bg_2019_0112,0,2019,2018,9b8cfb8dd01fd7117ec530b8b1be50f430e0bba381744f956eee96179adeacee,site_fold_1,0.831163125100119,0.9160794869285284,0.6881515432892231,0,fit
bg_2019_0113,0,2019,2018,574a670bce4623563698b796be6af8072c206bfd8806e5f36ff822a332eff57b,site_fold_2,0.1165981241992344,0.8020489724645942,0.7774853929498055,0,fit
bg_2019_0114,0,2019,2018,cbf698a2629e0c40badff8fdce66678097136d982ad6e328f5e174702db1ac72,site_fold_1,0.07810746340306421,1.0118745676859436e-05,0.0002215977463831209,0,fit
bg_2019_0115,0,2019,2018,48ba22de3d6960040834837c9f93bad7da1ff9aa12c70c28cf23329daa5556b9,site_fold_0,0.3367245727298835,0.020850482908179,0.012566936761618663,0,fit
bg_2019_0116,0,2019,2018,b89dc14cbabd117f4baa55fee005974d32ebb678421d282b6faf5919d4c5513d,site_fold_0,0.09332895033426881,0.6109704614700185,0.2919428693741381,0,fit
bg_2019_0117,0,2019,2018,259d5e4e331efc426e8d5cb37d174767fad44812d9c8aac2673f920f15e78ad6,site_fold_0,0.4452315353803443,0.0004426478746232711,0.00078780410823753,0,fit
bg_2019_0118,0,2019,2018,8e82547d47b9be467e201fcc7a5aecc54c71aded64e0ac980099b8678439acd8,site_fold_4,0.43781160212876097,0.0042408975891403,0.0008128977240190818,0,fit
bg_2019_0120,0,2019,2018,1cdab643d1b940b0693fcbf08e8a99e52473b61131de923eb8b284c32f00c4d4,site_fold_3,0.32649105694306796,0.07080048125331133,0.0309658968351873,0,fit
bg_2019_0122,0,2019,2018,bf6cb7c3b436132579c4c247e107989902b49e1a3a297a787f54b840578a302e,site_fold_3,0.14877294389218007,0.00037462224994877096,0.00037913891413009324,0,fit
bg_2019_0124,0,2019,2018,74a593ab813090c62b6028480a668a3959fb4e059bcc73876ed08db88d30bda2,site_fold_1,0.005379970955488639,0.0007755907377422904,0.0011680165327417765,0,fit
bg_2019_0125,0,2019,2018,669228cb6311c26fa81b0cc72a9f043cf099e2aec5da6174c5343570362b53f9,site_fold_4,0.0006373753636014067,0.0010848459743740926,0.10908288500439145,0,fit
bg_2019_0129,0,2019,2018,9d517f55ae5613be7e9c1f546afa3a8453196835262a2da69354022e181623af,site_fold_1,0.5442134599083489,0.4064777994011534,0.08215408452830628,0,fit
bg_2019_0130,0,2019,2018,30fc7f1fd06b41eaa1cbfba3302ccf7b637fb6b97d364777008dcc7203e27e88,site_fold_3,0.5455089439470083,0.8791390190562387,0.8142323298250312,0,fit
bg_2019_0131,0,2019,2018,c70088b5f5ed553ac8d54c56b48c1be5b90a722246b8993e86f8ab252abee2b8,site_fold_2,0.7306943149631261,0.9132829770244156,0.5378397603521093,0,fit
bg_2019_0135,0,2019,2018,d4a9a61f6e816b947950df9ce5dcf1ba5199c097b89c4e2ff3146444ea11cb5e,site_fold_0,0.1603641501579744,0.4530345149616985,0.4341277856350005,0,fit
bg_2019_0137,0,2019,2018,b1c60d3479151c265d732f1691c8965b5045f9f996bc435e7cc5093bbabaa7ca,site_fold_0,0.3509546748898867,0.0005099002939594276,0.08451135199270962,0,fit
bg_2019_0138,0,2019,2018,8c4da60d1d75cffc9bd0bb476c0dc48b8024afb93b7ec5dce86a348e4a515c7e,site_fold_1,0.00018922215859010205,0.0019674695332301618,0.00015522933732873892,0,fit
bg_2019_0140,0,2019,2018,25491912f96991025541d5f5da5a1ed06d902fbef16223d74ebe72a74b2706c0,site_fold_0,0.3214718802526265,0.04580209529291778,0.06607128488880105,0,fit
bg_2019_0142,0,2019,2018,27cf11d64439127707db65caff07bd9f503a61a6427d56ac8b3df0c792261c04,site_fold_2,1.8859346467389333e-20,2.3779047033993107e-17,1.592722545514142e-22,0,fit
bg_2019_0144,0,2019,2018,48a8d4b27be3f5a3d567610c033ac715c6277500103c9ec2d712f0b3bd427f0b,site_fold_4,0.7770779390591237,0.7729569156955945,0.3482094437128466,0,fit
bg_2019_0146,0,2019,2018,e889077796f75a8bf06a0218348506ff1aa58361a026a2158158d33545d8f8e8,site_fold_4,0.7334940630653364,0.25659019906370406,0.31810986791313084,0,fit
bg_2019_0148,0,2019,2018,7e9ec81c8ea1517e7c97d3f130bd8da15eded8367199dea08912d7fec27678bc,site_fold_4,0.8045604198241232,0.29881402456491973,0.06905531754686355,0,fit
bg_2019_0150,0,2019,2018,2d514b854a9419024c44d135af3eff0d5ec793684c36bece8e6471bba25f3d4b,site_fold_2,0.0006716798628054013,0.0004082228769131045,3.423551174793655e-05,0,fit
bg_2019_0152,0,2019,2018,ce81223ed4abc36fdbbc236f8ffb7d0ee9ea969f12ac8750196c90345354cd48,site_fold_1,0.00427613060925874,4.8714087491158986e-05,1.3819100462313835e-05,0,fit
bg_2019_0154,0,2019,2018,eaa88e45dc34bbc37c2c1c462247981c702e40fc4de264f8bfd709abb71da6d3,site_fold_2,0.0624752159779524,0.10852955747860607,0.21184023331923554,0,fit
bg_2019_0155,0,2019,2018,37a1b32ea4828c6949829c840f5a2c1015383861dcde49e417670a4242964123,site_fold_1,0.017893133306490765,7.058219980850904e-05,5.962910692385426e-06,0,fit
bg_2019_0157,0,2019,2018,10931396412cd75603aea0d3abeeaa86eab99d3b921d1b092b41bbab3e6b3ef3,site_fold_3,0.5231143478363753,0.001527022705498061,0.0029801476617225577,0,fit
bg_2019_0161,0,2019,2018,d49b5fbc9ceb41ca0416f4cdb698a4166b7a68f5b61831b3c486481ab9266d59,site_fold_0,0.7415531829970426,0.7572097692898447,0.8632706372771966,0,fit
bg_2019_0163,0,2019,2018,aa4923f93f3935d9017a178e2e2a00c39f8bda9e0d5768ff25899acb453cfe4f,site_fold_4,0.6235160780691222,0.03278131142476313,0.0005085601397589348,0,fit
bg_2019_0165,0,2019,2018,d2fe77c5494009de82c48b234cc00ce5e962100afef8729763eebcde1fdb3ee6,site_fold_4,0.48837487913008965,0.0003263899804384076,0.00010846715803171027,0,fit
bg_2019_0167,0,2019,2018,4a3e32b2592c4bca0306e12810e632bbc064edd22a18e37cda46c14b345b44bb,site_fold_3,0.0018440557286296176,2.6842228886939976e-07,1.2128160459038983e-05,0,fit
bg_2019_0176,0,2019,2018,f2237c29d27bd0b5346f0be444cdf4b5a741aa2fba630c9086b59654a04a210f,site_fold_2,0.04160724080441234,3.8971961518205086e-05,0.00010021342375147576,0,fit
bg_2019_0178,0,2019,2018,e61f9b395ebe806bb4173411398360588d9e72421527f2deafa2fdbbbb195b65,site_fold_4,0.5018264292581056,0.6860354755365407,0.6266113226396386,0,fit
bg_2019_0180,0,2019,2018,a113ed2181e2dafdd3bd4c517c782ea37e2fc64120cbcccfd433bc0ea0d1188c,site_fold_2,0.0008130194349353728,4.5326565910957885e-05,2.6394266077462884e-05,0,fit
bg_2019_0182,0,2019,2018,338e23f9b352e3105dbde6ef929db218b89c42bef0ff3192ba71868dc1c03e11,site_fold_1,0.5411911767207357,0.37462884463538665,0.07642183213578924,0,fit
bg_2019_0191,0,2019,2018,cbc1c3c2479947688ce7ff97d13516aff256f9ff10811bac671aee0b4c32337a,site_fold_4,0.0003300429477017489,0.0002921405046878581,0.00035073997854592526,0,fit
bg_2019_0193,0,2019,2018,61dbfdd28521f9308c90c25b11338b8d4a84bcf61abdb389858a2ac8ee611700,site_fold_3,0.39670495292247604,0.16457708128659695,0.055616626560238816,0,fit
bg_2019_0195,0,2019,2018,84ed77966a29277f09a9d25467f5d8ab0f66d8e58892bfa6b237ad9a9a82cd74,site_fold_2,6.343335449704462e-05,0.00772788901917745,0.0010863150945680591,0,fit
bg_2019_0197,0,2019,2018,085eb8211e0d2e935d23d26841e01d26a6fd4d394c7185918f5965368be91c14,site_fold_4,0.8679114980160927,0.9235000117774977,0.8352355690317527,0,fit
bg_2019_0199,0,2019,2018,83039e54e1fa37ee25521fbe29d0a288ee1d48abb96cc75dc80796ea6e46a80e,site_fold_3,0.009173118992232967,6.398057630358489e-05,0.00017700348215127817,0,fit
bg_2019_0208,0,2019,2018,7fcd19c49f8ef373af77d30b6ea657701de171b59c2cc99c492381c7fa79eb53,site_fold_2,0.0003299717630950171,3.934273237506802e-08,6.803720427357849e-07,0,fit
bg_2019_0210,0,2019,2018,81ecec5ea53df338cb8dec8a3d93efdf89b240e40ceb46e53c9c62deeb7134ad,site_fold_4,0.6271994031371977,0.5609241286193749,0.3973230777067535,0,fit
bg_2019_0212,0,2019,2018,d62a426cec03061a92b4b16ff9276a42c85c45c9bef3ede5653bbbd82d16c4a6,site_fold_1,0.47926911936920175,0.001841290327501573,0.00036966407272904925,0,fit
bg_2019_0214,0,2019,2018,adcf989dc565c016087934f1ab4ba3b574fbe4b87d6ce6c4c0efac4ac2994595,site_fold_3,0.5770748037316966,0.7896503030748987,0.2729857963070573,0,fit
bg_2019_0227,0,2019,2018,f6e58d1a82b10079ee37183b7cf9cacaf6d4a553dd204c84c7040b1b90f871aa,site_fold_3,7.587112999493773e-05,1.1886543573391801e-05,8.872061158061324e-08,0,fit
bg_2019_0229,0,2019,2018,571d300f79ea95c93212637680e248e7f42521541f8f5180c48bc4344a8082b1,site_fold_1,0.000670034510504756,0.00015369137165213454,9.050767562273225e-05,0,fit
bg_2020_0008,0,2020,2019,e01f18c6157377aa8fea34d0849ee57ba81780ea6b458a684b38b58c1f249aa7,site_fold_1,0.00517357590801819,0.006749961208557801,0.004462206503264976,0,fit
bg_2020_0012,0,2020,2019,031f604ccd8decf0bc0c0f1b46d764f67618a666286b5ef046ba714fd32ce319,site_fold_2,0.0039890888166353704,0.0011103580955013508,0.00527702253711586,0,fit
bg_2020_0014,0,2020,2019,96f4653cba9c5b8fffc448302fa973dfcae2a21030235ce4f086544c824fafd7,site_fold_0,0.0011357671403271037,0.005610402877870517,0.0036622403118337205,0,fit
bg_2020_0016,0,2020,2019,b567922b1a6e50fee3cb576e2441824a9c83fd4dd5fac5d1c44c98d81360cfb7,site_fold_1,0.12687160545899515,0.5858643669787498,0.5948569809468035,0,fit
bg_2020_0019,0,2020,2019,6edce6b5be5a6297cfc6785fe6eb1f9255b7a66545fc3bea508c64d379a86f22,site_fold_4,1.6879393362106934e-06,5.857719805451028e-07,1.000263987291144e-06,0,fit
bg_2020_0021,0,2020,2019,a74f251b2c3000fafc6ffa15b42a8c8767d1d7f96385ec57c9a92bad2775d4d8,site_fold_2,5.415908669822008e-05,0.00041236367079539255,0.012727390420791695,0,fit
bg_2020_0023,0,2020,2019,707cefe99fb18e837868489d84317ae20f18934da0f4afa2a1f2b42c41ecaec8,site_fold_1,0.0017775956021856528,0.0003350587051687666,7.033297094258716e-05,0,fit
bg_2020_0025,0,2020,2019,7c6261366bf8edda64089f460e853aeaeda958dee0f29ba57605120c552ce3ad,site_fold_2,0.31737721735985674,0.015135800941034182,0.04135261957113735,0,fit
bg_2020_0027,0,2020,2019,07e4e2986cc515ff4959416c897bb00877a6b5e8b3b13ea6b922aa271b685181,site_fold_1,0.024207148272568705,0.0067540921776035635,0.003711740624484173,0,fit
bg_2020_0029,0,2020,2019,d85443019e270af275d8e6dd883eb545895d895bb3302685db5c485b48671cbe,site_fold_4,0.012974686829429522,0.029772587959103786,0.36464856206120344,0,fit
bg_2020_0031,0,2020,2019,294277d42644ddf4e441a0ce7c53aca2bfa06820f022b5f34069e9a8a30356b2,site_fold_4,0.0001628032342498085,0.00033990639538478585,0.001450826251582007,0,fit
bg_2020_0033,0,2020,2019,21e62fc153d7c067a581956f9285d808728d0fbcc3f743972121ab385b7f240d,site_fold_3,0.5241076455769261,0.562027728255084,0.0885683339844841,0,fit
bg_2020_0035,0,2020,2019,84e4269b50220afc54cd94d366ce19c65299d35df850ceaee93eadc2d1fba7df,site_fold_2,0.0011853981554833875,0.015849290028074916,0.03558237943454987,0,fit
bg_2020_0037,0,2020,2019,ec12ead14120d4fd24d16cabbbd241eb1d0fe9c16ad943805a4312845283d462,site_fold_4,0.4165362816603496,0.0013526645963014435,0.0069154832326625785,0,fit
bg_2020_0040,0,2020,2019,b8e6d522bdee72713691c7fcf5a63989a868dfd95bd2cab5437e22511b06187d,site_fold_1,0.03568830495893481,0.0018315101195058472,0.003788415329046961,0,fit
bg_2020_0041,0,2020,2019,2fd1ce506e821d00b2c7dc4f3c74578abf6a9aa737fc9b17501c9a890c7b32f4,site_fold_2,0.3361468628802727,0.006381068283852902,0.0194134322310265,0,fit
bg_2020_0042,0,2020,2019,c5c162e440897a82f0cf5001e5831e1ef3a67dfe6bf07a591a79a43cc3ff74f5,site_fold_1,0.14189306865860485,0.001451051725766246,0.001156989909739281,0,fit
bg_2020_0043,0,2020,2019,3dc07fb46bf80b6eecd3b849850467fc614be95e21cbda76c3c7cdf7a7106cf4,site_fold_2,5.108467656776054e-05,7.966070040675063e-05,7.79048253963289e-05,0,fit
bg_2020_0045,0,2020,2019,5abac985a6deaa808eecb6a2742d5a724388c8f6c7ad871704b78b4066e386dc,site_fold_1,0.8951470475326765,0.6905739048741626,0.5422951123975209,0,fit
bg_2020_0047,0,2020,2019,9b143e553b172de0a0dbcd667fcc44ff4424a8f9c8019d9c4a4518f7420b41af,site_fold_0,0.0005906301264713539,0.0027842392636105552,0.00954577619735699,0,fit
bg_2020_0049,0,2020,2019,1a44f043ff970d264d22e596a5e8bcb7dd2eeaed1035fc9b3d7de0c36349a6e3,site_fold_3,0.5161565398995859,0.6454939212584353,0.7422358037664436,0,fit
bg_2020_0051,0,2020,2019,748d2b899e4eb3beab4800bc94e8ff516e34ed0db3aef051813bec260a8670ce,site_fold_2,0.1194426799754937,0.17326191470804037,0.09846986714994432,0,fit
bg_2020_0052,0,2020,2019,dcd99ae5f275a0be2458b09742536127a22d13b902bd53e5ac740a04f46f77f3,site_fold_3,0.37760749181458997,0.09522999581754926,0.14627251314555154,0,fit
bg_2020_0053,0,2020,2019,ef5548ab378a0d6f1136921f787bedefcf308b5bf6f03841ab384a58392a796f,site_fold_3,0.0007081879532716987,7.011974538229844e-06,7.291471870557112e-05,0,fit
bg_2020_0054,0,2020,2019,8b97daeee954f5cf8ce99941964f6b69aafbd08ff670db5383f686bb16668c44,site_fold_1,0.24917033743751452,0.017705805583068897,0.010323243546107095,0,fit
bg_2020_0056,0,2020,2019,dc2c073fab33fa44d4232f769c5e6003d6870f75c7967861a7b52e38d7c69572,site_fold_4,0.16926598531097742,0.28588122654340864,0.9742837764402691,0,fit
bg_2020_0057,0,2020,2019,d40effa8069de0fc26ed37d2c749ab608986996e969ab3f7db4ee96472d380dc,site_fold_1,0.7647835324502122,0.7216973631763869,0.8280144032231515,0,fit
bg_2020_0058,0,2020,2019,203ddd064d80fc0d4e7bff11a0776d9e93419a3a6037aa9adc2c7505290a1813,site_fold_4,0.27418358667442677,0.43041988210356597,0.3973741377435005,0,fit
bg_2020_0059,0,2020,2019,f9a9ec68c6f1d2a1231e5e83d38745b60d61290ff74ac936aa8f0683822eb8eb,site_fold_0,0.8669405586916807,0.7250497150140955,0.7824725163304029,0,fit
bg_2020_0061,0,2020,2019,320a5b870363bc27bd783e6d2b485a8d3972cfc67854a5a58639a25fc374f980,site_fold_0,1.0253355173301998e-05,0.0005318439023136119,4.6076185655980144e-07,0,fit
bg_2020_0062,0,2020,2019,b72bc3515d6491d4fb990553794908030b77eceda6076312844c64f5685529fc,site_fold_4,0.5086372688309423,0.02897356580685865,0.09503288550484564,0,fit
bg_2020_0064,0,2020,2019,7cf777b87c15c35cb12a26b7d8ad0f56654c2b75b6447578107c0cef8bdd2e29,site_fold_1,0.5125241514459414,0.6215644665329494,0.609798553247878,0,fit
bg_2020_0065,0,2020,2019,2ae3e4a48561eae2ac17dd839dccd2bfa7997585727481cf2cc5ad1a544cbb29,site_fold_3,0.0008414472707414553,0.00016626827033624906,0.00031477468028427323,0,fit
bg_2020_0066,0,2020,2019,a5a2dc9c1dbe6d7af6f51645bd09cb467e8f7c186eb7d91b2a155cea8ae622ed,site_fold_3,0.09080552404182678,0.0004313115924819527,0.0003342989555261771,0,fit
bg_2020_0067,0,2020,2019,b687a30ed837278ff4dadcfdef30f40b2986a06c7c79ed57693b3e6b2b1a9d33,site_fold_4,0.6065435112790349,0.9562025621334864,0.9197349490280159,0,fit
bg_2020_0069,0,2020,2019,19b54b72bdde6c4bd3cbe2546f3414a4ff56cd60d6a2bcdf3d6f1f199e8b9a7a,site_fold_2,0.6180125119049059,0.005216510909618661,0.0005537534873508977,0,fit
bg_2020_0071,0,2020,2019,48da3e414015f3351b42e87e9218a6ceaedce537a926ba13d8759590bdad9d81,site_fold_3,0.6425564923216327,0.9378313316553428,0.7711396736094324,0,fit
bg_2020_0072,0,2020,2019,ea2e9240baa8efb8641cef5f652b1f430fd03b8bb6bdcae03cd85c7be7d79e6c,site_fold_1,0.45960013768571695,0.0037167366368680557,0.007241611475646525,0,fit
bg_2020_0073,0,2020,2019,eb67dc3c4a6302c161ea7c937485d56e520ac962c08ed97fcd8cb6d32e101eed,site_fold_1,0.4544224311982903,0.5557552751744512,0.4223724226181324,0,fit
bg_2020_0074,0,2020,2019,0661378a425c8a66c4aa539a6016f77d94444565f19a404c200d8da71d881e6f,site_fold_0,0.4378397703815646,0.023352540281006716,0.007373549258477095,0,fit
bg_2020_0076,0,2020,2019,b0bb5e94bbb58bef0707986a0b214f4618e10f100ec3660f7f792c139b83b7bf,site_fold_3,0.8445724462748904,0.02613064724629121,0.02965513106444567,0,fit
bg_2020_0078,0,2020,2019,a5ca7d8f214e2cdbd499bf191e3ef82542d8fc7c4eb63c250906aecb6d052776,site_fold_1,0.11049869129498818,0.004608428962013949,0.014175021287772557,0,fit
bg_2020_0079,0,2020,2019,387293de0a4d2562776968a4c928898f0c153e19c243293da6f2314332ce8e09,site_fold_0,0.6519990122668278,0.029953952161098658,0.010619634418739783,0,fit
bg_2020_0081,0,2020,2019,a79ec02ce4ac7963f73a96c80a4ea1fc557a0747a742e20e54654266ddade15f,site_fold_4,0.8391235622452266,0.6609532729350843,0.8481149353590907,0,fit
bg_2020_0082,0,2020,2019,5535d9eaa37e4d1a7b852f0870d6bc9cf8d44c2c849c46b6e3bc123aea922f98,site_fold_0,0.9823523363519107,0.12660028428927295,0.02147584246954192,0,fit
bg_2020_0083,0,2020,2019,fe080c2d9abb132cc64d5557983b111ff97e3f58f287666fd5faa26bdb192287,site_fold_2,0.7285230135624904,0.6436379616770349,0.14494711347356004,0,fit
bg_2020_0085,0,2020,2019,f3ce6092bb24123a060a0495483d50073de4e4ee953fe58bd28e219e1a83baa1,site_fold_3,0.00894800150420703,0.06728094716323542,0.014576342112756102,0,fit
bg_2020_0086,0,2020,2019,2f8d0c0da0be361972dcf84753d6a3e08b6dad88a520b7d1a92b86f9b38320ac,site_fold_1,0.321848405391822,0.003016456199014071,0.026375114699249996,0,fit
bg_2020_0088,0,2020,2019,d948566b5d11292ec582eb153178eebb116e8d9e510bbbb560baf1319dcb07ea,site_fold_4,0.3831874911609731,0.04305343026015932,0.07531643581175873,0,fit
bg_2020_0089,0,2020,2019,30e0262a5079f27f544cfa11a50c2dac7696a1223e31b6a5743a25b88178f3f9,site_fold_1,0.5785479528924626,0.03944113206542338,0.030847417828518135,0,fit
bg_2020_0090,0,2020,2019,0ea0ea06867904ade6f0cc97d06bcc3a15a536e081b0765ae05da45dd08c935e,site_fold_3,0.48882579378798147,0.5791199129238991,0.6520842371945557,0,fit
bg_2020_0091,0,2020,2019,982618d21af830b045f8c249c93b9fe8c0ca46e8eef0f38a41b858d40f182133,site_fold_1,0.5327936602833676,0.8143570414736307,0.8244479143252285,0,fit
bg_2020_0092,0,2020,2019,1329ca34dd0aa22bba0143275ea656df9883ad433541073bcd4a263e3256d123,site_fold_3,0.5332126321929689,0.5280071001463504,0.46183527429148036,0,fit
bg_2020_0093,0,2020,2019,39af272ed4011f905c7675ca8e5251a45ad8be334a928f57454f06824c57b67d,site_fold_1,0.6308009939652317,0.07666734690376316,0.26536371493508154,0,fit
bg_2020_0098,0,2020,2019,09cec87c34c3457792131d98f4e5ea7c0de72227cb164719da0895a2dd49e29f,site_fold_4,0.019950745444099187,0.9705714779023678,0.8579426672483973,0,fit
bg_2020_0099,0,2020,2019,eab8096d803acb18cc201f6ace31bbda179073d5e6a99e0d73d2ec05bccdf772,site_fold_0,0.1255606724149148,0.00046808400754669104,0.004605329580458233,0,fit
bg_2020_0101,0,2020,2019,0e3e2e1f0d7500e89ab5386ac3395e82b86d098339e82b63a4f96b3de677403b,site_fold_4,0.3712268763207094,0.05361404769550779,0.04663445994614099,0,fit
bg_2020_0102,0,2020,2019,d083f6498d7fbd2e9d25a6ad0b6797fb6e2c24cc6ad3d7ca5f9713008c86dd50,site_fold_1,0.05890712067187938,9.73751557567075e-05,0.00015318055473546868,0,fit
bg_2020_0103,0,2020,2019,094fe38ba748a64e5efdec7fb8286b4be6aadc362ada39934354d5551a5da3d0,site_fold_3,0.28389252485078076,0.5473178141959986,0.2974714344548376,0,fit
bg_2020_0104,0,2020,2019,381d18bd61e34cf882bdfdf6012481b10927e35d12e6647db1266ea9a179de4a,site_fold_0,0.0003307685536025506,0.03401422067743541,0.026315418520194082,0,fit
bg_2020_0105,0,2020,2019,5bb0f3030646a3eca15b3c715c0a2cc5c67d8a64036f4b26e788799479fcac9b,site_fold_4,0.7404586612298838,0.7966231595123083,0.6662721694875452,0,fit
bg_2020_0107,0,2020,2019,121ca7306a2ae0103033e3004279ef3e80366ab277effbd7df933cd44df93378,site_fold_4,0.788911747744083,0.7843537809900645,0.572124319239145,0,fit
bg_2020_0110,0,2020,2019,fe94a8a6361778f583248af09d52d2f8beaeed2c3a1047494990e54232abf263,site_fold_3,0.4921063944188887,0.7731014967557001,0.6469853077050994,0,fit
bg_2020_0112,0,2020,2019,9b8cfb8dd01fd7117ec530b8b1be50f430e0bba381744f956eee96179adeacee,site_fold_1,0.9537419043734929,0.9804836402543745,0.9882048395206442,0,fit
bg_2020_0114,0,2020,2019,cbf698a2629e0c40badff8fdce66678097136d982ad6e328f5e174702db1ac72,site_fold_1,0.15778403961544984,0.002454001486740103,0.007178715833805174,0,fit
bg_2020_0115,0,2020,2019,48ba22de3d6960040834837c9f93bad7da1ff9aa12c70c28cf23329daa5556b9,site_fold_0,0.4721060392171729,0.03589288421984561,0.09322409401621112,0,fit
bg_2020_0116,0,2020,2019,b89dc14cbabd117f4baa55fee005974d32ebb678421d282b6faf5919d4c5513d,site_fold_0,0.13755433374427953,0.8658612558052385,0.6190670393726692,0,fit
bg_2020_0117,0,2020,2019,259d5e4e331efc426e8d5cb37d174767fad44812d9c8aac2673f920f15e78ad6,site_fold_0,0.34930272122594636,0.0009659665523610745,0.003277018276141569,0,fit
bg_2020_0118,0,2020,2019,8e82547d47b9be467e201fcc7a5aecc54c71aded64e0ac980099b8678439acd8,site_fold_4,0.5559887910784522,0.017359073451210252,0.01077637574096789,0,fit
bg_2020_0120,0,2020,2019,1cdab643d1b940b0693fcbf08e8a99e52473b61131de923eb8b284c32f00c4d4,site_fold_3,0.43946339602082657,0.25487690129936746,0.17801884738108645,0,fit
bg_2020_0122,0,2020,2019,bf6cb7c3b436132579c4c247e107989902b49e1a3a297a787f54b840578a302e,site_fold_3,0.2388468485289748,0.0009391228816271499,0.002808959688665676,0,fit
bg_2020_0124,0,2020,2019,74a593ab813090c62b6028480a668a3959fb4e059bcc73876ed08db88d30bda2,site_fold_1,0.023333203925494823,0.017003562339628152,0.028255515606726653,0,fit
bg_2020_0125,0,2020,2019,669228cb6311c26fa81b0cc72a9f043cf099e2aec5da6174c5343570362b53f9,site_fold_4,0.0022537839884774124,0.0023883205514626167,0.47019372139894555,0,fit
bg_2020_0129,0,2020,2019,9d517f55ae5613be7e9c1f546afa3a8453196835262a2da69354022e181623af,site_fold_1,0.6098490324122852,0.41923913926552914,0.6050487641218196,0,fit
bg_2020_0130,0,2020,2019,30fc7f1fd06b41eaa1cbfba3302ccf7b637fb6b97d364777008dcc7203e27e88,site_fold_3,0.609304835299557,0.868659666655523,0.9221066014822589,0,fit
bg_2020_0131,0,2020,2019,c70088b5f5ed553ac8d54c56b48c1be5b90a722246b8993e86f8ab252abee2b8,site_fold_2,0.8038350075316324,0.9282167151366649,0.9424799839048641,0,fit
bg_2020_0133,0,2020,2019,f4be26be42aa63779b31705fdb787991f04b62cc376f4011ad45d4e46a90aadc,site_fold_3,0.922482112130228,0.04669301047205057,0.06349803887317274,0,fit
bg_2020_0135,0,2020,2019,d4a9a61f6e816b947950df9ce5dcf1ba5199c097b89c4e2ff3146444ea11cb5e,site_fold_0,0.39921553892183415,0.9512379282512491,0.8178082404823948,0,fit
bg_2020_0137,0,2020,2019,b1c60d3479151c265d732f1691c8965b5045f9f996bc435e7cc5093bbabaa7ca,site_fold_0,0.33299886887452623,0.9895847713275359,0.0036549975862580734,0,fit
bg_2020_0138,0,2020,2019,8c4da60d1d75cffc9bd0bb476c0dc48b8024afb93b7ec5dce86a348e4a515c7e,site_fold_1,0.0002273257561750496,0.003529892060901454,0.0021037028693139588,0,fit
bg_2020_0140,0,2020,2019,25491912f96991025541d5f5da5a1ed06d902fbef16223d74ebe72a74b2706c0,site_fold_0,0.45123622955471276,0.1840160042436515,0.30127291015507957,0,fit
bg_2020_0142,0,2020,2019,27cf11d64439127707db65caff07bd9f503a61a6427d56ac8b3df0c792261c04,site_fold_2,1.2124435768704062e-19,8.577863084977848e-16,6.3622594371473974e-21,0,fit
bg_2020_0144,0,2020,2019,48a8d4b27be3f5a3d567610c033ac715c6277500103c9ec2d712f0b3bd427f0b,site_fold_4,0.8305982855446468,0.9400111987058865,0.889568052748157,0,fit
bg_2020_0146,0,2020,2019,e889077796f75a8bf06a0218348506ff1aa58361a026a2158158d33545d8f8e8,site_fold_4,0.8074972706346801,0.659242845707739,0.7918064815992366,0,fit
bg_2020_0148,0,2020,2019,7e9ec81c8ea1517e7c97d3f130bd8da15eded8367199dea08912d7fec27678bc,site_fold_4,0.8659249303535227,0.3622260404591573,0.6049839758382958,0,fit
bg_2020_0150,0,2020,2019,2d514b854a9419024c44d135af3eff0d5ec793684c36bece8e6471bba25f3d4b,site_fold_2,0.002851012119192049,0.001523888223348827,0.0038698437616700512,0,fit
bg_2020_0152,0,2020,2019,ce81223ed4abc36fdbbc236f8ffb7d0ee9ea969f12ac8750196c90345354cd48,site_fold_1,0.05435219173398521,0.0029508720324103845,0.00030000964605124127,0,fit
bg_2020_0154,0,2020,2019,eaa88e45dc34bbc37c2c1c462247981c702e40fc4de264f8bfd709abb71da6d3,site_fold_2,0.050587652050216154,0.20140682858494807,0.4493115229032238,0,fit
bg_2020_0155,0,2020,2019,37a1b32ea4828c6949829c840f5a2c1015383861dcde49e417670a4242964123,site_fold_1,0.07847069714314203,0.0009083396679793142,7.158929895866557e-05,0,fit
bg_2020_0157,0,2020,2019,10931396412cd75603aea0d3abeeaa86eab99d3b921d1b092b41bbab3e6b3ef3,site_fold_3,0.6092954587616155,0.026966631905731443,0.05690893676203724,0,fit
bg_2020_0161,0,2020,2019,d49b5fbc9ceb41ca0416f4cdb698a4166b7a68f5b61831b3c486481ab9266d59,site_fold_0,0.8734446378280845,0.9589722196271158,0.9599141304251496,0,fit
bg_2020_0163,0,2020,2019,aa4923f93f3935d9017a178e2e2a00c39f8bda9e0d5768ff25899acb453cfe4f,site_fold_4,0.6629341120354213,0.051559770385714146,0.5249259188541132,0,fit
bg_2020_0165,0,2020,2019,d2fe77c5494009de82c48b234cc00ce5e962100afef8729763eebcde1fdb3ee6,site_fold_4,0.569357267562801,0.00014486800202036002,0.0008564005945520385,0,fit
bg_2020_0167,0,2020,2019,4a3e32b2592c4bca0306e12810e632bbc064edd22a18e37cda46c14b345b44bb,site_fold_3,0.10621482537409463,5.5505558488094046e-05,0.01303552284896146,0,fit
bg_2020_0176,0,2020,2019,f2237c29d27bd0b5346f0be444cdf4b5a741aa2fba630c9086b59654a04a210f,site_fold_2,0.2014319200012887,0.00032675042294475994,0.011884213449584234,0,fit
bg_2020_0178,0,2020,2019,e61f9b395ebe806bb4173411398360588d9e72421527f2deafa2fdbbbb195b65,site_fold_4,0.7304518238749662,0.8330882249627739,0.9054466945885266,0,fit
bg_2020_0180,0,2020,2019,a113ed2181e2dafdd3bd4c517c782ea37e2fc64120cbcccfd433bc0ea0d1188c,site_fold_2,0.03110667084170191,0.0023954232090941077,0.001994885569152065,0,fit
bg_2020_0182,0,2020,2019,338e23f9b352e3105dbde6ef929db218b89c42bef0ff3192ba71868dc1c03e11,site_fold_1,0.6668451065345983,0.6849204804353648,0.5063541012727046,0,fit
bg_2020_0191,0,2020,2019,cbc1c3c2479947688ce7ff97d13516aff256f9ff10811bac671aee0b4c32337a,site_fold_4,0.0015026243719491394,0.0019645172048891645,0.0038287229458346616,0,fit
bg_2020_0193,0,2020,2019,61dbfdd28521f9308c90c25b11338b8d4a84bcf61abdb389858a2ac8ee611700,site_fold_3,0.46001270842943515,0.262545025618001,0.5043887778747356,0,fit
bg_2020_0195,0,2020,2019,84ed77966a29277f09a9d25467f5d8ab0f66d8e58892bfa6b237ad9a9a82cd74,site_fold_2,8.34156546486918e-05,0.052341143472405,0.016959613419671626,0,fit
bg_2020_0197,0,2020,2019,085eb8211e0d2e935d23d26841e01d26a6fd4d394c7185918f5965368be91c14,site_fold_4,0.9518034268930322,0.9896393047078647,0.9928722848356987,0,fit
bg_2020_0199,0,2020,2019,83039e54e1fa37ee25521fbe29d0a288ee1d48abb96cc75dc80796ea6e46a80e,site_fold_3,0.018050112442889548,0.00012731959373062617,0.007437774057567774,0,fit
bg_2020_0208,0,2020,2019,7fcd19c49f8ef373af77d30b6ea657701de171b59c2cc99c492381c7fa79eb53,site_fold_2,0.001360890357604357,1.9837963572676402e-07,4.513319440320637e-06,0,fit
bg_2020_0210,0,2020,2019,81ecec5ea53df338cb8dec8a3d93efdf89b240e40ceb46e53c9c62deeb7134ad,site_fold_4,0.6795082184194705,0.8502078766654065,0.8384264831181393,0,fit
bg_2020_0212,0,2020,2019,d62a426cec03061a92b4b16ff9276a42c85c45c9bef3ede5653bbbd82d16c4a6,site_fold_1,0.4391972501576977,0.002302064972625531,0.008703749891716107,0,fit
bg_2020_0214,0,2020,2019,adcf989dc565c016087934f1ab4ba3b574fbe4b87d6ce6c4c0efac4ac2994595,site_fold_3,0.6860191215998597,0.8590153256458818,0.8204672509968689,0,fit
bg_2020_0227,0,2020,2019,f6e58d1a82b10079ee37183b7cf9cacaf6d4a553dd204c84c7040b1b90f871aa,site_fold_3,0.0001613207955877954,1.600234941144467e-05,1.448287643643614e-05,0,fit
bg_2020_0229,0,2020,2019,571d300f79ea95c93212637680e248e7f42521541f8f5180c48bc4344a8082b1,site_fold_1,0.0026719283428896005,0.006180986294051797,0.0007159722119591286,0,fit
bg_2023_0008,0,2023,2022,e01f18c6157377aa8fea34d0849ee57ba81780ea6b458a684b38b58c1f249aa7,site_fold_1,0.006240539707590147,0.02056053370144663,0.1852925194346011,0,fit
bg_2023_0012,0,2023,2022,031f604ccd8decf0bc0c0f1b46d764f67618a666286b5ef046ba714fd32ce319,site_fold_2,0.000798729076391053,0.00010848840961791861,0.002083286803503761,0,fit
bg_2023_0014,0,2023,2022,96f4653cba9c5b8fffc448302fa973dfcae2a21030235ce4f086544c824fafd7,site_fold_0,0.00018853446020466468,0.0008908903886651013,0.014936479312781376,0,fit
bg_2023_0016,0,2023,2022,b567922b1a6e50fee3cb576e2441824a9c83fd4dd5fac5d1c44c98d81360cfb7,site_fold_1,0.13302145357197206,0.7848909903065252,0.8518390276458507,0,fit
bg_2023_0019,0,2023,2022,6edce6b5be5a6297cfc6785fe6eb1f9255b7a66545fc3bea508c64d379a86f22,site_fold_4,7.124984289038889e-07,1.4423765477413132e-07,5.851957590424413e-07,0,fit
bg_2023_0021,0,2023,2022,a74f251b2c3000fafc6ffa15b42a8c8767d1d7f96385ec57c9a92bad2775d4d8,site_fold_2,0.00012805341016154138,0.0007038525661832082,0.02534313580105199,0,fit
bg_2023_0023,0,2023,2022,707cefe99fb18e837868489d84317ae20f18934da0f4afa2a1f2b42c41ecaec8,site_fold_1,0.0009193728272096715,5.220616725788025e-05,7.463180689280033e-06,0,fit
bg_2023_0025,0,2023,2022,7c6261366bf8edda64089f460e853aeaeda958dee0f29ba57605120c552ce3ad,site_fold_2,0.212991005013966,0.07791951243615439,0.0998016999514691,0,fit
bg_2023_0027,0,2023,2022,07e4e2986cc515ff4959416c897bb00877a6b5e8b3b13ea6b922aa271b685181,site_fold_1,0.05329876741303227,0.08892938904420959,0.03616432909377345,0,fit
bg_2023_0029,0,2023,2022,d85443019e270af275d8e6dd883eb545895d895bb3302685db5c485b48671cbe,site_fold_4,0.006523681270636943,0.03224741615239097,0.580164841706447,0,fit
bg_2023_0031,0,2023,2022,294277d42644ddf4e441a0ce7c53aca2bfa06820f022b5f34069e9a8a30356b2,site_fold_4,0.0002563487139018027,0.00018300210761291482,0.0010476361493689233,0,fit
bg_2023_0033,0,2023,2022,21e62fc153d7c067a581956f9285d808728d0fbcc3f743972121ab385b7f240d,site_fold_3,0.4432754554354749,0.036724064828889964,0.20518990669276269,0,fit
bg_2023_0035,0,2023,2022,84e4269b50220afc54cd94d366ce19c65299d35df850ceaee93eadc2d1fba7df,site_fold_2,0.00141492350399097,0.010207707379249071,0.10932359190388176,0,fit
bg_2023_0037,0,2023,2022,ec12ead14120d4fd24d16cabbbd241eb1d0fe9c16ad943805a4312845283d462,site_fold_4,0.21842832453846597,0.065244275684335,0.011276306721415493,0,fit
bg_2023_0040,0,2023,2022,b8e6d522bdee72713691c7fcf5a63989a868dfd95bd2cab5437e22511b06187d,site_fold_1,0.4352750177940379,0.005728889505410973,0.0009295031283114934,0,fit
bg_2023_0041,0,2023,2022,2fd1ce506e821d00b2c7dc4f3c74578abf6a9aa737fc9b17501c9a890c7b32f4,site_fold_2,0.3422805694787919,0.09945399997780073,0.43532027928206957,0,fit
bg_2023_0042,0,2023,2022,c5c162e440897a82f0cf5001e5831e1ef3a67dfe6bf07a591a79a43cc3ff74f5,site_fold_1,0.10051132940438812,0.08482557413127087,0.0030256123881141146,0,fit
bg_2023_0043,0,2023,2022,3dc07fb46bf80b6eecd3b849850467fc614be95e21cbda76c3c7cdf7a7106cf4,site_fold_2,3.38014235495666e-05,0.00010111848828515725,4.205586769328156e-05,0,fit
bg_2023_0045,0,2023,2022,5abac985a6deaa808eecb6a2742d5a724388c8f6c7ad871704b78b4066e386dc,site_fold_1,0.5589949492031758,0.4166666300909339,0.24895762789070094,0,fit
bg_2023_0047,0,2023,2022,9b143e553b172de0a0dbcd667fcc44ff4424a8f9c8019d9c4a4518f7420b41af,site_fold_0,0.00047116807597744867,0.011790397918320256,0.03530884058376345,0,fit
bg_2023_0049,0,2023,2022,1a44f043ff970d264d22e596a5e8bcb7dd2eeaed1035fc9b3d7de0c36349a6e3,site_fold_3,0.5092023746455179,0.8824895932015714,0.7403001085518945,0,fit
bg_2023_0051,0,2023,2022,748d2b899e4eb3beab4800bc94e8ff516e34ed0db3aef051813bec260a8670ce,site_fold_2,0.18259534691655463,0.1481588153918643,0.35497344704977263,0,fit
bg_2023_0052,0,2023,2022,dcd99ae5f275a0be2458b09742536127a22d13b902bd53e5ac740a04f46f77f3,site_fold_3,0.16989378694412816,0.003681449542253568,0.013203519813465167,0,fit
bg_2023_0053,0,2023,2022,ef5548ab378a0d6f1136921f787bedefcf308b5bf6f03841ab384a58392a796f,site_fold_3,0.15627425965030325,0.0017862374094615799,0.0015194381259758926,0,fit
bg_2023_0054,0,2023,2022,8b97daeee954f5cf8ce99941964f6b69aafbd08ff670db5383f686bb16668c44,site_fold_1,0.37143658237874944,0.016186420754915488,0.0013059658362516284,0,fit
bg_2023_0056,0,2023,2022,dc2c073fab33fa44d4232f769c5e6003d6870f75c7967861a7b52e38d7c69572,site_fold_4,0.46164358775409625,0.15595023965022087,0.15366234258552552,0,fit
bg_2023_0057,0,2023,2022,d40effa8069de0fc26ed37d2c749ab608986996e969ab3f7db4ee96472d380dc,site_fold_1,0.5571984402907104,0.6756768762506296,0.6648996175513934,0,fit
bg_2023_0058,0,2023,2022,203ddd064d80fc0d4e7bff11a0776d9e93419a3a6037aa9adc2c7505290a1813,site_fold_4,0.22799804322683367,0.24087132787690327,0.12748267117747508,0,fit
bg_2023_0059,0,2023,2022,f9a9ec68c6f1d2a1231e5e83d38745b60d61290ff74ac936aa8f0683822eb8eb,site_fold_0,0.8279048074604157,0.8986673148223997,0.8651448251149556,0,fit
bg_2023_0061,0,2023,2022,320a5b870363bc27bd783e6d2b485a8d3972cfc67854a5a58639a25fc374f980,site_fold_0,4.014448795091964e-05,0.0005677029360410418,2.1535779535985377e-05,0,fit
bg_2023_0062,0,2023,2022,b72bc3515d6491d4fb990553794908030b77eceda6076312844c64f5685529fc,site_fold_4,0.4861380018072456,0.039356585804185745,0.033804986865495094,0,fit
bg_2023_0064,0,2023,2022,7cf777b87c15c35cb12a26b7d8ad0f56654c2b75b6447578107c0cef8bdd2e29,site_fold_1,0.6288687960005819,0.69161590480233,0.7312938910674178,0,fit
bg_2023_0065,0,2023,2022,2ae3e4a48561eae2ac17dd839dccd2bfa7997585727481cf2cc5ad1a544cbb29,site_fold_3,0.0005105845027410095,3.194108115527831e-05,0.0001236504126508583,0,fit
bg_2023_0066,0,2023,2022,a5a2dc9c1dbe6d7af6f51645bd09cb467e8f7c186eb7d91b2a155cea8ae622ed,site_fold_3,0.10203821730117649,0.0013342907295742336,0.00020067294651792688,0,fit
bg_2023_0067,0,2023,2022,b687a30ed837278ff4dadcfdef30f40b2986a06c7c79ed57693b3e6b2b1a9d33,site_fold_4,0.5790412631684038,0.8442357095443974,0.6706193556185354,0,fit
bg_2023_0069,0,2023,2022,19b54b72bdde6c4bd3cbe2546f3414a4ff56cd60d6a2bcdf3d6f1f199e8b9a7a,site_fold_2,0.40349154014286,0.009167939837651153,0.10097447066722474,0,fit
bg_2023_0071,0,2023,2022,48da3e414015f3351b42e87e9218a6ceaedce537a926ba13d8759590bdad9d81,site_fold_3,0.5667647134585355,0.6508032733259401,0.3580842349254773,0,fit
bg_2023_0072,0,2023,2022,ea2e9240baa8efb8641cef5f652b1f430fd03b8bb6bdcae03cd85c7be7d79e6c,site_fold_1,0.47312726183925724,0.01919725658343234,0.0069555033743163,0,fit
bg_2023_0073,0,2023,2022,eb67dc3c4a6302c161ea7c937485d56e520ac962c08ed97fcd8cb6d32e101eed,site_fold_1,0.5157221378020211,0.2675815204584741,0.10680668294507216,0,fit
bg_2023_0074,0,2023,2022,0661378a425c8a66c4aa539a6016f77d94444565f19a404c200d8da71d881e6f,site_fold_0,0.4475842767680271,0.04785474503853813,0.1241502545477417,0,fit
bg_2023_0076,0,2023,2022,b0bb5e94bbb58bef0707986a0b214f4618e10f100ec3660f7f792c139b83b7bf,site_fold_3,0.7576416713353608,0.0611258290531049,0.06633548234166317,0,fit
bg_2023_0078,0,2023,2022,a5ca7d8f214e2cdbd499bf191e3ef82542d8fc7c4eb63c250906aecb6d052776,site_fold_1,0.25571983924670466,0.04238013363774879,0.008548333251680435,0,fit
bg_2023_0079,0,2023,2022,387293de0a4d2562776968a4c928898f0c153e19c243293da6f2314332ce8e09,site_fold_0,0.6445041707464788,0.3711393491331767,0.023610544645972394,0,fit
bg_2023_0081,0,2023,2022,a79ec02ce4ac7963f73a96c80a4ea1fc557a0747a742e20e54654266ddade15f,site_fold_4,0.8161976512353208,0.7165724114336157,0.6112028882464976,0,fit
bg_2023_0082,0,2023,2022,5535d9eaa37e4d1a7b852f0870d6bc9cf8d44c2c849c46b6e3bc123aea922f98,site_fold_0,0.9955844391629856,0.9660034007004127,0.5175691023288967,0,fit
bg_2023_0083,0,2023,2022,fe080c2d9abb132cc64d5557983b111ff97e3f58f287666fd5faa26bdb192287,site_fold_2,0.7172396913405257,0.43190035893575635,0.04246724424262191,0,fit
bg_2023_0085,0,2023,2022,f3ce6092bb24123a060a0495483d50073de4e4ee953fe58bd28e219e1a83baa1,site_fold_3,0.005174192477726656,0.02518878215761888,0.00680322596551839,0,fit
bg_2023_0086,0,2023,2022,2f8d0c0da0be361972dcf84753d6a3e08b6dad88a520b7d1a92b86f9b38320ac,site_fold_1,0.29625633583148625,0.02742067971831817,0.008438355517064107,0,fit
bg_2023_0088,0,2023,2022,d948566b5d11292ec582eb153178eebb116e8d9e510bbbb560baf1319dcb07ea,site_fold_4,0.2541305505092011,0.04713759968184937,0.049124620757362396,0,fit
bg_2023_0089,0,2023,2022,30e0262a5079f27f544cfa11a50c2dac7696a1223e31b6a5743a25b88178f3f9,site_fold_1,0.5998857360824104,0.07249340942914646,0.11638149448690625,0,fit
bg_2023_0090,0,2023,2022,0ea0ea06867904ade6f0cc97d06bcc3a15a536e081b0765ae05da45dd08c935e,site_fold_3,0.6763653985882099,0.7995377645762057,0.770201987726846,0,fit
bg_2023_0091,0,2023,2022,982618d21af830b045f8c249c93b9fe8c0ca46e8eef0f38a41b858d40f182133,site_fold_1,0.6214468696162151,0.8559961275593373,0.7709009168016414,0,fit
bg_2023_0092,0,2023,2022,1329ca34dd0aa22bba0143275ea656df9883ad433541073bcd4a263e3256d123,site_fold_3,0.4238628397067848,0.3285798237474822,0.326751670146647,0,fit
bg_2023_0093,0,2023,2022,39af272ed4011f905c7675ca8e5251a45ad8be334a928f57454f06824c57b67d,site_fold_1,0.6034890997223836,0.1507870605880391,0.1110251963494916,0,fit
bg_2023_0098,0,2023,2022,09cec87c34c3457792131d98f4e5ea7c0de72227cb164719da0895a2dd49e29f,site_fold_4,0.007270787422247141,0.9959527134994696,0.7781319402476861,0,fit
bg_2023_0099,0,2023,2022,eab8096d803acb18cc201f6ace31bbda179073d5e6a99e0d73d2ec05bccdf772,site_fold_0,0.08667037310040089,0.0002362631983127272,0.0021816535146062803,0,fit
bg_2023_0101,0,2023,2022,0e3e2e1f0d7500e89ab5386ac3395e82b86d098339e82b63a4f96b3de677403b,site_fold_4,0.2756089057437434,0.12896872532746143,0.014893346257789175,0,fit
bg_2023_0102,0,2023,2022,d083f6498d7fbd2e9d25a6ad0b6797fb6e2c24cc6ad3d7ca5f9713008c86dd50,site_fold_1,0.16555119924803427,0.008490847303466982,0.0001272823200437998,0,fit
bg_2023_0103,0,2023,2022,094fe38ba748a64e5efdec7fb8286b4be6aadc362ada39934354d5551a5da3d0,site_fold_3,0.37817248084176996,0.4693303163830296,0.18523888932456695,0,fit
bg_2023_0104,0,2023,2022,381d18bd61e34cf882bdfdf6012481b10927e35d12e6647db1266ea9a179de4a,site_fold_0,0.000491207240813325,0.015614952019431427,0.006991202928049883,0,fit
bg_2023_0105,0,2023,2022,5bb0f3030646a3eca15b3c715c0a2cc5c67d8a64036f4b26e788799479fcac9b,site_fold_4,0.7024361920354054,0.8756531206568584,0.6535475034936173,0,fit
bg_2023_0107,0,2023,2022,121ca7306a2ae0103033e3004279ef3e80366ab277effbd7df933cd44df93378,site_fold_4,0.7755288891585135,0.892353385262311,0.5561748960946826,0,fit
bg_2023_0110,0,2023,2022,fe94a8a6361778f583248af09d52d2f8beaeed2c3a1047494990e54232abf263,site_fold_3,0.43968886352469794,0.8676513508217008,0.5848170196420438,0,fit
bg_2023_0112,0,2023,2022,9b8cfb8dd01fd7117ec530b8b1be50f430e0bba381744f956eee96179adeacee,site_fold_1,0.8430556928558239,0.9961930518044932,0.9795495062922679,0,fit
bg_2023_0114,0,2023,2022,cbf698a2629e0c40badff8fdce66678097136d982ad6e328f5e174702db1ac72,site_fold_1,0.0591918785580112,0.008520097725672224,0.0013885938769883357,0,fit
bg_2023_0115,0,2023,2022,48ba22de3d6960040834837c9f93bad7da1ff9aa12c70c28cf23329daa5556b9,site_fold_0,0.44605787918905176,0.5400159599480056,0.06226320834715732,0,fit
bg_2023_0116,0,2023,2022,b89dc14cbabd117f4baa55fee005974d32ebb678421d282b6faf5919d4c5513d,site_fold_0,0.11660317204212614,0.7855827259025976,0.6864498242115387,0,fit
bg_2023_0117,0,2023,2022,259d5e4e331efc426e8d5cb37d174767fad44812d9c8aac2673f920f15e78ad6,site_fold_0,0.4361083257202173,0.0012412260007903428,0.0013442864350754558,0,fit
bg_2023_0118,0,2023,2022,8e82547d47b9be467e201fcc7a5aecc54c71aded64e0ac980099b8678439acd8,site_fold_4,0.5252730320410968,0.09445939895716757,0.028054782139574085,0,fit
bg_2023_0120,0,2023,2022,1cdab643d1b940b0693fcbf08e8a99e52473b61131de923eb8b284c32f00c4d4,site_fold_3,0.4821998716169041,0.16597383374116148,0.023378210318937272,0,fit
bg_2023_0122,0,2023,2022,bf6cb7c3b436132579c4c247e107989902b49e1a3a297a787f54b840578a302e,site_fold_3,0.22667117274063683,0.0017300344171043934,0.0022719013483141186,0,fit
bg_2023_0124,0,2023,2022,74a593ab813090c62b6028480a668a3959fb4e059bcc73876ed08db88d30bda2,site_fold_1,0.030773710083530005,0.0269883807197771,0.010452417349840362,0,fit
bg_2023_0125,0,2023,2022,669228cb6311c26fa81b0cc72a9f043cf099e2aec5da6174c5343570362b53f9,site_fold_4,0.0010769784318109298,0.001411275597596354,0.717858397489571,0,fit
bg_2023_0129,0,2023,2022,9d517f55ae5613be7e9c1f546afa3a8453196835262a2da69354022e181623af,site_fold_1,0.6185374492091362,0.7114665085709599,0.56650332920904,0,fit
bg_2023_0130,0,2023,2022,30fc7f1fd06b41eaa1cbfba3302ccf7b637fb6b97d364777008dcc7203e27e88,site_fold_3,0.5619755994623996,0.9015671589943197,0.8953306444995034,0,fit
bg_2023_0131,0,2023,2022,c70088b5f5ed553ac8d54c56b48c1be5b90a722246b8993e86f8ab252abee2b8,site_fold_2,0.8124079097390251,0.9042264953004888,0.8442800135348685,0,fit
bg_2023_0133,0,2023,2022,f4be26be42aa63779b31705fdb787991f04b62cc376f4011ad45d4e46a90aadc,site_fold_3,0.8089563245033329,0.414617265020531,0.2097436680923726,0,fit
bg_2023_0135,0,2023,2022,d4a9a61f6e816b947950df9ce5dcf1ba5199c097b89c4e2ff3146444ea11cb5e,site_fold_0,0.3404930801075529,0.9155043420841891,0.9260946523757818,0,fit
bg_2023_0137,0,2023,2022,b1c60d3479151c265d732f1691c8965b5045f9f996bc435e7cc5093bbabaa7ca,site_fold_0,0.22387873400207794,0.05825379347212044,0.20010408543759203,0,fit
bg_2023_0138,0,2023,2022,8c4da60d1d75cffc9bd0bb476c0dc48b8024afb93b7ec5dce86a348e4a515c7e,site_fold_1,0.0004919617179096335,0.024666680434492643,0.004721204128565356,0,fit
bg_2023_0140,0,2023,2022,25491912f96991025541d5f5da5a1ed06d902fbef16223d74ebe72a74b2706c0,site_fold_0,0.3511913735421334,0.03699218754145052,0.3198677204885812,0,fit
bg_2023_0142,0,2023,2022,27cf11d64439127707db65caff07bd9f503a61a6427d56ac8b3df0c792261c04,site_fold_2,1.7709705206816728e-19,4.48095545063294e-14,9.574154556515394e-20,0,fit
bg_2023_0144,0,2023,2022,48a8d4b27be3f5a3d567610c033ac715c6277500103c9ec2d712f0b3bd427f0b,site_fold_4,0.743264692864846,0.7440579913125477,0.44391742026609166,0,fit
bg_2023_0146,0,2023,2022,e889077796f75a8bf06a0218348506ff1aa58361a026a2158158d33545d8f8e8,site_fold_4,0.7913087508011826,0.8861903363897871,0.7512162344225809,0,fit
bg_2023_0148,0,2023,2022,7e9ec81c8ea1517e7c97d3f130bd8da15eded8367199dea08912d7fec27678bc,site_fold_4,0.7887036851753234,0.44205333234966016,0.6712003778403212,0,fit
bg_2023_0150,0,2023,2022,2d514b854a9419024c44d135af3eff0d5ec793684c36bece8e6471bba25f3d4b,site_fold_2,0.0016310476551638304,0.0006143507186409576,0.005414239561268326,0,fit
bg_2023_0152,0,2023,2022,ce81223ed4abc36fdbbc236f8ffb7d0ee9ea969f12ac8750196c90345354cd48,site_fold_1,0.048038685863393306,0.009242772470135956,0.0016701929266970104,0,fit
bg_2023_0154,0,2023,2022,eaa88e45dc34bbc37c2c1c462247981c702e40fc4de264f8bfd709abb71da6d3,site_fold_2,0.08264096741674538,0.49776719258099994,0.7547521212326973,0,fit
bg_2023_0155,0,2023,2022,37a1b32ea4828c6949829c840f5a2c1015383861dcde49e417670a4242964123,site_fold_1,0.07553131617767365,0.0003038184008472616,2.783499037691603e-05,0,fit
bg_2023_0157,0,2023,2022,10931396412cd75603aea0d3abeeaa86eab99d3b921d1b092b41bbab3e6b3ef3,site_fold_3,0.41158360378386605,0.045890982476702834,0.022317820861181843,0,fit
bg_2023_0161,0,2023,2022,d49b5fbc9ceb41ca0416f4cdb698a4166b7a68f5b61831b3c486481ab9266d59,site_fold_0,0.6373604094253584,0.9847699672920412,0.9124213984745556,0,fit
bg_2023_0163,0,2023,2022,aa4923f93f3935d9017a178e2e2a00c39f8bda9e0d5768ff25899acb453cfe4f,site_fold_4,0.5460082200763239,0.3743134104073379,0.4256480731859101,0,fit
bg_2023_0165,0,2023,2022,d2fe77c5494009de82c48b234cc00ce5e962100afef8729763eebcde1fdb3ee6,site_fold_4,0.5861321356228364,0.006342657922593798,0.011998378138805992,0,fit
bg_2023_0167,0,2023,2022,4a3e32b2592c4bca0306e12810e632bbc064edd22a18e37cda46c14b345b44bb,site_fold_3,0.01847244284867924,2.990522435582597e-06,0.0016792907910182918,0,fit
bg_2023_0176,0,2023,2022,f2237c29d27bd0b5346f0be444cdf4b5a741aa2fba630c9086b59654a04a210f,site_fold_2,0.2774872397552406,0.18070936633521864,0.010030377733328082,0,fit
bg_2023_0178,0,2023,2022,e61f9b395ebe806bb4173411398360588d9e72421527f2deafa2fdbbbb195b65,site_fold_4,0.5884593232184973,0.8660016454061357,0.8560801468419822,0,fit
bg_2023_0180,0,2023,2022,a113ed2181e2dafdd3bd4c517c782ea37e2fc64120cbcccfd433bc0ea0d1188c,site_fold_2,0.0066258619887247195,0.004111721163307858,0.00195175583140501,0,fit
bg_2023_0182,0,2023,2022,338e23f9b352e3105dbde6ef929db218b89c42bef0ff3192ba71868dc1c03e11,site_fold_1,0.46594519585975697,0.8839234829246203,0.8642846304219544,0,fit
bg_2023_0191,0,2023,2022,cbc1c3c2479947688ce7ff97d13516aff256f9ff10811bac671aee0b4c32337a,site_fold_4,0.0020641508025227417,0.0026586798638730093,0.044770310959285235,0,fit
bg_2023_0193,0,2023,2022,61dbfdd28521f9308c90c25b11338b8d4a84bcf61abdb389858a2ac8ee611700,site_fold_3,0.3690230513358322,0.7480048567766227,0.08776962296647355,0,fit
bg_2023_0195,0,2023,2022,84ed77966a29277f09a9d25467f5d8ab0f66d8e58892bfa6b237ad9a9a82cd74,site_fold_2,0.00010272060055633838,0.026436997887536475,0.0908491318137183,0,fit
bg_2023_0197,0,2023,2022,085eb8211e0d2e935d23d26841e01d26a6fd4d394c7185918f5965368be91c14,site_fold_4,0.9077674967167214,0.9833754786057154,0.9934134562087698,0,fit
bg_2023_0199,0,2023,2022,83039e54e1fa37ee25521fbe29d0a288ee1d48abb96cc75dc80796ea6e46a80e,site_fold_3,0.012225025044681807,8.258255747026491e-05,0.006833946607769036,0,fit
bg_2023_0208,0,2023,2022,7fcd19c49f8ef373af77d30b6ea657701de171b59c2cc99c492381c7fa79eb53,site_fold_2,0.001986924602801465,7.021525827105864e-07,1.4165023827057256e-05,0,fit
bg_2023_0210,0,2023,2022,81ecec5ea53df338cb8dec8a3d93efdf89b240e40ceb46e53c9c62deeb7134ad,site_fold_4,0.6533342826337957,0.9077134150784725,0.8545867798986145,0,fit
bg_2023_0212,0,2023,2022,d62a426cec03061a92b4b16ff9276a42c85c45c9bef3ede5653bbbd82d16c4a6,site_fold_1,0.4476877080324502,0.004570887642984445,0.014854791303071557,0,fit
bg_2023_0214,0,2023,2022,adcf989dc565c016087934f1ab4ba3b574fbe4b87d6ce6c4c0efac4ac2994595,site_fold_3,0.6507863823300704,0.5822486349193384,0.9257902626898304,0,fit
bg_2023_0227,0,2023,2022,f6e58d1a82b10079ee37183b7cf9cacaf6d4a553dd204c84c7040b1b90f871aa,site_fold_3,7.754863975725726e-05,1.6718624928605867e-06,2.4988352390768277e-06,0,fit
bg_2023_0229,0,2023,2022,571d300f79ea95c93212637680e248e7f42521541f8f5180c48bc4344a8082b1,site_fold_1,0.0015010766299359375,0.0009711288346161852,0.000290546413722296,0,fit
bg_2024_0008,0,2024,2023,e01f18c6157377aa8fea34d0849ee57ba81780ea6b458a684b38b58c1f249aa7,site_fold_1,0.04703051201135445,0.09779218046982065,0.19664179741990323,0,fit
bg_2024_0012,0,2024,2023,031f604ccd8decf0bc0c0f1b46d764f67618a666286b5ef046ba714fd32ce319,site_fold_2,0.004990513711304804,0.003008413217430397,0.007704665859236344,0,fit
bg_2024_0014,0,2024,2023,96f4653cba9c5b8fffc448302fa973dfcae2a21030235ce4f086544c824fafd7,site_fold_0,0.0006592709177853318,0.015012915794138805,0.13711757892162826,0,fit
bg_2024_0016,0,2024,2023,b567922b1a6e50fee3cb576e2441824a9c83fd4dd5fac5d1c44c98d81360cfb7,site_fold_1,0.09992296383048907,0.8116965052491945,0.873811281428434,0,fit
bg_2024_0019,0,2024,2023,6edce6b5be5a6297cfc6785fe6eb1f9255b7a66545fc3bea508c64d379a86f22,site_fold_4,5.297278922615974e-06,1.9540087196405376e-06,9.30257613970425e-06,0,fit
bg_2024_0021,0,2024,2023,a74f251b2c3000fafc6ffa15b42a8c8767d1d7f96385ec57c9a92bad2775d4d8,site_fold_2,7.408920267610798e-05,0.0003243787885628134,0.01415580907006624,0,fit
bg_2024_0023,0,2024,2023,707cefe99fb18e837868489d84317ae20f18934da0f4afa2a1f2b42c41ecaec8,site_fold_1,0.0025617961932933066,0.0001071938052651128,3.626512794773264e-05,0,fit
bg_2024_0025,0,2024,2023,7c6261366bf8edda64089f460e853aeaeda958dee0f29ba57605120c552ce3ad,site_fold_2,0.3155948232224702,0.09734123715683063,0.10698000468673434,0,fit
bg_2024_0027,0,2024,2023,07e4e2986cc515ff4959416c897bb00877a6b5e8b3b13ea6b922aa271b685181,site_fold_1,0.072459543934511,0.30407915891421583,0.08124718379036212,0,fit
bg_2024_0029,0,2024,2023,d85443019e270af275d8e6dd883eb545895d895bb3302685db5c485b48671cbe,site_fold_4,0.013537383996306355,0.17699164153336125,0.6294518639597083,0,fit
bg_2024_0031,0,2024,2023,294277d42644ddf4e441a0ce7c53aca2bfa06820f022b5f34069e9a8a30356b2,site_fold_4,0.00022837460847284475,0.0005616139576495829,0.002313972971003345,0,fit
bg_2024_0033,0,2024,2023,21e62fc153d7c067a581956f9285d808728d0fbcc3f743972121ab385b7f240d,site_fold_3,0.4983934097426104,0.597727556585508,0.16427784522597644,0,fit
bg_2024_0035,0,2024,2023,84e4269b50220afc54cd94d366ce19c65299d35df850ceaee93eadc2d1fba7df,site_fold_2,0.0014591400040436329,0.1421608014979352,0.0902467860863158,0,fit
bg_2024_0037,0,2024,2023,ec12ead14120d4fd24d16cabbbd241eb1d0fe9c16ad943805a4312845283d462,site_fold_4,0.25526231295007445,0.030666148846240655,0.05794610433396126,0,fit
bg_2024_0040,0,2024,2023,b8e6d522bdee72713691c7fcf5a63989a868dfd95bd2cab5437e22511b06187d,site_fold_1,0.4241018436292804,0.002790061673206565,0.020590580908901732,0,fit
bg_2024_0041,0,2024,2023,2fd1ce506e821d00b2c7dc4f3c74578abf6a9aa737fc9b17501c9a890c7b32f4,site_fold_2,0.31296547762160376,0.38569449126605326,0.09220697025875041,0,fit
bg_2024_0042,0,2024,2023,c5c162e440897a82f0cf5001e5831e1ef3a67dfe6bf07a591a79a43cc3ff74f5,site_fold_1,0.11091706207452008,0.023341030414617953,0.20026192206344307,0,fit
bg_2024_0043,0,2024,2023,3dc07fb46bf80b6eecd3b849850467fc614be95e21cbda76c3c7cdf7a7106cf4,site_fold_2,5.0525527329214056e-05,0.0001549052267365229,8.353500376037762e-05,0,fit
bg_2024_0045,0,2024,2023,5abac985a6deaa808eecb6a2742d5a724388c8f6c7ad871704b78b4066e386dc,site_fold_1,0.42532493716091363,0.560448205038521,0.5115904629258429,0,fit
bg_2024_0047,0,2024,2023,9b143e553b172de0a0dbcd667fcc44ff4424a8f9c8019d9c4a4518f7420b41af,site_fold_0,0.0007492625200625875,0.038751015747718595,0.009199365175808454,0,fit
bg_2024_0049,0,2024,2023,1a44f043ff970d264d22e596a5e8bcb7dd2eeaed1035fc9b3d7de0c36349a6e3,site_fold_3,0.48281135187536767,0.9186276027495324,0.9284816450821484,0,fit
bg_2024_0051,0,2024,2023,748d2b899e4eb3beab4800bc94e8ff516e34ed0db3aef051813bec260a8670ce,site_fold_2,0.07165726800314726,0.2985964206698944,0.3768447822115626,0,fit
bg_2024_0052,0,2024,2023,dcd99ae5f275a0be2458b09742536127a22d13b902bd53e5ac740a04f46f77f3,site_fold_3,0.25276799338764333,0.025617609682430167,0.016630513099491383,0,fit
bg_2024_0053,0,2024,2023,ef5548ab378a0d6f1136921f787bedefcf308b5bf6f03841ab384a58392a796f,site_fold_3,0.035039976073094274,0.0005840660729112753,0.0004651100951633246,0,fit
bg_2024_0054,0,2024,2023,8b97daeee954f5cf8ce99941964f6b69aafbd08ff670db5383f686bb16668c44,site_fold_1,0.3724306657545689,0.005532027748003923,0.006708515041569751,0,fit
bg_2024_0056,0,2024,2023,dc2c073fab33fa44d4232f769c5e6003d6870f75c7967861a7b52e38d7c69572,site_fold_4,0.4188913357065825,0.2843743562467039,0.4719754331870239,0,fit
bg_2024_0057,0,2024,2023,d40effa8069de0fc26ed37d2c749ab608986996e969ab3f7db4ee96472d380dc,site_fold_1,0.6834232309564796,0.492686411566081,0.7655635394517109,0,fit
bg_2024_0058,0,2024,2023,203ddd064d80fc0d4e7bff11a0776d9e93419a3a6037aa9adc2c7505290a1813,site_fold_4,0.2628520850274884,0.5159497574298467,0.4347251720762367,0,fit
bg_2024_0059,0,2024,2023,f9a9ec68c6f1d2a1231e5e83d38745b60d61290ff74ac936aa8f0683822eb8eb,site_fold_0,0.8530716993228141,0.9573990425638427,0.8229149767518165,0,fit
bg_2024_0061,0,2024,2023,320a5b870363bc27bd783e6d2b485a8d3972cfc67854a5a58639a25fc374f980,site_fold_0,0.0005880694135430098,0.011461604587225204,0.0004795405696999325,0,fit
bg_2024_0062,0,2024,2023,b72bc3515d6491d4fb990553794908030b77eceda6076312844c64f5685529fc,site_fold_4,0.42773160510018626,0.025605656203616114,0.03127323953273291,0,fit
bg_2024_0064,0,2024,2023,7cf777b87c15c35cb12a26b7d8ad0f56654c2b75b6447578107c0cef8bdd2e29,site_fold_1,0.5818464474233251,0.5495460668567979,0.17819636703818098,0,fit
bg_2024_0065,0,2024,2023,2ae3e4a48561eae2ac17dd839dccd2bfa7997585727481cf2cc5ad1a544cbb29,site_fold_3,0.0017593217674592657,0.00044251619906136397,0.0006750975519818952,0,fit
bg_2024_0066,0,2024,2023,a5a2dc9c1dbe6d7af6f51645bd09cb467e8f7c186eb7d91b2a155cea8ae622ed,site_fold_3,0.11893281982220139,0.002156021734932804,0.0012749685618172841,0,fit
bg_2024_0067,0,2024,2023,b687a30ed837278ff4dadcfdef30f40b2986a06c7c79ed57693b3e6b2b1a9d33,site_fold_4,0.46516314942749626,0.569237422735793,0.701099319468829,0,fit
bg_2024_0069,0,2024,2023,19b54b72bdde6c4bd3cbe2546f3414a4ff56cd60d6a2bcdf3d6f1f199e8b9a7a,site_fold_2,0.35151741810933,0.2912954200507452,0.21903199209354704,0,fit
bg_2024_0071,0,2024,2023,48da3e414015f3351b42e87e9218a6ceaedce537a926ba13d8759590bdad9d81,site_fold_3,0.5583624249930226,0.6568813046492031,0.43604737775982216,0,fit
bg_2024_0072,0,2024,2023,ea2e9240baa8efb8641cef5f652b1f430fd03b8bb6bdcae03cd85c7be7d79e6c,site_fold_1,0.45693291344377013,0.013033888139184139,0.026266047284423166,0,fit
bg_2024_0073,0,2024,2023,eb67dc3c4a6302c161ea7c937485d56e520ac962c08ed97fcd8cb6d32e101eed,site_fold_1,0.450892061579751,0.3077949401571066,0.2438982912519246,0,fit
bg_2024_0074,0,2024,2023,0661378a425c8a66c4aa539a6016f77d94444565f19a404c200d8da71d881e6f,site_fold_0,0.351400582640546,0.06607751465021167,0.04918966164092546,0,fit
bg_2024_0076,0,2024,2023,b0bb5e94bbb58bef0707986a0b214f4618e10f100ec3660f7f792c139b83b7bf,site_fold_3,0.7551995124748258,0.14486695952929177,0.0850465555651656,0,fit
bg_2024_0078,0,2024,2023,a5ca7d8f214e2cdbd499bf191e3ef82542d8fc7c4eb63c250906aecb6d052776,site_fold_1,0.626707385251287,0.08751210640115153,0.04287238972667631,0,fit
bg_2024_0079,0,2024,2023,387293de0a4d2562776968a4c928898f0c153e19c243293da6f2314332ce8e09,site_fold_0,0.5977658464870533,0.03798356527297136,0.08408508702083867,0,fit
bg_2024_0081,0,2024,2023,a79ec02ce4ac7963f73a96c80a4ea1fc557a0747a742e20e54654266ddade15f,site_fold_4,0.8383452794157203,0.4723625320240584,0.9892062272654413,0,fit
bg_2024_0082,0,2024,2023,5535d9eaa37e4d1a7b852f0870d6bc9cf8d44c2c849c46b6e3bc123aea922f98,site_fold_0,0.9923756543185388,0.9287974437343495,0.5745304745313892,0,fit
bg_2024_0083,0,2024,2023,fe080c2d9abb132cc64d5557983b111ff97e3f58f287666fd5faa26bdb192287,site_fold_2,0.679236110315238,0.392007396798666,0.12595241094704115,0,fit
bg_2024_0085,0,2024,2023,f3ce6092bb24123a060a0495483d50073de4e4ee953fe58bd28e219e1a83baa1,site_fold_3,0.003819615558053031,0.007023829575740227,0.00391530720417064,0,fit
bg_2024_0086,0,2024,2023,2f8d0c0da0be361972dcf84753d6a3e08b6dad88a520b7d1a92b86f9b38320ac,site_fold_1,0.2048179563961986,0.027415506606976146,0.028779882126762756,0,fit
bg_2024_0088,0,2024,2023,d948566b5d11292ec582eb153178eebb116e8d9e510bbbb560baf1319dcb07ea,site_fold_4,0.15607743019684422,0.046811320363403824,0.10968445108894376,0,fit
bg_2024_0089,0,2024,2023,30e0262a5079f27f544cfa11a50c2dac7696a1223e31b6a5743a25b88178f3f9,site_fold_1,0.5679173396998822,0.27921494424688503,0.7920395214143588,0,fit
bg_2024_0090,0,2024,2023,0ea0ea06867904ade6f0cc97d06bcc3a15a536e081b0765ae05da45dd08c935e,site_fold_3,0.644626618501659,0.7825455199964416,0.5255781459793517,0,fit
bg_2024_0091,0,2024,2023,982618d21af830b045f8c249c93b9fe8c0ca46e8eef0f38a41b858d40f182133,site_fold_1,0.5622004679326811,0.8005629633432823,0.9409856269061896,0,fit
bg_2024_0092,0,2024,2023,1329ca34dd0aa22bba0143275ea656df9883ad433541073bcd4a263e3256d123,site_fold_3,0.48301373482692433,0.5053752295978768,0.47445941954939025,0,fit
bg_2024_0093,0,2024,2023,39af272ed4011f905c7675ca8e5251a45ad8be334a928f57454f06824c57b67d,site_fold_1,0.654011359429202,0.16546125082007435,0.2422383152698251,0,fit
bg_2024_0098,0,2024,2023,09cec87c34c3457792131d98f4e5ea7c0de72227cb164719da0895a2dd49e29f,site_fold_4,0.04554786721581881,0.9841100489311981,0.9785842550150268,0,fit
bg_2024_0099,0,2024,2023,eab8096d803acb18cc201f6ace31bbda179073d5e6a99e0d73d2ec05bccdf772,site_fold_0,0.07476705203855805,0.0003562560143532255,0.0010637087940346172,0,fit
bg_2024_0101,0,2024,2023,0e3e2e1f0d7500e89ab5386ac3395e82b86d098339e82b63a4f96b3de677403b,site_fold_4,0.24936371229295165,0.1617288614312564,0.01607548915092958,0,fit
bg_2024_0102,0,2024,2023,d083f6498d7fbd2e9d25a6ad0b6797fb6e2c24cc6ad3d7ca5f9713008c86dd50,site_fold_1,0.14205242173392155,0.0020569245040781316,0.0007705928735042396,0,fit
bg_2024_0103,0,2024,2023,094fe38ba748a64e5efdec7fb8286b4be6aadc362ada39934354d5551a5da3d0,site_fold_3,0.418160869391748,0.4443936078298093,0.14764065818839928,0,fit
bg_2024_0104,0,2024,2023,381d18bd61e34cf882bdfdf6012481b10927e35d12e6647db1266ea9a179de4a,site_fold_0,0.002992579595380284,0.028795113741145337,0.059941062424373845,0,fit
bg_2024_0105,0,2024,2023,5bb0f3030646a3eca15b3c715c0a2cc5c67d8a64036f4b26e788799479fcac9b,site_fold_4,0.7182738169585572,0.8742748486228701,0.5860453404878802,0,fit
bg_2024_0107,0,2024,2023,121ca7306a2ae0103033e3004279ef3e80366ab277effbd7df933cd44df93378,site_fold_4,0.7356026558449839,0.8319041470439028,0.6512613757034149,0,fit
bg_2024_0110,0,2024,2023,fe94a8a6361778f583248af09d52d2f8beaeed2c3a1047494990e54232abf263,site_fold_3,0.4960234061108364,0.9078962439661448,0.9234815131759141,0,fit
bg_2024_0112,0,2024,2023,9b8cfb8dd01fd7117ec530b8b1be50f430e0bba381744f956eee96179adeacee,site_fold_1,0.860779276532687,0.9846214505867646,0.9972637241434966,0,fit
bg_2024_0114,0,2024,2023,cbf698a2629e0c40badff8fdce66678097136d982ad6e328f5e174702db1ac72,site_fold_1,0.10016898203744806,0.010655106975304335,0.007593474749007433,0,fit
bg_2024_0115,0,2024,2023,48ba22de3d6960040834837c9f93bad7da1ff9aa12c70c28cf23329daa5556b9,site_fold_0,0.2566449779502556,0.05306332057745072,0.026120237947330465,0,fit
bg_2024_0116,0,2024,2023,b89dc14cbabd117f4baa55fee005974d32ebb678421d282b6faf5919d4c5513d,site_fold_0,0.22360410310442297,0.9229373685849915,0.8275907882071818,0,fit
bg_2024_0117,0,2024,2023,259d5e4e331efc426e8d5cb37d174767fad44812d9c8aac2673f920f15e78ad6,site_fold_0,0.3585160792055407,0.001024695283136289,0.001059763436356124,0,fit
bg_2024_0118,0,2024,2023,8e82547d47b9be467e201fcc7a5aecc54c71aded64e0ac980099b8678439acd8,site_fold_4,0.5169925684733817,0.0807268176941041,0.11090094363965582,0,fit
bg_2024_0120,0,2024,2023,1cdab643d1b940b0693fcbf08e8a99e52473b61131de923eb8b284c32f00c4d4,site_fold_3,0.31635095170324395,0.03913557976769746,0.031884686002689316,0,fit
bg_2024_0122,0,2024,2023,bf6cb7c3b436132579c4c247e107989902b49e1a3a297a787f54b840578a302e,site_fold_3,0.200777384406464,0.001939946463692804,0.009317946365102836,0,fit
bg_2024_0124,0,2024,2023,74a593ab813090c62b6028480a668a3959fb4e059bcc73876ed08db88d30bda2,site_fold_1,0.016942612172650733,0.022505369628965554,0.014789359288342423,0,fit
bg_2024_0125,0,2024,2023,669228cb6311c26fa81b0cc72a9f043cf099e2aec5da6174c5343570362b53f9,site_fold_4,0.0006557931030632006,0.007432458370973654,0.8701307851162671,0,fit
bg_2024_0129,0,2024,2023,9d517f55ae5613be7e9c1f546afa3a8453196835262a2da69354022e181623af,site_fold_1,0.5713105005803728,0.7001459696295818,0.8080102479293043,0,fit
bg_2024_0130,0,2024,2023,30fc7f1fd06b41eaa1cbfba3302ccf7b637fb6b97d364777008dcc7203e27e88,site_fold_3,0.5104045617644214,0.8343740072635683,0.8016487569326491,0,fit
bg_2024_0131,0,2024,2023,c70088b5f5ed553ac8d54c56b48c1be5b90a722246b8993e86f8ab252abee2b8,site_fold_2,0.8446825065683896,0.9472434353209617,0.7969408243511532,0,fit
bg_2024_0133,0,2024,2023,f4be26be42aa63779b31705fdb787991f04b62cc376f4011ad45d4e46a90aadc,site_fold_3,0.7516566683926047,0.2702365538118938,0.3587875824527473,0,fit
bg_2024_0135,0,2024,2023,d4a9a61f6e816b947950df9ce5dcf1ba5199c097b89c4e2ff3146444ea11cb5e,site_fold_0,0.38531572450485546,0.956769015973915,0.8302141121540555,0,fit
bg_2024_0137,0,2024,2023,b1c60d3479151c265d732f1691c8965b5045f9f996bc435e7cc5093bbabaa7ca,site_fold_0,0.26302841980238234,0.22301480087590214,0.4091963163737427,0,fit
bg_2024_0138,0,2024,2023,8c4da60d1d75cffc9bd0bb476c0dc48b8024afb93b7ec5dce86a348e4a515c7e,site_fold_1,0.0013474292053933428,0.013917119126104927,0.0318756679663555,0,fit
bg_2024_0140,0,2024,2023,25491912f96991025541d5f5da5a1ed06d902fbef16223d74ebe72a74b2706c0,site_fold_0,0.33471417385249314,0.12878252534816742,0.3018346533273354,0,fit
bg_2024_0142,0,2024,2023,27cf11d64439127707db65caff07bd9f503a61a6427d56ac8b3df0c792261c04,site_fold_2,2.211094136370486e-19,1.9791689252994416e-14,9.660584084179582e-20,0,fit
bg_2024_0144,0,2024,2023,48a8d4b27be3f5a3d567610c033ac715c6277500103c9ec2d712f0b3bd427f0b,site_fold_4,0.8311014063640167,0.7682677755403855,0.8459909582651638,0,fit
bg_2024_0146,0,2024,2023,e889077796f75a8bf06a0218348506ff1aa58361a026a2158158d33545d8f8e8,site_fold_4,0.7434738383987044,0.7581448198026615,0.9042999090579436,0,fit
bg_2024_0148,0,2024,2023,7e9ec81c8ea1517e7c97d3f130bd8da15eded8367199dea08912d7fec27678bc,site_fold_4,0.8729950557565367,0.7139142397062571,0.6913640012085775,0,fit
bg_2024_0150,0,2024,2023,2d514b854a9419024c44d135af3eff0d5ec793684c36bece8e6471bba25f3d4b,site_fold_2,0.0024549556016094584,0.0056860785828036055,0.004101316622164591,0,fit
bg_2024_0152,0,2024,2023,ce81223ed4abc36fdbbc236f8ffb7d0ee9ea969f12ac8750196c90345354cd48,site_fold_1,0.025194521987732744,0.0035852373746472106,0.001464997614879026,0,fit
bg_2024_0154,0,2024,2023,eaa88e45dc34bbc37c2c1c462247981c702e40fc4de264f8bfd709abb71da6d3,site_fold_2,0.021116548335846686,0.3370233174887438,0.6765389436589099,0,fit
bg_2024_0155,0,2024,2023,37a1b32ea4828c6949829c840f5a2c1015383861dcde49e417670a4242964123,site_fold_1,0.18747963527097353,0.0006788330698203252,0.0002231629143360314,0,fit
bg_2024_0157,0,2024,2023,10931396412cd75603aea0d3abeeaa86eab99d3b921d1b092b41bbab3e6b3ef3,site_fold_3,0.5491909299366833,0.05654495096720851,0.11412841781054288,0,fit
bg_2024_0161,0,2024,2023,d49b5fbc9ceb41ca0416f4cdb698a4166b7a68f5b61831b3c486481ab9266d59,site_fold_0,0.7006192281914793,0.9317319290677658,0.9407997465197919,0,fit
bg_2024_0163,0,2024,2023,aa4923f93f3935d9017a178e2e2a00c39f8bda9e0d5768ff25899acb453cfe4f,site_fold_4,0.6211120807497502,0.19982395710864723,0.4838600810079385,0,fit
bg_2024_0165,0,2024,2023,d2fe77c5494009de82c48b234cc00ce5e962100afef8729763eebcde1fdb3ee6,site_fold_4,0.578450282302388,0.0028122115153190416,0.060850951848514634,0,fit
bg_2024_0167,0,2024,2023,4a3e32b2592c4bca0306e12810e632bbc064edd22a18e37cda46c14b345b44bb,site_fold_3,0.03081325985806749,1.987330869590258e-05,0.0002986456811283017,0,fit
bg_2024_0176,0,2024,2023,f2237c29d27bd0b5346f0be444cdf4b5a741aa2fba630c9086b59654a04a210f,site_fold_2,0.0908517549412253,0.006047735481028463,0.0400964342368205,0,fit
bg_2024_0178,0,2024,2023,e61f9b395ebe806bb4173411398360588d9e72421527f2deafa2fdbbbb195b65,site_fold_4,0.7002712310234204,0.8469925468305527,0.7680206681905535,0,fit
bg_2024_0180,0,2024,2023,a113ed2181e2dafdd3bd4c517c782ea37e2fc64120cbcccfd433bc0ea0d1188c,site_fold_2,0.030828218268289798,0.013646341908953174,0.001251442259308537,0,fit
bg_2024_0182,0,2024,2023,338e23f9b352e3105dbde6ef929db218b89c42bef0ff3192ba71868dc1c03e11,site_fold_1,0.5289770169984355,0.8748172216864478,0.9234464764557231,0,fit
bg_2024_0191,0,2024,2023,cbc1c3c2479947688ce7ff97d13516aff256f9ff10811bac671aee0b4c32337a,site_fold_4,0.011944585911423163,0.09617220306939718,0.31394907150866924,0,fit
bg_2024_0193,0,2024,2023,61dbfdd28521f9308c90c25b11338b8d4a84bcf61abdb389858a2ac8ee611700,site_fold_3,0.42143812420049953,0.09459368345173896,0.2991354216731795,0,fit
bg_2024_0195,0,2024,2023,84ed77966a29277f09a9d25467f5d8ab0f66d8e58892bfa6b237ad9a9a82cd74,site_fold_2,0.0005289081519337838,0.2644782178182266,0.04160547928158631,0,fit
bg_2024_0197,0,2024,2023,085eb8211e0d2e935d23d26841e01d26a6fd4d394c7185918f5965368be91c14,site_fold_4,0.9425184053672728,0.991721043918803,0.9949140029542765,0,fit
bg_2024_0199,0,2024,2023,83039e54e1fa37ee25521fbe29d0a288ee1d48abb96cc75dc80796ea6e46a80e,site_fold_3,0.13976412255587056,0.001604043424296665,0.006777606719469247,0,fit
bg_2024_0208,0,2024,2023,7fcd19c49f8ef373af77d30b6ea657701de171b59c2cc99c492381c7fa79eb53,site_fold_2,0.0005856640961274379,2.6588614617886604e-07,2.5534876539771366e-06,0,fit
bg_2024_0210,0,2024,2023,81ecec5ea53df338cb8dec8a3d93efdf89b240e40ceb46e53c9c62deeb7134ad,site_fold_4,0.5440328031197315,0.8023283417738672,0.9406371216450011,0,fit
bg_2024_0212,0,2024,2023,d62a426cec03061a92b4b16ff9276a42c85c45c9bef3ede5653bbbd82d16c4a6,site_fold_1,0.5606594669133935,0.014975192629978668,0.017731448575967108,0,fit
bg_2024_0214,0,2024,2023,adcf989dc565c016087934f1ab4ba3b574fbe4b87d6ce6c4c0efac4ac2994595,site_fold_3,0.47285848102564837,0.8624526332432829,0.43395885981568777,0,fit
bg_2024_0227,0,2024,2023,f6e58d1a82b10079ee37183b7cf9cacaf6d4a553dd204c84c7040b1b90f871aa,site_fold_3,7.729880970744872e-05,5.41555136480944e-06,1.0984605623350723e-06,0,fit
bg_2024_0229,0,2024,2023,571d300f79ea95c93212637680e248e7f42521541f8f5180c48bc4344a8082b1,site_fold_1,0.00506730561033971,0.001711625054291369,0.0016877710810423309,0,fit
