sample_id,label,event_year,feature_year,site_id,fold_id,T_DW_prior,T_DW_prior_AE_prior,T_DW_prior_AE_event,buffer_m,fit_status
seoul_flood_2018_00324,1,2018,2017,a1b1fca44bc1ff34acebce1d2dec2893d4eccf3bfe1ad7734248e10fe47f54c7,site_fold_3,0.4224874467480882,0.8870841665111291,0.7001476440466259,500,fit
seoul_flood_2018_00005,1,2018,2017,e88f89ee8b1977d499627aace65949860075e37faa7075fb202f3b9c70914306,site_fold_2,0.796694896449564,0.6562683419739924,0.6590178530795364,500,fit
seoul_flood_2018_00723,1,2018,2017,f792ca6fa3b7966d7fa888f7aba498b9357ec720fd74b0d523038cf5741af0bd,site_fold_2,0.967464783179421,0.9960213095580043,0.9018427857332895,500,fit
seoul_flood_2018_00741,1,2018,2017,0c53dcd495b829b20efb3cd45350dae6ad9e1f288bc99042e9b015befbc96aea,site_fold_1,0.5540213373715742,0.8526892173362608,0.894650250128972,500,fit
seoul_flood_2018_00325,1,2018,2017,a83737b63d9a503d7d831fb52ed8b58f380bae7bb9a6ea2c93390c680f809ee1,site_fold_0,0.8939972621757317,0.9851711516967138,0.9957015715078251,500,fit
seoul_flood_2018_00006,1,2018,2017,ac7d7cf118db0102628ab6d0633c011aa5b6a76e06adea19ae1b020a71924fb9,site_fold_1,0.8355353866615195,0.8087056250150328,0.9560915905389621,500,fit
seoul_flood_2018_00724,1,2018,2017,cd69195557cdbdaf5ce455c634a40f8ef2384631b031d6bf23b3bfbf753d27c3,site_fold_1,0.9019161601495801,0.9965491101405678,0.98657460788102,500,fit
seoul_flood_2018_00742,1,2018,2017,281ee18e6f6caaecbe9a202ceb6e7b72f1f1c841efc7b7cee1fc3c5652f3683d,site_fold_1,0.7233409643507653,0.9671101195467982,0.9401270026147065,500,fit
seoul_flood_2018_00326,1,2018,2017,0b759919b089a0a22e2f525d49ab414e3f532557f3abde425e5117e4866d8812,site_fold_0,0.7481359908133767,0.9347587196197706,0.9183178696185968,500,fit
seoul_flood_2018_00011,1,2018,2017,1d041d03fe3492d616ef2e8ff830888228eb12026dc49e31cce9a305e5ed7e06,site_fold_1,0.5064784252380773,0.771093455081524,0.6662649216693558,500,fit
seoul_flood_2018_00725,1,2018,2017,016fdce57ee065cde1e7a7d9c7335988a9c8740d99386001979a8db655fe94fd,site_fold_3,0.9354229838945528,0.940306518432831,0.9361453040665391,500,fit
seoul_flood_2018_00743,1,2018,2017,7620be273e51d04036dd429b1780df3112895de3b62b1d436d4774dbb49c4d76,site_fold_3,0.16492560575326842,0.8323679744234339,0.8683646693804737,500,fit
seoul_flood_2018_00327,1,2018,2017,053d6f8c081d5d4514368aeca0fcac700fbe7e896de8295fc6772f272a3546f3,site_fold_2,0.6230962391962986,0.7300318401947812,0.8500988450694417,500,fit
seoul_flood_2018_00012,1,2018,2017,9df6541a039a93123871f9d79f5b8006457ed47b9ce2268ed5d86a5099fcbcc7,site_fold_1,0.9364557667378558,0.9953167977326972,0.9863733214630735,500,fit
seoul_flood_2018_00726,1,2018,2017,b7cfe4f3036b3920a9c0cea41a0880e97030fd6eba18c0725e204f88cfc566dc,site_fold_2,0.9933694273092972,0.9984172834787423,0.9943216797533366,500,fit
seoul_flood_2018_00744,1,2018,2017,3a238d50e2af219ba4ec25c647463d9ea7d1f63a9a1d239c41f91c75c557643a,site_fold_2,0.28475283599809387,0.6575004617473797,0.8609320920731647,500,fit
seoul_flood_2018_00328,1,2018,2017,c350b7a0650780eee86eed1205b21bc8e309f3758943c1e32321cec0af94c026,site_fold_1,0.7287442653208864,0.9429236123677095,0.9342100897974345,500,fit
seoul_flood_2018_00020,1,2018,2017,388a682307c61eec5c4cc5e96e9adecbf7434ab3669180ed93edde5abf56ec24,site_fold_1,0.6935394442494991,0.7520391581330154,0.8075312226850695,500,fit
seoul_flood_2018_00727,1,2018,2017,c750d53cddbd6712ab9b87d84b0fa4436f78f820dbb071fee232eebeb0c9dc63,site_fold_1,0.1572297849550952,0.10209125282711749,0.14940312923875645,500,fit
seoul_flood_2018_00745,1,2018,2017,3522d53dc7424cb162deeb350bf2fbeaae2820630dafe096b0b77802e2cb3cc5,site_fold_3,0.04683313398818533,0.21748526853790723,0.2593453922904359,500,fit
seoul_flood_2018_00329,1,2018,2017,918ba9f59e992e22e19d2a2a57747a530407ff0a2caaae7081813c50b7096c64,site_fold_1,0.7287442653208864,0.9429236123677095,0.9342100897974345,500,fit
seoul_flood_2018_00021,1,2018,2017,3b97d95dd112fb934e3360de60c479a157c794139261e92b084fedd6f79a6971,site_fold_1,0.4889767860544559,0.5707800452349133,0.4468971661139095,500,fit
seoul_flood_2018_00728,1,2018,2017,1567ff21af4f0e60ece05b1b1f97f6688f3122fa285400a649e9f6911f4eb7d8,site_fold_2,0.846132749580675,0.9913506646986657,0.9933020675878822,500,fit
seoul_flood_2018_00746,1,2018,2017,f2cba0d9a3d3f61556a8daef88c437a1b6ffdb591f7f34d3bd05083858f871d0,site_fold_4,0.06582799508439402,0.0720729661543666,0.24014347993532745,500,fit
seoul_flood_2018_00330,1,2018,2017,ccc187526c6e506022a98020a10e694ebed7f9288bcab382e7573d1639ce746f,site_fold_3,0.796139060725989,0.8829282280925463,0.9593498779878262,500,fit
seoul_flood_2018_00022,1,2018,2017,37ac8c59899fdee8a996aecc0b960138157b4d540236c004fac05624e9a802dd,site_fold_0,0.4839481534390533,0.9937673133367767,0.9931506989171601,500,fit
seoul_flood_2018_00729,1,2018,2017,c52b915e27b4091750b43512b670caee102702467a59260cb6dc9389b90583f9,site_fold_2,0.8184153655262536,0.9895572577567893,0.9972030256949294,500,fit
seoul_flood_2018_00747,1,2018,2017,c7edb11248be6812169ef801e912dbf2da345059d9f63db27f0a5fa68b0be9c7,site_fold_4,0.8071069671932238,0.9924670123709056,0.9881223837015826,500,fit
seoul_flood_2018_00331,1,2018,2017,1d35c36c5c8376735746df76324bd49ab4a065010f8d30d93d79cb28dc3150e4,site_fold_3,0.9215314802408019,0.9825834530250154,0.9879446396464744,500,fit
seoul_flood_2018_00025,1,2018,2017,53a24fef9ef8807e2cc28e2f06874c151ec3c800b1fc78566a38dfc78c97939f,site_fold_0,0.3562331828955906,0.9721410991230435,0.8022003251061811,500,fit
seoul_flood_2018_00730,1,2018,2017,2188fc31bf1b87a414d865159779d5c75063bd89ee3bba3de439f0c8935be81b,site_fold_3,0.739838302952089,0.9967192728618319,0.9926083955691075,500,fit
seoul_flood_2018_00748,1,2018,2017,efa5830a13132042247e314874bb44bc8008ea34483223557638b3c466ae6d7b,site_fold_1,0.5672112603118492,0.9181298898070869,0.9713164389432696,500,fit
seoul_flood_2018_00332,1,2018,2017,381acfff536f180dba5bf633c798bf56cbb21042110d410ba141294bbb24c97e,site_fold_4,0.9518580323276288,0.9951449546893262,0.9954929671393447,500,fit
seoul_flood_2018_00040,1,2018,2017,659d244386f4866b404465faceec6356e38de3adfd161893e5fd8ef2a036df9f,site_fold_2,0.9236650981781583,0.9852793346055174,0.9765021386470472,500,fit
seoul_flood_2018_00749,1,2018,2017,6d7587c462684477b7bfd3915ed0660269aefa70ae2fb0556af7aa5c82ac789c,site_fold_2,0.5892043014775149,0.6264734132334154,0.5125462635932019,500,fit
seoul_flood_2018_00333,1,2018,2017,605ee8a54d1aaa4b9701f183e63067ac88aacf7d6bda1ef075ab1637bfd92de5,site_fold_0,0.660569256340046,0.9651286743037698,0.9523798756171303,500,fit
seoul_flood_2018_00043,1,2018,2017,cda8b7236e56129d5f1016fb65a3cb4103a46fdbfd7644c4b4c8f1aa856ea226,site_fold_1,0.923972757706972,0.9864446919492432,0.995665471313437,500,fit
seoul_flood_2018_00750,1,2018,2017,3813ecb1452f6add0e764ae12869927bdd31ead5da2599a59a4786f1c1d338fb,site_fold_4,0.12715124735857544,0.29373869508781475,0.6428984124391884,500,fit
seoul_flood_2018_00334,1,2018,2017,c8a1f2ad0894e015f83443c9267b0394232ddbc3070594550ee0c906ef8fb4d8,site_fold_0,0.6821852533668539,0.8964154432649823,0.9507685733759355,500,fit
seoul_flood_2018_00044,1,2018,2017,b85e697ac2a50ccb96d372f5cc922136a327bc212ce3ef91b6d535dd5a1433cc,site_fold_2,0.38755647387438563,0.9994782050201588,0.9987765108068656,500,fit
seoul_flood_2018_00751,1,2018,2017,1d014c0252c9d1e801cd15c8ef78f472bea4869776885c791bbf25c842eca006,site_fold_1,0.46085816851602956,0.7849843653177625,0.7627538538161035,500,fit
seoul_flood_2018_00335,1,2018,2017,b2f2b60c254e7490190f41b9c16af5d8de91579749b3fd585287c90ddc3a9f8c,site_fold_4,0.9942413921106235,0.9992719364090604,0.9994136067029612,500,fit
seoul_flood_2018_00050,1,2018,2017,79f8b2c51da51d091269b8226eaa9c01c48c24aea78c15bf3cdc5ce731a6e3af,site_fold_0,0.7542949836541272,0.19469762630994997,0.7798246330932426,500,fit
seoul_flood_2018_00752,1,2018,2017,4299d7148be312faca910ed1a45c3f59ab862b0ae0e28fb46a59d325163411e8,site_fold_1,0.4525357211938882,0.5734046817241599,0.6344834571722061,500,fit
seoul_flood_2018_00336,1,2018,2017,58dcf847e10eb5935155f8eaf1b4d1599acff4602e20f9ba360e9e0b5f450524,site_fold_2,0.9538760115394324,0.9773190468411593,0.9455808973332456,500,fit
seoul_flood_2018_00053,1,2018,2017,624e10d71a7f47b984636b6edb8bdaeb5b127bfda9d61227a0b41f3151c86416,site_fold_3,0.44981036320521045,0.8329552443247241,0.8780863794511,500,fit
seoul_flood_2018_00753,1,2018,2017,326d3e32f81727903e6e38e8d66e8f45c0f49a83fd1d55dc4bf18b1596746aaf,site_fold_4,0.4173607617498415,0.5923054973529304,0.828922920569741,500,fit
seoul_flood_2018_00731,1,2018,2017,7e27002406c970b9f0ad3eef70363e745220a81e62d98ccc076ed94360476b50,site_fold_0,0.8981215621282226,0.8659361993449189,0.9765246453850924,500,fit
seoul_flood_2018_00056,1,2018,2017,48b35a72390e799e3ddeeb233e3c32a9ac9aaddacb845ae849a8bcb07b4e71f4,site_fold_0,0.8337826963477036,0.9168394897255224,0.98919059877423,500,fit
seoul_flood_2018_00754,1,2018,2017,97789c0161bd76a063a56684677dbb07715ff06ff30edbf9dd137f6c3b398409,site_fold_3,0.2711574407206023,0.6118132224553638,0.6807719775947031,500,fit
seoul_flood_2018_00732,1,2018,2017,e5fa1ea429c64ce2505d006be1fb818f4d0046e475d298ccb992113713754a16,site_fold_3,0.3315945034864394,0.9377146184393386,0.8932099452267319,500,fit
seoul_flood_2018_00057,1,2018,2017,21e378c1bde8ed37fbd884d8f7bf3aa6571b63b171072ae0243436ac2a33da03,site_fold_2,0.7899980269052931,0.9991918207121526,0.999742618570996,500,fit
seoul_flood_2018_00755,1,2018,2017,f7652aa85c77cbc87997e2756749f15c92d172deeefd4982fdea8e0c0e1ecc05,site_fold_3,0.04683313398818533,0.21748526853790723,0.2593453922904359,500,fit
seoul_flood_2018_00733,1,2018,2017,1a260a4112fa78b379fdd3363e95fb3f2dab1c04edc8b1adb13fd6674ef65186,site_fold_1,0.7271536087946843,0.9933722242132975,0.9976809344321729,500,fit
seoul_flood_2018_00061,1,2018,2017,dad1c77fbc783427bafba867dc3676e700063a0f8bf0cba6999b50341c608236,site_fold_4,0.9951349367079966,0.999968585722793,0.9999450380903204,500,fit
seoul_flood_2018_00756,1,2018,2017,d820383513b0930310149682bf4fa107808fe3139631b684f8cddbf29663c7a1,site_fold_3,0.06885496732908092,0.8491297360885293,0.7197243714600265,500,fit
seoul_flood_2018_00734,1,2018,2017,41db34bc751872c31e82c1435d7851e06d4acbddc1fe6a1b119b517cb9da914e,site_fold_3,0.441810753647924,0.7773252344267928,0.8201675835757603,500,fit
seoul_flood_2018_00062,1,2018,2017,9f7481cc4bd4e573144e61fce0fa90b22b1866ba41db60d60147951b6a558950,site_fold_3,0.4669244155741669,0.9091477948009917,0.6888178123202134,500,fit
seoul_flood_2018_00757,1,2018,2017,8bf60aa3320ff1085bdb260f4de4d79abcec85d2751865de7bc81c6e7f5c9230,site_fold_2,0.3317568118016369,0.23940093290239098,0.5434028672680906,500,fit
seoul_flood_2018_00735,1,2018,2017,9a2a6d96d61b642accdc67fe6199408ae6318794974446f6e6849d5d9b096ab1,site_fold_2,0.509394351435787,0.3321019797600082,0.6919494827743775,500,fit
seoul_flood_2018_00064,1,2018,2017,ee0fed5c78b685055fd38ef69d86e32bb9b0540bd39afaa2454136cc247e7709,site_fold_2,0.09251656038713985,0.4924128173340496,0.5500629102876139,500,fit
seoul_flood_2018_00758,1,2018,2017,705e49ec80245d662e9cf4181ff34571db06dfe1e4d68d6be85d478bb8638e6d,site_fold_0,0.4567111552998495,0.4718237691925353,0.5441949803720372,500,fit
seoul_flood_2018_00736,1,2018,2017,3a631fbb8ea1590814892f1b2dbb54dd3a3d627eee72ad04c6730da37e0c1d54,site_fold_2,0.5869133766188332,0.9901716401361482,0.9976858785972441,500,fit
seoul_flood_2018_00065,1,2018,2017,8eab2f8b57512faca1a4b9278339274fb6f1b87d275b8d9d89afaa1fa7b1bef5,site_fold_3,0.9478093559762137,0.047548444740842424,0.5065806595675637,500,fit
seoul_flood_2018_00759,1,2018,2017,3079dfeaba1faf9d566c7050ff2ec5201d3799d5b4bc7d5fc23a1983a3885e4a,site_fold_2,0.4857229488392155,0.8228438265552618,0.878784831886298,500,fit
seoul_flood_2018_00737,1,2018,2017,112344c4987a5f696346382e2b12cbf7f30d7e84fa4b1a4e4543ad0e8ded311a,site_fold_0,0.24215704360901347,0.9878103180884656,0.9658916560724246,500,fit
seoul_flood_2018_00069,1,2018,2017,2b3e5e6e494b7fe4dad6a6696e4750401a2405216cf6320548ed8ca7ad9d4225,site_fold_0,0.6117775059450377,0.8819541190594848,0.9449071466998453,500,fit
seoul_flood_2018_00760,1,2018,2017,d19d4648cf65ca6ea86331157fa9bf7b652de1ccb3a2155cabc6bf5f2b500ff2,site_fold_2,0.5294908467560274,0.9916482643524756,0.9882645548137485,500,fit
seoul_flood_2018_00738,1,2018,2017,b219ab5ae8913d32375632f6109b09c84f177543da505670ae46e9c08117413d,site_fold_1,0.2660528036052605,0.924132432076754,0.904344740684536,500,fit
seoul_flood_2018_00071,1,2018,2017,7adaa6b8000bc42a464e78f70fa2d413bbf039dd656438fd0e5654cd9ae0975f,site_fold_2,0.4949067381449838,0.9946344568589368,0.9994944453894299,500,fit
seoul_flood_2018_00761,1,2018,2017,649a028f0cab3f8dce663c2991f00eb3df881d64269eedcbdf1a0f16a1ac86ad,site_fold_0,0.6619940361423747,0.9956713019318576,0.9974158859752739,500,fit
seoul_flood_2018_00739,1,2018,2017,d1408d944ffa98ee9c0008881a700f860a827354ea90fa56a5140e08bc15ca6f,site_fold_1,0.9203884316032485,0.6657340433797317,0.716493412812369,500,fit
seoul_flood_2018_00074,1,2018,2017,275e9fc1dbbb45fea3e5c12324184c1afc46cc59e56490e9b814a413a9db3ce2,site_fold_2,0.6965732233717137,0.9990563337033209,0.9987668977413604,500,fit
seoul_flood_2018_00762,1,2018,2017,51e73d067106dedd680d04080ccf46f7803895ebabffcad1563ccaf312909474,site_fold_0,0.8439975519114686,0.8764571548530777,0.9726035576232239,500,fit
seoul_flood_2018_00740,1,2018,2017,138f9834a140c30fe1cb1013f09b6df844aff508584439948cb9fc3ecb933306,site_fold_4,0.3602957562160214,0.8768145703528957,0.8013298622689107,500,fit
seoul_flood_2018_00080,1,2018,2017,5b18f1a9783d4518a71dc4dcda4a948cc51404a72c5c09734ee122e18d3f95ef,site_fold_3,0.902621266945196,0.9984452578719575,0.9940953743832415,500,fit
seoul_flood_2018_00763,1,2018,2017,2ec78c588853f99c32d1ede1fa1ac3ddfaf067a1b750ed949481cb32e682495f,site_fold_0,0.6580776532655364,0.9624235521378379,0.9402945918851994,500,fit
seoul_flood_2018_00083,1,2018,2017,53f21c0284ddea8549b752d3c5ff3be611c28804d4f6564a5f13a1ff0a5b11bd,site_fold_4,0.9388234676582039,0.9995272505513836,0.9992270380273652,500,fit
seoul_flood_2018_00764,1,2018,2017,05d3f478e28ca860362a10d492fa9a67f8c033caa6ab9ca380f53048b367b481,site_fold_0,0.6059105502268198,0.6539509427316264,0.15156380999529165,500,fit
seoul_flood_2018_00085,1,2018,2017,0765f22659ab1c730be3c132151cb333cb8e887f92fc902404be8b7a4e4d42d8,site_fold_4,0.8775817058463306,0.9992126285451551,0.9996707728150916,500,fit
seoul_flood_2019_00001,1,2019,2018,fcb0a15bb5a2205a02887417432d9ab19ce9374453c6aa345161e4520f3b6176,site_fold_1,0.81780374852192,0.9987695279863433,0.9910465032958848,500,fit
seoul_flood_2019_00002,1,2019,2018,5fd8b087336a389f8364b4a246a938ed21be409b952c86585a9f54ddd749638b,site_fold_0,0.14928123200055454,0.07601748000543442,0.01315200102571101,500,fit
seoul_flood_2019_00004,1,2019,2018,54cd0bb8ec5fe2848ec2ecae95098289bd76d30ee662d04ac03f69be0465d9d9,site_fold_0,0.1375066903194221,0.0054712990006677165,0.00041951409906702445,500,fit
seoul_flood_2019_00003,1,2019,2018,547e2d01ac7557cf394ed69c6db6d5d02025d9fe473ef3bf7490e9270bc0d793,site_fold_0,0.786475013436207,0.6645504168576795,0.2379369535874759,500,fit
seoul_flood_2019_00005,1,2019,2018,fd65d6658f5c8b220975c11acba4fd65d878d6713aff553ae1f91f6159a3afc7,site_fold_1,0.3433541197717622,0.9148525301481704,0.7873603634164444,500,fit
seoul_flood_2020_00031,1,2020,2019,60cd8eda4cf981487d922b2bc9e94f935b3640c72165ca20371285f105bfbc4f,site_fold_2,0.7363608176262295,0.5805742789154988,0.20082799975438498,500,fit
seoul_flood_2018_00087,1,2020,2019,3c515eb667611eba105aabdc662f06d42cc067b6a4d35327bb2f79d1c65ea40e,site_fold_2,0.7688811613144002,0.9998514629842666,0.9990737567057308,500,fit
seoul_flood_2020_00161,1,2020,2019,c90712fd2ef2d9873c9b89acd3eeca11a6a7a57e145395af8d2a70433783d621,site_fold_3,0.0999932844997703,0.004234085426119037,0.004029699029067606,500,fit
seoul_flood_2020_00038,1,2020,2019,7222b0a726b4d6c589b7367aa03cd95be294d02ac9a05538f65edde4b0fec905,site_fold_4,0.9017548611259406,0.7470646338481318,0.765323714318378,500,fit
seoul_flood_2020_00032,1,2020,2019,cb715ed173479e77ef2d6ac026302a54a58d9972f9db28988c05158b74d71cf0,site_fold_3,0.28782340118550964,0.3647094223345386,0.0953390688842156,500,fit
seoul_flood_2020_00008,1,2020,2019,18a42675611639157295738f87f0005ce33c610aa2b3bc131d1c81844bbf3344,site_fold_1,0.825034329454146,0.08184187549488309,0.40279934113544147,500,fit
seoul_flood_2020_00162,1,2020,2019,18934a7e51159b2f8bb68012fdb6bd5b0f75ef97656072bd5eef4b836fad42ac,site_fold_4,0.9347289661229862,0.9995270956859726,0.9914850804687034,500,fit
seoul_flood_2020_00041,1,2020,2019,20f45fbd0cd6c1b2391ffe209cca7f6998b68037228bc730a5c77074aaf53eb2,site_fold_3,0.40793940485058416,0.8061448405790355,0.7599968688610921,500,fit
seoul_flood_2020_00033,1,2020,2019,ef6b220ac91c0f350535c2927f95ad072f275f16ff047695c8ca1b82121c76c4,site_fold_2,0.39856207933195087,0.9001261777232274,0.8932020578433149,500,fit
seoul_flood_2020_00016,1,2020,2019,e10a1d4b0b322dbb7542eab7927bf9f8e9d224d52e55caa6bac671aeb120f13f,site_fold_1,0.6280451564221913,0.9476844497226274,0.8743382228906599,500,fit
seoul_flood_2020_00163,1,2020,2019,262d20d84cc21b6ee00c5d5c466254ab88ec02c9f15fc316248a69cd528083f8,site_fold_2,0.44018565836770873,0.2993249641979028,0.5998392628330557,500,fit
seoul_flood_2020_00155,1,2020,2019,f4b457f52bf5d3e32988f5e0f4e9e9ab2afcfa6bfbde1a658ba24fdee3240d98,site_fold_2,2.437610988330121e-07,5.9185176277987265e-06,0.0001127996217294877,500,fit
seoul_flood_2020_00034,1,2020,2019,10c46e4c62d7fdf5ed72a30e7772ba427dc77d249e30d5db3813c87d6a25358d,site_fold_1,0.8966820340228772,0.9969462023300156,0.9959197416361769,500,fit
seoul_flood_2020_00017,1,2020,2019,75b5b3fdff7bad158fcf1d9e2521788292a2fdd529262e14a8c3c7e1065b5167,site_fold_3,0.7886588050635374,0.9980342755060122,0.9728618111295125,500,fit
seoul_flood_2020_00164,1,2020,2019,d38c663073cd86f011cced4de194b87e1b9d16bb8b5389e5ccf62d2aa8ebad41,site_fold_2,0.3442811224191861,0.264194031233807,0.29861667811869774,500,fit
seoul_flood_2020_00156,1,2020,2019,3555de32ff588ee5c192166c9fc69526e5cdb8a175dba83f459952df5027364b,site_fold_2,7.66106062609239e-08,2.3130167448055567e-07,2.2392652355422814e-07,500,fit
seoul_flood_2020_00035,1,2020,2019,7e6c491cfb15eceaaa54161669de732ec9dde775dd0633a75e28ff537399fb74,site_fold_0,0.8993742771120009,0.9355187683656422,0.9900088277668623,500,fit
seoul_flood_2020_00024,1,2020,2019,08886a1567bf070a2898b735962da5b5637940828754011bfd419b9efba0e6fb,site_fold_0,0.43676250868350597,0.05632117647603876,0.24142613098590898,500,fit
seoul_flood_2020_00165,1,2020,2019,40392281aeb3adb0c0778c84507c484136bcf21550dc3461d47533208cc16d0d,site_fold_4,0.8689023829936692,0.9999269386854998,0.9994704303508033,500,fit
seoul_flood_2020_00157,1,2020,2019,7b2db85225e0120ee8866f4d1af9bd2aa38f479e3462310696a9b7979bf3c97c,site_fold_2,3.0445457725642944e-08,9.319998092786578e-09,5.083289666975943e-12,500,fit
seoul_flood_2020_00036,1,2020,2019,a40d0bba62c999d879457048f04d7b8deff936b8ce065f1b93ed9f9b9add1779,site_fold_2,0.739277607130407,0.06350094307806164,0.026434881814473715,500,fit
seoul_flood_2020_00026,1,2020,2019,60c400e61de242770e7da27016af5b1594a883cf59b9a9d86a72b9faa255f301,site_fold_0,0.8575551081241638,0.9814733831483626,0.9914688811863008,500,fit
seoul_flood_2020_00158,1,2020,2019,0ebe6e4adbc9b4123af967a249ff6160cb782d1ce30ef79fdfebfa0de565d9e2,site_fold_3,4.1229778448201236e-13,4.492932990602569e-15,2.2497568109177643e-17,500,fit
seoul_flood_2020_00037,1,2020,2019,68064bd8597c3a2f5dcea7760664869c422926f714498f30c771c4ac7d10c12c,site_fold_3,0.7330703527065681,0.6965245125079832,0.6406745936370274,500,fit
seoul_flood_2020_00027,1,2020,2019,159756d275658a6eea185326c1c8b8bdf783cb6ed665eec07e2c6cfd1f90fd46,site_fold_2,0.9953333105370695,0.9999867635007555,0.9998302346696237,500,fit
seoul_flood_2020_00159,1,2020,2019,19c1885565e56c290d21634561050e4e1cc121630fe7468379a765458fc7dd94,site_fold_4,0.00042084385537193854,0.0052000691311007465,0.00046320529483896494,500,fit
seoul_flood_2020_00052,1,2020,2019,8f04d29a85b032d3db48171fa74a0e015c47781d33e5eb50b4beb7c8e972e2d5,site_fold_3,0.9944674794018747,0.9961677264668083,0.994476661056317,500,fit
seoul_flood_2020_00028,1,2020,2019,e311ebab0d1322dd22364ea30cd114fc805926a72b5d28893510e9a4da436f4d,site_fold_3,0.9933952242032889,0.9983497070476305,0.9943860584951549,500,fit
seoul_flood_2020_00160,1,2020,2019,456d2ad59c7004e996a1bb2640f7a4c7791206f398afcf1712627e80ebbe03d5,site_fold_4,7.105628028809985e-06,2.3878131150960686e-08,4.019373432472587e-10,500,fit
seoul_flood_2020_00053,1,2020,2019,e92a42c30861ff8dd3c05bd15d469cecd2a4a795eabff79eb9735e228dfa1377,site_fold_0,0.9633986350045469,0.996823209605112,0.9973047016599469,500,fit
seoul_flood_2020_00029,1,2020,2019,e54e33160a2670c6606515444b193b0c29f0b4c0ce102243371879c9fa07af70,site_fold_0,0.8605090872824976,0.9724941234272928,0.9919024512789899,500,fit
seoul_flood_2020_00054,1,2020,2019,903fe509e1173017f2664fdb60235e5c0fecf5698740e6cbaf813caacf9bafe2,site_fold_1,0.887247490958599,0.96480948069105,0.9660074532966632,500,fit
seoul_flood_2020_00030,1,2020,2019,4892c95f9d4be5fe6e9e807cecd47c952f44a5088c5322e9a089f89958183f58,site_fold_4,0.2741388529005162,0.5926884481812138,0.30997045734526524,500,fit
seoul_flood_2020_00055,1,2020,2019,4da29f2b0d9cdcc836f9470f506600c4a9c7d272b3e99196aaf402c8da14efe6,site_fold_1,0.8392200505331527,0.8196266543162998,0.9352950322871245,500,fit
seoul_flood_2020_00049,1,2020,2019,11883d7fa62f924dcca67e6b71805e13ffe7284cfa99d3aab7e71251afc42871,site_fold_4,0.749166576129027,0.9900957582325058,0.9972626368142588,500,fit
seoul_flood_2020_00056,1,2020,2019,fe81cdb1e697e8d9d4e8a80b1d37984835eaf1d7832d50438399759015467427,site_fold_1,0.7569729864578925,0.7741410735091884,0.5349149033241495,500,fit
seoul_flood_2020_00050,1,2020,2019,c16f2de5175ab6c9c3347be190453bea3fbc24fe1f20f10b5b6eed4088860d86,site_fold_1,0.36632518596068414,0.3752502391195958,0.36127556429779384,500,fit
seoul_flood_2020_00057,1,2020,2019,85a1a4d286c1a53ca36fa8ceeca235ad1b2f583d127de7ab084cc0882321ff74,site_fold_3,0.36293196116119064,0.33382618008030523,0.36685375560044803,500,fit
seoul_flood_2020_00051,1,2020,2019,01b405d8db875779338248b392bebddac1a9f6fb16604928d371454ee69e0204,site_fold_1,0.3682325918384306,0.5376986409171088,0.4957205499071443,500,fit
seoul_flood_2020_00058,1,2020,2019,6d3dd7eae848fa7d6717b0f8ee7631b0158b96c9cd6f237d2c2e4c179d9af571,site_fold_3,0.5491188018837886,0.46365713019862986,0.42790679644541807,500,fit
seoul_flood_2020_00059,1,2020,2019,e5b2c0eae5350cbd21ab8dc75a8db32c3f296c350d962b4a4bf95ca07aa71bb7,site_fold_1,0.39933510503646025,0.3276179648412552,0.31545456065018274,500,fit
seoul_flood_2020_00060,1,2020,2019,dc52b7037a37162ca7aeba0c259fcd2d421b8bf018e5cc39e00ec8d22374ef17,site_fold_4,0.9794781242052355,0.9979203624264491,0.9982812018770744,500,fit
seoul_flood_2020_00061,1,2020,2019,63766b2550ac2953f858ddfec3231520fd87d6dfca7d9e0ac9c396ec7684e38b,site_fold_0,0.9330499909966302,0.9966602507267812,0.9951438453976935,500,fit
seoul_flood_2020_00062,1,2020,2019,8266c76f416d89566523a98da79764c403297610b0a135f5a5ebe1be9695c216,site_fold_1,0.7632079500944009,0.9865374789526418,0.9794203933581463,500,fit
seoul_flood_2020_00063,1,2020,2019,df5c84717faba2883b1eaff076e8fb3415343781d918d34433bbca08fcd8e080,site_fold_3,0.7962813625227996,0.9925531323563632,0.9291048122540174,500,fit
seoul_flood_2020_00064,1,2020,2019,e99e51efa4aad35446fd6eeed904db223ad457aabb180255994303345c8ed2a4,site_fold_1,0.9229878722276,0.9898485320726312,0.9983707167768809,500,fit
seoul_flood_2020_00065,1,2020,2019,03f72303926d55a23a3475a8ba15ff8d5fbd5acd435609a29c889cc220ab2047,site_fold_2,0.4922314321432501,0.8768717665368551,0.9890398622105164,500,fit
seoul_flood_2020_00066,1,2020,2019,8346ac8e8c0e93102650b8a71656bdbaac4d11ea774826e6cd08a89d08ea03c1,site_fold_0,0.898221061865463,0.9817455825399203,0.9893751196794821,500,fit
seoul_flood_2020_00067,1,2020,2019,058fbbcdcf0d4578013e341b772cf94f2a02c13400f39a0c2c101529bad541b0,site_fold_4,0.9362917528140047,0.9949427158642985,0.9982451240613984,500,fit
seoul_flood_2020_00068,1,2020,2019,d42b20bbd4e6bc379486f37ee4112e847759b2099f5dedb9a751a364e5621901,site_fold_0,0.9310283305321583,0.5712890561622125,0.9091501220680114,500,fit
seoul_flood_2020_00069,1,2020,2019,ca563eafd2455af056608fba6c9ac053308d757ff5046eab790cb80c2a839fc5,site_fold_1,0.9388223871842839,0.871288603290985,0.9822832820609204,500,fit
seoul_flood_2020_00070,1,2020,2019,aa4fc57098b6444a72f7e54fad0bd94f7d13e0ed964d0da4f74baa4a28879a81,site_fold_4,0.9756984903201883,0.9969092175338163,0.9986417904036474,500,fit
seoul_flood_2020_00071,1,2020,2019,eb16dd72df019be8aaed131448ff14d6fa2e90652a14ac21d8168900287d1771,site_fold_4,0.9910250281633299,0.9980024005274247,0.9980029068045974,500,fit
seoul_flood_2020_00072,1,2020,2019,ddd0ee00f74b24696844c4bf71e040308c72a4828d9cf64169a64e13cdfe5cf1,site_fold_4,0.8575461199536617,0.9925149356260261,0.996885991581619,500,fit
seoul_flood_2020_00073,1,2020,2019,df6af837ab1e8ab5974dbc7660158495b8788ed4c013bde7047e1bd168e85eb4,site_fold_3,0.281318812939459,0.34805846924553685,0.3938478696442441,500,fit
seoul_flood_2020_00074,1,2020,2019,2cf7023a2041036172a96ac21f090d9cd58b1730cc9f9e95a6c212caec306f78,site_fold_2,0.48927395993503303,0.8481845029418358,0.9278454828648314,500,fit
seoul_flood_2020_00075,1,2020,2019,e798af31805b93f2a373a142b3747c8dd0ae6e681f2c5a7759cddd703fd2d4b9,site_fold_3,0.2643839585514222,0.5314723098923089,0.7031492103136625,500,fit
seoul_flood_2020_00076,1,2020,2019,847fee03f196da88ca147fdf7626ad98f52286f7ea498dd829ca73fc6754a405,site_fold_4,0.4230653717366874,0.848696870360988,0.977096226042675,500,fit
seoul_flood_2020_00077,1,2020,2019,ec99fd509b9e2467c4e1ceff5f845246f9e79dccf916d6cc7264606f24baa3eb,site_fold_2,0.48686496290781506,0.700826045117574,0.6230906992343496,500,fit
seoul_flood_2020_00078,1,2020,2019,2a970bd1e5da9c66f6c1d11324148b0c4aa0e7d91fd8c59caeed1de1c30ab379,site_fold_3,0.9166289955736404,0.9399001820566653,0.9429760499822971,500,fit
seoul_flood_2020_00079,1,2020,2019,5aa2d66777c3e62df2fdb8eba1789b466006935c4c7891a25a62d120eb0a99c4,site_fold_2,0.5390413097610435,0.40436403328428666,0.8398013700995043,500,fit
seoul_flood_2020_00080,1,2020,2019,ea0d9b27de5b3a497afb216d359db965021e8cc09be25f62cdbc2de869da116a,site_fold_0,0.6890995626639049,0.9610020745418628,0.9907768984551316,500,fit
seoul_flood_2020_00081,1,2020,2019,f013ca10ef383f71858c29d3fb13140635d86a1ce3ec15fd5b0453fdb37c02f3,site_fold_4,0.3537954643002744,0.6851904124500875,0.8492600217965286,500,fit
seoul_flood_2020_00082,1,2020,2019,b89594e6b2febff01ff6a0c0643adc8e4dc82e340c686e371c14308620dd0fea,site_fold_2,0.3864234719616057,0.49805226882160786,0.6950004027847301,500,fit
seoul_flood_2020_00083,1,2020,2019,713f69f5010d35e7e66d51cf3ba9fe812d012df85bfad7f672554d4ac92faaf3,site_fold_4,0.9696630910237067,0.9999931252661188,0.9998164151761865,500,fit
seoul_flood_2020_00084,1,2020,2019,a6975803fcd9ed59082319f235a19be9cc856dc8e8022bbd04605b4189502d25,site_fold_3,0.859278245761358,0.9388380635805792,0.857275707709855,500,fit
seoul_flood_2020_00085,1,2020,2019,c20bab6ce4577490838ddb71db53f4891556cc2f04806b8d6cb43622ce57bbfd,site_fold_1,0.991964966688173,0.999920281137287,0.9993765441451153,500,fit
seoul_flood_2020_00086,1,2020,2019,4e19ce88d34fe87d0a2a5e11416f6eb85c46b0fcf2e107a638f171186779bbd6,site_fold_2,0.9373811622950509,0.9752513278359527,0.9351958637105701,500,fit
seoul_flood_2020_00087,1,2020,2019,3ea925bf459597c5b9524d19ac3179165e43e6bc3969bfcf1a837070522a3fbf,site_fold_2,0.2801046492500533,0.9339137407463773,0.93999368482868,500,fit
seoul_flood_2020_00088,1,2020,2019,0513a2f379edeebf9f8641c008b9c7e1dfa57ea729522adafb9c73da30072a3e,site_fold_4,0.6330219454404145,0.9389489510675229,0.9487752199216121,500,fit
seoul_flood_2020_00089,1,2020,2019,884e85d417bfc975175cd72cbd65f4c35646555ee12ee3400d790f91665881ec,site_fold_3,0.8993463421704246,0.9375226563683908,0.9943244425020074,500,fit
seoul_flood_2020_00090,1,2020,2019,02b5a35da5c0d1c7b55d751771925c966c8fa2149315a4ea571297a2e00589d4,site_fold_0,0.6088709012959879,0.9623918607017568,0.9902996292951484,500,fit
seoul_flood_2020_00091,1,2020,2019,2f940a2629c365a7b9e2443e66b0475548e1e3c806287a3668631816edb4c76a,site_fold_0,0.9943331263340796,0.9999415232105368,0.9998353130069426,500,fit
seoul_flood_2020_00092,1,2020,2019,ee1c8e078be4900323ab65b222f58829af044f35e5a1a009b24b1e855719d373,site_fold_3,0.6848135825937065,0.9199372119288755,0.8047910282570888,500,fit
seoul_flood_2020_00093,1,2020,2019,632b8e96246333277e4d39daadf7dababa6b4157490016c2140a055401220e2e,site_fold_3,0.1285631630977677,0.6231275070445415,0.3026472020956182,500,fit
seoul_flood_2020_00094,1,2020,2019,27b3be534d925c2e739b1225e7178079f898526288912aa01fe40a8ea9d9f566,site_fold_3,0.3694958202852343,0.7563718260986384,0.49358433061011264,500,fit
seoul_flood_2020_00095,1,2020,2019,0d59208c254d5ba3ef1452a38666a492dd0a7bc57c585d5d69901544caa14cbf,site_fold_0,0.9890382138695176,0.9995975797448855,0.9995467523092535,500,fit
seoul_flood_2020_00096,1,2020,2019,2f638be1e5a53380c3c0717fb1c4cd1b049457fa6ebfab2e672087a582e741ad,site_fold_4,0.9926265866126465,0.9988447261808253,0.9997424620389483,500,fit
seoul_flood_2020_00097,1,2020,2019,0659d1fe4562f7d74b5948a58a76afab170728df7447d0ef6dcf6d4c783bb660,site_fold_3,0.11931475498729484,0.1214908628647078,0.13201811239237835,500,fit
seoul_flood_2020_00098,1,2020,2019,ca3b181429a7329124cce9f9f2b96cb34be7cf2b024ec1f7414d8ce713bb9465,site_fold_2,0.9990775807259057,0.9999950855822337,0.999913365669413,500,fit
seoul_flood_2023_00010,1,2023,2022,cdac98a48f34f783458e25bb71bec50a9941f951adda2ef1ed119a8d4a0828ec,site_fold_4,0.2738484553476666,0.9989334564883452,0.9797720279797896,500,fit
seoul_flood_2023_00002,1,2023,2022,56194f3b0d4ef83211b9500e873a993b7c4872605ad975779d5bd2204e40cc9c,site_fold_4,0.7418067913612295,0.9740993680671466,0.9448033728052948,500,fit
seoul_flood_2023_00043,1,2023,2022,248fd4f18691def34c6601546f753c06d11ae98cf78256a042219048350a4848,site_fold_0,0.8696584812829762,0.8734514108635903,0.9574916238953657,500,fit
seoul_flood_2023_00044,1,2023,2022,2936fe9484566290154a4a78f1271b029cc6c88fdef60a4f432e5bf00e8a5520,site_fold_2,0.7147947708521931,0.9878172306630834,0.7476464970369148,500,fit
seoul_flood_2023_00248,1,2023,2022,b2b9daa097bd03ac3b1154ab1efb93273c2ad4ec5b9113697c086a095b80910d,site_fold_1,0.9297411382153054,0.9987579222504495,0.9906859182969923,500,fit
seoul_flood_2023_00004,1,2023,2022,d3a0fe4a01296db4593fc36df0fde0ff144cc7a56203125c74004378d0a06b99,site_fold_1,0.5473305163893581,0.7179134651168984,0.8485767250195237,500,fit
seoul_flood_2023_00070,1,2023,2022,e02228460eb8c581c0556701b02567d9bef77a390613b7e41616f20628f49750,site_fold_3,0.29019827139189996,0.98244440348114,0.991896424701374,500,fit
seoul_flood_2023_00047,1,2023,2022,b4a159bd3df0eaa57b55ef4da2c655abebf1329fc1a2c1f4e393a61eb888fd51,site_fold_0,0.824166411576431,0.6674718431137288,0.8164948749978319,500,fit
seoul_flood_2023_00009,1,2023,2022,70157f5482cb159b3b68e48336c450e93766506e243cdf9eb03590b5bc45596f,site_fold_3,0.5436646633348721,0.9982465364463047,0.9976818235866285,500,fit
seoul_flood_2023_00071,1,2023,2022,017ade65ff0240adecf03eb0741307ea502590ae6c0ef638e6e9f384025b1f8c,site_fold_4,0.9154794514088136,0.9993525020219619,0.9988236128339988,500,fit
seoul_flood_2023_00059,1,2023,2022,51c0f0b21f81c1e61262409620f2b3be9b562fa300bbdcdd2dd94f5aacccfb02,site_fold_2,0.23155255329702906,0.28596573451113105,0.1213330730359854,500,fit
seoul_flood_2023_00012,1,2023,2022,667e30e9a3f7fb988cd90180a9d904755fa591265581c0609b8d81e4deb93970,site_fold_4,0.6486300452655974,0.9972828808900136,0.9922395986799522,500,fit
seoul_flood_2023_00225,1,2023,2022,4ea0938144a26214fc7cd3a870d4a3879c6bc8a8b7a1be7254dce6517520b228,site_fold_1,0.8838095496566959,0.09074596001447156,0.6933955263518057,500,fit
seoul_flood_2023_00067,1,2023,2022,2b039c27036068493acf6918e3daa9e63f32629a1a6faca59390d100614c1013,site_fold_0,0.42448404878201784,0.8094767327507701,0.837351452245122,500,fit
seoul_flood_2023_00013,1,2023,2022,80a618b88b8e6324b97cbe64c342ff6711e3161d146da345ab6070b95880e439,site_fold_3,0.6180207911601198,0.8099642790056263,0.680636393961464,500,fit
seoul_flood_2023_00227,1,2023,2022,f5de86b449cb8e2ee3e8157a80068b892f7e3c9b0db6a16fe8637184ef8663d6,site_fold_2,0.7810869327161074,0.9981488723873219,0.9825222326113271,500,fit
seoul_flood_2023_00068,1,2023,2022,fd65d6658f5c8b220975c11acba4fd65d878d6713aff553ae1f91f6159a3afc7,site_fold_1,0.4545464177181896,0.9354147156575067,0.911567066701669,500,fit
seoul_flood_2023_00015,1,2023,2022,18b4b2fdda6fc69634d44ecb3f1034bd1fc1bd99100a1cfcf3b83fafa76d9cf8,site_fold_2,0.37021362140513925,0.9715955385799016,0.936396557190114,500,fit
seoul_flood_2023_00228,1,2023,2022,48006a51e30c32762694ec18747d1425bb4b974c56c4c0c98d57886cadd0c783,site_fold_4,0.8301118559539896,0.9917333988790665,0.9214651814183893,500,fit
seoul_flood_2023_00072,1,2023,2022,2afb0fa8a1f0cc6a7ed67c17008f75bd42461bd0ba6df7c3c3d887904196895d,site_fold_1,0.4713903020977431,0.4788742912300969,0.2649640449877987,500,fit
seoul_flood_2023_00016,1,2023,2022,9449d82b55823a2b21e722445146dd58f28c2892847ebd7d9d3528a705c333d7,site_fold_3,0.799512651393072,0.06750740980843566,0.017377237081867468,500,fit
seoul_flood_2023_00243,1,2023,2022,1ef45c1f3265d27b162d2e8ed4381ef427bdf586c45963e44e4392b26ba86b72,site_fold_4,0.9061360344106919,0.8971404188182379,0.9051428925351909,500,fit
seoul_flood_2023_00074,1,2023,2022,b9bc2f927ed11bd524706f6d4967f92b59403bf3a4c2f3c470a8c815fd79e460,site_fold_4,0.7098978513662556,0.9557520706206559,0.9734836463303698,500,fit
seoul_flood_2023_00017,1,2023,2022,c14d98d5e804cded4ef08ae8cdf0707ca6178666fe17dbc79d181d4cc9dee14b,site_fold_4,0.9658466646196278,0.9993970735441614,0.9991161071497342,500,fit
seoul_flood_2023_00250,1,2023,2022,2c7709566a2e9c494198b62a00ef526dfe6053df3b61476d6f3474d3a092eeb5,site_fold_1,0.8113613705958362,0.778164015843873,0.9559096155892903,500,fit
seoul_flood_2023_00075,1,2023,2022,ac6920819be8e420a3aac9974fb430eca317f55a0609b05ff32e884b1c75beaf,site_fold_3,0.8865061379877225,0.9929851960743811,0.9963421600630752,500,fit
seoul_flood_2023_00018,1,2023,2022,611ef7d2bb8f2df5e6108e65595a9a37b583dbd4323706a0ec255f8e960d2ddb,site_fold_2,0.6572329604877899,0.9187182518359661,0.8729544820516789,500,fit
seoul_flood_2023_00277,1,2023,2022,2e908b9152c52096e61faa554d5ff494fdeeb050209f5fc14355fe66b5e5d4d4,site_fold_2,0.692791981535376,0.9882032630336509,0.9584467028839909,500,fit
seoul_flood_2023_00076,1,2023,2022,0059d2a4c367d474476bdb36e5406db4c952a2a967b25e3c6166b8b6fc181976,site_fold_0,0.6058078922970425,0.22194892592827722,0.7777518873293889,500,fit
seoul_flood_2023_00021,1,2023,2022,e6acf5cf32b2d0c5cb627acd0c05f96bfb50942c86e13eeac0f97655bb35bf64,site_fold_1,0.6326700449891994,0.7535182303900808,0.7654784414637077,500,fit
seoul_flood_2023_00077,1,2023,2022,ac006ae8566252eae229f3cdf08285ec62948465438fa1fd37525350f732bb46,site_fold_3,0.8574352522370582,0.8285431300645303,0.9896218108728857,500,fit
seoul_flood_2023_00022,1,2023,2022,2ccee39efbee54552c27ec5f3380e8b6db91ab9da3255a83fc493c1d1767d3f3,site_fold_1,0.7785630284425579,0.9997245659690059,0.997068941972942,500,fit
seoul_flood_2023_00078,1,2023,2022,54043b91c4a304d4c675985edfa95ef876b138ff57a6389bfd28818074d39fc1,site_fold_3,0.7376315124330004,0.8751378757104412,0.9181582604671344,500,fit
seoul_flood_2023_00028,1,2023,2022,ab9d5a9c105349411f7c92c7845f7e8ec24f10552a9a484d7dd02c0c9d6df2e1,site_fold_3,0.4703993173799154,0.6557937049399966,0.7576541482937142,500,fit
seoul_flood_2023_00079,1,2023,2022,a825d29c20ca2db6c0b5bf5ccb6ee269beedc5bda085fce5a584b3d600c91af2,site_fold_4,0.6274284895085246,0.9649314448228293,0.9823309436415668,500,fit
seoul_flood_2023_00030,1,2023,2022,109d39d58c882b2875c711bbb1fbdc53ae3234b9f7c2e321096d7429e46331b6,site_fold_0,0.9622135616358398,0.9789987527616666,0.9975930525396509,500,fit
seoul_flood_2023_00080,1,2023,2022,516a51b5f7484840c5b87649d04bf5f7fe7b3f5a641c45cc08cdca8b66f74a9a,site_fold_0,0.5423978123073909,0.6784719855489936,0.7512255053698355,500,fit
seoul_flood_2023_00032,1,2023,2022,0b4d4f8312fd79b55496cf1cff09a958a968eae46e135c54724bebedf54d8400,site_fold_1,0.2909865568105405,0.017056074255959088,0.07689901466737623,500,fit
seoul_flood_2023_00081,1,2023,2022,80dacb840448896f846147086fb6904aace095c7ed082be2f6978ab4a65d9d17,site_fold_3,0.8638818260064284,0.9450595898326465,0.9180696175244071,500,fit
seoul_flood_2023_00036,1,2023,2022,824b284c7bf45801707ed1a0e35648f2949764c72352ac38100d99cb94e7ed05,site_fold_2,0.767293395147318,0.9649542075849379,0.9660128718968902,500,fit
seoul_flood_2023_00082,1,2023,2022,b45c216bee7e0d6ee0455f8bf2899fb0637e6409ddda7e861dc355e9dcf32559,site_fold_2,0.6725447390782229,0.960825983381441,0.733151320237519,500,fit
seoul_flood_2023_00045,1,2023,2022,047a0479a6796b37ba99d6e6577b3ffb20aab618b478d303de927d6a6faca3a4,site_fold_2,0.5863234980818545,0.9701168597435663,0.9989405951122875,500,fit
seoul_flood_2023_00083,1,2023,2022,8cc3386043fed7e4a08a2bc9dc0aa45a181ba89b153abc9f991119c15c99e48f,site_fold_0,0.5448853396119192,0.9744290382564516,0.9787687647506579,500,fit
seoul_flood_2023_00046,1,2023,2022,c1467d5c72e32f7e65ab4237818f35148a9e8e89d62f6c485f6e3282213122d6,site_fold_4,0.9520444102232719,0.9998799525698564,0.9999427274826,500,fit
seoul_flood_2023_00084,1,2023,2022,227a0397ded397793104e4c0dd13029ed0f9025afe13bbec3f057cea4e5a725e,site_fold_4,0.6854341906682659,0.995196586527976,0.9969328234733268,500,fit
seoul_flood_2023_00222,1,2023,2022,c65581d8bf8cf915e9fe2ca51b089e97441ac2f57272bc2cdb231ee83f757ae0,site_fold_3,0.8791012367887668,0.9488718210378395,0.9978362540022387,500,fit
seoul_flood_2023_00085,1,2023,2022,5c52fa5b830c2d85cb3619fa6dd7b6c3c4fa0ae339105571c5aacfadc1f57dca,site_fold_3,0.8791050151930314,0.998456022967957,0.9988219760064732,500,fit
seoul_flood_2023_00223,1,2023,2022,a3396b1b87eceeedee47469b37f3882ca3efbef67a922173e8c25c4bc7457491,site_fold_0,0.7622804630046718,0.2962823317553448,0.6936473187272383,500,fit
seoul_flood_2023_00086,1,2023,2022,a23e42946ff072eac7708b41013273d24b29f25c3b2a68f2fd71cd5555db568f,site_fold_0,0.5178433253491156,0.7805326532217172,0.9763724702696399,500,fit
seoul_flood_2023_00224,1,2023,2022,6b1bebc088f54a96e550aaa77b7c7dc8a68bdb509ee5100ddb911beae78c5051,site_fold_0,0.8166478884970831,0.9709919509033063,0.974869457335945,500,fit
seoul_flood_2023_00087,1,2023,2022,c806eda7ed36cd9e6ecf80572678e5580be30156dc628686a27b057e82be7f05,site_fold_0,0.4819265652384352,0.9619459137707781,0.967554773499166,500,fit
seoul_flood_2023_00226,1,2023,2022,5b4e991e2eaf736f1ecc63796633bf37e2674c5669ccae29f43454531101f031,site_fold_3,0.618036865260653,0.5566244981592523,0.8650795569219536,500,fit
seoul_flood_2023_00088,1,2023,2022,5d84a21238eb09a213a6a5e8c5a2d41c6f70decc00617b93e8dda58c2d7a235f,site_fold_2,0.6699561165330653,0.7886490967541021,0.9004281206542754,500,fit
seoul_flood_2023_00229,1,2023,2022,972f0a0ebf5383f911b746160b79c88b8b0c7aa70e1b9861ff6abfa2392f939d,site_fold_3,0.6489294195681811,0.9785298818682066,0.9226889141746217,500,fit
seoul_flood_2023_00089,1,2023,2022,8e255f9a86ec3588ecf56d040b65bc4fbebed179e07431fc842ce550145b9863,site_fold_1,0.6462162872307751,0.8056377962937173,0.9670816568087007,500,fit
seoul_flood_2023_00230,1,2023,2022,351930c74ba2930ac78f71a4e59d24ec3a9c408c09f4bddcf7fa3699bf8a21fe,site_fold_4,0.7448995623289273,0.9987358730595227,0.9925581985365447,500,fit
seoul_flood_2023_00090,1,2023,2022,fd6f0f91e6250a60b21fd97b70f686db535df935a8841de34f4bfbb09aa0efb0,site_fold_4,0.6410218724769339,0.9970085084030058,0.996699617313839,500,fit
seoul_flood_2023_00231,1,2023,2022,c78427527ae5ed46cec266bf7f5102da2f65c62f603b3c800e26eace25a5c839,site_fold_0,0.33842202998720705,0.5435162656780247,0.27354303093524546,500,fit
seoul_flood_2023_00091,1,2023,2022,ccb2187c465a4a42452f6d96c6ecd61471e4bd6347f569f84a47b5683742fac9,site_fold_1,0.566613433969923,0.9588769407188601,0.9814930249034735,500,fit
seoul_flood_2023_00232,1,2023,2022,5336135f67660856ece6ad6d54f733a34080d27dfbe335858b52eb42facdced4,site_fold_2,0.5567922654775478,0.7598294250002228,0.23290077342946713,500,fit
seoul_flood_2023_00092,1,2023,2022,8eac4c0475636dabe754422f418c76eb191e9b3e663e31e296fb69f7a6fb8cc8,site_fold_3,0.7812487900184936,0.9287055834918193,0.9645686933577341,500,fit
seoul_flood_2023_00233,1,2023,2022,e55963a41e664f031359274c8576c1cb5d6c9c2998192b355445bbfe50c138ba,site_fold_4,0.5590672565000896,0.9404309382481536,0.8506632661669971,500,fit
seoul_flood_2023_00093,1,2023,2022,dc728f9adfc11d8c5c2ec698fb1df3af31c3b43457a9a69377f3e7a04f506468,site_fold_2,0.7405189620854163,0.9963511775981387,0.9878535488040024,500,fit
seoul_flood_2023_00234,1,2023,2022,d44f553eb4a78c3e8e73f10a2584e2b08c855f4d7d091ed0bda77b9ebca91d2e,site_fold_4,0.5133287310032699,0.9996647262639903,0.99621420616472,500,fit
seoul_flood_2023_00094,1,2023,2022,8c06fb30ac6a96f25e4c0adbd324b5185f5468e1f2512e1480789b99a603de36,site_fold_1,0.5567485516274837,0.9963759410854851,0.9992292868589812,500,fit
seoul_flood_2023_00235,1,2023,2022,e635dda0a74d3988c04c4e76a855e983d6033e5538e0b291c2a7d019a42df52f,site_fold_4,0.7187677401877012,0.933615931124531,0.9813560315433784,500,fit
seoul_flood_2023_00095,1,2023,2022,bcd669daed0897a45b8903b79c40b7cc6b1c557b0e8708071442ee549f83e05b,site_fold_3,0.8708966187378994,0.9849055984027875,0.9969712318217531,500,fit
seoul_flood_2023_00236,1,2023,2022,3806182b64eb41706f3328e741dcc36e0a6617e9349746b3fda442906e5bc7e3,site_fold_4,0.6413905680637407,0.8925590566013374,0.9838305355751824,500,fit
seoul_flood_2023_00096,1,2023,2022,3c90eac0010785df62fd85c83633074dccd90c84ba9e27d4f2c28c78b4f0d5d6,site_fold_1,0.5490428946599373,0.9879080826534672,0.9964389661334858,500,fit
seoul_flood_2023_00237,1,2023,2022,1b36675e1d11fd325a672ec04ac67bd989594417a5729df4f870059fa87b9d1a,site_fold_0,0.23855074212516514,0.8924400635889898,0.9748216924988955,500,fit
seoul_flood_2023_00097,1,2023,2022,72f61518a84c9a55b3352cbb5023921cad60474d413e7b72f69c74dcf2d72799,site_fold_1,0.6882764001469547,0.9290978779092107,0.9227008360133023,500,fit
seoul_flood_2023_00238,1,2023,2022,6bb5e3a1d3d33c5db48aeb2feb9ba125ac0daeeca2d842b2e02d5875228b2034,site_fold_1,0.2114267994287182,0.5631415285932861,0.8599256396849081,500,fit
seoul_flood_2023_00098,1,2023,2022,69999efddf274f8271d36927d9ec9541d3c52ecbcda9f4fd5d4e4576776c0f81,site_fold_2,0.6661429603036093,0.7072695863532077,0.8384330941978361,500,fit
seoul_flood_2023_00239,1,2023,2022,2d536fc8f243ee74cda2625ce6b41f0808c1a746c242a68cc049153db304cec3,site_fold_2,0.5184991670493444,0.5697004088135263,0.5380920108632838,500,fit
seoul_flood_2023_00099,1,2023,2022,f20722d01f05a742b8dec71af1e8e07cd63b8a6c64dabe657c23086f84b1cc72,site_fold_1,0.5313948735114001,0.7443609995904645,0.938159862742731,500,fit
seoul_flood_2023_00240,1,2023,2022,3ad5a64b1adf89e718a6b754a2a9d66bb8b911be81bf90bc31007aa5e3b55b65,site_fold_4,0.9581404116220311,0.9992121295295613,0.9998914610753227,500,fit
seoul_flood_2023_00100,1,2023,2022,45e322c42efd83690f4dfb0ff1d1bbb111f8a340eead50dd2d0b80db07f8e193,site_fold_4,0.6193832806021632,0.7251849128730136,0.971388280111306,500,fit
seoul_flood_2023_00241,1,2023,2022,fd9b2055defb5a8b5d9a6ad4ec71b2866a897478c50ac25e466cf2ebb31972b3,site_fold_3,0.54337717020731,0.46683021504728944,0.5061972284018381,500,fit
seoul_flood_2023_00101,1,2023,2022,cde4ea100a86579780194fd2a9211067fff3ec841acaf671446c7e1a10100140,site_fold_4,0.655997025440668,0.5779139783907618,0.9876953462858264,500,fit
seoul_flood_2023_00244,1,2023,2022,45eade17eef3d54e8ae3d65c6c2fe09751b2504861f44169da0daab75d8028e3,site_fold_0,0.21664885489103078,0.024249593910359805,0.22618173213982257,500,fit
seoul_flood_2024_00041,1,2024,2023,437d4e1375e418c1898eaf0ae2743a3a3897e3504fcb93ac4cb1d44ca1794e2d,site_fold_4,0.626742165265461,0.9652708515022734,0.9643084977273474,500,fit
seoul_flood_2024_00007,1,2024,2023,bb4ef8ec9e43272a080f1429baad8954fb44bfba666cbe0407e5a401a7cbe57c,site_fold_4,0.7715924388400398,0.9134931205294388,0.95858470750791,500,fit
seoul_flood_2024_00061,1,2024,2023,fcc88c7839e8fbf3b46125b0962e2d83e51fa121fb2ad474578c0205a69158a3,site_fold_4,0.8262522371967111,0.8549957780183277,0.9675770345329371,500,fit
seoul_flood_2024_00043,1,2024,2023,123bf2caaf4935a556e8202150c1fa202134ea1b2f1300bbcd7d8c0eaeec8db2,site_fold_2,0.8076048480972287,0.995321472401054,0.9988906943821312,500,fit
seoul_flood_2024_00008,1,2024,2023,f81340838ca8d98e7a73bb0e3af78d74d80c528b295742e4fb99440aaed665fe,site_fold_3,0.8027091799333522,0.06898867632201637,0.17376686102495054,500,fit
seoul_flood_2024_00062,1,2024,2023,2936fe9484566290154a4a78f1271b029cc6c88fdef60a4f432e5bf00e8a5520,site_fold_2,0.5602656622384253,0.674381378557109,0.9011626162032009,500,fit
seoul_flood_2024_00044,1,2024,2023,a740d451ba6b1561554cb9fcec4fafe896119054b664fa3843f905be77b05322,site_fold_1,0.7696096415212724,0.8888851296906467,0.8342473028538324,500,fit
seoul_flood_2024_00009,1,2024,2023,e511340b55220ca5cd74855047a854ce0e58734aaa0e70dd27409a906657097c,site_fold_4,0.3531726608548619,0.7611048194463998,0.9294209038539362,500,fit
seoul_flood_2024_00046,1,2024,2023,29c21a43454c116be3b275e72bea1085c7e3a46b402c40cbecd77815d561a6c4,site_fold_2,0.715835630326211,0.12559517535830647,0.6348709040746092,500,fit
seoul_flood_2024_00010,1,2024,2023,00796b29fe88d57e702ccb4f39268f140294a0ccce5940d0e9de2cd48648f6e3,site_fold_2,0.4357065126479929,0.06009329326441179,0.0651749697935808,500,fit
seoul_flood_2024_00048,1,2024,2023,7202cf9a0478f75db97858316a56aae958a1fe3a3a300fdd8c9f15c8d98b8795,site_fold_4,0.9490730008452118,0.9992394930984193,0.9984621224071373,500,fit
seoul_flood_2024_00011,1,2024,2023,ffbf9e54cd41025956746859bd5ec126cd181dc76ec068864b593b2c72ce3cfa,site_fold_3,0.5822117809398454,0.1351283122818472,0.24787970284310426,500,fit
seoul_flood_2024_00055,1,2024,2023,b73912d269b006bf961cd5418321dbc3a3ddd9e0782ae7fc2e87b7201c11b4b3,site_fold_4,0.5032253699493676,0.1596290115342645,0.11958755993296846,500,fit
seoul_flood_2024_00012,1,2024,2023,80a618b88b8e6324b97cbe64c342ff6711e3161d146da345ab6070b95880e439,site_fold_3,0.5959737360357383,0.7452394770026886,0.8372690791540672,500,fit
seoul_flood_2024_00063,1,2024,2023,bd1b8d0105f1dc87aa3d99df0e4cec2c47adbd7400d6c185bd25421ba23dde1e,site_fold_0,0.6876519861788224,0.3332227515547096,0.9763067696418402,500,fit
seoul_flood_2024_00013,1,2024,2023,757a23417a3e32f5178c71d73aa0af81284864b4cea9764741e4edab5aa5daef,site_fold_0,0.6750017815226624,0.013141002392073655,0.005051862461865812,500,fit
seoul_flood_2024_00067,1,2024,2023,948d2d09df15eb7f7191ace14981ba5c0ab110c09fcefb90834aab93c7c078bd,site_fold_4,0.34302989994985855,0.020731358605083978,0.1410024173419227,500,fit
seoul_flood_2024_00014,1,2024,2023,9d2e0e628256e0e8794e82426aa235d02ec76a3dc6aad4e9ac3c5a814f9829d1,site_fold_0,0.4731447311000671,0.35743650989727405,0.10459601473220642,500,fit
seoul_flood_2024_00068,1,2024,2023,0cd3a852ecf4dc5dfeeccb70c7c7c9ef166021c2b5eab3853b7473d5589777a4,site_fold_2,0.5833566086012723,0.1549188044628087,0.27740311659230704,500,fit
seoul_flood_2024_00015,1,2024,2023,971f5541f6195b192b925d8efefffbeca88d01c4a9f0a60d74dde196ee0c86d1,site_fold_0,0.7510346301688459,0.8322235593748578,0.9602947479248272,500,fit
seoul_flood_2024_00069,1,2024,2023,7ab3d273ca7380c8698814a0811a1fe680f9d78ab49ee0d92911a4c107de8238,site_fold_3,0.35214273337852,0.15764973770280263,0.3016436892539907,500,fit
seoul_flood_2024_00016,1,2024,2023,e3e50f5e44035dce95e5b6d8138e134698d49eee758b5eec26535a51bde85df7,site_fold_0,0.5610487369565441,0.6125007527743633,0.13787314783929575,500,fit
seoul_flood_2024_00070,1,2024,2023,e803b0ddd0c957cf8b860f04d63d206bc58c4a7e216618b57c60191c479923d1,site_fold_0,0.6888637520910121,0.16250239699992713,0.47087656971119163,500,fit
seoul_flood_2024_00017,1,2024,2023,70760aecf195bae192f5baf7428743d230db64ee9aa273bad54777a29fa61d56,site_fold_0,0.8460228080270807,0.9908269285876298,0.9967069693397455,500,fit
seoul_flood_2024_00093,1,2024,2023,63766b2550ac2953f858ddfec3231520fd87d6dfca7d9e0ac9c396ec7684e38b,site_fold_0,0.852832557303555,0.986236427097698,0.9868008342810158,500,fit
seoul_flood_2024_00018,1,2024,2023,3693df7f5d8484c40a64e5edfe29168feaab0a3d8ad2d5ef780c0be6f0e46a79,site_fold_3,0.27977669693114804,0.9295562960398325,0.9292038182348952,500,fit
seoul_flood_2024_00094,1,2024,2023,604a183e9f44726cdef3c553ac7408e85ae4b02ccd41506423055ce6ebe1b7d3,site_fold_4,0.30901615544033106,0.9988002633337937,0.9766568537595508,500,fit
seoul_flood_2024_00019,1,2024,2023,5a25b979c2422917f17db7df5dd87a2297c474a9b3d62c792bff7d427ea669bf,site_fold_0,0.8719550786381388,0.9755548541735469,0.986221979888062,500,fit
seoul_flood_2024_00096,1,2024,2023,79e0a2a000dd61aa37a52001d61342cb8a1c5d1e016976766fc295b4c94b56cc,site_fold_4,0.21521567957501692,0.49742401408516823,0.356424365195772,500,fit
seoul_flood_2024_00020,1,2024,2023,13ddeac8fe6671414275b639d61a07e9c672c7476e5ccdf793402e7aaeb515d8,site_fold_1,0.9193908786815855,0.9726876925257751,0.9933757373563918,500,fit
seoul_flood_2024_00097,1,2024,2023,2f886984eaa4246f0d5b4af68316375d1b6bdd3583792bcce78bba0fee5cbef1,site_fold_0,0.580917563140025,0.6990505244880727,0.9893494212623224,500,fit
seoul_flood_2024_00021,1,2024,2023,e124f13166523cb7b6c4c8e441002a9277718c2ebd4cbf13029b4f79c18ecc01,site_fold_1,0.5830905630109373,0.8679773308328492,0.7950978466899743,500,fit
seoul_flood_2024_00098,1,2024,2023,02b5a35da5c0d1c7b55d751771925c966c8fa2149315a4ea571297a2e00589d4,site_fold_0,0.5554138517101116,0.823125808157209,0.8866853188130365,500,fit
seoul_flood_2024_00022,1,2024,2023,9273fd03db09618bb97fc47b4ab967ad480bfc45f45e026bbdb076e81845adc8,site_fold_3,0.6713505037814542,0.5520034243499987,0.5606044517772827,500,fit
seoul_flood_2024_00099,1,2024,2023,28444bca6837218bf4d704ba4f93934ae8e92a43af99913e4cec692d5abd5c9f,site_fold_0,0.12272221245962352,0.00044773132231600135,0.0004962435509315456,500,fit
seoul_flood_2024_00023,1,2024,2023,9632c60e0ed4c6223ae3b937ce22f1876fb6cdeb28c7f55bc33e2ce939b58e6d,site_fold_4,0.9121907788973069,0.9739033285989984,0.9937206831328811,500,fit
seoul_flood_2024_00100,1,2024,2023,847fee03f196da88ca147fdf7626ad98f52286f7ea498dd829ca73fc6754a405,site_fold_4,0.7775134457039049,0.9536392625062486,0.9919521467705771,500,fit
seoul_flood_2024_00025,1,2024,2023,c819cede6995ea40f0f68f04316d2019be37ac994dd418a0cbdec1c843dea159,site_fold_1,0.5423342590779127,0.6805126110784456,0.9169831927054013,500,fit
seoul_flood_2024_00101,1,2024,2023,b29f3a9d05c34c68522b01fe2640595e685f4c88f5d8e969f08db1a8e186643c,site_fold_1,0.7917934016892273,0.9927074974288289,0.9936844027630949,500,fit
seoul_flood_2024_00026,1,2024,2023,5601cfe0dafd37c847a7491e472fc4c99c05a8f729d671a071c556aa12d1cc69,site_fold_1,0.8625783967299979,0.9897305178303937,0.988474545487645,500,fit
seoul_flood_2024_00102,1,2024,2023,77738368915709589f9285d3dbfbdc93e438bffdbe2b754c7ab44d8cbb4dac84,site_fold_0,0.7507159748039726,0.26501842597898767,0.6304279144767895,500,fit
seoul_flood_2024_00027,1,2024,2023,420e8c48ebc7ccbf83d2395b4da0611b4c8dc5279fe949942775ff2ccb1f5fee,site_fold_2,0.3463340224751823,0.7568023178612027,0.9112554679769066,500,fit
seoul_flood_2024_00103,1,2024,2023,99026cbc6581e1dda7853aac956f2790cb89367aded1a3bc771ebbde0df131e3,site_fold_4,0.5873779361350947,0.9497497556180028,0.9428545565751099,500,fit
seoul_flood_2024_00028,1,2024,2023,4ba93dbfdb004cedc56f5c631fad8150f58d482ea512ef4108dc18ece34c55a6,site_fold_4,0.9907371016226639,0.9986543999950686,0.9977758738608087,500,fit
seoul_flood_2024_00104,1,2024,2023,8d7f23048bda7bb098f76ccf0fe517f0812889d3669924c1d3df7a7c3beb466e,site_fold_2,0.8974782532803358,0.9908208891210043,0.9922281516516991,500,fit
seoul_flood_2024_00029,1,2024,2023,3e44220d47bea9d8726118dbc011d3073c17208543dc34617d2426bd0b013376,site_fold_0,0.29253321116531666,0.9449187065277271,0.9794225037538767,500,fit
seoul_flood_2024_00105,1,2024,2023,b070070fb490cb378ac75ab72a1cdec8f99ca298a47ea83535ff462f4218a566,site_fold_4,0.9694498651841297,0.9897869108899903,0.9930018956074632,500,fit
seoul_flood_2024_00030,1,2024,2023,03119c1c5c1adcbae5fd24c55ada049a8f1452bfcfcd3e573fa9bebf91752bb0,site_fold_4,0.3270534400659197,0.8415406684061896,0.98205207985207,500,fit
seoul_flood_2024_00106,1,2024,2023,8a10ba040bee51a4dfb38952aa2bf48f827db9c60619fd3afaf104dd06491a34,site_fold_3,0.5874535611072503,0.8481163835122665,0.9582334947084615,500,fit
seoul_flood_2024_00031,1,2024,2023,13147c272b4c57eb35511cf391e997f00dc7d10b3a1f309bf6f9a86e80bd6d98,site_fold_3,0.7587551777969342,0.989353422609367,0.9978403063462049,500,fit
seoul_flood_2024_00107,1,2024,2023,168cd363d196b4cea35e3fbd5c31a32fe30f602e59fd2e486239d28906f9d02d,site_fold_0,0.3888153395832064,0.26650660211642996,0.4702582954006832,500,fit
seoul_flood_2024_00032,1,2024,2023,580ebce2e64ba8e209c7b1cebf7178a8945d8200b9c28e17ef913090e1016c84,site_fold_1,0.5859085040026992,0.8868298052957079,0.9718687851239655,500,fit
seoul_flood_2024_00108,1,2024,2023,642d2d7d6191dca8abc1ab275b94fdac98c447af754257111014110d2816b94b,site_fold_1,0.46013986777911264,0.9275213476037358,0.8618608757380102,500,fit
seoul_flood_2024_00033,1,2024,2023,825340dcf23951f2d8e47a605ed2e1b965b6967c54812a042734b3eda4bc5c96,site_fold_3,0.9671828935772894,0.7380114569372365,0.8700160883132059,500,fit
seoul_flood_2024_00109,1,2024,2023,1a5ac1cf0c6d290a58dd20ffa384cfc5a1c391aa45217ea6646abf4d6d3cd048,site_fold_2,0.7120695469903965,0.997508541006603,0.999611034106173,500,fit
seoul_flood_2024_00034,1,2024,2023,e5b6ce851537198eb60726302c43334dbe511f11228c46cc6fe4387bcb048678,site_fold_1,0.8614326413608037,0.6233439540634416,0.801640736689515,500,fit
seoul_flood_2024_00110,1,2024,2023,e06015435d8e64d0e545abf7950cc1a141c6e072d8a8bc68d033a5d44da502c7,site_fold_3,0.2597536775752805,0.7848247112834271,0.9813998315037291,500,fit
seoul_flood_2024_00038,1,2024,2023,38da3f8f9cf16edf6f767e063dbcce4cd45bf9964614ea38636c127bfd87bf07,site_fold_4,0.8673498172472046,0.6986629048304124,0.9449217985221203,500,fit
seoul_flood_2024_00111,1,2024,2023,39bb7133a5a101fdedcd7174962b3f0100428b3745479f0cd22475a6ec2e451e,site_fold_3,0.9052326882334429,0.9964045140285929,0.9995783990739008,500,fit
seoul_flood_2024_00039,1,2024,2023,83e08aa3e97db1d52d86474b863a153e2cc9377b044e7cac80a279df233b1119,site_fold_3,0.78282075974286,0.19073908877975287,0.44038539342063926,500,fit
seoul_flood_2024_00112,1,2024,2023,976afaf01c54fedf9ff44d35ddf4ab9dd2ec59cd6f6522f18ed8ec0bb0a0420f,site_fold_2,0.3201995479053288,0.924665484940272,0.9588392498005512,500,fit
seoul_flood_2024_00040,1,2024,2023,571c211904d10956955b5efb4fa653d8e5f9f7eb62867184c400a15c68241389,site_fold_1,0.7906477033226638,0.9962555864314601,0.9364492505196509,500,fit
seoul_flood_2024_00113,1,2024,2023,fbcf72bad940a495b5c781c0dacec95037e2444e074e00b823baaff2a70a2897,site_fold_0,0.3837817672288417,0.8790982240542884,0.20009424689894106,500,fit
seoul_flood_2024_00047,1,2024,2023,17f667ebdcf62fddc91ad9b0250bb9b2adc97cb183d86891c48fee18be6e5cef,site_fold_0,0.5381782639218934,0.11641729664175922,0.016308024042241992,500,fit
seoul_flood_2024_00114,1,2024,2023,6aed3ebb380da99b9ee22cdafb43ad80499c1bff6c3499d470dc7ee07d89c849,site_fold_3,0.6736031025048691,0.017030012448312495,0.32468678786919253,500,fit
seoul_flood_2024_00050,1,2024,2023,45e0d39429832b452a4c887bb71b185d61412763fa2b471282d7f26b4d5b2a6d,site_fold_4,0.35226187170367473,0.9410985594758553,0.37340045839898317,500,fit
seoul_flood_2024_00115,1,2024,2023,7738cfb0acdc52887fd9690f1d5b486d23901783ababf94e5884b74aebb7b7a6,site_fold_2,0.7239649513522366,0.9107866948976253,0.930918115809648,500,fit
seoul_flood_2024_00066,1,2024,2023,3249f0c73043197204ff8e0eb2de32de25359d1a88ab3e65135ed05df3e17632,site_fold_4,0.5879340053643587,0.8799760168998316,0.9553062916883605,500,fit
seoul_flood_2024_00116,1,2024,2023,7d0ace58f1bf6a48eed8c62e46a71a458d0fecfa8f511947d46a0167e6837f9c,site_fold_1,0.1956439369923117,0.5775157696287325,0.9698877797383577,500,fit
seoul_flood_2024_00073,1,2024,2023,287234d601433e40a271d9ddd26ead9f9308af2b1677c85e3834012d64e6e7d2,site_fold_0,0.33165367943619406,0.033657531153986654,0.16052616744446718,500,fit
seoul_flood_2024_00117,1,2024,2023,96bfd72b61bf954f2785d404c928759454d7b17f1b9112b500e5bef0de66965f,site_fold_3,0.9293313095474652,0.9608290813548348,0.9688242800637348,500,fit
seoul_flood_2024_00085,1,2024,2023,3becba3274152e21c153ada0da15bb1d8f5a0a5aa386ebae6fe6064d468e125d,site_fold_0,0.694671341354133,0.9968924632014722,0.9978853715348779,500,fit
seoul_flood_2024_00118,1,2024,2023,08e8ba1a5228798be26cec1295ab372eef931328d892df9a0a6f83f388090f1f,site_fold_0,0.877012603488957,0.962361208373472,0.9276262066174855,500,fit
seoul_flood_2024_00087,1,2024,2023,038885154917f49461b2bd823ed84f168eb6f07b4247e762aa3785177bf2f1a8,site_fold_3,0.6823994628089536,0.830643773990354,0.909029558764021,500,fit
seoul_flood_2024_00090,1,2024,2023,e2021107777c58ae4753e65b214bcf759eb5dade508d589c0faa3ecf220f7db4,site_fold_3,0.565669866009001,0.9139608851618459,0.9811255115727792,500,fit
seoul_flood_2024_00092,1,2024,2023,9a1836775b51d543b83e763701479475aa2241ddd6420af60260e1c2994536b2,site_fold_4,0.879539012755549,0.9445445725990677,0.9949227897467539,500,fit
seoul_flood_2024_00095,1,2024,2023,5609876fb475b5f8749245964924f472f2921b55d27942248654e089174fcb3d,site_fold_2,0.811638750946686,0.8773068011058737,0.9145220454840424,500,fit
bg_2018_0033,0,2018,2017,21e62fc153d7c067a581956f9285d808728d0fbcc3f743972121ab385b7f240d,site_fold_1,0.2718874264713437,0.07138477809585357,0.07720552396814521,500,fit
bg_2018_0037,0,2018,2017,ec12ead14120d4fd24d16cabbbd241eb1d0fe9c16ad943805a4312845283d462,site_fold_2,0.15236159825543105,0.0017178201063922265,0.0012924884992250637,500,fit
bg_2018_0041,0,2018,2017,2fd1ce506e821d00b2c7dc4f3c74578abf6a9aa737fc9b17501c9a890c7b32f4,site_fold_0,0.5179818799978134,0.12477476885764878,0.06256108797887176,500,fit
bg_2018_0045,0,2018,2017,5abac985a6deaa808eecb6a2742d5a724388c8f6c7ad871704b78b4066e386dc,site_fold_0,0.7909495389946982,0.019367692626960722,0.008665554734566552,500,fit
bg_2018_0049,0,2018,2017,1a44f043ff970d264d22e596a5e8bcb7dd2eeaed1035fc9b3d7de0c36349a6e3,site_fold_2,0.16926308761135628,0.24052244443786228,0.808566717576068,500,fit
bg_2018_0051,0,2018,2017,748d2b899e4eb3beab4800bc94e8ff516e34ed0db3aef051813bec260a8670ce,site_fold_2,0.049400997608838114,0.025559297719386115,0.032768990831340494,500,fit
bg_2018_0052,0,2018,2017,dcd99ae5f275a0be2458b09742536127a22d13b902bd53e5ac740a04f46f77f3,site_fold_0,0.34359347770209037,0.006199204030803836,0.004933491082160041,500,fit
bg_2018_0054,0,2018,2017,8b97daeee954f5cf8ce99941964f6b69aafbd08ff670db5383f686bb16668c44,site_fold_4,0.019196980777125543,0.014778660365748916,0.004692043792489406,500,fit
bg_2018_0056,0,2018,2017,dc2c073fab33fa44d4232f769c5e6003d6870f75c7967861a7b52e38d7c69572,site_fold_2,0.10886780798259772,0.8136078656301724,0.9931403611847411,500,fit
bg_2018_0058,0,2018,2017,203ddd064d80fc0d4e7bff11a0776d9e93419a3a6037aa9adc2c7505290a1813,site_fold_1,0.025185450806758686,0.046910125261165746,0.2838302951077418,500,fit
bg_2018_0059,0,2018,2017,f9a9ec68c6f1d2a1231e5e83d38745b60d61290ff74ac936aa8f0683822eb8eb,site_fold_3,0.6420274494024099,0.24941585985655162,0.6811142823590479,500,fit
bg_2018_0064,0,2018,2017,7cf777b87c15c35cb12a26b7d8ad0f56654c2b75b6447578107c0cef8bdd2e29,site_fold_0,0.22057215934879235,0.03533208659151513,0.05841054066757596,500,fit
bg_2018_0066,0,2018,2017,a5a2dc9c1dbe6d7af6f51645bd09cb467e8f7c186eb7d91b2a155cea8ae622ed,site_fold_4,0.11589705312416179,0.00341257183187207,0.006571055839902094,500,fit
bg_2018_0067,0,2018,2017,b687a30ed837278ff4dadcfdef30f40b2986a06c7c79ed57693b3e6b2b1a9d33,site_fold_4,0.42457893793842916,0.9285654813801727,0.785750131201895,500,fit
bg_2018_0069,0,2018,2017,19b54b72bdde6c4bd3cbe2546f3414a4ff56cd60d6a2bcdf3d6f1f199e8b9a7a,site_fold_3,0.008716192205320607,3.07867464600612e-05,0.0005741703027473758,500,fit
bg_2018_0071,0,2018,2017,48da3e414015f3351b42e87e9218a6ceaedce537a926ba13d8759590bdad9d81,site_fold_4,0.14367574908472672,0.7807066578397682,0.5189006148503098,500,fit
bg_2018_0072,0,2018,2017,ea2e9240baa8efb8641cef5f652b1f430fd03b8bb6bdcae03cd85c7be7d79e6c,site_fold_1,0.28224443084403794,0.05710203721878422,0.09510922391904439,500,fit
bg_2018_0073,0,2018,2017,eb67dc3c4a6302c161ea7c937485d56e520ac962c08ed97fcd8cb6d32e101eed,site_fold_0,0.04882367747874391,8.226144880913377e-05,0.0022313917391810034,500,fit
bg_2018_0074,0,2018,2017,0661378a425c8a66c4aa539a6016f77d94444565f19a404c200d8da71d881e6f,site_fold_4,0.27529510602206053,0.0026806623193284624,0.0059561845746860876,500,fit
bg_2018_0075,0,2018,2017,c1f90f1983b063e2d466b9b1bebe90d7fc37a3d7d52615c416a054934dc3850f,site_fold_4,0.7810615991061907,0.004987148027709201,0.007291618389556168,500,fit
bg_2018_0076,0,2018,2017,b0bb5e94bbb58bef0707986a0b214f4618e10f100ec3660f7f792c139b83b7bf,site_fold_2,0.5082817060249005,0.002376396095313518,0.0013404962866830606,500,fit
bg_2018_0080,0,2018,2017,e647221675ed4239c7ecfb607d39fbe04e5956323af3be0aa98f0d64ac923420,site_fold_0,0.9095761545156662,0.03482440491488483,0.004856233520604656,500,fit
bg_2018_0082,0,2018,2017,5535d9eaa37e4d1a7b852f0870d6bc9cf8d44c2c849c46b6e3bc123aea922f98,site_fold_1,0.9983955902176771,0.6218701254496702,0.4368368953439813,500,fit
bg_2018_0086,0,2018,2017,2f8d0c0da0be361972dcf84753d6a3e08b6dad88a520b7d1a92b86f9b38320ac,site_fold_0,0.04732732608233809,0.001731575565700011,0.00170092009439365,500,fit
bg_2018_0089,0,2018,2017,30e0262a5079f27f544cfa11a50c2dac7696a1223e31b6a5743a25b88178f3f9,site_fold_1,0.219111063612046,0.05846979028268498,0.05201340835136039,500,fit
bg_2018_0090,0,2018,2017,0ea0ea06867904ade6f0cc97d06bcc3a15a536e081b0765ae05da45dd08c935e,site_fold_2,0.2251182571530663,0.16413426135087328,0.5558444906413579,500,fit
bg_2018_0091,0,2018,2017,982618d21af830b045f8c249c93b9fe8c0ca46e8eef0f38a41b858d40f182133,site_fold_0,0.3258101071509721,0.013516291851488066,0.21484104926430378,500,fit
bg_2018_0092,0,2018,2017,1329ca34dd0aa22bba0143275ea656df9883ad433541073bcd4a263e3256d123,site_fold_3,0.05228064581159199,0.5547999910022408,0.6420542824734453,500,fit
bg_2018_0093,0,2018,2017,39af272ed4011f905c7675ca8e5251a45ad8be334a928f57454f06824c57b67d,site_fold_2,0.06790261826209813,0.023235109172793308,0.09743630759541291,500,fit
bg_2018_0101,0,2018,2017,0e3e2e1f0d7500e89ab5386ac3395e82b86d098339e82b63a4f96b3de677403b,site_fold_1,0.10488981256592683,0.327823962952629,0.16178248577746668,500,fit
bg_2018_0103,0,2018,2017,094fe38ba748a64e5efdec7fb8286b4be6aadc362ada39934354d5551a5da3d0,site_fold_3,0.07380757627690906,0.012735004749433608,0.008197754084021064,500,fit
bg_2018_0105,0,2018,2017,5bb0f3030646a3eca15b3c715c0a2cc5c67d8a64036f4b26e788799479fcac9b,site_fold_1,0.5297305544460562,0.791114340551016,0.3499512611593914,500,fit
bg_2018_0107,0,2018,2017,121ca7306a2ae0103033e3004279ef3e80366ab277effbd7df933cd44df93378,site_fold_1,0.7937048070533242,0.8701848387406016,0.3500981179414096,500,fit
bg_2018_0110,0,2018,2017,fe94a8a6361778f583248af09d52d2f8beaeed2c3a1047494990e54232abf263,site_fold_1,0.40324100182074246,0.9435222379797741,0.8632968161210385,500,fit
bg_2018_0113,0,2018,2017,574a670bce4623563698b796be6af8072c206bfd8806e5f36ff822a332eff57b,site_fold_1,0.4550963022138939,0.6450574085365903,0.40753111996869523,500,fit
bg_2018_0115,0,2018,2017,48ba22de3d6960040834837c9f93bad7da1ff9aa12c70c28cf23329daa5556b9,site_fold_0,0.10493273655191931,0.012322599383683542,0.1243736562217755,500,fit
bg_2018_0116,0,2018,2017,b89dc14cbabd117f4baa55fee005974d32ebb678421d282b6faf5919d4c5513d,site_fold_3,6.95860143339456e-05,8.292859505912538e-05,0.00017510526962715806,500,fit
bg_2018_0118,0,2018,2017,8e82547d47b9be467e201fcc7a5aecc54c71aded64e0ac980099b8678439acd8,site_fold_3,0.3905843076399796,0.0012038009312214661,0.0003764412820482643,500,fit
bg_2018_0120,0,2018,2017,1cdab643d1b940b0693fcbf08e8a99e52473b61131de923eb8b284c32f00c4d4,site_fold_2,0.09523209689654344,0.8581484987599645,0.8261538863401804,500,fit
bg_2018_0122,0,2018,2017,bf6cb7c3b436132579c4c247e107989902b49e1a3a297a787f54b840578a302e,site_fold_2,0.044708486290651335,0.5256819117251099,0.4553440330112703,500,fit
bg_2018_0129,0,2018,2017,9d517f55ae5613be7e9c1f546afa3a8453196835262a2da69354022e181623af,site_fold_1,0.3517279085214421,0.7495208711693814,0.6357179818954735,500,fit
bg_2018_0131,0,2018,2017,c70088b5f5ed553ac8d54c56b48c1be5b90a722246b8993e86f8ab252abee2b8,site_fold_4,0.7337842324797561,0.9560933708558521,0.9867831272304345,500,fit
bg_2018_0133,0,2018,2017,f4be26be42aa63779b31705fdb787991f04b62cc376f4011ad45d4e46a90aadc,site_fold_2,0.7770577730284103,0.0628803200673261,0.08310837603924423,500,fit
bg_2018_0137,0,2018,2017,b1c60d3479151c265d732f1691c8965b5045f9f996bc435e7cc5093bbabaa7ca,site_fold_4,0.2113618282345979,9.353711499326847e-06,0.0001085926472179539,500,fit
bg_2018_0140,0,2018,2017,25491912f96991025541d5f5da5a1ed06d902fbef16223d74ebe72a74b2706c0,site_fold_3,0.12113160839224574,0.04625725751155873,0.2590857192836098,500,fit
bg_2018_0142,0,2018,2017,27cf11d64439127707db65caff07bd9f503a61a6427d56ac8b3df0c792261c04,site_fold_1,0.9760720753504861,0.03811876746896009,0.0029580099299740532,500,fit
bg_2018_0144,0,2018,2017,48a8d4b27be3f5a3d567610c033ac715c6277500103c9ec2d712f0b3bd427f0b,site_fold_0,0.4383283334507584,0.7759885302075189,0.6331295805286489,500,fit
bg_2018_0146,0,2018,2017,e889077796f75a8bf06a0218348506ff1aa58361a026a2158158d33545d8f8e8,site_fold_1,0.4221023251773,0.45860012705844383,0.475838393511686,500,fit
bg_2018_0148,0,2018,2017,7e9ec81c8ea1517e7c97d3f130bd8da15eded8367199dea08912d7fec27678bc,site_fold_4,0.8079531504623709,0.4616741028858332,0.6385935160492404,500,fit
bg_2018_0154,0,2018,2017,eaa88e45dc34bbc37c2c1c462247981c702e40fc4de264f8bfd709abb71da6d3,site_fold_3,0.07335453821364028,0.03231039010253105,0.02523259302209519,500,fit
bg_2018_0157,0,2018,2017,10931396412cd75603aea0d3abeeaa86eab99d3b921d1b092b41bbab3e6b3ef3,site_fold_1,0.3270264926525669,0.0009789156037213833,0.0006265798705652249,500,fit
bg_2018_0161,0,2018,2017,d49b5fbc9ceb41ca0416f4cdb698a4166b7a68f5b61831b3c486481ab9266d59,site_fold_3,0.3693758651607462,0.8524804213132476,0.7431051801293144,500,fit
bg_2018_0165,0,2018,2017,d2fe77c5494009de82c48b234cc00ce5e962100afef8729763eebcde1fdb3ee6,site_fold_4,0.90108273033314,0.1784673249479965,0.23847609324983,500,fit
bg_2018_0182,0,2018,2017,338e23f9b352e3105dbde6ef929db218b89c42bef0ff3192ba71868dc1c03e11,site_fold_4,0.7476276772129145,0.7899538589857135,0.3066290976983163,500,fit
bg_2018_0193,0,2018,2017,61dbfdd28521f9308c90c25b11338b8d4a84bcf61abdb389858a2ac8ee611700,site_fold_3,0.2002622534210782,0.3102724102689299,0.7870021404722157,500,fit
bg_2018_0197,0,2018,2017,085eb8211e0d2e935d23d26841e01d26a6fd4d394c7185918f5965368be91c14,site_fold_4,0.9642650331712783,0.998447719399765,0.995930903778882,500,fit
bg_2018_0210,0,2018,2017,81ecec5ea53df338cb8dec8a3d93efdf89b240e40ceb46e53c9c62deeb7134ad,site_fold_0,0.17614931474239304,0.01809316927050946,0.031275798804499454,500,fit
bg_2018_0212,0,2018,2017,d62a426cec03061a92b4b16ff9276a42c85c45c9bef3ede5653bbbd82d16c4a6,site_fold_1,0.12420684133096443,4.112129242027824e-05,0.0006301987793849262,500,fit
bg_2018_0214,0,2018,2017,adcf989dc565c016087934f1ab4ba3b574fbe4b87d6ce6c4c0efac4ac2994595,site_fold_2,0.8177815328698617,0.9996469912266557,0.9999961727444994,500,fit
bg_2019_0033,0,2019,2018,21e62fc153d7c067a581956f9285d808728d0fbcc3f743972121ab385b7f240d,site_fold_1,0.46110514196993113,0.12413444546878885,0.03879544438239484,500,fit
bg_2019_0037,0,2019,2018,ec12ead14120d4fd24d16cabbbd241eb1d0fe9c16ad943805a4312845283d462,site_fold_2,0.16586317915794704,0.0007989732335829356,0.0008598846399010756,500,fit
bg_2019_0041,0,2019,2018,2fd1ce506e821d00b2c7dc4f3c74578abf6a9aa737fc9b17501c9a890c7b32f4,site_fold_0,0.5717362611942891,0.025375075558674968,0.0018432197544154523,500,fit
bg_2019_0045,0,2019,2018,5abac985a6deaa808eecb6a2742d5a724388c8f6c7ad871704b78b4066e386dc,site_fold_0,0.5227890834846851,0.0014784559116954043,0.0022768395633784135,500,fit
bg_2019_0049,0,2019,2018,1a44f043ff970d264d22e596a5e8bcb7dd2eeaed1035fc9b3d7de0c36349a6e3,site_fold_2,0.10014268697033187,0.3940971907275868,0.12161650228599113,500,fit
bg_2019_0051,0,2019,2018,748d2b899e4eb3beab4800bc94e8ff516e34ed0db3aef051813bec260a8670ce,site_fold_2,0.11816602862854644,0.1745281592926231,0.0310087894963668,500,fit
bg_2019_0052,0,2019,2018,dcd99ae5f275a0be2458b09742536127a22d13b902bd53e5ac740a04f46f77f3,site_fold_0,0.3629755919818363,0.00959595298380497,0.0025478077399077865,500,fit
bg_2019_0054,0,2019,2018,8b97daeee954f5cf8ce99941964f6b69aafbd08ff670db5383f686bb16668c44,site_fold_4,0.15133664676560213,0.05697951264402822,0.004594148987675818,500,fit
bg_2019_0056,0,2019,2018,dc2c073fab33fa44d4232f769c5e6003d6870f75c7967861a7b52e38d7c69572,site_fold_2,0.14450144654481456,0.9359024357562313,0.6747207550444805,500,fit
bg_2019_0058,0,2019,2018,203ddd064d80fc0d4e7bff11a0776d9e93419a3a6037aa9adc2c7505290a1813,site_fold_1,0.048609098729443585,0.1768215113873689,0.060357317156821445,500,fit
bg_2019_0059,0,2019,2018,f9a9ec68c6f1d2a1231e5e83d38745b60d61290ff74ac936aa8f0683822eb8eb,site_fold_3,0.6963422776820645,0.7686157334982763,0.08793304835716706,500,fit
bg_2019_0066,0,2019,2018,a5a2dc9c1dbe6d7af6f51645bd09cb467e8f7c186eb7d91b2a155cea8ae622ed,site_fold_4,0.3062666757568407,0.03281864627034265,0.006796790510187013,500,fit
bg_2019_0067,0,2019,2018,b687a30ed837278ff4dadcfdef30f40b2986a06c7c79ed57693b3e6b2b1a9d33,site_fold_4,0.5229194108795265,0.9717276625831897,0.7882615135695292,500,fit
bg_2019_0071,0,2019,2018,48da3e414015f3351b42e87e9218a6ceaedce537a926ba13d8759590bdad9d81,site_fold_4,0.39752341949447356,0.7943563727953005,0.7671829850243157,500,fit
bg_2019_0072,0,2019,2018,ea2e9240baa8efb8641cef5f652b1f430fd03b8bb6bdcae03cd85c7be7d79e6c,site_fold_1,0.327668891398928,0.08562867077415208,0.022952784359934312,500,fit
bg_2019_0073,0,2019,2018,eb67dc3c4a6302c161ea7c937485d56e520ac962c08ed97fcd8cb6d32e101eed,site_fold_0,0.07444518299311748,0.0009863618322564697,0.0013396042929593368,500,fit
bg_2019_0074,0,2019,2018,0661378a425c8a66c4aa539a6016f77d94444565f19a404c200d8da71d881e6f,site_fold_4,0.292491469724822,0.009514487325574389,0.0020675250172363904,500,fit
bg_2019_0076,0,2019,2018,b0bb5e94bbb58bef0707986a0b214f4618e10f100ec3660f7f792c139b83b7bf,site_fold_2,0.47049170159160725,0.0009772388307395772,0.0006573976784774317,500,fit
bg_2019_0082,0,2019,2018,5535d9eaa37e4d1a7b852f0870d6bc9cf8d44c2c849c46b6e3bc123aea922f98,site_fold_1,0.993488254942507,0.198707022086641,0.30909203557238407,500,fit
bg_2019_0086,0,2019,2018,2f8d0c0da0be361972dcf84753d6a3e08b6dad88a520b7d1a92b86f9b38320ac,site_fold_0,0.06413902824102702,0.0008988733076579175,5.8053481776028835e-05,500,fit
bg_2019_0089,0,2019,2018,30e0262a5079f27f544cfa11a50c2dac7696a1223e31b6a5743a25b88178f3f9,site_fold_1,0.27550079160846036,0.021814174258403835,0.006057831553956801,500,fit
bg_2019_0090,0,2019,2018,0ea0ea06867904ade6f0cc97d06bcc3a15a536e081b0765ae05da45dd08c935e,site_fold_2,0.37006713421070553,0.2827007829853712,0.3359697527635327,500,fit
bg_2019_0091,0,2019,2018,982618d21af830b045f8c249c93b9fe8c0ca46e8eef0f38a41b858d40f182133,site_fold_0,0.4287967967085461,0.07423705703386471,0.17332869970614018,500,fit
bg_2019_0092,0,2019,2018,1329ca34dd0aa22bba0143275ea656df9883ad433541073bcd4a263e3256d123,site_fold_3,0.09207912113593295,0.3805835921717571,0.17011815866350255,500,fit
bg_2019_0093,0,2019,2018,39af272ed4011f905c7675ca8e5251a45ad8be334a928f57454f06824c57b67d,site_fold_2,0.29932563095989756,0.5127958252771403,0.06841258708139768,500,fit
bg_2019_0101,0,2019,2018,0e3e2e1f0d7500e89ab5386ac3395e82b86d098339e82b63a4f96b3de677403b,site_fold_1,0.13824606364452482,0.3343693231707564,0.08469552408989434,500,fit
bg_2019_0103,0,2019,2018,094fe38ba748a64e5efdec7fb8286b4be6aadc362ada39934354d5551a5da3d0,site_fold_3,0.2443511263694391,0.10042738327464461,0.04940471309298859,500,fit
bg_2019_0105,0,2019,2018,5bb0f3030646a3eca15b3c715c0a2cc5c67d8a64036f4b26e788799479fcac9b,site_fold_1,0.44938082984163924,0.5950477906187743,0.26263918000497416,500,fit
bg_2019_0107,0,2019,2018,121ca7306a2ae0103033e3004279ef3e80366ab277effbd7df933cd44df93378,site_fold_1,0.5121769787834366,0.3313576411840313,0.2584205798255125,500,fit
bg_2019_0110,0,2019,2018,fe94a8a6361778f583248af09d52d2f8beaeed2c3a1047494990e54232abf263,site_fold_1,0.44770978909871567,0.9069067646508684,0.8355241298977579,500,fit
bg_2019_0113,0,2019,2018,574a670bce4623563698b796be6af8072c206bfd8806e5f36ff822a332eff57b,site_fold_1,0.5172597569579913,0.8552096115054694,0.2294391851747776,500,fit
bg_2019_0115,0,2019,2018,48ba22de3d6960040834837c9f93bad7da1ff9aa12c70c28cf23329daa5556b9,site_fold_0,0.12233837547201472,0.006443782608215436,0.009699972084934269,500,fit
bg_2019_0116,0,2019,2018,b89dc14cbabd117f4baa55fee005974d32ebb678421d282b6faf5919d4c5513d,site_fold_3,0.004641474099849173,0.015531951003711441,0.01190534519497191,500,fit
bg_2019_0118,0,2019,2018,8e82547d47b9be467e201fcc7a5aecc54c71aded64e0ac980099b8678439acd8,site_fold_3,0.3922633880463873,0.0004398088061390085,0.00029207587950205087,500,fit
bg_2019_0120,0,2019,2018,1cdab643d1b940b0693fcbf08e8a99e52473b61131de923eb8b284c32f00c4d4,site_fold_2,0.14918012452227605,0.9332847634227857,0.8760322978926441,500,fit
bg_2019_0122,0,2019,2018,bf6cb7c3b436132579c4c247e107989902b49e1a3a297a787f54b840578a302e,site_fold_2,0.07100855490059058,0.7345143777638051,0.06546419306747255,500,fit
bg_2019_0124,0,2019,2018,74a593ab813090c62b6028480a668a3959fb4e059bcc73876ed08db88d30bda2,site_fold_2,0.002002902832395349,0.941018410112541,0.9043369477619718,500,fit
bg_2019_0129,0,2019,2018,9d517f55ae5613be7e9c1f546afa3a8453196835262a2da69354022e181623af,site_fold_1,0.48881439330986326,0.8119281761471321,0.6222446029576091,500,fit
bg_2019_0131,0,2019,2018,c70088b5f5ed553ac8d54c56b48c1be5b90a722246b8993e86f8ab252abee2b8,site_fold_4,0.8074855873334367,0.9847935159655905,0.9853949772181217,500,fit
bg_2019_0137,0,2019,2018,b1c60d3479151c265d732f1691c8965b5045f9f996bc435e7cc5093bbabaa7ca,site_fold_4,0.22960932389788544,0.0001268484260546834,0.08247875219939209,500,fit
bg_2019_0140,0,2019,2018,25491912f96991025541d5f5da5a1ed06d902fbef16223d74ebe72a74b2706c0,site_fold_3,0.32787647222632477,0.24696817515838312,0.05039354345535041,500,fit
bg_2019_0142,0,2019,2018,27cf11d64439127707db65caff07bd9f503a61a6427d56ac8b3df0c792261c04,site_fold_1,0.98067557225259,0.1307210861318678,0.004057763415986831,500,fit
bg_2019_0144,0,2019,2018,48a8d4b27be3f5a3d567610c033ac715c6277500103c9ec2d712f0b3bd427f0b,site_fold_0,0.6508403084323094,0.8356371761642966,0.3819078768433383,500,fit
bg_2019_0146,0,2019,2018,e889077796f75a8bf06a0218348506ff1aa58361a026a2158158d33545d8f8e8,site_fold_1,0.6276971439903534,0.38192811131138854,0.6147480101615849,500,fit
bg_2019_0148,0,2019,2018,7e9ec81c8ea1517e7c97d3f130bd8da15eded8367199dea08912d7fec27678bc,site_fold_4,0.8388631434751065,0.5731512056440407,0.2680326576605758,500,fit
bg_2019_0152,0,2019,2018,ce81223ed4abc36fdbbc236f8ffb7d0ee9ea969f12ac8750196c90345354cd48,site_fold_0,7.64643965579057e-06,0.03036151020033916,0.0031748581461642964,500,fit
bg_2019_0154,0,2019,2018,eaa88e45dc34bbc37c2c1c462247981c702e40fc4de264f8bfd709abb71da6d3,site_fold_3,0.22538677548745342,0.16016640133017995,0.013100730748883425,500,fit
bg_2019_0157,0,2019,2018,10931396412cd75603aea0d3abeeaa86eab99d3b921d1b092b41bbab3e6b3ef3,site_fold_1,0.38427234658118575,0.0010703389384445685,0.00031816447813047283,500,fit
bg_2019_0161,0,2019,2018,d49b5fbc9ceb41ca0416f4cdb698a4166b7a68f5b61831b3c486481ab9266d59,site_fold_3,0.6588442517200648,0.8590830571752153,0.9055351213738011,500,fit
bg_2019_0165,0,2019,2018,d2fe77c5494009de82c48b234cc00ce5e962100afef8729763eebcde1fdb3ee6,site_fold_4,0.8893311102935931,0.09540471776507621,0.024786038084827357,500,fit
bg_2019_0182,0,2019,2018,338e23f9b352e3105dbde6ef929db218b89c42bef0ff3192ba71868dc1c03e11,site_fold_4,0.847972992117193,0.33093566518260065,0.3773965728814163,500,fit
bg_2019_0193,0,2019,2018,61dbfdd28521f9308c90c25b11338b8d4a84bcf61abdb389858a2ac8ee611700,site_fold_3,0.17691521296444418,0.3205483213231117,0.13325022969627792,500,fit
bg_2019_0197,0,2019,2018,085eb8211e0d2e935d23d26841e01d26a6fd4d394c7185918f5965368be91c14,site_fold_4,0.8753578532126712,0.9819624500520169,0.9923695418485359,500,fit
bg_2019_0210,0,2019,2018,81ecec5ea53df338cb8dec8a3d93efdf89b240e40ceb46e53c9c62deeb7134ad,site_fold_0,0.34506916397270143,0.05101329380832059,0.03138707128111861,500,fit
bg_2019_0212,0,2019,2018,d62a426cec03061a92b4b16ff9276a42c85c45c9bef3ede5653bbbd82d16c4a6,site_fold_1,0.32596516047626506,0.0004937539074467123,0.0003301130002762948,500,fit
bg_2019_0214,0,2019,2018,adcf989dc565c016087934f1ab4ba3b574fbe4b87d6ce6c4c0efac4ac2994595,site_fold_2,0.7153031009573375,0.9999515852746039,0.9991482245762318,500,fit
bg_2020_0033,0,2020,2019,21e62fc153d7c067a581956f9285d808728d0fbcc3f743972121ab385b7f240d,site_fold_1,0.23319372681342193,0.10363112632509998,0.07154775646833922,500,fit
bg_2020_0037,0,2020,2019,ec12ead14120d4fd24d16cabbbd241eb1d0fe9c16ad943805a4312845283d462,site_fold_2,0.21764146193366826,0.0023571698102646432,0.01928671947861717,500,fit
bg_2020_0041,0,2020,2019,2fd1ce506e821d00b2c7dc4f3c74578abf6a9aa737fc9b17501c9a890c7b32f4,site_fold_0,0.6068064002137737,0.01320407376747564,0.028230454848280302,500,fit
bg_2020_0045,0,2020,2019,5abac985a6deaa808eecb6a2742d5a724388c8f6c7ad871704b78b4066e386dc,site_fold_0,0.9186474600452457,0.02087575998733137,0.041204440459343294,500,fit
bg_2020_0049,0,2020,2019,1a44f043ff970d264d22e596a5e8bcb7dd2eeaed1035fc9b3d7de0c36349a6e3,site_fold_2,0.2062142452774119,0.20092633680411665,0.7174583264178763,500,fit
bg_2020_0051,0,2020,2019,748d2b899e4eb3beab4800bc94e8ff516e34ed0db3aef051813bec260a8670ce,site_fold_2,0.07176834688744195,0.30648980462280867,0.0881352079863033,500,fit
bg_2020_0052,0,2020,2019,dcd99ae5f275a0be2458b09742536127a22d13b902bd53e5ac740a04f46f77f3,site_fold_0,0.5312378744683731,0.05732513159695384,0.06795675697984223,500,fit
bg_2020_0056,0,2020,2019,dc2c073fab33fa44d4232f769c5e6003d6870f75c7967861a7b52e38d7c69572,site_fold_2,0.23246338406271894,0.7787670865315558,0.15477511379005043,500,fit
bg_2020_0058,0,2020,2019,203ddd064d80fc0d4e7bff11a0776d9e93419a3a6037aa9adc2c7505290a1813,site_fold_1,0.08220548374812776,0.07020664006551124,0.6729221125318953,500,fit
bg_2020_0059,0,2020,2019,f9a9ec68c6f1d2a1231e5e83d38745b60d61290ff74ac936aa8f0683822eb8eb,site_fold_3,0.8472309538577564,0.6166248489973534,0.7014144887580225,500,fit
bg_2020_0066,0,2020,2019,a5a2dc9c1dbe6d7af6f51645bd09cb467e8f7c186eb7d91b2a155cea8ae622ed,site_fold_4,0.42716130343841974,0.08731518297003985,0.037715999762973754,500,fit
bg_2020_0067,0,2020,2019,b687a30ed837278ff4dadcfdef30f40b2986a06c7c79ed57693b3e6b2b1a9d33,site_fold_4,0.5152020992929692,0.9730087117418198,0.890344474480149,500,fit
bg_2020_0071,0,2020,2019,48da3e414015f3351b42e87e9218a6ceaedce537a926ba13d8759590bdad9d81,site_fold_4,0.21345871937106733,0.944896492051577,0.8322840055879273,500,fit
bg_2020_0072,0,2020,2019,ea2e9240baa8efb8641cef5f652b1f430fd03b8bb6bdcae03cd85c7be7d79e6c,site_fold_1,0.4039198983659651,0.04793500303536573,0.08240010325335434,500,fit
bg_2020_0073,0,2020,2019,eb67dc3c4a6302c161ea7c937485d56e520ac962c08ed97fcd8cb6d32e101eed,site_fold_0,0.09965638160325664,0.0018228628114347707,0.005430542943620034,500,fit
bg_2020_0074,0,2020,2019,0661378a425c8a66c4aa539a6016f77d94444565f19a404c200d8da71d881e6f,site_fold_4,0.38263465572948546,0.009363906712168748,0.008694587929840762,500,fit
bg_2020_0076,0,2020,2019,b0bb5e94bbb58bef0707986a0b214f4618e10f100ec3660f7f792c139b83b7bf,site_fold_2,0.5580383138274765,0.0017755840170482198,0.001114526927959291,500,fit
bg_2020_0082,0,2020,2019,5535d9eaa37e4d1a7b852f0870d6bc9cf8d44c2c849c46b6e3bc123aea922f98,site_fold_1,0.9938865093882967,0.6918397669034669,0.5426710925389611,500,fit
bg_2020_0086,0,2020,2019,2f8d0c0da0be361972dcf84753d6a3e08b6dad88a520b7d1a92b86f9b38320ac,site_fold_0,0.17781372725493466,0.0003555470473016006,0.007061270723669955,500,fit
bg_2020_0089,0,2020,2019,30e0262a5079f27f544cfa11a50c2dac7696a1223e31b6a5743a25b88178f3f9,site_fold_1,0.4744920441517314,0.00909868845934543,0.024731068365052122,500,fit
bg_2020_0090,0,2020,2019,0ea0ea06867904ade6f0cc97d06bcc3a15a536e081b0765ae05da45dd08c935e,site_fold_2,0.4343175199856301,0.4177598303359105,0.21301873808794108,500,fit
bg_2020_0091,0,2020,2019,982618d21af830b045f8c249c93b9fe8c0ca46e8eef0f38a41b858d40f182133,site_fold_0,0.5823662919141024,0.3473004199665403,0.8212649926339876,500,fit
bg_2020_0092,0,2020,2019,1329ca34dd0aa22bba0143275ea656df9883ad433541073bcd4a263e3256d123,site_fold_3,0.16173066885422932,0.3876667202173211,0.623521206415,500,fit
bg_2020_0093,0,2020,2019,39af272ed4011f905c7675ca8e5251a45ad8be334a928f57454f06824c57b67d,site_fold_2,0.18487973954804368,0.07524972470969557,0.17909261273957439,500,fit
bg_2020_0101,0,2020,2019,0e3e2e1f0d7500e89ab5386ac3395e82b86d098339e82b63a4f96b3de677403b,site_fold_1,0.23859689144101498,0.39390618116717463,0.6399129879005948,500,fit
bg_2020_0103,0,2020,2019,094fe38ba748a64e5efdec7fb8286b4be6aadc362ada39934354d5551a5da3d0,site_fold_3,0.19052934548038028,0.15530889321292973,0.04721283736148685,500,fit
bg_2020_0105,0,2020,2019,5bb0f3030646a3eca15b3c715c0a2cc5c67d8a64036f4b26e788799479fcac9b,site_fold_1,0.5874753642623771,0.8825954501992845,0.492922336078695,500,fit
bg_2020_0107,0,2020,2019,121ca7306a2ae0103033e3004279ef3e80366ab277effbd7df933cd44df93378,site_fold_1,0.6719444536269067,0.6080271091369076,0.5143715923673154,500,fit
bg_2020_0110,0,2020,2019,fe94a8a6361778f583248af09d52d2f8beaeed2c3a1047494990e54232abf263,site_fold_1,0.616532591220357,0.9766289131307948,0.9266652777145337,500,fit
bg_2020_0115,0,2020,2019,48ba22de3d6960040834837c9f93bad7da1ff9aa12c70c28cf23329daa5556b9,site_fold_0,0.1414029756508063,0.00790501368966877,0.09217908283133235,500,fit
bg_2020_0116,0,2020,2019,b89dc14cbabd117f4baa55fee005974d32ebb678421d282b6faf5919d4c5513d,site_fold_3,0.005380473804948891,0.019288708818375983,0.06909873684202816,500,fit
bg_2020_0118,0,2020,2019,8e82547d47b9be467e201fcc7a5aecc54c71aded64e0ac980099b8678439acd8,site_fold_3,0.4677020057559407,0.0020140598148042058,0.002707114027743284,500,fit
bg_2020_0120,0,2020,2019,1cdab643d1b940b0693fcbf08e8a99e52473b61131de923eb8b284c32f00c4d4,site_fold_2,0.20595822467947705,0.9713612084564481,0.9006751362971293,500,fit
bg_2020_0122,0,2020,2019,bf6cb7c3b436132579c4c247e107989902b49e1a3a297a787f54b840578a302e,site_fold_2,0.08549583924785344,0.12928493378004058,0.094683050368612,500,fit
bg_2020_0124,0,2020,2019,74a593ab813090c62b6028480a668a3959fb4e059bcc73876ed08db88d30bda2,site_fold_2,0.005736641676271237,0.8891239588987102,0.9926953563816356,500,fit
bg_2020_0129,0,2020,2019,9d517f55ae5613be7e9c1f546afa3a8453196835262a2da69354022e181623af,site_fold_1,0.5562916084697008,0.8606030777981836,0.9517542592809554,500,fit
bg_2020_0131,0,2020,2019,c70088b5f5ed553ac8d54c56b48c1be5b90a722246b8993e86f8ab252abee2b8,site_fold_4,0.8744857089813431,0.9944127446032399,0.9968955568327521,500,fit
bg_2020_0133,0,2020,2019,f4be26be42aa63779b31705fdb787991f04b62cc376f4011ad45d4e46a90aadc,site_fold_2,0.9624714214000578,0.25739070633892885,0.15362487042214992,500,fit
bg_2020_0137,0,2020,2019,b1c60d3479151c265d732f1691c8965b5045f9f996bc435e7cc5093bbabaa7ca,site_fold_4,0.2538568618029466,0.9833348896231996,0.16253510822698608,500,fit
bg_2020_0140,0,2020,2019,25491912f96991025541d5f5da5a1ed06d902fbef16223d74ebe72a74b2706c0,site_fold_3,0.32488169120774624,0.11996063344231363,0.5375327593121147,500,fit
bg_2020_0142,0,2020,2019,27cf11d64439127707db65caff07bd9f503a61a6427d56ac8b3df0c792261c04,site_fold_1,0.9952826027691549,0.6287938495490238,0.012238423771267302,500,fit
bg_2020_0144,0,2020,2019,48a8d4b27be3f5a3d567610c033ac715c6277500103c9ec2d712f0b3bd427f0b,site_fold_0,0.7424537124899092,0.9702255967415442,0.9261960638348673,500,fit
bg_2020_0146,0,2020,2019,e889077796f75a8bf06a0218348506ff1aa58361a026a2158158d33545d8f8e8,site_fold_1,0.7443203108941386,0.8384359631731706,0.7500843735022587,500,fit
bg_2020_0148,0,2020,2019,7e9ec81c8ea1517e7c97d3f130bd8da15eded8367199dea08912d7fec27678bc,site_fold_4,0.9115251688866477,0.7212179740526401,0.7413321202822085,500,fit
bg_2020_0152,0,2020,2019,ce81223ed4abc36fdbbc236f8ffb7d0ee9ea969f12ac8750196c90345354cd48,site_fold_0,0.001156030095096818,0.06344702927713686,0.013115692927521837,500,fit
bg_2020_0154,0,2020,2019,eaa88e45dc34bbc37c2c1c462247981c702e40fc4de264f8bfd709abb71da6d3,site_fold_3,0.10063984059433312,0.12358920752860783,0.03936613028348673,500,fit
bg_2020_0157,0,2020,2019,10931396412cd75603aea0d3abeeaa86eab99d3b921d1b092b41bbab3e6b3ef3,site_fold_1,0.43042775160205476,0.0014555944065582657,0.003928132706636019,500,fit
bg_2020_0161,0,2020,2019,d49b5fbc9ceb41ca0416f4cdb698a4166b7a68f5b61831b3c486481ab9266d59,site_fold_3,0.6919414119070469,0.9025650213057197,0.9525912467897402,500,fit
bg_2020_0165,0,2020,2019,d2fe77c5494009de82c48b234cc00ce5e962100afef8729763eebcde1fdb3ee6,site_fold_4,0.8887453117435913,0.09814578683551767,0.06829511710164832,500,fit
bg_2020_0182,0,2020,2019,338e23f9b352e3105dbde6ef929db218b89c42bef0ff3192ba71868dc1c03e11,site_fold_4,0.8945318370735413,0.7957628543833454,0.7194843253011217,500,fit
bg_2020_0193,0,2020,2019,61dbfdd28521f9308c90c25b11338b8d4a84bcf61abdb389858a2ac8ee611700,site_fold_3,0.20986936369670944,0.4246454675421487,0.5870351166692392,500,fit
bg_2020_0197,0,2020,2019,085eb8211e0d2e935d23d26841e01d26a6fd4d394c7185918f5965368be91c14,site_fold_4,0.9431968177088375,0.9991099812594886,0.9990439645227125,500,fit
bg_2020_0210,0,2020,2019,81ecec5ea53df338cb8dec8a3d93efdf89b240e40ceb46e53c9c62deeb7134ad,site_fold_0,0.40790775341297864,0.28329218590683203,0.3419530737141748,500,fit
bg_2020_0212,0,2020,2019,d62a426cec03061a92b4b16ff9276a42c85c45c9bef3ede5653bbbd82d16c4a6,site_fold_1,0.29736107326389566,0.0005331074162764052,0.0011507639883337585,500,fit
bg_2020_0214,0,2020,2019,adcf989dc565c016087934f1ab4ba3b574fbe4b87d6ce6c4c0efac4ac2994595,site_fold_2,0.8038045308030668,0.999552332050901,0.9999059988324726,500,fit
bg_2023_0033,0,2023,2022,21e62fc153d7c067a581956f9285d808728d0fbcc3f743972121ab385b7f240d,site_fold_1,0.2019555296655811,0.006729800893544743,0.03042224551405878,500,fit
bg_2023_0037,0,2023,2022,ec12ead14120d4fd24d16cabbbd241eb1d0fe9c16ad943805a4312845283d462,site_fold_2,0.26653819738189355,0.11516255683135658,0.04642933493149367,500,fit
bg_2023_0041,0,2023,2022,2fd1ce506e821d00b2c7dc4f3c74578abf6a9aa737fc9b17501c9a890c7b32f4,site_fold_0,0.5954884998009627,0.14939769241865875,0.31725969922385105,500,fit
bg_2023_0045,0,2023,2022,5abac985a6deaa808eecb6a2742d5a724388c8f6c7ad871704b78b4066e386dc,site_fold_0,0.5919267323340339,0.07421841168714997,0.011001649851431573,500,fit
bg_2023_0049,0,2023,2022,1a44f043ff970d264d22e596a5e8bcb7dd2eeaed1035fc9b3d7de0c36349a6e3,site_fold_2,0.40326191289371716,0.8577824939520182,0.8956915803385255,500,fit
bg_2023_0051,0,2023,2022,748d2b899e4eb3beab4800bc94e8ff516e34ed0db3aef051813bec260a8670ce,site_fold_2,0.24294659587556802,0.6831766259906124,0.7427358826675488,500,fit
bg_2023_0052,0,2023,2022,dcd99ae5f275a0be2458b09742536127a22d13b902bd53e5ac740a04f46f77f3,site_fold_0,0.2433673360176122,0.0007078475562589815,0.012257610228392399,500,fit
bg_2023_0054,0,2023,2022,8b97daeee954f5cf8ce99941964f6b69aafbd08ff670db5383f686bb16668c44,site_fold_4,0.3421738109863369,0.04387305918631217,0.011814893761434785,500,fit
bg_2023_0056,0,2023,2022,dc2c073fab33fa44d4232f769c5e6003d6870f75c7967861a7b52e38d7c69572,site_fold_2,0.4441172131910621,0.025694307418125898,0.03493248008922094,500,fit
bg_2023_0058,0,2023,2022,203ddd064d80fc0d4e7bff11a0776d9e93419a3a6037aa9adc2c7505290a1813,site_fold_1,0.07068071076123222,0.3362810804606548,0.2701542141312232,500,fit
bg_2023_0059,0,2023,2022,f9a9ec68c6f1d2a1231e5e83d38745b60d61290ff74ac936aa8f0683822eb8eb,site_fold_3,0.8439949164308255,0.48482952339254387,0.3045816395540478,500,fit
bg_2023_0064,0,2023,2022,7cf777b87c15c35cb12a26b7d8ad0f56654c2b75b6447578107c0cef8bdd2e29,site_fold_0,0.6272001974802752,0.612833344275576,0.3816505020413218,500,fit
bg_2023_0066,0,2023,2022,a5a2dc9c1dbe6d7af6f51645bd09cb467e8f7c186eb7d91b2a155cea8ae622ed,site_fold_4,0.4092654607473743,0.1895763456077342,0.0029358985367734743,500,fit
bg_2023_0067,0,2023,2022,b687a30ed837278ff4dadcfdef30f40b2986a06c7c79ed57693b3e6b2b1a9d33,site_fold_4,0.5751345171542865,0.8909692376815923,0.6322742544899569,500,fit
bg_2023_0069,0,2023,2022,19b54b72bdde6c4bd3cbe2546f3414a4ff56cd60d6a2bcdf3d6f1f199e8b9a7a,site_fold_3,0.16549307262446097,0.28403232794393785,0.1326886614991435,500,fit
bg_2023_0071,0,2023,2022,48da3e414015f3351b42e87e9218a6ceaedce537a926ba13d8759590bdad9d81,site_fold_4,0.34550110042222126,0.27021656884876905,0.0886270605920579,500,fit
bg_2023_0072,0,2023,2022,ea2e9240baa8efb8641cef5f652b1f430fd03b8bb6bdcae03cd85c7be7d79e6c,site_fold_1,0.40433087665494816,0.20165991384186854,0.0665989233673298,500,fit
bg_2023_0073,0,2023,2022,eb67dc3c4a6302c161ea7c937485d56e520ac962c08ed97fcd8cb6d32e101eed,site_fold_0,0.07933268939839005,0.00037344144924624347,0.00152121665507739,500,fit
bg_2023_0074,0,2023,2022,0661378a425c8a66c4aa539a6016f77d94444565f19a404c200d8da71d881e6f,site_fold_4,0.4329824496242621,0.01796942161771973,0.026996874421349404,500,fit
bg_2023_0076,0,2023,2022,b0bb5e94bbb58bef0707986a0b214f4618e10f100ec3660f7f792c139b83b7bf,site_fold_2,0.5427331716403987,0.002168119062565342,0.002735275453947366,500,fit
bg_2023_0082,0,2023,2022,5535d9eaa37e4d1a7b852f0870d6bc9cf8d44c2c849c46b6e3bc123aea922f98,site_fold_1,0.9978529059905356,0.9858280314701339,0.9889296036517289,500,fit
bg_2023_0086,0,2023,2022,2f8d0c0da0be361972dcf84753d6a3e08b6dad88a520b7d1a92b86f9b38320ac,site_fold_0,0.23841077453281426,0.038010265786137906,0.005179900329978301,500,fit
bg_2023_0089,0,2023,2022,30e0262a5079f27f544cfa11a50c2dac7696a1223e31b6a5743a25b88178f3f9,site_fold_1,0.5044555873902751,0.012182006406886242,0.0720618430570108,500,fit
bg_2023_0090,0,2023,2022,0ea0ea06867904ade6f0cc97d06bcc3a15a536e081b0765ae05da45dd08c935e,site_fold_2,0.7108841115846747,0.6110475869616503,0.36188086094033106,500,fit
bg_2023_0091,0,2023,2022,982618d21af830b045f8c249c93b9fe8c0ca46e8eef0f38a41b858d40f182133,site_fold_0,0.6179578243881713,0.7646204452379508,0.8315121926865896,500,fit
bg_2023_0092,0,2023,2022,1329ca34dd0aa22bba0143275ea656df9883ad433541073bcd4a263e3256d123,site_fold_3,0.27862385149759356,0.743791964942724,0.5493963174030424,500,fit
bg_2023_0093,0,2023,2022,39af272ed4011f905c7675ca8e5251a45ad8be334a928f57454f06824c57b67d,site_fold_2,0.23281260917853505,0.4333785501299344,0.07382519139807785,500,fit
bg_2023_0101,0,2023,2022,0e3e2e1f0d7500e89ab5386ac3395e82b86d098339e82b63a4f96b3de677403b,site_fold_1,0.2177742531757574,0.7759719851153561,0.5465872823631174,500,fit
bg_2023_0103,0,2023,2022,094fe38ba748a64e5efdec7fb8286b4be6aadc362ada39934354d5551a5da3d0,site_fold_3,0.3469941140013919,0.08466243475675121,0.07664664309431915,500,fit
bg_2023_0105,0,2023,2022,5bb0f3030646a3eca15b3c715c0a2cc5c67d8a64036f4b26e788799479fcac9b,site_fold_1,0.5691707435796539,0.9471801265143852,0.8727399555845149,500,fit
bg_2023_0107,0,2023,2022,121ca7306a2ae0103033e3004279ef3e80366ab277effbd7df933cd44df93378,site_fold_1,0.6586955984255717,0.7789081372540736,0.3990059222501093,500,fit
bg_2023_0110,0,2023,2022,fe94a8a6361778f583248af09d52d2f8beaeed2c3a1047494990e54232abf263,site_fold_1,0.5066929944608374,0.8233369752238929,0.8159601216265305,500,fit
bg_2023_0118,0,2023,2022,8e82547d47b9be467e201fcc7a5aecc54c71aded64e0ac980099b8678439acd8,site_fold_3,0.4576235900677961,0.03154145093730815,0.0415485065526781,500,fit
bg_2023_0120,0,2023,2022,1cdab643d1b940b0693fcbf08e8a99e52473b61131de923eb8b284c32f00c4d4,site_fold_2,0.21279636002053684,0.7107825557063007,0.027808953348379316,500,fit
bg_2023_0122,0,2023,2022,bf6cb7c3b436132579c4c247e107989902b49e1a3a297a787f54b840578a302e,site_fold_2,0.09616506882720577,0.1255175474524744,0.02568923493375782,500,fit
bg_2023_0129,0,2023,2022,9d517f55ae5613be7e9c1f546afa3a8453196835262a2da69354022e181623af,site_fold_1,0.5676659441673872,0.8599842553045612,0.7963182941681741,500,fit
bg_2023_0131,0,2023,2022,c70088b5f5ed553ac8d54c56b48c1be5b90a722246b8993e86f8ab252abee2b8,site_fold_4,0.9082307954507033,0.9567663311341618,0.9853923266100689,500,fit
bg_2023_0133,0,2023,2022,f4be26be42aa63779b31705fdb787991f04b62cc376f4011ad45d4e46a90aadc,site_fold_2,0.7167384700037274,0.3033855385852509,0.1397998586479015,500,fit
bg_2023_0137,0,2023,2022,b1c60d3479151c265d732f1691c8965b5045f9f996bc435e7cc5093bbabaa7ca,site_fold_4,0.17868272820618128,0.16103306832111744,0.37754568339836997,500,fit
bg_2023_0140,0,2023,2022,25491912f96991025541d5f5da5a1ed06d902fbef16223d74ebe72a74b2706c0,site_fold_3,0.38057826472554684,0.5915484320884943,0.19968424129364795,500,fit
bg_2023_0142,0,2023,2022,27cf11d64439127707db65caff07bd9f503a61a6427d56ac8b3df0c792261c04,site_fold_1,0.9982404078061212,0.9286333452032924,0.33075226052072265,500,fit
bg_2023_0144,0,2023,2022,48a8d4b27be3f5a3d567610c033ac715c6277500103c9ec2d712f0b3bd427f0b,site_fold_0,0.631874596058178,0.87120219930833,0.40886671490689575,500,fit
bg_2023_0146,0,2023,2022,e889077796f75a8bf06a0218348506ff1aa58361a026a2158158d33545d8f8e8,site_fold_1,0.6893284480811548,0.9070097476833614,0.7730358132119263,500,fit
bg_2023_0148,0,2023,2022,7e9ec81c8ea1517e7c97d3f130bd8da15eded8367199dea08912d7fec27678bc,site_fold_4,0.8617093801874052,0.5368970758580071,0.8668068674816581,500,fit
bg_2023_0152,0,2023,2022,ce81223ed4abc36fdbbc236f8ffb7d0ee9ea969f12ac8750196c90345354cd48,site_fold_0,0.0005450902660133117,0.09336086957632814,0.03149512624713554,500,fit
bg_2023_0154,0,2023,2022,eaa88e45dc34bbc37c2c1c462247981c702e40fc4de264f8bfd709abb71da6d3,site_fold_3,0.3431258345805449,0.1613152054830486,0.0177313052585617,500,fit
bg_2023_0157,0,2023,2022,10931396412cd75603aea0d3abeeaa86eab99d3b921d1b092b41bbab3e6b3ef3,site_fold_1,0.23527241370316435,0.0030818487998709697,0.002783319257599036,500,fit
bg_2023_0161,0,2023,2022,d49b5fbc9ceb41ca0416f4cdb698a4166b7a68f5b61831b3c486481ab9266d59,site_fold_3,0.3689863724926032,0.9546370040446508,0.4275573978408028,500,fit
bg_2023_0165,0,2023,2022,d2fe77c5494009de82c48b234cc00ce5e962100afef8729763eebcde1fdb3ee6,site_fold_4,0.8994425828700748,0.35326462522705643,0.3777205192944785,500,fit
bg_2023_0182,0,2023,2022,338e23f9b352e3105dbde6ef929db218b89c42bef0ff3192ba71868dc1c03e11,site_fold_4,0.7438768293294656,0.8936496328502549,0.9592023326909662,500,fit
bg_2023_0193,0,2023,2022,61dbfdd28521f9308c90c25b11338b8d4a84bcf61abdb389858a2ac8ee611700,site_fold_3,0.14588968222401408,0.8399022591005735,0.436647271576513,500,fit
bg_2023_0197,0,2023,2022,085eb8211e0d2e935d23d26841e01d26a6fd4d394c7185918f5965368be91c14,site_fold_4,0.9132058647434791,0.9949565919562608,0.998645388451497,500,fit
bg_2023_0210,0,2023,2022,81ecec5ea53df338cb8dec8a3d93efdf89b240e40ceb46e53c9c62deeb7134ad,site_fold_0,0.3421092467773357,0.32593949165106173,0.3239129384423491,500,fit
bg_2023_0212,0,2023,2022,d62a426cec03061a92b4b16ff9276a42c85c45c9bef3ede5653bbbd82d16c4a6,site_fold_1,0.23899306333833126,0.0005887742913012918,0.006407043178160316,500,fit
bg_2023_0214,0,2023,2022,adcf989dc565c016087934f1ab4ba3b574fbe4b87d6ce6c4c0efac4ac2994595,site_fold_2,0.8009362865359182,0.9995082123750896,0.999996732436218,500,fit
bg_2024_0033,0,2024,2023,21e62fc153d7c067a581956f9285d808728d0fbcc3f743972121ab385b7f240d,site_fold_1,0.18766961347700495,0.1207178543240769,0.03929511478650814,500,fit
bg_2024_0037,0,2024,2023,ec12ead14120d4fd24d16cabbbd241eb1d0fe9c16ad943805a4312845283d462,site_fold_2,0.2784595538230952,0.04011516221057854,0.1331345923094826,500,fit
bg_2024_0041,0,2024,2023,2fd1ce506e821d00b2c7dc4f3c74578abf6a9aa737fc9b17501c9a890c7b32f4,site_fold_0,0.4497005719757179,0.3193146601153415,0.1442327480563562,500,fit
bg_2024_0045,0,2024,2023,5abac985a6deaa808eecb6a2742d5a724388c8f6c7ad871704b78b4066e386dc,site_fold_0,0.2793744666290765,0.004522330069775104,0.058961082709164093,500,fit
bg_2024_0049,0,2024,2023,1a44f043ff970d264d22e596a5e8bcb7dd2eeaed1035fc9b3d7de0c36349a6e3,site_fold_2,0.3454535440254487,0.8445803167557792,0.9654827222739377,500,fit
bg_2024_0051,0,2024,2023,748d2b899e4eb3beab4800bc94e8ff516e34ed0db3aef051813bec260a8670ce,site_fold_2,0.13502413655193637,0.9003678454124772,0.9146810159861525,500,fit
bg_2024_0052,0,2024,2023,dcd99ae5f275a0be2458b09742536127a22d13b902bd53e5ac740a04f46f77f3,site_fold_0,0.23850947054563776,0.017199476109123334,0.04844253564727135,500,fit
bg_2024_0054,0,2024,2023,8b97daeee954f5cf8ce99941964f6b69aafbd08ff670db5383f686bb16668c44,site_fold_4,0.3950545705156271,0.02555318253549563,0.026104855018975137,500,fit
bg_2024_0056,0,2024,2023,dc2c073fab33fa44d4232f769c5e6003d6870f75c7967861a7b52e38d7c69572,site_fold_2,0.30050717284668227,0.0484899285923623,0.44910607533788277,500,fit
bg_2024_0058,0,2024,2023,203ddd064d80fc0d4e7bff11a0776d9e93419a3a6037aa9adc2c7505290a1813,site_fold_1,0.15744363312788728,0.5507443164283122,0.7274508738756249,500,fit
bg_2024_0059,0,2024,2023,f9a9ec68c6f1d2a1231e5e83d38745b60d61290ff74ac936aa8f0683822eb8eb,site_fold_3,0.9262393394139101,0.6585717113260108,0.6408836999522535,500,fit
bg_2024_0064,0,2024,2023,7cf777b87c15c35cb12a26b7d8ad0f56654c2b75b6447578107c0cef8bdd2e29,site_fold_0,0.39314207274498153,0.18305155489549313,0.055149306243132835,500,fit
bg_2024_0066,0,2024,2023,a5a2dc9c1dbe6d7af6f51645bd09cb467e8f7c186eb7d91b2a155cea8ae622ed,site_fold_4,0.3185952599174011,0.02264500159725387,0.052557565735218394,500,fit
bg_2024_0067,0,2024,2023,b687a30ed837278ff4dadcfdef30f40b2986a06c7c79ed57693b3e6b2b1a9d33,site_fold_4,0.5143412212361379,0.8770271272041351,0.46579458824225545,500,fit
bg_2024_0069,0,2024,2023,19b54b72bdde6c4bd3cbe2546f3414a4ff56cd60d6a2bcdf3d6f1f199e8b9a7a,site_fold_3,0.24656605792729988,0.5579969343135839,0.02663765304647571,500,fit
bg_2024_0071,0,2024,2023,48da3e414015f3351b42e87e9218a6ceaedce537a926ba13d8759590bdad9d81,site_fold_4,0.3470717134100869,0.210712354178442,0.10759523303230566,500,fit
bg_2024_0072,0,2024,2023,ea2e9240baa8efb8641cef5f652b1f430fd03b8bb6bdcae03cd85c7be7d79e6c,site_fold_1,0.31279771980071763,0.05635908083866217,0.48268566900540033,500,fit
bg_2024_0073,0,2024,2023,eb67dc3c4a6302c161ea7c937485d56e520ac962c08ed97fcd8cb6d32e101eed,site_fold_0,0.05905207341660408,0.0004192412396330688,0.004846291427454069,500,fit
bg_2024_0074,0,2024,2023,0661378a425c8a66c4aa539a6016f77d94444565f19a404c200d8da71d881e6f,site_fold_4,0.3150439309592739,0.012720277431678691,0.013845479182206941,500,fit
bg_2024_0076,0,2024,2023,b0bb5e94bbb58bef0707986a0b214f4618e10f100ec3660f7f792c139b83b7bf,site_fold_2,0.5125728552310261,0.0016953725485713148,0.0032085975598524098,500,fit
bg_2024_0082,0,2024,2023,5535d9eaa37e4d1a7b852f0870d6bc9cf8d44c2c849c46b6e3bc123aea922f98,site_fold_1,0.9979091931635066,0.994846058429211,0.9947587313870201,500,fit
bg_2024_0086,0,2024,2023,2f8d0c0da0be361972dcf84753d6a3e08b6dad88a520b7d1a92b86f9b38320ac,site_fold_0,0.0674954222287514,0.007448825205532939,0.006792941742212927,500,fit
bg_2024_0089,0,2024,2023,30e0262a5079f27f544cfa11a50c2dac7696a1223e31b6a5743a25b88178f3f9,site_fold_1,0.47951882743545726,0.10274170818547218,0.5748131478828211,500,fit
bg_2024_0090,0,2024,2023,0ea0ea06867904ade6f0cc97d06bcc3a15a536e081b0765ae05da45dd08c935e,site_fold_2,0.8092339734907656,0.7764474169068559,0.6507730647714964,500,fit
bg_2024_0091,0,2024,2023,982618d21af830b045f8c249c93b9fe8c0ca46e8eef0f38a41b858d40f182133,site_fold_0,0.5499165876279534,0.40122539070699587,0.9421842532016238,500,fit
bg_2024_0092,0,2024,2023,1329ca34dd0aa22bba0143275ea656df9883ad433541073bcd4a263e3256d123,site_fold_3,0.26126488758602423,0.24101219854125389,0.32978915559663907,500,fit
bg_2024_0093,0,2024,2023,39af272ed4011f905c7675ca8e5251a45ad8be334a928f57454f06824c57b67d,site_fold_2,0.29889764979764705,0.3073762417574852,0.18294780910078168,500,fit
bg_2024_0101,0,2024,2023,0e3e2e1f0d7500e89ab5386ac3395e82b86d098339e82b63a4f96b3de677403b,site_fold_1,0.2020684639186913,0.8344246498439544,0.4217099722081708,500,fit
bg_2024_0103,0,2024,2023,094fe38ba748a64e5efdec7fb8286b4be6aadc362ada39934354d5551a5da3d0,site_fold_3,0.3095032823102804,0.2708152330153334,0.03458042997508852,500,fit
bg_2024_0105,0,2024,2023,5bb0f3030646a3eca15b3c715c0a2cc5c67d8a64036f4b26e788799479fcac9b,site_fold_1,0.5769140377313223,0.9261988564529806,0.9290369709187788,500,fit
bg_2024_0107,0,2024,2023,121ca7306a2ae0103033e3004279ef3e80366ab277effbd7df933cd44df93378,site_fold_1,0.603156206829165,0.46744412428696824,0.6623355421601633,500,fit
bg_2024_0110,0,2024,2023,fe94a8a6361778f583248af09d52d2f8beaeed2c3a1047494990e54232abf263,site_fold_1,0.5963557366237893,0.9509340677243949,0.9736572796524938,500,fit
bg_2024_0115,0,2024,2023,48ba22de3d6960040834837c9f93bad7da1ff9aa12c70c28cf23329daa5556b9,site_fold_0,0.028769518175140785,0.000124335793165475,0.0003167710526327878,500,fit
bg_2024_0116,0,2024,2023,b89dc14cbabd117f4baa55fee005974d32ebb678421d282b6faf5919d4c5513d,site_fold_3,0.022466405045243262,0.11764915350222224,0.15812255371789138,500,fit
bg_2024_0118,0,2024,2023,8e82547d47b9be467e201fcc7a5aecc54c71aded64e0ac980099b8678439acd8,site_fold_3,0.44946326217794524,0.013532786783804318,0.017753988302914466,500,fit
bg_2024_0120,0,2024,2023,1cdab643d1b940b0693fcbf08e8a99e52473b61131de923eb8b284c32f00c4d4,site_fold_2,0.17427851571128145,0.08904060660911971,0.06635639096409372,500,fit
bg_2024_0122,0,2024,2023,bf6cb7c3b436132579c4c247e107989902b49e1a3a297a787f54b840578a302e,site_fold_2,0.056016809604491014,0.021586137312046137,0.05697909164602899,500,fit
bg_2024_0129,0,2024,2023,9d517f55ae5613be7e9c1f546afa3a8453196835262a2da69354022e181623af,site_fold_1,0.40498551445600356,0.8052625285649792,0.6682440691038303,500,fit
bg_2024_0131,0,2024,2023,c70088b5f5ed553ac8d54c56b48c1be5b90a722246b8993e86f8ab252abee2b8,site_fold_4,0.9237649012564322,0.9879919143983694,0.9357661767328466,500,fit
bg_2024_0133,0,2024,2023,f4be26be42aa63779b31705fdb787991f04b62cc376f4011ad45d4e46a90aadc,site_fold_2,0.7624324728939191,0.46916637963733604,0.16712265568509932,500,fit
bg_2024_0137,0,2024,2023,b1c60d3479151c265d732f1691c8965b5045f9f996bc435e7cc5093bbabaa7ca,site_fold_4,0.17918971696885244,0.3709912761172945,0.12617380044659407,500,fit
bg_2024_0140,0,2024,2023,25491912f96991025541d5f5da5a1ed06d902fbef16223d74ebe72a74b2706c0,site_fold_3,0.33483005586175824,0.31601719364807124,0.8706814994931673,500,fit
bg_2024_0142,0,2024,2023,27cf11d64439127707db65caff07bd9f503a61a6427d56ac8b3df0c792261c04,site_fold_1,0.9985384543031973,0.9799830095939686,0.536844415307108,500,fit
bg_2024_0144,0,2024,2023,48a8d4b27be3f5a3d567610c033ac715c6277500103c9ec2d712f0b3bd427f0b,site_fold_0,0.6703709456176276,0.7898469765235567,0.9243066623649283,500,fit
bg_2024_0146,0,2024,2023,e889077796f75a8bf06a0218348506ff1aa58361a026a2158158d33545d8f8e8,site_fold_1,0.623045543429676,0.7751223212729195,0.9808469365839093,500,fit
bg_2024_0148,0,2024,2023,7e9ec81c8ea1517e7c97d3f130bd8da15eded8367199dea08912d7fec27678bc,site_fold_4,0.9271601501877171,0.9276037160776466,0.7739203949613558,500,fit
bg_2024_0152,0,2024,2023,ce81223ed4abc36fdbbc236f8ffb7d0ee9ea969f12ac8750196c90345354cd48,site_fold_0,0.0002043842074482084,0.10999888404818137,0.026809542442727166,500,fit
bg_2024_0154,0,2024,2023,eaa88e45dc34bbc37c2c1c462247981c702e40fc4de264f8bfd709abb71da6d3,site_fold_3,0.06334912982515024,0.03511793678403167,0.02692995814844728,500,fit
bg_2024_0157,0,2024,2023,10931396412cd75603aea0d3abeeaa86eab99d3b921d1b092b41bbab3e6b3ef3,site_fold_1,0.3071472946503196,0.004298633851087219,0.02432951215500905,500,fit
bg_2024_0161,0,2024,2023,d49b5fbc9ceb41ca0416f4cdb698a4166b7a68f5b61831b3c486481ab9266d59,site_fold_3,0.4310950461110096,0.7031527296571388,0.9175750282294587,500,fit
bg_2024_0165,0,2024,2023,d2fe77c5494009de82c48b234cc00ce5e962100afef8729763eebcde1fdb3ee6,site_fold_4,0.8614326122070292,0.20675070847207133,0.4067248646616155,500,fit
bg_2024_0182,0,2024,2023,338e23f9b352e3105dbde6ef929db218b89c42bef0ff3192ba71868dc1c03e11,site_fold_4,0.8297125023061162,0.9496036980053555,0.9950799842472834,500,fit
bg_2024_0193,0,2024,2023,61dbfdd28521f9308c90c25b11338b8d4a84bcf61abdb389858a2ac8ee611700,site_fold_3,0.19234998037474035,0.4248516407613614,0.8536400294509855,500,fit
bg_2024_0197,0,2024,2023,085eb8211e0d2e935d23d26841e01d26a6fd4d394c7185918f5965368be91c14,site_fold_4,0.9529671950468812,0.9973033551198459,0.9995991863935832,500,fit
bg_2024_0210,0,2024,2023,81ecec5ea53df338cb8dec8a3d93efdf89b240e40ceb46e53c9c62deeb7134ad,site_fold_0,0.3408004659025287,0.41914743552843364,0.627595741184802,500,fit
bg_2024_0212,0,2024,2023,d62a426cec03061a92b4b16ff9276a42c85c45c9bef3ede5653bbbd82d16c4a6,site_fold_1,0.2716124542017866,0.0017749951873993436,0.0019178608515944997,500,fit
bg_2024_0214,0,2024,2023,adcf989dc565c016087934f1ab4ba3b574fbe4b87d6ce6c4c0efac4ac2994595,site_fold_2,0.651930777534803,0.9999835069351445,0.9999166365928558,500,fit
