sample_id,label,event_year,feature_year,site_id,fold_id,T_DW_prior,T_DW_prior_AE_prior,T_DW_prior_AE_event,buffer_m,fit_status
seoul_flood_2018_00324,1,2018,2017,a1b1fca44bc1ff34acebce1d2dec2893d4eccf3bfe1ad7734248e10fe47f54c7,site_fold_3,0.39092512020166736,0.847378854607561,0.7681050099721735,250,fit
seoul_flood_2018_00005,1,2018,2017,e88f89ee8b1977d499627aace65949860075e37faa7075fb202f3b9c70914306,site_fold_2,0.8035544619356306,0.8034149251788355,0.7103724857045115,250,fit
seoul_flood_2018_00723,1,2018,2017,f792ca6fa3b7966d7fa888f7aba498b9357ec720fd74b0d523038cf5741af0bd,site_fold_2,0.9663989939214711,0.9786825366866778,0.7938954064127598,250,fit
seoul_flood_2018_00741,1,2018,2017,0c53dcd495b829b20efb3cd45350dae6ad9e1f288bc99042e9b015befbc96aea,site_fold_1,0.5932997263330041,0.7314705723675672,0.8389341672831426,250,fit
seoul_flood_2018_00325,1,2018,2017,a83737b63d9a503d7d831fb52ed8b58f380bae7bb9a6ea2c93390c680f809ee1,site_fold_0,0.9271671107126825,0.998259321393731,0.999077192174723,250,fit
seoul_flood_2018_00006,1,2018,2017,ac7d7cf118db0102628ab6d0633c011aa5b6a76e06adea19ae1b020a71924fb9,site_fold_1,0.8357077518478792,0.9373715339837767,0.9796571667155767,250,fit
seoul_flood_2018_00724,1,2018,2017,cd69195557cdbdaf5ce455c634a40f8ef2384631b031d6bf23b3bfbf753d27c3,site_fold_1,0.8844910742657878,0.9942975035167837,0.976310405308181,250,fit
seoul_flood_2018_00742,1,2018,2017,281ee18e6f6caaecbe9a202ceb6e7b72f1f1c841efc7b7cee1fc3c5652f3683d,site_fold_1,0.7577182036003639,0.9541562897150057,0.8700794761278273,250,fit
seoul_flood_2018_00326,1,2018,2017,0b759919b089a0a22e2f525d49ab414e3f532557f3abde425e5117e4866d8812,site_fold_0,0.690791368047058,0.8903426993974636,0.9358234548308217,250,fit
seoul_flood_2018_00011,1,2018,2017,1d041d03fe3492d616ef2e8ff830888228eb12026dc49e31cce9a305e5ed7e06,site_fold_1,0.5514269391550732,0.8280616100303446,0.6046895738222036,250,fit
seoul_flood_2018_00725,1,2018,2017,016fdce57ee065cde1e7a7d9c7335988a9c8740d99386001979a8db655fe94fd,site_fold_3,0.9601880050178389,0.9509001997845168,0.9361370573663139,250,fit
seoul_flood_2018_00743,1,2018,2017,7620be273e51d04036dd429b1780df3112895de3b62b1d436d4774dbb49c4d76,site_fold_3,0.3059057435400323,0.9560889917755386,0.9693801378793089,250,fit
seoul_flood_2018_00327,1,2018,2017,053d6f8c081d5d4514368aeca0fcac700fbe7e896de8295fc6772f272a3546f3,site_fold_2,0.6800642020597925,0.770358016363988,0.8714642319226263,250,fit
seoul_flood_2018_00012,1,2018,2017,9df6541a039a93123871f9d79f5b8006457ed47b9ce2268ed5d86a5099fcbcc7,site_fold_1,0.9190289360191807,0.9946850754525056,0.9894180539244737,250,fit
seoul_flood_2018_00726,1,2018,2017,b7cfe4f3036b3920a9c0cea41a0880e97030fd6eba18c0725e204f88cfc566dc,site_fold_2,0.993395007818256,0.9964378755981206,0.9894429685081246,250,fit
seoul_flood_2018_00744,1,2018,2017,3a238d50e2af219ba4ec25c647463d9ea7d1f63a9a1d239c41f91c75c557643a,site_fold_2,0.26935602597547903,0.8504406134871539,0.9195279495188933,250,fit
seoul_flood_2018_00328,1,2018,2017,c350b7a0650780eee86eed1205b21bc8e309f3758943c1e32321cec0af94c026,site_fold_1,0.7395648677702983,0.9222656788029919,0.9524045529601721,250,fit
seoul_flood_2018_00020,1,2018,2017,388a682307c61eec5c4cc5e96e9adecbf7434ab3669180ed93edde5abf56ec24,site_fold_1,0.6777768046227569,0.921690169988917,0.9331810160717197,250,fit
seoul_flood_2018_00727,1,2018,2017,c750d53cddbd6712ab9b87d84b0fa4436f78f820dbb071fee232eebeb0c9dc63,site_fold_1,0.19021527167761626,0.39824889957458637,0.23032270806366462,250,fit
seoul_flood_2018_00745,1,2018,2017,3522d53dc7424cb162deeb350bf2fbeaae2820630dafe096b0b77802e2cb3cc5,site_fold_3,0.13255777772032304,0.6970276855711167,0.7766854822677737,250,fit
seoul_flood_2018_00329,1,2018,2017,918ba9f59e992e22e19d2a2a57747a530407ff0a2caaae7081813c50b7096c64,site_fold_1,0.7395648677702983,0.9222656788029919,0.9524045529601721,250,fit
seoul_flood_2018_00021,1,2018,2017,3b97d95dd112fb934e3360de60c479a157c794139261e92b084fedd6f79a6971,site_fold_1,0.4849024910198963,0.7651868764712632,0.5850999496890245,250,fit
seoul_flood_2018_00728,1,2018,2017,1567ff21af4f0e60ece05b1b1f97f6688f3122fa285400a649e9f6911f4eb7d8,site_fold_2,0.8383128637567221,0.965342369220153,0.9867506745585504,250,fit
seoul_flood_2018_00746,1,2018,2017,f2cba0d9a3d3f61556a8daef88c437a1b6ffdb591f7f34d3bd05083858f871d0,site_fold_4,0.05040988080844272,0.01595173540893987,0.14500861860567776,250,fit
seoul_flood_2018_00330,1,2018,2017,ccc187526c6e506022a98020a10e694ebed7f9288bcab382e7573d1639ce746f,site_fold_3,0.7736273394029048,0.924222159403974,0.9756874520801139,250,fit
seoul_flood_2018_00022,1,2018,2017,37ac8c59899fdee8a996aecc0b960138157b4d540236c004fac05624e9a802dd,site_fold_0,0.6018091124535931,0.9960317862055628,0.9988409298727625,250,fit
seoul_flood_2018_00729,1,2018,2017,c52b915e27b4091750b43512b670caee102702467a59260cb6dc9389b90583f9,site_fold_2,0.7941307652709381,0.990396469123587,0.9947470530321385,250,fit
seoul_flood_2018_00747,1,2018,2017,c7edb11248be6812169ef801e912dbf2da345059d9f63db27f0a5fa68b0be9c7,site_fold_4,0.8431255881406522,0.968577532360629,0.9720511390545088,250,fit
seoul_flood_2018_00331,1,2018,2017,1d35c36c5c8376735746df76324bd49ab4a065010f8d30d93d79cb28dc3150e4,site_fold_3,0.9261133943679718,0.986029648344712,0.9882315053823625,250,fit
seoul_flood_2018_00025,1,2018,2017,53a24fef9ef8807e2cc28e2f06874c151ec3c800b1fc78566a38dfc78c97939f,site_fold_0,0.3068662099065391,0.9744732129223601,0.9093534170647297,250,fit
seoul_flood_2018_00730,1,2018,2017,2188fc31bf1b87a414d865159779d5c75063bd89ee3bba3de439f0c8935be81b,site_fold_3,0.8126631519059929,0.9931300249520895,0.9870564084233463,250,fit
seoul_flood_2018_00748,1,2018,2017,efa5830a13132042247e314874bb44bc8008ea34483223557638b3c466ae6d7b,site_fold_1,0.6285197218820698,0.9532767529715214,0.975609909606098,250,fit
seoul_flood_2018_00332,1,2018,2017,381acfff536f180dba5bf633c798bf56cbb21042110d410ba141294bbb24c97e,site_fold_4,0.949663184885519,0.9946396123943732,0.996747690573292,250,fit
seoul_flood_2018_00040,1,2018,2017,659d244386f4866b404465faceec6356e38de3adfd161893e5fd8ef2a036df9f,site_fold_2,0.9401106134444192,0.9937562707421488,0.9868067720306695,250,fit
seoul_flood_2018_00749,1,2018,2017,6d7587c462684477b7bfd3915ed0660269aefa70ae2fb0556af7aa5c82ac789c,site_fold_2,0.6671728114096926,0.6784240001472325,0.41791972992033083,250,fit
seoul_flood_2018_00333,1,2018,2017,605ee8a54d1aaa4b9701f183e63067ac88aacf7d6bda1ef075ab1637bfd92de5,site_fold_0,0.6918391520189373,0.9865377825998467,0.9880234127565771,250,fit
seoul_flood_2018_00043,1,2018,2017,cda8b7236e56129d5f1016fb65a3cb4103a46fdbfd7644c4b4c8f1aa856ea226,site_fold_1,0.9130347095838498,0.9869510126118314,0.9961836694940291,250,fit
seoul_flood_2018_00750,1,2018,2017,3813ecb1452f6add0e764ae12869927bdd31ead5da2599a59a4786f1c1d338fb,site_fold_4,0.09853486457698493,0.05826017112100456,0.3891116577367701,250,fit
seoul_flood_2018_00334,1,2018,2017,c8a1f2ad0894e015f83443c9267b0394232ddbc3070594550ee0c906ef8fb4d8,site_fold_0,0.7053759978027905,0.9575070912324033,0.9793494646229349,250,fit
seoul_flood_2018_00044,1,2018,2017,b85e697ac2a50ccb96d372f5cc922136a327bc212ce3ef91b6d535dd5a1433cc,site_fold_2,0.39358975311862004,0.9986576259270596,0.9974660648939234,250,fit
seoul_flood_2018_00751,1,2018,2017,1d014c0252c9d1e801cd15c8ef78f472bea4869776885c791bbf25c842eca006,site_fold_1,0.5302775087873389,0.6693560443886905,0.672359523319676,250,fit
seoul_flood_2018_00335,1,2018,2017,b2f2b60c254e7490190f41b9c16af5d8de91579749b3fd585287c90ddc3a9f8c,site_fold_4,0.9950632519374021,0.9994431299341987,0.9995283037823774,250,fit
seoul_flood_2018_00050,1,2018,2017,79f8b2c51da51d091269b8226eaa9c01c48c24aea78c15bf3cdc5ce731a6e3af,site_fold_0,0.7224588525648578,0.5477617752872358,0.9227287528538402,250,fit
seoul_flood_2018_00752,1,2018,2017,4299d7148be312faca910ed1a45c3f59ab862b0ae0e28fb46a59d325163411e8,site_fold_1,0.5052607245229601,0.493278896356779,0.6064476716255705,250,fit
seoul_flood_2018_00336,1,2018,2017,58dcf847e10eb5935155f8eaf1b4d1599acff4602e20f9ba360e9e0b5f450524,site_fold_2,0.9606295140285146,0.9678554043511051,0.9711891423955411,250,fit
seoul_flood_2018_00053,1,2018,2017,624e10d71a7f47b984636b6edb8bdaeb5b127bfda9d61227a0b41f3151c86416,site_fold_3,0.6758092824981909,0.9724603363833687,0.9653519954038198,250,fit
seoul_flood_2018_00753,1,2018,2017,326d3e32f81727903e6e38e8d66e8f45c0f49a83fd1d55dc4bf18b1596746aaf,site_fold_4,0.4131716858465914,0.21017185144229658,0.7089786472086147,250,fit
seoul_flood_2018_00731,1,2018,2017,7e27002406c970b9f0ad3eef70363e745220a81e62d98ccc076ed94360476b50,site_fold_0,0.8651388162530261,0.934743142678388,0.9930766178873202,250,fit
seoul_flood_2018_00056,1,2018,2017,48b35a72390e799e3ddeeb233e3c32a9ac9aaddacb845ae849a8bcb07b4e71f4,site_fold_0,0.9174039677318309,0.9790814977272589,0.9949763311687063,250,fit
seoul_flood_2018_00754,1,2018,2017,97789c0161bd76a063a56684677dbb07715ff06ff30edbf9dd137f6c3b398409,site_fold_3,0.39067263787534395,0.8714646841034019,0.8908527888661611,250,fit
seoul_flood_2018_00732,1,2018,2017,e5fa1ea429c64ce2505d006be1fb818f4d0046e475d298ccb992113713754a16,site_fold_3,0.2939392057659259,0.9792544994025795,0.9569669849941309,250,fit
seoul_flood_2018_00057,1,2018,2017,21e378c1bde8ed37fbd884d8f7bf3aa6571b63b171072ae0243436ac2a33da03,site_fold_2,0.808666424125297,0.99888725269023,0.9997766627997873,250,fit
seoul_flood_2018_00755,1,2018,2017,f7652aa85c77cbc87997e2756749f15c92d172deeefd4982fdea8e0c0e1ecc05,site_fold_3,0.13255777772032304,0.6970276855711167,0.7766854822677737,250,fit
seoul_flood_2018_00733,1,2018,2017,1a260a4112fa78b379fdd3363e95fb3f2dab1c04edc8b1adb13fd6674ef65186,site_fold_1,0.701197759230377,0.9945637244599237,0.9975677027725532,250,fit
seoul_flood_2018_00061,1,2018,2017,dad1c77fbc783427bafba867dc3676e700063a0f8bf0cba6999b50341c608236,site_fold_4,0.9963642382355051,0.9997886495441217,0.9998381374735558,250,fit
seoul_flood_2018_00756,1,2018,2017,d820383513b0930310149682bf4fa107808fe3139631b684f8cddbf29663c7a1,site_fold_3,0.1735987665178676,0.969843945593688,0.9330183266084197,250,fit
seoul_flood_2018_00734,1,2018,2017,41db34bc751872c31e82c1435d7851e06d4acbddc1fe6a1b119b517cb9da914e,site_fold_3,0.5003315602731077,0.9602594144360702,0.9600569280801654,250,fit
seoul_flood_2018_00062,1,2018,2017,9f7481cc4bd4e573144e61fce0fa90b22b1866ba41db60d60147951b6a558950,site_fold_3,0.37096134731433655,0.9753997224955815,0.9271204487669438,250,fit
seoul_flood_2018_00757,1,2018,2017,8bf60aa3320ff1085bdb260f4de4d79abcec85d2751865de7bc81c6e7f5c9230,site_fold_2,0.3095433586066342,0.44338591168268354,0.588843172438691,250,fit
seoul_flood_2018_00735,1,2018,2017,9a2a6d96d61b642accdc67fe6199408ae6318794974446f6e6849d5d9b096ab1,site_fold_2,0.47886880877478116,0.45555171942017103,0.7971011728356115,250,fit
seoul_flood_2018_00064,1,2018,2017,ee0fed5c78b685055fd38ef69d86e32bb9b0540bd39afaa2454136cc247e7709,site_fold_2,0.10660933070103633,0.7686134511445173,0.5358679232168082,250,fit
seoul_flood_2018_00758,1,2018,2017,705e49ec80245d662e9cf4181ff34571db06dfe1e4d68d6be85d478bb8638e6d,site_fold_0,0.47153685186789657,0.7434356230024604,0.783810868246964,250,fit
seoul_flood_2018_00736,1,2018,2017,3a631fbb8ea1590814892f1b2dbb54dd3a3d627eee72ad04c6730da37e0c1d54,site_fold_2,0.6194463077274267,0.9979670813012971,0.9994778989975793,250,fit
seoul_flood_2018_00065,1,2018,2017,8eab2f8b57512faca1a4b9278339274fb6f1b87d275b8d9d89afaa1fa7b1bef5,site_fold_3,0.9580605755352919,0.11492695861110247,0.8453305473780087,250,fit
seoul_flood_2018_00759,1,2018,2017,3079dfeaba1faf9d566c7050ff2ec5201d3799d5b4bc7d5fc23a1983a3885e4a,site_fold_2,0.40646055488302796,0.9025662179271448,0.9109042009648823,250,fit
seoul_flood_2018_00737,1,2018,2017,112344c4987a5f696346382e2b12cbf7f30d7e84fa4b1a4e4543ad0e8ded311a,site_fold_0,0.22102400668258437,0.9959813880115344,0.9869134952579561,250,fit
seoul_flood_2018_00069,1,2018,2017,2b3e5e6e494b7fe4dad6a6696e4750401a2405216cf6320548ed8ca7ad9d4225,site_fold_0,0.6172430564789828,0.8838464940033856,0.9549529612080905,250,fit
seoul_flood_2018_00760,1,2018,2017,d19d4648cf65ca6ea86331157fa9bf7b652de1ccb3a2155cabc6bf5f2b500ff2,site_fold_2,0.47036096728113513,0.9901277814551831,0.9855330120087981,250,fit
seoul_flood_2018_00738,1,2018,2017,b219ab5ae8913d32375632f6109b09c84f177543da505670ae46e9c08117413d,site_fold_1,0.27423174452993626,0.9767979093029617,0.9335872557330004,250,fit
seoul_flood_2018_00071,1,2018,2017,7adaa6b8000bc42a464e78f70fa2d413bbf039dd656438fd0e5654cd9ae0975f,site_fold_2,0.48189451281549184,0.9937205537121031,0.9995477356257046,250,fit
seoul_flood_2018_00761,1,2018,2017,649a028f0cab3f8dce663c2991f00eb3df881d64269eedcbdf1a0f16a1ac86ad,site_fold_0,0.6317207419083036,0.9942434452214642,0.998356651041429,250,fit
seoul_flood_2018_00739,1,2018,2017,d1408d944ffa98ee9c0008881a700f860a827354ea90fa56a5140e08bc15ca6f,site_fold_1,0.9333144956215774,0.5837503630111242,0.7383777263255491,250,fit
seoul_flood_2018_00074,1,2018,2017,275e9fc1dbbb45fea3e5c12324184c1afc46cc59e56490e9b814a413a9db3ce2,site_fold_2,0.6952758792964795,0.996776510731119,0.9984462002531999,250,fit
seoul_flood_2018_00762,1,2018,2017,51e73d067106dedd680d04080ccf46f7803895ebabffcad1563ccaf312909474,site_fold_0,0.882653920884669,0.9690815097426179,0.9700979434848914,250,fit
seoul_flood_2018_00740,1,2018,2017,138f9834a140c30fe1cb1013f09b6df844aff508584439948cb9fc3ecb933306,site_fold_4,0.5751514033010912,0.9584479549044161,0.9476456506632307,250,fit
seoul_flood_2018_00080,1,2018,2017,5b18f1a9783d4518a71dc4dcda4a948cc51404a72c5c09734ee122e18d3f95ef,site_fold_3,0.9403344987807105,0.9993817578350501,0.9974261729878062,250,fit
seoul_flood_2018_00763,1,2018,2017,2ec78c588853f99c32d1ede1fa1ac3ddfaf067a1b750ed949481cb32e682495f,site_fold_0,0.6791444250417927,0.9734976801358042,0.9223233645067986,250,fit
seoul_flood_2018_00083,1,2018,2017,53f21c0284ddea8549b752d3c5ff3be611c28804d4f6564a5f13a1ff0a5b11bd,site_fold_4,0.9325078569998867,0.9998487915130311,0.9997431388366074,250,fit
seoul_flood_2018_00764,1,2018,2017,05d3f478e28ca860362a10d492fa9a67f8c033caa6ab9ca380f53048b367b481,site_fold_0,0.4908672377462381,0.6730054228612748,0.18093595765590176,250,fit
seoul_flood_2018_00085,1,2018,2017,0765f22659ab1c730be3c132151cb333cb8e887f92fc902404be8b7a4e4d42d8,site_fold_4,0.8534739846032146,0.9936554192108954,0.9986330731282393,250,fit
seoul_flood_2019_00001,1,2019,2018,fcb0a15bb5a2205a02887417432d9ab19ce9374453c6aa345161e4520f3b6176,site_fold_1,0.8458463605760389,0.9986708072224485,0.9953158874099663,250,fit
seoul_flood_2019_00002,1,2019,2018,5fd8b087336a389f8364b4a246a938ed21be409b952c86585a9f54ddd749638b,site_fold_0,0.13032562467598705,0.05950602806006939,0.009640652738285734,250,fit
seoul_flood_2019_00004,1,2019,2018,54cd0bb8ec5fe2848ec2ecae95098289bd76d30ee662d04ac03f69be0465d9d9,site_fold_0,0.21974812911093253,0.011663914432923793,0.00030362853759791986,250,fit
seoul_flood_2019_00003,1,2019,2018,547e2d01ac7557cf394ed69c6db6d5d02025d9fe473ef3bf7490e9270bc0d793,site_fold_0,0.7302974915635931,0.6302398562290353,0.1984309579413111,250,fit
seoul_flood_2019_00005,1,2019,2018,fd65d6658f5c8b220975c11acba4fd65d878d6713aff553ae1f91f6159a3afc7,site_fold_1,0.3401148782458179,0.6444036833791157,0.6021707689285616,250,fit
seoul_flood_2020_00031,1,2020,2019,60cd8eda4cf981487d922b2bc9e94f935b3640c72165ca20371285f105bfbc4f,site_fold_2,0.7619801432511428,0.46883582401197266,0.17080603470053438,250,fit
seoul_flood_2018_00087,1,2020,2019,3c515eb667611eba105aabdc662f06d42cc067b6a4d35327bb2f79d1c65ea40e,site_fold_2,0.7311417900502041,0.9997265144805396,0.9985933590621384,250,fit
seoul_flood_2020_00161,1,2020,2019,c90712fd2ef2d9873c9b89acd3eeca11a6a7a57e145395af8d2a70433783d621,site_fold_3,0.08242444298286478,0.008690555037156874,0.034653818185200906,250,fit
seoul_flood_2020_00038,1,2020,2019,7222b0a726b4d6c589b7367aa03cd95be294d02ac9a05538f65edde4b0fec905,site_fold_4,0.8975084073426423,0.5393946668789856,0.5242104609380275,250,fit
seoul_flood_2020_00032,1,2020,2019,cb715ed173479e77ef2d6ac026302a54a58d9972f9db28988c05158b74d71cf0,site_fold_3,0.17727070049321947,0.5366762821743665,0.23890969529627384,250,fit
seoul_flood_2020_00008,1,2020,2019,18a42675611639157295738f87f0005ce33c610aa2b3bc131d1c81844bbf3344,site_fold_1,0.7658941347803712,0.2427885786168608,0.6541874635366631,250,fit
seoul_flood_2020_00162,1,2020,2019,18934a7e51159b2f8bb68012fdb6bd5b0f75ef97656072bd5eef4b836fad42ac,site_fold_4,0.9516547392575861,0.999298337446807,0.9919965788305856,250,fit
seoul_flood_2020_00041,1,2020,2019,20f45fbd0cd6c1b2391ffe209cca7f6998b68037228bc730a5c77074aaf53eb2,site_fold_3,0.32998758071301626,0.5791721905762554,0.7953609731087059,250,fit
seoul_flood_2020_00033,1,2020,2019,ef6b220ac91c0f350535c2927f95ad072f275f16ff047695c8ca1b82121c76c4,site_fold_2,0.4291352420924376,0.9358645352220589,0.9607622057913732,250,fit
seoul_flood_2020_00016,1,2020,2019,e10a1d4b0b322dbb7542eab7927bf9f8e9d224d52e55caa6bac671aeb120f13f,site_fold_1,0.5375534994725618,0.7706905550668386,0.5787441243965492,250,fit
seoul_flood_2020_00163,1,2020,2019,262d20d84cc21b6ee00c5d5c466254ab88ec02c9f15fc316248a69cd528083f8,site_fold_2,0.4220365420533025,0.20392064809211968,0.6228622348326013,250,fit
seoul_flood_2020_00155,1,2020,2019,f4b457f52bf5d3e32988f5e0f4e9e9ab2afcfa6bfbde1a658ba24fdee3240d98,site_fold_2,1.2919754330323554e-06,0.00010225612644392677,0.020212563397421845,250,fit
seoul_flood_2020_00034,1,2020,2019,10c46e4c62d7fdf5ed72a30e7772ba427dc77d249e30d5db3813c87d6a25358d,site_fold_1,0.8841605161740262,0.9926099636258077,0.9960332959522916,250,fit
seoul_flood_2020_00017,1,2020,2019,75b5b3fdff7bad158fcf1d9e2521788292a2fdd529262e14a8c3c7e1065b5167,site_fold_3,0.810177200025328,0.9941987290705315,0.9338477056675518,250,fit
seoul_flood_2020_00164,1,2020,2019,d38c663073cd86f011cced4de194b87e1b9d16bb8b5389e5ccf62d2aa8ebad41,site_fold_2,0.32879487337320523,0.33339187580120627,0.3223102459583695,250,fit
seoul_flood_2020_00156,1,2020,2019,3555de32ff588ee5c192166c9fc69526e5cdb8a175dba83f459952df5027364b,site_fold_2,3.311953485915661e-07,1.2444425222218769e-06,1.1202618435382256e-05,250,fit
seoul_flood_2020_00035,1,2020,2019,7e6c491cfb15eceaaa54161669de732ec9dde775dd0633a75e28ff537399fb74,site_fold_0,0.8745547202307216,0.9696558916291347,0.9906415366960023,250,fit
seoul_flood_2020_00024,1,2020,2019,08886a1567bf070a2898b735962da5b5637940828754011bfd419b9efba0e6fb,site_fold_0,0.3388914410783739,0.11165181527446949,0.3106358181631999,250,fit
seoul_flood_2020_00165,1,2020,2019,40392281aeb3adb0c0778c84507c484136bcf21550dc3461d47533208cc16d0d,site_fold_4,0.8598332941372879,0.999721323863097,0.9982977730116225,250,fit
seoul_flood_2020_00157,1,2020,2019,7b2db85225e0120ee8866f4d1af9bd2aa38f479e3462310696a9b7979bf3c97c,site_fold_2,6.56437390310771e-08,2.0281377354703384e-08,2.5632847211239426e-12,250,fit
seoul_flood_2020_00036,1,2020,2019,a40d0bba62c999d879457048f04d7b8deff936b8ce065f1b93ed9f9b9add1779,site_fold_2,0.771986668098888,0.04118321497899824,0.028079533739796592,250,fit
seoul_flood_2020_00026,1,2020,2019,60c400e61de242770e7da27016af5b1594a883cf59b9a9d86a72b9faa255f301,site_fold_0,0.8190864962967711,0.9623622201466757,0.9909625120044484,250,fit
seoul_flood_2020_00158,1,2020,2019,0ebe6e4adbc9b4123af967a249ff6160cb782d1ce30ef79fdfebfa0de565d9e2,site_fold_3,9.589068512223435e-13,2.301723303817643e-15,3.0890472476068957e-16,250,fit
seoul_flood_2020_00037,1,2020,2019,68064bd8597c3a2f5dcea7760664869c422926f714498f30c771c4ac7d10c12c,site_fold_3,0.7031236601260253,0.34218890746050107,0.2739055826267364,250,fit
seoul_flood_2020_00027,1,2020,2019,159756d275658a6eea185326c1c8b8bdf783cb6ed665eec07e2c6cfd1f90fd46,site_fold_2,0.9960941112548829,0.9999492561718407,0.9998181693279106,250,fit
seoul_flood_2020_00159,1,2020,2019,19c1885565e56c290d21634561050e4e1cc121630fe7468379a765458fc7dd94,site_fold_4,0.00023234549493278726,0.0001009044172224988,5.299056434991979e-05,250,fit
seoul_flood_2020_00052,1,2020,2019,8f04d29a85b032d3db48171fa74a0e015c47781d33e5eb50b4beb7c8e972e2d5,site_fold_3,0.997804390792093,0.9992464221754617,0.9988533721714896,250,fit
seoul_flood_2020_00028,1,2020,2019,e311ebab0d1322dd22364ea30cd114fc805926a72b5d28893510e9a4da436f4d,site_fold_3,0.9968974144634041,0.9990666920156179,0.9992973429868188,250,fit
seoul_flood_2020_00160,1,2020,2019,456d2ad59c7004e996a1bb2640f7a4c7791206f398afcf1712627e80ebbe03d5,site_fold_4,2.022595120362291e-06,1.1354190061055482e-09,1.337238911058992e-10,250,fit
seoul_flood_2020_00053,1,2020,2019,e92a42c30861ff8dd3c05bd15d469cecd2a4a795eabff79eb9735e228dfa1377,site_fold_0,0.9497309617348019,0.9919130886624333,0.9967907700609969,250,fit
seoul_flood_2020_00029,1,2020,2019,e54e33160a2670c6606515444b193b0c29f0b4c0ce102243371879c9fa07af70,site_fold_0,0.5948828770609433,0.9795560232331497,0.9972091619791456,250,fit
seoul_flood_2020_00054,1,2020,2019,903fe509e1173017f2664fdb60235e5c0fecf5698740e6cbaf813caacf9bafe2,site_fold_1,0.8554642389578634,0.9514300766148632,0.9486534094931869,250,fit
seoul_flood_2020_00030,1,2020,2019,4892c95f9d4be5fe6e9e807cecd47c952f44a5088c5322e9a089f89958183f58,site_fold_4,0.21674305773443214,0.35113266165220475,0.24578061386771846,250,fit
seoul_flood_2020_00055,1,2020,2019,4da29f2b0d9cdcc836f9470f506600c4a9c7d272b3e99196aaf402c8da14efe6,site_fold_1,0.8488457842914302,0.8922892130189658,0.967566894292888,250,fit
seoul_flood_2020_00049,1,2020,2019,11883d7fa62f924dcca67e6b71805e13ffe7284cfa99d3aab7e71251afc42871,site_fold_4,0.6930675529961652,0.9768461233591553,0.9858030013500051,250,fit
seoul_flood_2020_00056,1,2020,2019,fe81cdb1e697e8d9d4e8a80b1d37984835eaf1d7832d50438399759015467427,site_fold_1,0.769928459051841,0.7148284156474022,0.651906655639343,250,fit
seoul_flood_2020_00050,1,2020,2019,c16f2de5175ab6c9c3347be190453bea3fbc24fe1f20f10b5b6eed4088860d86,site_fold_1,0.3272506881890955,0.7324857533947021,0.7280047953390323,250,fit
seoul_flood_2020_00057,1,2020,2019,85a1a4d286c1a53ca36fa8ceeca235ad1b2f583d127de7ab084cc0882321ff74,site_fold_3,0.4636469350212216,0.5250723033020578,0.38076813349760646,250,fit
seoul_flood_2020_00051,1,2020,2019,01b405d8db875779338248b392bebddac1a9f6fb16604928d371454ee69e0204,site_fold_1,0.35490860923593476,0.561049147901846,0.6432778205994143,250,fit
seoul_flood_2020_00058,1,2020,2019,6d3dd7eae848fa7d6717b0f8ee7631b0158b96c9cd6f237d2c2e4c179d9af571,site_fold_3,0.5866550001489232,0.3226572450652362,0.392959547390104,250,fit
seoul_flood_2020_00059,1,2020,2019,e5b2c0eae5350cbd21ab8dc75a8db32c3f296c350d962b4a4bf95ca07aa71bb7,site_fold_1,0.3977202376042026,0.5148965906884857,0.4053509764587309,250,fit
seoul_flood_2020_00060,1,2020,2019,dc52b7037a37162ca7aeba0c259fcd2d421b8bf018e5cc39e00ec8d22374ef17,site_fold_4,0.9779776275031041,0.9923843992677185,0.9972437996345653,250,fit
seoul_flood_2020_00061,1,2020,2019,63766b2550ac2953f858ddfec3231520fd87d6dfca7d9e0ac9c396ec7684e38b,site_fold_0,0.9102075179099891,0.9914426453039975,0.9936502216775263,250,fit
seoul_flood_2020_00062,1,2020,2019,8266c76f416d89566523a98da79764c403297610b0a135f5a5ebe1be9695c216,site_fold_1,0.7346582083122691,0.9928353806472884,0.9842834334131445,250,fit
seoul_flood_2020_00063,1,2020,2019,df5c84717faba2883b1eaff076e8fb3415343781d918d34433bbca08fcd8e080,site_fold_3,0.8067785322387714,0.9908605616900578,0.9393815244653965,250,fit
seoul_flood_2020_00064,1,2020,2019,e99e51efa4aad35446fd6eeed904db223ad457aabb180255994303345c8ed2a4,site_fold_1,0.8973138558978943,0.982934901986459,0.9975948458444666,250,fit
seoul_flood_2020_00065,1,2020,2019,03f72303926d55a23a3475a8ba15ff8d5fbd5acd435609a29c889cc220ab2047,site_fold_2,0.5500888023966308,0.8799115624696435,0.9895425705758412,250,fit
seoul_flood_2020_00066,1,2020,2019,8346ac8e8c0e93102650b8a71656bdbaac4d11ea774826e6cd08a89d08ea03c1,site_fold_0,0.8008111591705761,0.9820766029857337,0.9894140413725266,250,fit
seoul_flood_2020_00067,1,2020,2019,058fbbcdcf0d4578013e341b772cf94f2a02c13400f39a0c2c101529bad541b0,site_fold_4,0.926185190014707,0.9937868456006539,0.9980136811255645,250,fit
seoul_flood_2020_00068,1,2020,2019,d42b20bbd4e6bc379486f37ee4112e847759b2099f5dedb9a751a364e5621901,site_fold_0,0.9154161283290101,0.7112666019971985,0.9431054005774402,250,fit
seoul_flood_2020_00069,1,2020,2019,ca563eafd2455af056608fba6c9ac053308d757ff5046eab790cb80c2a839fc5,site_fold_1,0.9197579558662368,0.9560998975312065,0.9883272288911047,250,fit
seoul_flood_2020_00070,1,2020,2019,aa4fc57098b6444a72f7e54fad0bd94f7d13e0ed964d0da4f74baa4a28879a81,site_fold_4,0.974014955829051,0.9985698522507132,0.9990094613607602,250,fit
seoul_flood_2020_00071,1,2020,2019,eb16dd72df019be8aaed131448ff14d6fa2e90652a14ac21d8168900287d1771,site_fold_4,0.9907205006662727,0.9987070738991919,0.9987190240866894,250,fit
seoul_flood_2020_00072,1,2020,2019,ddd0ee00f74b24696844c4bf71e040308c72a4828d9cf64169a64e13cdfe5cf1,site_fold_4,0.8466830524704286,0.990073130388497,0.9974326102401198,250,fit
seoul_flood_2020_00073,1,2020,2019,df6af837ab1e8ab5974dbc7660158495b8788ed4c013bde7047e1bd168e85eb4,site_fold_3,0.29281367735376984,0.30342385448621684,0.33673401801081765,250,fit
seoul_flood_2020_00074,1,2020,2019,2cf7023a2041036172a96ac21f090d9cd58b1730cc9f9e95a6c212caec306f78,site_fold_2,0.459970045972643,0.6853861980533037,0.8834596312355385,250,fit
seoul_flood_2020_00075,1,2020,2019,e798af31805b93f2a373a142b3747c8dd0ae6e681f2c5a7759cddd703fd2d4b9,site_fold_3,0.3259607595442021,0.34977869803208755,0.6674743515749677,250,fit
seoul_flood_2020_00076,1,2020,2019,847fee03f196da88ca147fdf7626ad98f52286f7ea498dd829ca73fc6754a405,site_fold_4,0.36803358035767275,0.7786377649172236,0.9657622930849015,250,fit
seoul_flood_2020_00077,1,2020,2019,ec99fd509b9e2467c4e1ceff5f845246f9e79dccf916d6cc7264606f24baa3eb,site_fold_2,0.5380601906768252,0.8621336493069596,0.695981402923554,250,fit
seoul_flood_2020_00078,1,2020,2019,2a970bd1e5da9c66f6c1d11324148b0c4aa0e7d91fd8c59caeed1de1c30ab379,site_fold_3,0.944475441335975,0.9739810117834485,0.9687604361754201,250,fit
seoul_flood_2020_00079,1,2020,2019,5aa2d66777c3e62df2fdb8eba1789b466006935c4c7891a25a62d120eb0a99c4,site_fold_2,0.5688663580305031,0.4033339804315142,0.783193073099184,250,fit
seoul_flood_2020_00080,1,2020,2019,ea0d9b27de5b3a497afb216d359db965021e8cc09be25f62cdbc2de869da116a,site_fold_0,0.6082599148928632,0.9638306442542609,0.9883702643886684,250,fit
seoul_flood_2020_00081,1,2020,2019,f013ca10ef383f71858c29d3fb13140635d86a1ce3ec15fd5b0453fdb37c02f3,site_fold_4,0.36068114916446664,0.7145222492240728,0.8792219606280058,250,fit
seoul_flood_2020_00082,1,2020,2019,b89594e6b2febff01ff6a0c0643adc8e4dc82e340c686e371c14308620dd0fea,site_fold_2,0.3177938250776721,0.3800055443001135,0.6701198000593235,250,fit
seoul_flood_2020_00083,1,2020,2019,713f69f5010d35e7e66d51cf3ba9fe812d012df85bfad7f672554d4ac92faaf3,site_fold_4,0.9807443878498142,0.9998953509366788,0.9992737957752582,250,fit
seoul_flood_2020_00084,1,2020,2019,a6975803fcd9ed59082319f235a19be9cc856dc8e8022bbd04605b4189502d25,site_fold_3,0.8814872447008159,0.9302729251606873,0.7949633972195238,250,fit
seoul_flood_2020_00085,1,2020,2019,c20bab6ce4577490838ddb71db53f4891556cc2f04806b8d6cb43622ce57bbfd,site_fold_1,0.9899230095290129,0.9997843038928556,0.998070336764891,250,fit
seoul_flood_2020_00086,1,2020,2019,4e19ce88d34fe87d0a2a5e11416f6eb85c46b0fcf2e107a638f171186779bbd6,site_fold_2,0.9352102000129726,0.9946266333799673,0.9858022409746937,250,fit
seoul_flood_2020_00087,1,2020,2019,3ea925bf459597c5b9524d19ac3179165e43e6bc3969bfcf1a837070522a3fbf,site_fold_2,0.22262139981643866,0.8759935167876671,0.9307172484171949,250,fit
seoul_flood_2020_00088,1,2020,2019,0513a2f379edeebf9f8641c008b9c7e1dfa57ea729522adafb9c73da30072a3e,site_fold_4,0.6940215769442721,0.9845765245543512,0.9841158202522863,250,fit
seoul_flood_2020_00089,1,2020,2019,884e85d417bfc975175cd72cbd65f4c35646555ee12ee3400d790f91665881ec,site_fold_3,0.9370001522987574,0.9580696573333383,0.9958692616363595,250,fit
seoul_flood_2020_00090,1,2020,2019,02b5a35da5c0d1c7b55d751771925c966c8fa2149315a4ea571297a2e00589d4,site_fold_0,0.4929356786848421,0.9816569165999826,0.990245091701991,250,fit
seoul_flood_2020_00091,1,2020,2019,2f940a2629c365a7b9e2443e66b0475548e1e3c806287a3668631816edb4c76a,site_fold_0,0.9950538334514945,0.999768203454555,0.9996668497597374,250,fit
seoul_flood_2020_00092,1,2020,2019,ee1c8e078be4900323ab65b222f58829af044f35e5a1a009b24b1e855719d373,site_fold_3,0.7181412850451384,0.9794572747023754,0.9550214181359369,250,fit
seoul_flood_2020_00093,1,2020,2019,632b8e96246333277e4d39daadf7dababa6b4157490016c2140a055401220e2e,site_fold_3,0.16391287682496333,0.8168885267756657,0.4825601612951703,250,fit
seoul_flood_2020_00094,1,2020,2019,27b3be534d925c2e739b1225e7178079f898526288912aa01fe40a8ea9d9f566,site_fold_3,0.486105434186507,0.7764666652726498,0.881113096093254,250,fit
seoul_flood_2020_00095,1,2020,2019,0d59208c254d5ba3ef1452a38666a492dd0a7bc57c585d5d69901544caa14cbf,site_fold_0,0.9864967446782197,0.9991780443580062,0.9995666421329278,250,fit
seoul_flood_2020_00096,1,2020,2019,2f638be1e5a53380c3c0717fb1c4cd1b049457fa6ebfab2e672087a582e741ad,site_fold_4,0.9932104996172476,0.99933415343034,0.9997849834059717,250,fit
seoul_flood_2020_00097,1,2020,2019,0659d1fe4562f7d74b5948a58a76afab170728df7447d0ef6dcf6d4c783bb660,site_fold_3,0.16102180999891458,0.11553736714713547,0.21718614144945297,250,fit
seoul_flood_2020_00098,1,2020,2019,ca3b181429a7329124cce9f9f2b96cb34be7cf2b024ec1f7414d8ce713bb9465,site_fold_2,0.9992322336948217,0.9999859081350494,0.9998566472735388,250,fit
seoul_flood_2023_00010,1,2023,2022,cdac98a48f34f783458e25bb71bec50a9941f951adda2ef1ed119a8d4a0828ec,site_fold_4,0.23304061818916896,0.9950232432642564,0.959371583570103,250,fit
seoul_flood_2023_00002,1,2023,2022,56194f3b0d4ef83211b9500e873a993b7c4872605ad975779d5bd2204e40cc9c,site_fold_4,0.7958001860794474,0.9783915479350765,0.9829453288479939,250,fit
seoul_flood_2023_00043,1,2023,2022,248fd4f18691def34c6601546f753c06d11ae98cf78256a042219048350a4848,site_fold_0,0.8225970613305844,0.9598581906104245,0.9583743724267938,250,fit
seoul_flood_2023_00044,1,2023,2022,2936fe9484566290154a4a78f1271b029cc6c88fdef60a4f432e5bf00e8a5520,site_fold_2,0.7057253914013307,0.9502819689200286,0.6472953433296816,250,fit
seoul_flood_2023_00248,1,2023,2022,b2b9daa097bd03ac3b1154ab1efb93273c2ad4ec5b9113697c086a095b80910d,site_fold_1,0.9419087598490682,0.9989405368947,0.9863684524742873,250,fit
seoul_flood_2023_00004,1,2023,2022,d3a0fe4a01296db4593fc36df0fde0ff144cc7a56203125c74004378d0a06b99,site_fold_1,0.5666985429448809,0.9456219179180172,0.9393676264079036,250,fit
seoul_flood_2023_00070,1,2023,2022,e02228460eb8c581c0556701b02567d9bef77a390613b7e41616f20628f49750,site_fold_3,0.4701298930904966,0.9977216346389002,0.9982626647530499,250,fit
seoul_flood_2023_00047,1,2023,2022,b4a159bd3df0eaa57b55ef4da2c655abebf1329fc1a2c1f4e393a61eb888fd51,site_fold_0,0.7624362301212744,0.9029561332682388,0.8402551581069897,250,fit
seoul_flood_2023_00009,1,2023,2022,70157f5482cb159b3b68e48336c450e93766506e243cdf9eb03590b5bc45596f,site_fold_3,0.5011949728958585,0.991914950342421,0.994242087893423,250,fit
seoul_flood_2023_00071,1,2023,2022,017ade65ff0240adecf03eb0741307ea502590ae6c0ef638e6e9f384025b1f8c,site_fold_4,0.9233647760410283,0.9992952699199534,0.9988899014457241,250,fit
seoul_flood_2023_00059,1,2023,2022,51c0f0b21f81c1e61262409620f2b3be9b562fa300bbdcdd2dd94f5aacccfb02,site_fold_2,0.22293023974553208,0.35346949720066,0.060643737001560706,250,fit
seoul_flood_2023_00012,1,2023,2022,667e30e9a3f7fb988cd90180a9d904755fa591265581c0609b8d81e4deb93970,site_fold_4,0.6083168433933576,0.9863915007363638,0.9451251536971516,250,fit
seoul_flood_2023_00225,1,2023,2022,4ea0938144a26214fc7cd3a870d4a3879c6bc8a8b7a1be7254dce6517520b228,site_fold_1,0.9124994497146915,0.15387822940576595,0.7706234891959682,250,fit
seoul_flood_2023_00067,1,2023,2022,2b039c27036068493acf6918e3daa9e63f32629a1a6faca59390d100614c1013,site_fold_0,0.5228140999082966,0.640377839087828,0.8932679420227232,250,fit
seoul_flood_2023_00013,1,2023,2022,80a618b88b8e6324b97cbe64c342ff6711e3161d146da345ab6070b95880e439,site_fold_3,0.6566298665536441,0.8503375540469139,0.631590626841838,250,fit
seoul_flood_2023_00227,1,2023,2022,f5de86b449cb8e2ee3e8157a80068b892f7e3c9b0db6a16fe8637184ef8663d6,site_fold_2,0.7833862434729723,0.9932391971905732,0.9781843796665387,250,fit
seoul_flood_2023_00068,1,2023,2022,fd65d6658f5c8b220975c11acba4fd65d878d6713aff553ae1f91f6159a3afc7,site_fold_1,0.43517748246433363,0.8387914605766759,0.8032143560778873,250,fit
seoul_flood_2023_00015,1,2023,2022,18b4b2fdda6fc69634d44ecb3f1034bd1fc1bd99100a1cfcf3b83fafa76d9cf8,site_fold_2,0.39331959455934695,0.9399638104486641,0.9560349489612695,250,fit
seoul_flood_2023_00228,1,2023,2022,48006a51e30c32762694ec18747d1425bb4b974c56c4c0c98d57886cadd0c783,site_fold_4,0.8043607642448901,0.9915592635891668,0.9656020693631484,250,fit
seoul_flood_2023_00072,1,2023,2022,2afb0fa8a1f0cc6a7ed67c17008f75bd42461bd0ba6df7c3c3d887904196895d,site_fold_1,0.4694347197257292,0.41647169568576436,0.36724762154817236,250,fit
seoul_flood_2023_00016,1,2023,2022,9449d82b55823a2b21e722445146dd58f28c2892847ebd7d9d3528a705c333d7,site_fold_3,0.9337827595074981,0.6527858899231692,0.7792562247177177,250,fit
seoul_flood_2023_00243,1,2023,2022,1ef45c1f3265d27b162d2e8ed4381ef427bdf586c45963e44e4392b26ba86b72,site_fold_4,0.9056901058427033,0.9323224685806407,0.9488884835478016,250,fit
seoul_flood_2023_00074,1,2023,2022,b9bc2f927ed11bd524706f6d4967f92b59403bf3a4c2f3c470a8c815fd79e460,site_fold_4,0.6895458058109889,0.9695323374317263,0.9389034618267396,250,fit
seoul_flood_2023_00017,1,2023,2022,c14d98d5e804cded4ef08ae8cdf0707ca6178666fe17dbc79d181d4cc9dee14b,site_fold_4,0.9639329396324854,0.9984337053616118,0.9991233168791043,250,fit
seoul_flood_2023_00250,1,2023,2022,2c7709566a2e9c494198b62a00ef526dfe6053df3b61476d6f3474d3a092eeb5,site_fold_1,0.7873976359240406,0.633038967648849,0.9226347214323741,250,fit
seoul_flood_2023_00075,1,2023,2022,ac6920819be8e420a3aac9974fb430eca317f55a0609b05ff32e884b1c75beaf,site_fold_3,0.8170940266711195,0.9902155787998984,0.9854137619743504,250,fit
seoul_flood_2023_00018,1,2023,2022,611ef7d2bb8f2df5e6108e65595a9a37b583dbd4323706a0ec255f8e960d2ddb,site_fold_2,0.6384685663342619,0.9595922385419657,0.9351185542556125,250,fit
seoul_flood_2023_00277,1,2023,2022,2e908b9152c52096e61faa554d5ff494fdeeb050209f5fc14355fe66b5e5d4d4,site_fold_2,0.7101646593796751,0.9836092980767498,0.9539635062062001,250,fit
seoul_flood_2023_00076,1,2023,2022,0059d2a4c367d474476bdb36e5406db4c952a2a967b25e3c6166b8b6fc181976,site_fold_0,0.5648707842192726,0.6390973791244122,0.8818836332273794,250,fit
seoul_flood_2023_00021,1,2023,2022,e6acf5cf32b2d0c5cb627acd0c05f96bfb50942c86e13eeac0f97655bb35bf64,site_fold_1,0.6006626246038833,0.9171268618350237,0.8788496924613984,250,fit
seoul_flood_2023_00077,1,2023,2022,ac006ae8566252eae229f3cdf08285ec62948465438fa1fd37525350f732bb46,site_fold_3,0.7869060835272492,0.7774777613533295,0.981757449734232,250,fit
seoul_flood_2023_00022,1,2023,2022,2ccee39efbee54552c27ec5f3380e8b6db91ab9da3255a83fc493c1d1767d3f3,site_fold_1,0.757566308530745,0.9994575749778061,0.994331636498775,250,fit
seoul_flood_2023_00078,1,2023,2022,54043b91c4a304d4c675985edfa95ef876b138ff57a6389bfd28818074d39fc1,site_fold_3,0.630049901267133,0.8109511252996401,0.8199790234242373,250,fit
seoul_flood_2023_00028,1,2023,2022,ab9d5a9c105349411f7c92c7845f7e8ec24f10552a9a484d7dd02c0c9d6df2e1,site_fold_3,0.4043488483728305,0.6567145250584411,0.8244292811305409,250,fit
seoul_flood_2023_00079,1,2023,2022,a825d29c20ca2db6c0b5bf5ccb6ee269beedc5bda085fce5a584b3d600c91af2,site_fold_4,0.5956786962666798,0.9812717364751776,0.9658359457788847,250,fit
seoul_flood_2023_00030,1,2023,2022,109d39d58c882b2875c711bbb1fbdc53ae3234b9f7c2e321096d7429e46331b6,site_fold_0,0.9628213717499989,0.9923396868958897,0.9994120716062703,250,fit
seoul_flood_2023_00080,1,2023,2022,516a51b5f7484840c5b87649d04bf5f7fe7b3f5a641c45cc08cdca8b66f74a9a,site_fold_0,0.5118761047218082,0.8076167465330906,0.8053038623329892,250,fit
seoul_flood_2023_00032,1,2023,2022,0b4d4f8312fd79b55496cf1cff09a958a968eae46e135c54724bebedf54d8400,site_fold_1,0.3789809409735507,0.03233379294122786,0.15428858588799935,250,fit
seoul_flood_2023_00081,1,2023,2022,80dacb840448896f846147086fb6904aace095c7ed082be2f6978ab4a65d9d17,site_fold_3,0.7927014782495412,0.8808149352398521,0.7472546377052323,250,fit
seoul_flood_2023_00036,1,2023,2022,824b284c7bf45801707ed1a0e35648f2949764c72352ac38100d99cb94e7ed05,site_fold_2,0.8113265168076201,0.9354720874395789,0.9712062541732625,250,fit
seoul_flood_2023_00082,1,2023,2022,b45c216bee7e0d6ee0455f8bf2899fb0637e6409ddda7e861dc355e9dcf32559,site_fold_2,0.7028947307934102,0.9581117457367853,0.6675490914955194,250,fit
seoul_flood_2023_00045,1,2023,2022,047a0479a6796b37ba99d6e6577b3ffb20aab618b478d303de927d6a6faca3a4,site_fold_2,0.5792343819003815,0.9133656528415499,0.9991282616657957,250,fit
seoul_flood_2023_00083,1,2023,2022,8cc3386043fed7e4a08a2bc9dc0aa45a181ba89b153abc9f991119c15c99e48f,site_fold_0,0.5295414438312046,0.9849988245288837,0.9846385752024331,250,fit
seoul_flood_2023_00046,1,2023,2022,c1467d5c72e32f7e65ab4237818f35148a9e8e89d62f6c485f6e3282213122d6,site_fold_4,0.9537501304242909,0.9987463295980622,0.9994082872346073,250,fit
seoul_flood_2023_00084,1,2023,2022,227a0397ded397793104e4c0dd13029ed0f9025afe13bbec3f057cea4e5a725e,site_fold_4,0.6579544785876752,0.9969026473714763,0.9932534578586575,250,fit
seoul_flood_2023_00222,1,2023,2022,c65581d8bf8cf915e9fe2ca51b089e97441ac2f57272bc2cdb231ee83f757ae0,site_fold_3,0.8384278382747175,0.982334015997201,0.9985171137840978,250,fit
seoul_flood_2023_00085,1,2023,2022,5c52fa5b830c2d85cb3619fa6dd7b6c3c4fa0ae339105571c5aacfadc1f57dca,site_fold_3,0.8152816383025442,0.9962542458405885,0.9922984342361463,250,fit
seoul_flood_2023_00223,1,2023,2022,a3396b1b87eceeedee47469b37f3882ca3efbef67a922173e8c25c4bc7457491,site_fold_0,0.6380695116105196,0.3472314416563175,0.8639848999364459,250,fit
seoul_flood_2023_00086,1,2023,2022,a23e42946ff072eac7708b41013273d24b29f25c3b2a68f2fd71cd5555db568f,site_fold_0,0.45012423033597065,0.880952725031037,0.967792056804105,250,fit
seoul_flood_2023_00224,1,2023,2022,6b1bebc088f54a96e550aaa77b7c7dc8a68bdb509ee5100ddb911beae78c5051,site_fold_0,0.9358382473986907,0.9759418771661212,0.9766833161502126,250,fit
seoul_flood_2023_00087,1,2023,2022,c806eda7ed36cd9e6ecf80572678e5580be30156dc628686a27b057e82be7f05,site_fold_0,0.40455203830427366,0.9812445512298001,0.9792234566202939,250,fit
seoul_flood_2023_00226,1,2023,2022,5b4e991e2eaf736f1ecc63796633bf37e2674c5669ccae29f43454531101f031,site_fold_3,0.6743410046815402,0.8334750608407738,0.9516903078087083,250,fit
seoul_flood_2023_00088,1,2023,2022,5d84a21238eb09a213a6a5e8c5a2d41c6f70decc00617b93e8dda58c2d7a235f,site_fold_2,0.6957693187789293,0.9062338686051493,0.9346601729298536,250,fit
seoul_flood_2023_00229,1,2023,2022,972f0a0ebf5383f911b746160b79c88b8b0c7aa70e1b9861ff6abfa2392f939d,site_fold_3,0.7642311534470729,0.9886779259898141,0.975570067457009,250,fit
seoul_flood_2023_00089,1,2023,2022,8e255f9a86ec3588ecf56d040b65bc4fbebed179e07431fc842ce550145b9863,site_fold_1,0.6235381961526846,0.7779324681188999,0.9720893860251799,250,fit
seoul_flood_2023_00230,1,2023,2022,351930c74ba2930ac78f71a4e59d24ec3a9c408c09f4bddcf7fa3699bf8a21fe,site_fold_4,0.7037896936902116,0.9964559483624993,0.9819369127929183,250,fit
seoul_flood_2023_00090,1,2023,2022,fd6f0f91e6250a60b21fd97b70f686db535df935a8841de34f4bfbb09aa0efb0,site_fold_4,0.6033008595207465,0.9970194085293119,0.9880383175678746,250,fit
seoul_flood_2023_00231,1,2023,2022,c78427527ae5ed46cec266bf7f5102da2f65c62f603b3c800e26eace25a5c839,site_fold_0,0.36626541501592225,0.023057658722054175,0.02989920262947759,250,fit
seoul_flood_2023_00091,1,2023,2022,ccb2187c465a4a42452f6d96c6ecd61471e4bd6347f569f84a47b5683742fac9,site_fold_1,0.5634458679925155,0.9391306927469577,0.9830368335101186,250,fit
seoul_flood_2023_00232,1,2023,2022,5336135f67660856ece6ad6d54f733a34080d27dfbe335858b52eb42facdced4,site_fold_2,0.6075527501835061,0.8493668362392405,0.4470531753644488,250,fit
seoul_flood_2023_00092,1,2023,2022,8eac4c0475636dabe754422f418c76eb191e9b3e663e31e296fb69f7a6fb8cc8,site_fold_3,0.698089819947606,0.8858236417852334,0.9112793446742524,250,fit
seoul_flood_2023_00233,1,2023,2022,e55963a41e664f031359274c8576c1cb5d6c9c2998192b355445bbfe50c138ba,site_fold_4,0.5724489313790634,0.9641714234730738,0.9222472390926975,250,fit
seoul_flood_2023_00093,1,2023,2022,dc728f9adfc11d8c5c2ec698fb1df3af31c3b43457a9a69377f3e7a04f506468,site_fold_2,0.7399026859445144,0.9953071690398163,0.9763752225419702,250,fit
seoul_flood_2023_00234,1,2023,2022,d44f553eb4a78c3e8e73f10a2584e2b08c855f4d7d091ed0bda77b9ebca91d2e,site_fold_4,0.5159865756952813,0.997364281634991,0.9865387696402577,250,fit
seoul_flood_2023_00094,1,2023,2022,8c06fb30ac6a96f25e4c0adbd324b5185f5468e1f2512e1480789b99a603de36,site_fold_1,0.5502296183545802,0.9702688743644486,0.9969020024885167,250,fit
seoul_flood_2023_00235,1,2023,2022,e635dda0a74d3988c04c4e76a855e983d6033e5538e0b291c2a7d019a42df52f,site_fold_4,0.7587427472674585,0.9640620184754046,0.9880976512716493,250,fit
seoul_flood_2023_00095,1,2023,2022,bcd669daed0897a45b8903b79c40b7cc6b1c557b0e8708071442ee549f83e05b,site_fold_3,0.8106927278647854,0.9772453036488269,0.991497908982325,250,fit
seoul_flood_2023_00236,1,2023,2022,3806182b64eb41706f3328e741dcc36e0a6617e9349746b3fda442906e5bc7e3,site_fold_4,0.6679344027905735,0.930191579170093,0.9888197563039113,250,fit
seoul_flood_2023_00096,1,2023,2022,3c90eac0010785df62fd85c83633074dccd90c84ba9e27d4f2c28c78b4f0d5d6,site_fold_1,0.5620155690231982,0.9074776252900107,0.9906321905219465,250,fit
seoul_flood_2023_00237,1,2023,2022,1b36675e1d11fd325a672ec04ac67bd989594417a5729df4f870059fa87b9d1a,site_fold_0,0.31460327352838985,0.9592634039946358,0.9797724060002381,250,fit
seoul_flood_2023_00097,1,2023,2022,72f61518a84c9a55b3352cbb5023921cad60474d413e7b72f69c74dcf2d72799,site_fold_1,0.6710399513021416,0.6652154250974098,0.7147476013258943,250,fit
seoul_flood_2023_00238,1,2023,2022,6bb5e3a1d3d33c5db48aeb2feb9ba125ac0daeeca2d842b2e02d5875228b2034,site_fold_1,0.2581385509134017,0.6565309486690896,0.8288424103803602,250,fit
seoul_flood_2023_00098,1,2023,2022,69999efddf274f8271d36927d9ec9541d3c52ecbcda9f4fd5d4e4576776c0f81,site_fold_2,0.6863096413117087,0.787854914424575,0.8745064850786738,250,fit
seoul_flood_2023_00239,1,2023,2022,2d536fc8f243ee74cda2625ce6b41f0808c1a746c242a68cc049153db304cec3,site_fold_2,0.5770919071993481,0.7413163371081303,0.7975623251661449,250,fit
seoul_flood_2023_00099,1,2023,2022,f20722d01f05a742b8dec71af1e8e07cd63b8a6c64dabe657c23086f84b1cc72,site_fold_1,0.4988690793305787,0.49685744506558316,0.8593678446205545,250,fit
seoul_flood_2023_00240,1,2023,2022,3ad5a64b1adf89e718a6b754a2a9d66bb8b911be81bf90bc31007aa5e3b55b65,site_fold_4,0.9626569872195818,0.9961148189536543,0.999738420084331,250,fit
seoul_flood_2023_00100,1,2023,2022,45e322c42efd83690f4dfb0ff1d1bbb111f8a340eead50dd2d0b80db07f8e193,site_fold_4,0.5920197225901982,0.778168084859331,0.9561368990152963,250,fit
seoul_flood_2023_00241,1,2023,2022,fd9b2055defb5a8b5d9a6ad4ec71b2866a897478c50ac25e466cf2ebb31972b3,site_fold_3,0.7464274121806618,0.6877515579641234,0.7542500977784021,250,fit
seoul_flood_2023_00101,1,2023,2022,cde4ea100a86579780194fd2a9211067fff3ec841acaf671446c7e1a10100140,site_fold_4,0.617814278865115,0.5787658837253505,0.971820362768767,250,fit
seoul_flood_2023_00244,1,2023,2022,45eade17eef3d54e8ae3d65c6c2fe09751b2504861f44169da0daab75d8028e3,site_fold_0,0.3804290908158909,0.15810716536468578,0.39312136982067053,250,fit
seoul_flood_2024_00041,1,2024,2023,437d4e1375e418c1898eaf0ae2743a3a3897e3504fcb93ac4cb1d44ca1794e2d,site_fold_4,0.5797791082221503,0.6380801345694466,0.7113581511132488,250,fit
seoul_flood_2024_00007,1,2024,2023,bb4ef8ec9e43272a080f1429baad8954fb44bfba666cbe0407e5a401a7cbe57c,site_fold_4,0.7495026223760177,0.8764555562911277,0.863225356038228,250,fit
seoul_flood_2024_00061,1,2024,2023,fcc88c7839e8fbf3b46125b0962e2d83e51fa121fb2ad474578c0205a69158a3,site_fold_4,0.7878007401641579,0.8007382388145049,0.9213971380960743,250,fit
seoul_flood_2024_00043,1,2024,2023,123bf2caaf4935a556e8202150c1fa202134ea1b2f1300bbcd7d8c0eaeec8db2,site_fold_2,0.7473031302758065,0.9939596371082239,0.9987991091313033,250,fit
seoul_flood_2024_00008,1,2024,2023,f81340838ca8d98e7a73bb0e3af78d74d80c528b295742e4fb99440aaed665fe,site_fold_3,0.7942027122708297,0.2664818522188529,0.2959202138983667,250,fit
seoul_flood_2024_00062,1,2024,2023,2936fe9484566290154a4a78f1271b029cc6c88fdef60a4f432e5bf00e8a5520,site_fold_2,0.5511848198551572,0.5795127678791314,0.8457576112624512,250,fit
seoul_flood_2024_00044,1,2024,2023,a740d451ba6b1561554cb9fcec4fafe896119054b664fa3843f905be77b05322,site_fold_1,0.7879273375389418,0.9201206484001925,0.853187861513069,250,fit
seoul_flood_2024_00009,1,2024,2023,e511340b55220ca5cd74855047a854ce0e58734aaa0e70dd27409a906657097c,site_fold_4,0.39626419039498806,0.47296334861773026,0.8504520347832593,250,fit
seoul_flood_2024_00046,1,2024,2023,29c21a43454c116be3b275e72bea1085c7e3a46b402c40cbecd77815d561a6c4,site_fold_2,0.7799967103176575,0.25768920203000334,0.3282031653288921,250,fit
seoul_flood_2024_00010,1,2024,2023,00796b29fe88d57e702ccb4f39268f140294a0ccce5940d0e9de2cd48648f6e3,site_fold_2,0.4902496625299027,0.06715669194206246,0.0722576552603093,250,fit
seoul_flood_2024_00048,1,2024,2023,7202cf9a0478f75db97858316a56aae958a1fe3a3a300fdd8c9f15c8d98b8795,site_fold_4,0.9453364741579845,0.9991307006401096,0.9972915148896692,250,fit
seoul_flood_2024_00011,1,2024,2023,ffbf9e54cd41025956746859bd5ec126cd181dc76ec068864b593b2c72ce3cfa,site_fold_3,0.5605768465019152,0.290834497191739,0.3404255815949592,250,fit
seoul_flood_2024_00055,1,2024,2023,b73912d269b006bf961cd5418321dbc3a3ddd9e0782ae7fc2e87b7201c11b4b3,site_fold_4,0.47693045826355085,0.36587782027268767,0.187741551259288,250,fit
seoul_flood_2024_00012,1,2024,2023,80a618b88b8e6324b97cbe64c342ff6711e3161d146da345ab6070b95880e439,site_fold_3,0.6779633509558515,0.8463137122618575,0.8707516908439137,250,fit
seoul_flood_2024_00063,1,2024,2023,bd1b8d0105f1dc87aa3d99df0e4cec2c47adbd7400d6c185bd25421ba23dde1e,site_fold_0,0.766451195542003,0.4455214754134742,0.9726745599177251,250,fit
seoul_flood_2024_00013,1,2024,2023,757a23417a3e32f5178c71d73aa0af81284864b4cea9764741e4edab5aa5daef,site_fold_0,0.7485380181643884,0.015024715413327276,0.005957615813550223,250,fit
seoul_flood_2024_00067,1,2024,2023,948d2d09df15eb7f7191ace14981ba5c0ab110c09fcefb90834aab93c7c078bd,site_fold_4,0.2843300240181915,0.03763862535473923,0.12178607415068254,250,fit
seoul_flood_2024_00014,1,2024,2023,9d2e0e628256e0e8794e82426aa235d02ec76a3dc6aad4e9ac3c5a814f9829d1,site_fold_0,0.534526736879121,0.18283710869264136,0.08034324347301029,250,fit
seoul_flood_2024_00068,1,2024,2023,0cd3a852ecf4dc5dfeeccb70c7c7c9ef166021c2b5eab3853b7473d5589777a4,site_fold_2,0.5760040170632836,0.22809692816398608,0.2720322318074061,250,fit
seoul_flood_2024_00015,1,2024,2023,971f5541f6195b192b925d8efefffbeca88d01c4a9f0a60d74dde196ee0c86d1,site_fold_0,0.7503682038485934,0.7034003720964229,0.965439041719988,250,fit
seoul_flood_2024_00069,1,2024,2023,7ab3d273ca7380c8698814a0811a1fe680f9d78ab49ee0d92911a4c107de8238,site_fold_3,0.4821177577404347,0.4562225102721883,0.6716874978533128,250,fit
seoul_flood_2024_00016,1,2024,2023,e3e50f5e44035dce95e5b6d8138e134698d49eee758b5eec26535a51bde85df7,site_fold_0,0.6704306842884766,0.7052050556841946,0.3159946824187426,250,fit
seoul_flood_2024_00070,1,2024,2023,e803b0ddd0c957cf8b860f04d63d206bc58c4a7e216618b57c60191c479923d1,site_fold_0,0.6185917008121704,0.3174847617981029,0.45535709778855316,250,fit
seoul_flood_2024_00017,1,2024,2023,70760aecf195bae192f5baf7428743d230db64ee9aa273bad54777a29fa61d56,site_fold_0,0.772533983156248,0.9943419470006617,0.9974712907732209,250,fit
seoul_flood_2024_00093,1,2024,2023,63766b2550ac2953f858ddfec3231520fd87d6dfca7d9e0ac9c396ec7684e38b,site_fold_0,0.8066032567569447,0.9793091568614115,0.9855208451611382,250,fit
seoul_flood_2024_00018,1,2024,2023,3693df7f5d8484c40a64e5edfe29168feaab0a3d8ad2d5ef780c0be6f0e46a79,site_fold_3,0.2671388809699365,0.937306671945208,0.8791413245779341,250,fit
seoul_flood_2024_00094,1,2024,2023,604a183e9f44726cdef3c553ac7408e85ae4b02ccd41506423055ce6ebe1b7d3,site_fold_4,0.4208281232145449,0.9987394359933024,0.9640386310157094,250,fit
seoul_flood_2024_00019,1,2024,2023,5a25b979c2422917f17db7df5dd87a2297c474a9b3d62c792bff7d427ea669bf,site_fold_0,0.8269088671265619,0.9616258290651614,0.9854801183024489,250,fit
seoul_flood_2024_00096,1,2024,2023,79e0a2a000dd61aa37a52001d61342cb8a1c5d1e016976766fc295b4c94b56cc,site_fold_4,0.17480806479418495,0.4866359867299431,0.2781805490581407,250,fit
seoul_flood_2024_00020,1,2024,2023,13ddeac8fe6671414275b639d61a07e9c672c7476e5ccdf793402e7aaeb515d8,site_fold_1,0.893729030440383,0.8789111948937702,0.9711274099220463,250,fit
seoul_flood_2024_00097,1,2024,2023,2f886984eaa4246f0d5b4af68316375d1b6bdd3583792bcce78bba0fee5cbef1,site_fold_0,0.7118773318088666,0.8195838183195645,0.9973525294298576,250,fit
seoul_flood_2024_00021,1,2024,2023,e124f13166523cb7b6c4c8e441002a9277718c2ebd4cbf13029b4f79c18ecc01,site_fold_1,0.5489499475236664,0.8738386427303725,0.9043410729239466,250,fit
seoul_flood_2024_00098,1,2024,2023,02b5a35da5c0d1c7b55d751771925c966c8fa2149315a4ea571297a2e00589d4,site_fold_0,0.4188508724321819,0.9324190934482419,0.9320168044789127,250,fit
seoul_flood_2024_00022,1,2024,2023,9273fd03db09618bb97fc47b4ab967ad480bfc45f45e026bbdb076e81845adc8,site_fold_3,0.6393497939842974,0.37155058557809023,0.47743073419195636,250,fit
seoul_flood_2024_00099,1,2024,2023,28444bca6837218bf4d704ba4f93934ae8e92a43af99913e4cec692d5abd5c9f,site_fold_0,0.08443334032336662,0.0007371379555749098,0.0002837009254266436,250,fit
seoul_flood_2024_00023,1,2024,2023,9632c60e0ed4c6223ae3b937ce22f1876fb6cdeb28c7f55bc33e2ce939b58e6d,site_fold_4,0.9125370480945428,0.9670684836344511,0.9947790597640098,250,fit
seoul_flood_2024_00100,1,2024,2023,847fee03f196da88ca147fdf7626ad98f52286f7ea498dd829ca73fc6754a405,site_fold_4,0.7722349385713839,0.9366393302033726,0.9864602868608375,250,fit
seoul_flood_2024_00025,1,2024,2023,c819cede6995ea40f0f68f04316d2019be37ac994dd418a0cbdec1c843dea159,site_fold_1,0.4982896969895434,0.7571487573384569,0.9065268547506823,250,fit
seoul_flood_2024_00101,1,2024,2023,b29f3a9d05c34c68522b01fe2640595e685f4c88f5d8e969f08db1a8e186643c,site_fold_1,0.7946164651245582,0.9869538984320527,0.9890114009477633,250,fit
seoul_flood_2024_00026,1,2024,2023,5601cfe0dafd37c847a7491e472fc4c99c05a8f729d671a071c556aa12d1cc69,site_fold_1,0.814290813131436,0.9650544255926449,0.9748635673033607,250,fit
seoul_flood_2024_00102,1,2024,2023,77738368915709589f9285d3dbfbdc93e438bffdbe2b754c7ab44d8cbb4dac84,site_fold_0,0.7317587304452411,0.40555041742426734,0.5986590270535169,250,fit
seoul_flood_2024_00027,1,2024,2023,420e8c48ebc7ccbf83d2395b4da0611b4c8dc5279fe949942775ff2ccb1f5fee,site_fold_2,0.2695755265745208,0.7264958565948686,0.8725564185028487,250,fit
seoul_flood_2024_00103,1,2024,2023,99026cbc6581e1dda7853aac956f2790cb89367aded1a3bc771ebbde0df131e3,site_fold_4,0.6414567557589944,0.9431731073240595,0.9308127192537767,250,fit
seoul_flood_2024_00028,1,2024,2023,4ba93dbfdb004cedc56f5c631fad8150f58d482ea512ef4108dc18ece34c55a6,site_fold_4,0.990625125059123,0.997064150565901,0.9919780440123279,250,fit
seoul_flood_2024_00104,1,2024,2023,8d7f23048bda7bb098f76ccf0fe517f0812889d3669924c1d3df7a7c3beb466e,site_fold_2,0.9115075608882115,0.9964069498096889,0.997356681186837,250,fit
seoul_flood_2024_00029,1,2024,2023,3e44220d47bea9d8726118dbc011d3073c17208543dc34617d2426bd0b013376,site_fold_0,0.3591456239346713,0.9670977527961997,0.9940043861801066,250,fit
seoul_flood_2024_00105,1,2024,2023,b070070fb490cb378ac75ab72a1cdec8f99ca298a47ea83535ff462f4218a566,site_fold_4,0.9717602412537729,0.9898349429295292,0.9890313528656944,250,fit
seoul_flood_2024_00030,1,2024,2023,03119c1c5c1adcbae5fd24c55ada049a8f1452bfcfcd3e573fa9bebf91752bb0,site_fold_4,0.21793560125160377,0.2151879725344784,0.8215323885915163,250,fit
seoul_flood_2024_00106,1,2024,2023,8a10ba040bee51a4dfb38952aa2bf48f827db9c60619fd3afaf104dd06491a34,site_fold_3,0.49004339730954594,0.8162038075184828,0.9561134170997084,250,fit
seoul_flood_2024_00031,1,2024,2023,13147c272b4c57eb35511cf391e997f00dc7d10b3a1f309bf6f9a86e80bd6d98,site_fold_3,0.7107300106736195,0.9918705074693185,0.9932815584405246,250,fit
seoul_flood_2024_00107,1,2024,2023,168cd363d196b4cea35e3fbd5c31a32fe30f602e59fd2e486239d28906f9d02d,site_fold_0,0.3764455858961138,0.47434874001259175,0.6270669201860164,250,fit
seoul_flood_2024_00032,1,2024,2023,580ebce2e64ba8e209c7b1cebf7178a8945d8200b9c28e17ef913090e1016c84,site_fold_1,0.5597696216145531,0.7504451399434386,0.9250783619533066,250,fit
seoul_flood_2024_00108,1,2024,2023,642d2d7d6191dca8abc1ab275b94fdac98c447af754257111014110d2816b94b,site_fold_1,0.48111675920093117,0.9412683919392448,0.8527684680592879,250,fit
seoul_flood_2024_00033,1,2024,2023,825340dcf23951f2d8e47a605ed2e1b965b6967c54812a042734b3eda4bc5c96,site_fold_3,0.9837982861890177,0.9175554274400642,0.9640476734315916,250,fit
seoul_flood_2024_00109,1,2024,2023,1a5ac1cf0c6d290a58dd20ffa384cfc5a1c391aa45217ea6646abf4d6d3cd048,site_fold_2,0.7129583874296805,0.9968385168847174,0.9996139105008136,250,fit
seoul_flood_2024_00034,1,2024,2023,e5b6ce851537198eb60726302c43334dbe511f11228c46cc6fe4387bcb048678,site_fold_1,0.8636610121683045,0.9714809729567319,0.9669233673173331,250,fit
seoul_flood_2024_00110,1,2024,2023,e06015435d8e64d0e545abf7950cc1a141c6e072d8a8bc68d033a5d44da502c7,site_fold_3,0.4393596955787944,0.8042409571403193,0.9792468145695398,250,fit
seoul_flood_2024_00038,1,2024,2023,38da3f8f9cf16edf6f767e063dbcce4cd45bf9964614ea38636c127bfd87bf07,site_fold_4,0.8950777822555948,0.8533457326458859,0.9724942609529621,250,fit
seoul_flood_2024_00111,1,2024,2023,39bb7133a5a101fdedcd7174962b3f0100428b3745479f0cd22475a6ec2e451e,site_fold_3,0.8981993165467153,0.9989741625664773,0.9998484621026238,250,fit
seoul_flood_2024_00039,1,2024,2023,83e08aa3e97db1d52d86474b863a153e2cc9377b044e7cac80a279df233b1119,site_fold_3,0.778876839354225,0.289841728955118,0.48882360493151095,250,fit
seoul_flood_2024_00112,1,2024,2023,976afaf01c54fedf9ff44d35ddf4ab9dd2ec59cd6f6522f18ed8ec0bb0a0420f,site_fold_2,0.49344878295158084,0.9689714596321929,0.9849997074983368,250,fit
seoul_flood_2024_00040,1,2024,2023,571c211904d10956955b5efb4fa653d8e5f9f7eb62867184c400a15c68241389,site_fold_1,0.8072696465975231,0.9979678677604716,0.954316439061962,250,fit
seoul_flood_2024_00113,1,2024,2023,fbcf72bad940a495b5c781c0dacec95037e2444e074e00b823baaff2a70a2897,site_fold_0,0.2705550111465844,0.6918308836832534,0.04313888855023598,250,fit
seoul_flood_2024_00047,1,2024,2023,17f667ebdcf62fddc91ad9b0250bb9b2adc97cb183d86891c48fee18be6e5cef,site_fold_0,0.4061121772010415,0.15484101119959803,0.011782573047838257,250,fit
seoul_flood_2024_00114,1,2024,2023,6aed3ebb380da99b9ee22cdafb43ad80499c1bff6c3499d470dc7ee07d89c849,site_fold_3,0.7133256449811631,0.3770814437078279,0.6509055076018508,250,fit
seoul_flood_2024_00050,1,2024,2023,45e0d39429832b452a4c887bb71b185d61412763fa2b471282d7f26b4d5b2a6d,site_fold_4,0.3784878805552881,0.9113391595909992,0.3397223712266087,250,fit
seoul_flood_2024_00115,1,2024,2023,7738cfb0acdc52887fd9690f1d5b486d23901783ababf94e5884b74aebb7b7a6,site_fold_2,0.7128795539284114,0.8886730562894788,0.9036080939155218,250,fit
seoul_flood_2024_00066,1,2024,2023,3249f0c73043197204ff8e0eb2de32de25359d1a88ab3e65135ed05df3e17632,site_fold_4,0.48439968885747664,0.8127262315079449,0.8887688732194653,250,fit
seoul_flood_2024_00116,1,2024,2023,7d0ace58f1bf6a48eed8c62e46a71a458d0fecfa8f511947d46a0167e6837f9c,site_fold_1,0.15174258470741403,0.7654565703433647,0.9509758256299771,250,fit
seoul_flood_2024_00073,1,2024,2023,287234d601433e40a271d9ddd26ead9f9308af2b1677c85e3834012d64e6e7d2,site_fold_0,0.3797273786996138,0.016644961434369908,0.15009459041880344,250,fit
seoul_flood_2024_00117,1,2024,2023,96bfd72b61bf954f2785d404c928759454d7b17f1b9112b500e5bef0de66965f,site_fold_3,0.9445349869683863,0.9688645520501968,0.9658363768351641,250,fit
seoul_flood_2024_00085,1,2024,2023,3becba3274152e21c153ada0da15bb1d8f5a0a5aa386ebae6fe6064d468e125d,site_fold_0,0.6422896513290575,0.9979181138226088,0.9991668037357507,250,fit
seoul_flood_2024_00118,1,2024,2023,08e8ba1a5228798be26cec1295ab372eef931328d892df9a0a6f83f388090f1f,site_fold_0,0.7418595482797824,0.9245772958963789,0.8549395683452508,250,fit
seoul_flood_2024_00087,1,2024,2023,038885154917f49461b2bd823ed84f168eb6f07b4247e762aa3785177bf2f1a8,site_fold_3,0.743833293942617,0.8925122930064626,0.953731590565886,250,fit
seoul_flood_2024_00090,1,2024,2023,e2021107777c58ae4753e65b214bcf759eb5dade508d589c0faa3ecf220f7db4,site_fold_3,0.5066409733684861,0.9824311144135368,0.9939287159332215,250,fit
seoul_flood_2024_00092,1,2024,2023,9a1836775b51d543b83e763701479475aa2241ddd6420af60260e1c2994536b2,site_fold_4,0.8616792433678994,0.7415149857962102,0.9782484624307307,250,fit
seoul_flood_2024_00095,1,2024,2023,5609876fb475b5f8749245964924f472f2921b55d27942248654e089174fcb3d,site_fold_2,0.7657522912480009,0.9233287530747581,0.9384822192041301,250,fit
bg_2018_0033,0,2018,2017,21e62fc153d7c067a581956f9285d808728d0fbcc3f743972121ab385b7f240d,site_fold_1,0.2577212692053923,0.12808039912072844,0.04378986196514695,250,fit
bg_2018_0037,0,2018,2017,ec12ead14120d4fd24d16cabbbd241eb1d0fe9c16ad943805a4312845283d462,site_fold_2,0.22861511023934042,0.005174037344886922,0.002037472197256773,250,fit
bg_2018_0041,0,2018,2017,2fd1ce506e821d00b2c7dc4f3c74578abf6a9aa737fc9b17501c9a890c7b32f4,site_fold_0,0.5246447688819572,0.13874437482892701,0.03922040807943494,250,fit
bg_2018_0045,0,2018,2017,5abac985a6deaa808eecb6a2742d5a724388c8f6c7ad871704b78b4066e386dc,site_fold_0,0.7122768524110772,0.23936908214512878,0.021753395639190817,250,fit
bg_2018_0049,0,2018,2017,1a44f043ff970d264d22e596a5e8bcb7dd2eeaed1035fc9b3d7de0c36349a6e3,site_fold_2,0.17486666572662005,0.23435332426210242,0.5479797838946171,250,fit
bg_2018_0051,0,2018,2017,748d2b899e4eb3beab4800bc94e8ff516e34ed0db3aef051813bec260a8670ce,site_fold_2,0.05198732807494833,0.016553471931387228,0.021851847916813206,250,fit
bg_2018_0052,0,2018,2017,dcd99ae5f275a0be2458b09742536127a22d13b902bd53e5ac740a04f46f77f3,site_fold_0,0.44329285354214143,0.005594802242248819,0.006577550263017908,250,fit
bg_2018_0054,0,2018,2017,8b97daeee954f5cf8ce99941964f6b69aafbd08ff670db5383f686bb16668c44,site_fold_4,0.012062038844638532,0.003666731887431719,0.000872912440065892,250,fit
bg_2018_0056,0,2018,2017,dc2c073fab33fa44d4232f769c5e6003d6870f75c7967861a7b52e38d7c69572,site_fold_2,0.154685180784881,0.8393842295109796,0.9950950770385325,250,fit
bg_2018_0058,0,2018,2017,203ddd064d80fc0d4e7bff11a0776d9e93419a3a6037aa9adc2c7505290a1813,site_fold_1,0.026034571582494913,0.11254705799534015,0.49494920616220456,250,fit
bg_2018_0059,0,2018,2017,f9a9ec68c6f1d2a1231e5e83d38745b60d61290ff74ac936aa8f0683822eb8eb,site_fold_3,0.8152577460410545,0.20939606744191444,0.8469335294787905,250,fit
bg_2018_0064,0,2018,2017,7cf777b87c15c35cb12a26b7d8ad0f56654c2b75b6447578107c0cef8bdd2e29,site_fold_0,0.2354804794385537,0.08427272094361814,0.06828563178008888,250,fit
bg_2018_0066,0,2018,2017,a5a2dc9c1dbe6d7af6f51645bd09cb467e8f7c186eb7d91b2a155cea8ae622ed,site_fold_4,0.1876639093849147,0.010752300080538449,0.003242409502951065,250,fit
bg_2018_0067,0,2018,2017,b687a30ed837278ff4dadcfdef30f40b2986a06c7c79ed57693b3e6b2b1a9d33,site_fold_4,0.4184334300249371,0.8814642613501568,0.6755066645753361,250,fit
bg_2018_0069,0,2018,2017,19b54b72bdde6c4bd3cbe2546f3414a4ff56cd60d6a2bcdf3d6f1f199e8b9a7a,site_fold_3,0.012283777530941268,8.846367077974687e-06,0.0014094162296605635,250,fit
bg_2018_0071,0,2018,2017,48da3e414015f3351b42e87e9218a6ceaedce537a926ba13d8759590bdad9d81,site_fold_4,0.11248154499101598,0.3386139314073728,0.15242632710538218,250,fit
bg_2018_0072,0,2018,2017,ea2e9240baa8efb8641cef5f652b1f430fd03b8bb6bdcae03cd85c7be7d79e6c,site_fold_1,0.27165580917603616,0.03998079178134817,0.039447534967759816,250,fit
bg_2018_0073,0,2018,2017,eb67dc3c4a6302c161ea7c937485d56e520ac962c08ed97fcd8cb6d32e101eed,site_fold_0,0.1254623147922375,0.0013006063149191675,0.005999982802699789,250,fit
bg_2018_0074,0,2018,2017,0661378a425c8a66c4aa539a6016f77d94444565f19a404c200d8da71d881e6f,site_fold_4,0.40218959046780545,0.0014505546848257553,0.003514393461321934,250,fit
bg_2018_0075,0,2018,2017,c1f90f1983b063e2d466b9b1bebe90d7fc37a3d7d52615c416a054934dc3850f,site_fold_4,0.8736681459335808,0.03782129274948616,0.03955106543773333,250,fit
bg_2018_0076,0,2018,2017,b0bb5e94bbb58bef0707986a0b214f4618e10f100ec3660f7f792c139b83b7bf,site_fold_2,0.5007044356065256,0.0011847016548536455,0.000500623743182188,250,fit
bg_2018_0080,0,2018,2017,e647221675ed4239c7ecfb607d39fbe04e5956323af3be0aa98f0d64ac923420,site_fold_0,0.5240061406577677,0.010862835693042982,0.0012398480767960858,250,fit
bg_2018_0082,0,2018,2017,5535d9eaa37e4d1a7b852f0870d6bc9cf8d44c2c849c46b6e3bc123aea922f98,site_fold_1,0.9945219493043741,0.025950141801191144,0.038178467589304814,250,fit
bg_2018_0086,0,2018,2017,2f8d0c0da0be361972dcf84753d6a3e08b6dad88a520b7d1a92b86f9b38320ac,site_fold_0,0.123924423606691,0.014267272481567351,0.003378570010178522,250,fit
bg_2018_0089,0,2018,2017,30e0262a5079f27f544cfa11a50c2dac7696a1223e31b6a5743a25b88178f3f9,site_fold_1,0.25991546995522263,0.2795804171969026,0.242207333873317,250,fit
bg_2018_0090,0,2018,2017,0ea0ea06867904ade6f0cc97d06bcc3a15a536e081b0765ae05da45dd08c935e,site_fold_2,0.21781998315033108,0.21729824084567353,0.6021884748454015,250,fit
bg_2018_0091,0,2018,2017,982618d21af830b045f8c249c93b9fe8c0ca46e8eef0f38a41b858d40f182133,site_fold_0,0.3539421732331886,0.16014394229206053,0.44200950713576104,250,fit
bg_2018_0092,0,2018,2017,1329ca34dd0aa22bba0143275ea656df9883ad433541073bcd4a263e3256d123,site_fold_3,0.05226535297943422,0.6166451389236195,0.6962311666801302,250,fit
bg_2018_0093,0,2018,2017,39af272ed4011f905c7675ca8e5251a45ad8be334a928f57454f06824c57b67d,site_fold_2,0.06634935583336125,0.004489243447211218,0.038773461723349285,250,fit
bg_2018_0101,0,2018,2017,0e3e2e1f0d7500e89ab5386ac3395e82b86d098339e82b63a4f96b3de677403b,site_fold_1,0.09861947158527734,0.16423828768594967,0.032315690767645795,250,fit
bg_2018_0103,0,2018,2017,094fe38ba748a64e5efdec7fb8286b4be6aadc362ada39934354d5551a5da3d0,site_fold_3,0.08863685146711796,0.008935900822693297,0.01989744544930612,250,fit
bg_2018_0105,0,2018,2017,5bb0f3030646a3eca15b3c715c0a2cc5c67d8a64036f4b26e788799479fcac9b,site_fold_1,0.513729153456152,0.6006226546952312,0.3104009149717508,250,fit
bg_2018_0107,0,2018,2017,121ca7306a2ae0103033e3004279ef3e80366ab277effbd7df933cd44df93378,site_fold_1,0.7717864754932379,0.7513659119495455,0.14110755111974832,250,fit
bg_2018_0110,0,2018,2017,fe94a8a6361778f583248af09d52d2f8beaeed2c3a1047494990e54232abf263,site_fold_1,0.4437245235089016,0.8055075719274378,0.5602033330506145,250,fit
bg_2018_0113,0,2018,2017,574a670bce4623563698b796be6af8072c206bfd8806e5f36ff822a332eff57b,site_fold_1,0.28124202727025027,0.5468941716380932,0.3705265037204164,250,fit
bg_2018_0115,0,2018,2017,48ba22de3d6960040834837c9f93bad7da1ff9aa12c70c28cf23329daa5556b9,site_fold_0,0.13059920754386561,0.03517410730757451,0.2879234220839998,250,fit
bg_2018_0116,0,2018,2017,b89dc14cbabd117f4baa55fee005974d32ebb678421d282b6faf5919d4c5513d,site_fold_3,0.00022564317837610583,0.0007015263096018202,0.0007559623346187717,250,fit
bg_2018_0118,0,2018,2017,8e82547d47b9be467e201fcc7a5aecc54c71aded64e0ac980099b8678439acd8,site_fold_3,0.27297277470771947,0.0010275373760561986,0.00030852845236225456,250,fit
bg_2018_0120,0,2018,2017,1cdab643d1b940b0693fcbf08e8a99e52473b61131de923eb8b284c32f00c4d4,site_fold_2,0.09159732631616657,0.6964988272316603,0.7282054272147732,250,fit
bg_2018_0122,0,2018,2017,bf6cb7c3b436132579c4c247e107989902b49e1a3a297a787f54b840578a302e,site_fold_2,0.05784970545736247,0.35549355876611616,0.16222864981825894,250,fit
bg_2018_0129,0,2018,2017,9d517f55ae5613be7e9c1f546afa3a8453196835262a2da69354022e181623af,site_fold_1,0.4022118852619003,0.6180716780585566,0.6213813235333776,250,fit
bg_2018_0131,0,2018,2017,c70088b5f5ed553ac8d54c56b48c1be5b90a722246b8993e86f8ab252abee2b8,site_fold_4,0.7093806127784014,0.9801652787137863,0.9842197586491082,250,fit
bg_2018_0133,0,2018,2017,f4be26be42aa63779b31705fdb787991f04b62cc376f4011ad45d4e46a90aadc,site_fold_2,0.7902963401653543,0.04975821219813779,0.06937967634923974,250,fit
bg_2018_0137,0,2018,2017,b1c60d3479151c265d732f1691c8965b5045f9f996bc435e7cc5093bbabaa7ca,site_fold_4,0.25497973219181175,1.793646700877626e-06,8.253156307692282e-05,250,fit
bg_2018_0140,0,2018,2017,25491912f96991025541d5f5da5a1ed06d902fbef16223d74ebe72a74b2706c0,site_fold_3,0.13963082663456738,0.032211917348749175,0.4484841112249373,250,fit
bg_2018_0142,0,2018,2017,27cf11d64439127707db65caff07bd9f503a61a6427d56ac8b3df0c792261c04,site_fold_1,0.968896505172512,0.008997976034465815,0.0023907252322137463,250,fit
bg_2018_0144,0,2018,2017,48a8d4b27be3f5a3d567610c033ac715c6277500103c9ec2d712f0b3bd427f0b,site_fold_0,0.5547926575991647,0.796420203465777,0.7290823544663922,250,fit
bg_2018_0146,0,2018,2017,e889077796f75a8bf06a0218348506ff1aa58361a026a2158158d33545d8f8e8,site_fold_1,0.44012381793334404,0.5218755318227578,0.43297895210126375,250,fit
bg_2018_0148,0,2018,2017,7e9ec81c8ea1517e7c97d3f130bd8da15eded8367199dea08912d7fec27678bc,site_fold_4,0.8202987974023334,0.7544966309905766,0.6375644535419878,250,fit
bg_2018_0154,0,2018,2017,eaa88e45dc34bbc37c2c1c462247981c702e40fc4de264f8bfd709abb71da6d3,site_fold_3,0.04735511572804011,0.13494742603823365,0.10493089873511487,250,fit
bg_2018_0157,0,2018,2017,10931396412cd75603aea0d3abeeaa86eab99d3b921d1b092b41bbab3e6b3ef3,site_fold_1,0.44172648263483827,0.0010640309054777363,0.00039115347352495686,250,fit
bg_2018_0161,0,2018,2017,d49b5fbc9ceb41ca0416f4cdb698a4166b7a68f5b61831b3c486481ab9266d59,site_fold_3,0.3721574279642195,0.9199298365644802,0.7924879265828348,250,fit
bg_2018_0165,0,2018,2017,d2fe77c5494009de82c48b234cc00ce5e962100afef8729763eebcde1fdb3ee6,site_fold_4,0.8815893176415588,0.18388149441609303,0.10180727548788288,250,fit
bg_2018_0182,0,2018,2017,338e23f9b352e3105dbde6ef929db218b89c42bef0ff3192ba71868dc1c03e11,site_fold_4,0.7288690849200071,0.7359943744989168,0.2821933851823118,250,fit
bg_2018_0193,0,2018,2017,61dbfdd28521f9308c90c25b11338b8d4a84bcf61abdb389858a2ac8ee611700,site_fold_3,0.1361261823846326,0.10991031159525036,0.7359926723031234,250,fit
bg_2018_0197,0,2018,2017,085eb8211e0d2e935d23d26841e01d26a6fd4d394c7185918f5965368be91c14,site_fold_4,0.9676816393394425,0.9974001610630862,0.9901790885384862,250,fit
bg_2018_0210,0,2018,2017,81ecec5ea53df338cb8dec8a3d93efdf89b240e40ceb46e53c9c62deeb7134ad,site_fold_0,0.24752469092398877,0.15184649575335968,0.08711345544915317,250,fit
bg_2018_0212,0,2018,2017,d62a426cec03061a92b4b16ff9276a42c85c45c9bef3ede5653bbbd82d16c4a6,site_fold_1,0.17798125167008053,0.00016519236683868723,0.0017564551474491077,250,fit
bg_2018_0214,0,2018,2017,adcf989dc565c016087934f1ab4ba3b574fbe4b87d6ce6c4c0efac4ac2994595,site_fold_2,0.8336130496731334,0.9994230305696183,0.9999947817482636,250,fit
bg_2019_0033,0,2019,2018,21e62fc153d7c067a581956f9285d808728d0fbcc3f743972121ab385b7f240d,site_fold_1,0.4024499033842838,0.17920026286208912,0.03084221853192367,250,fit
bg_2019_0037,0,2019,2018,ec12ead14120d4fd24d16cabbbd241eb1d0fe9c16ad943805a4312845283d462,site_fold_2,0.2284105150454932,0.001504116180658623,0.0012447053399036417,250,fit
bg_2019_0041,0,2019,2018,2fd1ce506e821d00b2c7dc4f3c74578abf6a9aa737fc9b17501c9a890c7b32f4,site_fold_0,0.6082144433955805,0.01240892359821927,0.0009068522086340449,250,fit
bg_2019_0045,0,2019,2018,5abac985a6deaa808eecb6a2742d5a724388c8f6c7ad871704b78b4066e386dc,site_fold_0,0.5848500778674539,0.018509735604051603,0.008886379515688192,250,fit
bg_2019_0049,0,2019,2018,1a44f043ff970d264d22e596a5e8bcb7dd2eeaed1035fc9b3d7de0c36349a6e3,site_fold_2,0.08296065710387482,0.32472243551771607,0.05002348884693694,250,fit
bg_2019_0051,0,2019,2018,748d2b899e4eb3beab4800bc94e8ff516e34ed0db3aef051813bec260a8670ce,site_fold_2,0.12352815041890126,0.06461154487531805,0.01411509520974093,250,fit
bg_2019_0052,0,2019,2018,dcd99ae5f275a0be2458b09742536127a22d13b902bd53e5ac740a04f46f77f3,site_fold_0,0.4547387686420281,0.0052997598675267685,0.002639310378142266,250,fit
bg_2019_0054,0,2019,2018,8b97daeee954f5cf8ce99941964f6b69aafbd08ff670db5383f686bb16668c44,site_fold_4,0.12179887628923747,0.027975955278177634,0.001884378843756236,250,fit
bg_2019_0056,0,2019,2018,dc2c073fab33fa44d4232f769c5e6003d6870f75c7967861a7b52e38d7c69572,site_fold_2,0.21290880761131195,0.9449937874475943,0.752216379933684,250,fit
bg_2019_0058,0,2019,2018,203ddd064d80fc0d4e7bff11a0776d9e93419a3a6037aa9adc2c7505290a1813,site_fold_1,0.041676058395314,0.3538014056120206,0.11944918285948984,250,fit
bg_2019_0059,0,2019,2018,f9a9ec68c6f1d2a1231e5e83d38745b60d61290ff74ac936aa8f0683822eb8eb,site_fold_3,0.840457121525492,0.6147691644268187,0.4185456406548747,250,fit
bg_2019_0066,0,2019,2018,a5a2dc9c1dbe6d7af6f51645bd09cb467e8f7c186eb7d91b2a155cea8ae622ed,site_fold_4,0.41935064907121317,0.04738224748937278,0.0024113325412074217,250,fit
bg_2019_0067,0,2019,2018,b687a30ed837278ff4dadcfdef30f40b2986a06c7c79ed57693b3e6b2b1a9d33,site_fold_4,0.5206935715886122,0.9226631744086794,0.6009939654251162,250,fit
bg_2019_0071,0,2019,2018,48da3e414015f3351b42e87e9218a6ceaedce537a926ba13d8759590bdad9d81,site_fold_4,0.344131691474566,0.36554583002599195,0.4512045863336753,250,fit
bg_2019_0072,0,2019,2018,ea2e9240baa8efb8641cef5f652b1f430fd03b8bb6bdcae03cd85c7be7d79e6c,site_fold_1,0.3107956976817256,0.026927386767332633,0.010638844936567029,250,fit
bg_2019_0073,0,2019,2018,eb67dc3c4a6302c161ea7c937485d56e520ac962c08ed97fcd8cb6d32e101eed,site_fold_0,0.1727481424557888,0.011575031225886646,0.0039831002750181106,250,fit
bg_2019_0074,0,2019,2018,0661378a425c8a66c4aa539a6016f77d94444565f19a404c200d8da71d881e6f,site_fold_4,0.40489683742347304,0.0062137772729236014,0.0006783765395096866,250,fit
bg_2019_0076,0,2019,2018,b0bb5e94bbb58bef0707986a0b214f4618e10f100ec3660f7f792c139b83b7bf,site_fold_2,0.46250496744474745,0.0003031129069992844,0.00019403077261025543,250,fit
bg_2019_0082,0,2019,2018,5535d9eaa37e4d1a7b852f0870d6bc9cf8d44c2c849c46b6e3bc123aea922f98,site_fold_1,0.9861176465586027,0.008966465330366888,0.039812334869156675,250,fit
bg_2019_0086,0,2019,2018,2f8d0c0da0be361972dcf84753d6a3e08b6dad88a520b7d1a92b86f9b38320ac,site_fold_0,0.2463490519719157,0.007138658952230698,7.281444102040975e-05,250,fit
bg_2019_0089,0,2019,2018,30e0262a5079f27f544cfa11a50c2dac7696a1223e31b6a5743a25b88178f3f9,site_fold_1,0.3038103449647592,0.09814485456193443,0.03126946120378759,250,fit
bg_2019_0090,0,2019,2018,0ea0ea06867904ade6f0cc97d06bcc3a15a536e081b0765ae05da45dd08c935e,site_fold_2,0.3462359715482825,0.37765428873531887,0.3914787099572907,250,fit
bg_2019_0091,0,2019,2018,982618d21af830b045f8c249c93b9fe8c0ca46e8eef0f38a41b858d40f182133,site_fold_0,0.45229621889295285,0.42174982594836957,0.20074497134184982,250,fit
bg_2019_0092,0,2019,2018,1329ca34dd0aa22bba0143275ea656df9883ad433541073bcd4a263e3256d123,site_fold_3,0.08534114542718335,0.3062176727419251,0.22177839693987933,250,fit
bg_2019_0093,0,2019,2018,39af272ed4011f905c7675ca8e5251a45ad8be334a928f57454f06824c57b67d,site_fold_2,0.27767284850595814,0.11855291532675909,0.024824211349458104,250,fit
bg_2019_0101,0,2019,2018,0e3e2e1f0d7500e89ab5386ac3395e82b86d098339e82b63a4f96b3de677403b,site_fold_1,0.12163350320918903,0.0807368556027373,0.019053402874202284,250,fit
bg_2019_0103,0,2019,2018,094fe38ba748a64e5efdec7fb8286b4be6aadc362ada39934354d5551a5da3d0,site_fold_3,0.26026171268074494,0.06379534254880448,0.10421674996362151,250,fit
bg_2019_0105,0,2019,2018,5bb0f3030646a3eca15b3c715c0a2cc5c67d8a64036f4b26e788799479fcac9b,site_fold_1,0.4523181133599677,0.22504932864527588,0.18330312069252405,250,fit
bg_2019_0107,0,2019,2018,121ca7306a2ae0103033e3004279ef3e80366ab277effbd7df933cd44df93378,site_fold_1,0.5267259043651863,0.15497203899377207,0.17929346949467617,250,fit
bg_2019_0110,0,2019,2018,fe94a8a6361778f583248af09d52d2f8beaeed2c3a1047494990e54232abf263,site_fold_1,0.47981276266649275,0.49951005978911506,0.5078763298885038,250,fit
bg_2019_0113,0,2019,2018,574a670bce4623563698b796be6af8072c206bfd8806e5f36ff822a332eff57b,site_fold_1,0.32157529139058283,0.6406319852799855,0.20593182561814155,250,fit
bg_2019_0115,0,2019,2018,48ba22de3d6960040834837c9f93bad7da1ff9aa12c70c28cf23329daa5556b9,site_fold_0,0.14820753992928326,0.0203900998821982,0.01655147738977349,250,fit
bg_2019_0116,0,2019,2018,b89dc14cbabd117f4baa55fee005974d32ebb678421d282b6faf5919d4c5513d,site_fold_3,0.011016738732290398,0.045320698778101264,0.031366559194138506,250,fit
bg_2019_0118,0,2019,2018,8e82547d47b9be467e201fcc7a5aecc54c71aded64e0ac980099b8678439acd8,site_fold_3,0.28270392915150844,0.0008982111928336787,0.00024265185818238248,250,fit
bg_2019_0120,0,2019,2018,1cdab643d1b940b0693fcbf08e8a99e52473b61131de923eb8b284c32f00c4d4,site_fold_2,0.13226852282621435,0.8271895420764485,0.7893394739528067,250,fit
bg_2019_0122,0,2019,2018,bf6cb7c3b436132579c4c247e107989902b49e1a3a297a787f54b840578a302e,site_fold_2,0.09355259292210588,0.22584089772697707,0.03828005776456997,250,fit
bg_2019_0124,0,2019,2018,74a593ab813090c62b6028480a668a3959fb4e059bcc73876ed08db88d30bda2,site_fold_2,0.0027241065421498784,0.8923700601073664,0.9282456556279364,250,fit
bg_2019_0129,0,2019,2018,9d517f55ae5613be7e9c1f546afa3a8453196835262a2da69354022e181623af,site_fold_1,0.5188413922956694,0.6676254965074271,0.32772324060597674,250,fit
bg_2019_0131,0,2019,2018,c70088b5f5ed553ac8d54c56b48c1be5b90a722246b8993e86f8ab252abee2b8,site_fold_4,0.7886790363092432,0.9822209433382071,0.9679628860692804,250,fit
bg_2019_0137,0,2019,2018,b1c60d3479151c265d732f1691c8965b5045f9f996bc435e7cc5093bbabaa7ca,site_fold_4,0.24986647179535504,3.95871259758763e-05,0.051201090857683894,250,fit
bg_2019_0140,0,2019,2018,25491912f96991025541d5f5da5a1ed06d902fbef16223d74ebe72a74b2706c0,site_fold_3,0.35754517591686147,0.1699907518756759,0.07680033400920735,250,fit
bg_2019_0142,0,2019,2018,27cf11d64439127707db65caff07bd9f503a61a6427d56ac8b3df0c792261c04,site_fold_1,0.975774399891446,0.026778200637632536,0.002453177398478727,250,fit
bg_2019_0144,0,2019,2018,48a8d4b27be3f5a3d567610c033ac715c6277500103c9ec2d712f0b3bd427f0b,site_fold_0,0.6899928478620806,0.7314469818081942,0.32249376682002673,250,fit
bg_2019_0146,0,2019,2018,e889077796f75a8bf06a0218348506ff1aa58361a026a2158158d33545d8f8e8,site_fold_1,0.6186973612732065,0.32716138131059186,0.3970579079048102,250,fit
bg_2019_0148,0,2019,2018,7e9ec81c8ea1517e7c97d3f130bd8da15eded8367199dea08912d7fec27678bc,site_fold_4,0.8447114995587881,0.6592675904266171,0.24249359669749027,250,fit
bg_2019_0152,0,2019,2018,ce81223ed4abc36fdbbc236f8ffb7d0ee9ea969f12ac8750196c90345354cd48,site_fold_0,0.00030057536372005004,0.008440797746347116,0.0020851335230311643,250,fit
bg_2019_0154,0,2019,2018,eaa88e45dc34bbc37c2c1c462247981c702e40fc4de264f8bfd709abb71da6d3,site_fold_3,0.16902323197818694,0.3587079529927112,0.07427224949231968,250,fit
bg_2019_0157,0,2019,2018,10931396412cd75603aea0d3abeeaa86eab99d3b921d1b092b41bbab3e6b3ef3,site_fold_1,0.5091709806923927,0.0005958040490363939,0.00021508874864512685,250,fit
bg_2019_0161,0,2019,2018,d49b5fbc9ceb41ca0416f4cdb698a4166b7a68f5b61831b3c486481ab9266d59,site_fold_3,0.6633689218514185,0.9225048986316805,0.8845327238589584,250,fit
bg_2019_0165,0,2019,2018,d2fe77c5494009de82c48b234cc00ce5e962100afef8729763eebcde1fdb3ee6,site_fold_4,0.8848191554853584,0.07297304875141221,0.00840329715839108,250,fit
bg_2019_0182,0,2019,2018,338e23f9b352e3105dbde6ef929db218b89c42bef0ff3192ba71868dc1c03e11,site_fold_4,0.8413614494058218,0.3167031503073751,0.2523637195247383,250,fit
bg_2019_0193,0,2019,2018,61dbfdd28521f9308c90c25b11338b8d4a84bcf61abdb389858a2ac8ee611700,site_fold_3,0.11592443808941147,0.17444734476558935,0.064325337918012,250,fit
bg_2019_0197,0,2019,2018,085eb8211e0d2e935d23d26841e01d26a6fd4d394c7185918f5965368be91c14,site_fold_4,0.8541020352552563,0.9558715229480104,0.9721578016474863,250,fit
bg_2019_0210,0,2019,2018,81ecec5ea53df338cb8dec8a3d93efdf89b240e40ceb46e53c9c62deeb7134ad,site_fold_0,0.37445868915887853,0.1904166262780958,0.039242383426354624,250,fit
bg_2019_0212,0,2019,2018,d62a426cec03061a92b4b16ff9276a42c85c45c9bef3ede5653bbbd82d16c4a6,site_fold_1,0.42882181449385803,0.0012957913490022073,0.00033734354082539135,250,fit
bg_2019_0214,0,2019,2018,adcf989dc565c016087934f1ab4ba3b574fbe4b87d6ce6c4c0efac4ac2994595,site_fold_2,0.7081135976551811,0.9997066134588836,0.9993841404409153,250,fit
bg_2020_0033,0,2020,2019,21e62fc153d7c067a581956f9285d808728d0fbcc3f743972121ab385b7f240d,site_fold_1,0.2518926576664867,0.4298762703599753,0.06577376270665505,250,fit
bg_2020_0037,0,2020,2019,ec12ead14120d4fd24d16cabbbd241eb1d0fe9c16ad943805a4312845283d462,site_fold_2,0.3190755448474077,0.005918200450375004,0.048935873019512015,250,fit
bg_2020_0041,0,2020,2019,2fd1ce506e821d00b2c7dc4f3c74578abf6a9aa737fc9b17501c9a890c7b32f4,site_fold_0,0.6350929601569626,0.005428979165039937,0.014639655512044304,250,fit
bg_2020_0045,0,2020,2019,5abac985a6deaa808eecb6a2742d5a724388c8f6c7ad871704b78b4066e386dc,site_fold_0,0.8526184310882546,0.13157508558380548,0.1477328300495627,250,fit
bg_2020_0049,0,2020,2019,1a44f043ff970d264d22e596a5e8bcb7dd2eeaed1035fc9b3d7de0c36349a6e3,site_fold_2,0.19083797467719102,0.24979366803317535,0.5842453704936188,250,fit
bg_2020_0051,0,2020,2019,748d2b899e4eb3beab4800bc94e8ff516e34ed0db3aef051813bec260a8670ce,site_fold_2,0.08104651885672456,0.09390508237924718,0.06762197744310648,250,fit
bg_2020_0052,0,2020,2019,dcd99ae5f275a0be2458b09742536127a22d13b902bd53e5ac740a04f46f77f3,site_fold_0,0.5486988449082423,0.0375815254046468,0.07304833032188598,250,fit
bg_2020_0056,0,2020,2019,dc2c073fab33fa44d4232f769c5e6003d6870f75c7967861a7b52e38d7c69572,site_fold_2,0.2531519471430615,0.8502237472676125,0.10250976084276381,250,fit
bg_2020_0058,0,2020,2019,203ddd064d80fc0d4e7bff11a0776d9e93419a3a6037aa9adc2c7505290a1813,site_fold_1,0.06960185581317381,0.29514700948690187,0.6729503087012815,250,fit
bg_2020_0059,0,2020,2019,f9a9ec68c6f1d2a1231e5e83d38745b60d61290ff74ac936aa8f0683822eb8eb,site_fold_3,0.9401148940219229,0.7200204908651365,0.9727788897377811,250,fit
bg_2020_0066,0,2020,2019,a5a2dc9c1dbe6d7af6f51645bd09cb467e8f7c186eb7d91b2a155cea8ae622ed,site_fold_4,0.5930539690065197,0.09288796559897655,0.018507020705309296,250,fit
bg_2020_0067,0,2020,2019,b687a30ed837278ff4dadcfdef30f40b2986a06c7c79ed57693b3e6b2b1a9d33,site_fold_4,0.5036963131490166,0.9052926387946085,0.7704096682048799,250,fit
bg_2020_0071,0,2020,2019,48da3e414015f3351b42e87e9218a6ceaedce537a926ba13d8759590bdad9d81,site_fold_4,0.1750087781353945,0.5893298057663479,0.42340254549931927,250,fit
bg_2020_0072,0,2020,2019,ea2e9240baa8efb8641cef5f652b1f430fd03b8bb6bdcae03cd85c7be7d79e6c,site_fold_1,0.37258708625270065,0.021195855126321567,0.04481528059037282,250,fit
bg_2020_0073,0,2020,2019,eb67dc3c4a6302c161ea7c937485d56e520ac962c08ed97fcd8cb6d32e101eed,site_fold_0,0.18804805335437014,0.02716168193512127,0.0185300730987623,250,fit
bg_2020_0074,0,2020,2019,0661378a425c8a66c4aa539a6016f77d94444565f19a404c200d8da71d881e6f,site_fold_4,0.5215300990729347,0.0049371549363292615,0.002877186103773632,250,fit
bg_2020_0076,0,2020,2019,b0bb5e94bbb58bef0707986a0b214f4618e10f100ec3660f7f792c139b83b7bf,site_fold_2,0.55250762167948,0.0005026511524201485,0.0008096493980421486,250,fit
bg_2020_0082,0,2020,2019,5535d9eaa37e4d1a7b852f0870d6bc9cf8d44c2c849c46b6e3bc123aea922f98,site_fold_1,0.9841018392260216,0.16529866633278498,0.22582044799869982,250,fit
bg_2020_0086,0,2020,2019,2f8d0c0da0be361972dcf84753d6a3e08b6dad88a520b7d1a92b86f9b38320ac,site_fold_0,0.4099456771788529,0.0031032967252416456,0.010273205125334297,250,fit
bg_2020_0089,0,2020,2019,30e0262a5079f27f544cfa11a50c2dac7696a1223e31b6a5743a25b88178f3f9,site_fold_1,0.47759793607064266,0.0849011729024637,0.10705952016202364,250,fit
bg_2020_0090,0,2020,2019,0ea0ea06867904ade6f0cc97d06bcc3a15a536e081b0765ae05da45dd08c935e,site_fold_2,0.3821843229436551,0.30892259322582855,0.2914634069225935,250,fit
bg_2020_0091,0,2020,2019,982618d21af830b045f8c249c93b9fe8c0ca46e8eef0f38a41b858d40f182133,site_fold_0,0.5262089026156558,0.6664724983755373,0.845525650664579,250,fit
bg_2020_0092,0,2020,2019,1329ca34dd0aa22bba0143275ea656df9883ad433541073bcd4a263e3256d123,site_fold_3,0.15363327186784764,0.37778636394346776,0.7908982534367109,250,fit
bg_2020_0093,0,2020,2019,39af272ed4011f905c7675ca8e5251a45ad8be334a928f57454f06824c57b67d,site_fold_2,0.16484806483354122,0.01603863049755094,0.09947179545202006,250,fit
bg_2020_0101,0,2020,2019,0e3e2e1f0d7500e89ab5386ac3395e82b86d098339e82b63a4f96b3de677403b,site_fold_1,0.20009587268290174,0.14868335062120977,0.2722855270374781,250,fit
bg_2020_0103,0,2020,2019,094fe38ba748a64e5efdec7fb8286b4be6aadc362ada39934354d5551a5da3d0,site_fold_3,0.22827207065465951,0.11589303332757277,0.14405208140757808,250,fit
bg_2020_0105,0,2020,2019,5bb0f3030646a3eca15b3c715c0a2cc5c67d8a64036f4b26e788799479fcac9b,site_fold_1,0.5723679594566989,0.8045565099251561,0.41984691239923555,250,fit
bg_2020_0107,0,2020,2019,121ca7306a2ae0103033e3004279ef3e80366ab277effbd7df933cd44df93378,site_fold_1,0.6847522169953647,0.512697447950311,0.4483323507462084,250,fit
bg_2020_0110,0,2020,2019,fe94a8a6361778f583248af09d52d2f8beaeed2c3a1047494990e54232abf263,site_fold_1,0.6102805757852245,0.8864366368974143,0.8295879878819185,250,fit
bg_2020_0115,0,2020,2019,48ba22de3d6960040834837c9f93bad7da1ff9aa12c70c28cf23329daa5556b9,site_fold_0,0.13785439888391127,0.014519154455536745,0.20786882401952755,250,fit
bg_2020_0116,0,2020,2019,b89dc14cbabd117f4baa55fee005974d32ebb678421d282b6faf5919d4c5513d,site_fold_3,0.013307124373776716,0.07684657478748333,0.24073828930258467,250,fit
bg_2020_0118,0,2020,2019,8e82547d47b9be467e201fcc7a5aecc54c71aded64e0ac980099b8678439acd8,site_fold_3,0.33729769531615467,0.003403880344517611,0.0028671713054759505,250,fit
bg_2020_0120,0,2020,2019,1cdab643d1b940b0693fcbf08e8a99e52473b61131de923eb8b284c32f00c4d4,site_fold_2,0.1595071201333126,0.8838761414228772,0.9023764351135094,250,fit
bg_2020_0122,0,2020,2019,bf6cb7c3b436132579c4c247e107989902b49e1a3a297a787f54b840578a302e,site_fold_2,0.11730751596546109,0.04070448183617419,0.08312479107220964,250,fit
bg_2020_0124,0,2020,2019,74a593ab813090c62b6028480a668a3959fb4e059bcc73876ed08db88d30bda2,site_fold_2,0.00551763596146405,0.8540654916875192,0.9930840240814784,250,fit
bg_2020_0129,0,2020,2019,9d517f55ae5613be7e9c1f546afa3a8453196835262a2da69354022e181623af,site_fold_1,0.5811294810000363,0.6969775920676585,0.8691782201818381,250,fit
bg_2020_0131,0,2020,2019,c70088b5f5ed553ac8d54c56b48c1be5b90a722246b8993e86f8ab252abee2b8,site_fold_4,0.867349802794514,0.9931358421832902,0.9926727802852947,250,fit
bg_2020_0133,0,2020,2019,f4be26be42aa63779b31705fdb787991f04b62cc376f4011ad45d4e46a90aadc,site_fold_2,0.9623452414469627,0.19442915696622698,0.1186460780477613,250,fit
bg_2020_0137,0,2020,2019,b1c60d3479151c265d732f1691c8965b5045f9f996bc435e7cc5093bbabaa7ca,site_fold_4,0.24327033683781013,0.9818256317531265,0.018104917000290932,250,fit
bg_2020_0140,0,2020,2019,25491912f96991025541d5f5da5a1ed06d902fbef16223d74ebe72a74b2706c0,site_fold_3,0.39498702596977786,0.13680433216470583,0.6414896594585193,250,fit
bg_2020_0142,0,2020,2019,27cf11d64439127707db65caff07bd9f503a61a6427d56ac8b3df0c792261c04,site_fold_1,0.9939807148025566,0.3862175555717839,0.017000813702653668,250,fit
bg_2020_0144,0,2020,2019,48a8d4b27be3f5a3d567610c033ac715c6277500103c9ec2d712f0b3bd427f0b,site_fold_0,0.7317519456552568,0.9417315338635625,0.9298295805938521,250,fit
bg_2020_0146,0,2020,2019,e889077796f75a8bf06a0218348506ff1aa58361a026a2158158d33545d8f8e8,site_fold_1,0.7363797007749139,0.8245032951123329,0.750042486945576,250,fit
bg_2020_0148,0,2020,2019,7e9ec81c8ea1517e7c97d3f130bd8da15eded8367199dea08912d7fec27678bc,site_fold_4,0.9261640232732761,0.8271667997940053,0.7538751011721522,250,fit
bg_2020_0152,0,2020,2019,ce81223ed4abc36fdbbc236f8ffb7d0ee9ea969f12ac8750196c90345354cd48,site_fold_0,0.010104299776549284,0.020448955495687756,0.0035744032251036144,250,fit
bg_2020_0154,0,2020,2019,eaa88e45dc34bbc37c2c1c462247981c702e40fc4de264f8bfd709abb71da6d3,site_fold_3,0.056817811309867634,0.39691906137540944,0.20225669533987464,250,fit
bg_2020_0157,0,2020,2019,10931396412cd75603aea0d3abeeaa86eab99d3b921d1b092b41bbab3e6b3ef3,site_fold_1,0.5868284709060008,0.004331810344725212,0.008753951786864621,250,fit
bg_2020_0161,0,2020,2019,d49b5fbc9ceb41ca0416f4cdb698a4166b7a68f5b61831b3c486481ab9266d59,site_fold_3,0.7325861194678822,0.9535517057444207,0.9548276840030809,250,fit
bg_2020_0165,0,2020,2019,d2fe77c5494009de82c48b234cc00ce5e962100afef8729763eebcde1fdb3ee6,site_fold_4,0.8775416434808105,0.044857751124246996,0.019887659156891998,250,fit
bg_2020_0182,0,2020,2019,338e23f9b352e3105dbde6ef929db218b89c42bef0ff3192ba71868dc1c03e11,site_fold_4,0.8846318895880819,0.6837400123395488,0.5920536290887748,250,fit
bg_2020_0193,0,2020,2019,61dbfdd28521f9308c90c25b11338b8d4a84bcf61abdb389858a2ac8ee611700,site_fold_3,0.1493704728261578,0.17087024069416998,0.3610296031730834,250,fit
bg_2020_0197,0,2020,2019,085eb8211e0d2e935d23d26841e01d26a6fd4d394c7185918f5965368be91c14,site_fold_4,0.9338356921516944,0.9975994820225286,0.9971077141343534,250,fit
bg_2020_0210,0,2020,2019,81ecec5ea53df338cb8dec8a3d93efdf89b240e40ceb46e53c9c62deeb7134ad,site_fold_0,0.3566767443739681,0.3886456737850998,0.41655328965615007,250,fit
bg_2020_0212,0,2020,2019,d62a426cec03061a92b4b16ff9276a42c85c45c9bef3ede5653bbbd82d16c4a6,site_fold_1,0.4205581082285934,0.0018522831325468718,0.00520499700028639,250,fit
bg_2020_0214,0,2020,2019,adcf989dc565c016087934f1ab4ba3b574fbe4b87d6ce6c4c0efac4ac2994595,site_fold_2,0.8236805800447352,0.9968557468389453,0.9999439904325316,250,fit
bg_2023_0033,0,2023,2022,21e62fc153d7c067a581956f9285d808728d0fbcc3f743972121ab385b7f240d,site_fold_1,0.23467249790758452,0.028385219627290216,0.06507264174957847,250,fit
bg_2023_0037,0,2023,2022,ec12ead14120d4fd24d16cabbbd241eb1d0fe9c16ad943805a4312845283d462,site_fold_2,0.29421808020956175,0.21380645681592048,0.0722865995769983,250,fit
bg_2023_0041,0,2023,2022,2fd1ce506e821d00b2c7dc4f3c74578abf6a9aa737fc9b17501c9a890c7b32f4,site_fold_0,0.6442368088957504,0.07209170502384302,0.24905947598769335,250,fit
bg_2023_0045,0,2023,2022,5abac985a6deaa808eecb6a2742d5a724388c8f6c7ad871704b78b4066e386dc,site_fold_0,0.47581996906417584,0.1245648747185618,0.019507413212506527,250,fit
bg_2023_0049,0,2023,2022,1a44f043ff970d264d22e596a5e8bcb7dd2eeaed1035fc9b3d7de0c36349a6e3,site_fold_2,0.40401315980642377,0.8723471005719051,0.8319062461153426,250,fit
bg_2023_0051,0,2023,2022,748d2b899e4eb3beab4800bc94e8ff516e34ed0db3aef051813bec260a8670ce,site_fold_2,0.2798256284782261,0.38163188889001387,0.5948285324196207,250,fit
bg_2023_0052,0,2023,2022,dcd99ae5f275a0be2458b09742536127a22d13b902bd53e5ac740a04f46f77f3,site_fold_0,0.28461517174961987,0.0032859228019573236,0.030492090122621388,250,fit
bg_2023_0054,0,2023,2022,8b97daeee954f5cf8ce99941964f6b69aafbd08ff670db5383f686bb16668c44,site_fold_4,0.27612407235205677,0.05203944312535363,0.00654302245187916,250,fit
bg_2023_0056,0,2023,2022,dc2c073fab33fa44d4232f769c5e6003d6870f75c7967861a7b52e38d7c69572,site_fold_2,0.46913094197787786,0.02765966307397603,0.05393371171614128,250,fit
bg_2023_0058,0,2023,2022,203ddd064d80fc0d4e7bff11a0776d9e93419a3a6037aa9adc2c7505290a1813,site_fold_1,0.06808321537547102,0.46190591613451715,0.1559350219269453,250,fit
bg_2023_0059,0,2023,2022,f9a9ec68c6f1d2a1231e5e83d38745b60d61290ff74ac936aa8f0683822eb8eb,site_fold_3,0.9476062064484868,0.6766347762977462,0.8742191031630119,250,fit
bg_2023_0064,0,2023,2022,7cf777b87c15c35cb12a26b7d8ad0f56654c2b75b6447578107c0cef8bdd2e29,site_fold_0,0.5912537269031215,0.5831010697929709,0.3174915089748262,250,fit
bg_2023_0066,0,2023,2022,a5a2dc9c1dbe6d7af6f51645bd09cb467e8f7c186eb7d91b2a155cea8ae622ed,site_fold_4,0.5516054667251548,0.21578334676353117,0.003576030523815009,250,fit
bg_2023_0067,0,2023,2022,b687a30ed837278ff4dadcfdef30f40b2986a06c7c79ed57693b3e6b2b1a9d33,site_fold_4,0.5556264222580996,0.8386775115112884,0.31205627088425114,250,fit
bg_2023_0069,0,2023,2022,19b54b72bdde6c4bd3cbe2546f3414a4ff56cd60d6a2bcdf3d6f1f199e8b9a7a,site_fold_3,0.20878992123834664,0.04948770035053167,0.12723161012879464,250,fit
bg_2023_0071,0,2023,2022,48da3e414015f3351b42e87e9218a6ceaedce537a926ba13d8759590bdad9d81,site_fold_4,0.3156581543174285,0.08153582574527618,0.02206843082808133,250,fit
bg_2023_0072,0,2023,2022,ea2e9240baa8efb8641cef5f652b1f430fd03b8bb6bdcae03cd85c7be7d79e6c,site_fold_1,0.4016371723565533,0.045639688817256864,0.03956162487911877,250,fit
bg_2023_0073,0,2023,2022,eb67dc3c4a6302c161ea7c937485d56e520ac962c08ed97fcd8cb6d32e101eed,site_fold_0,0.24506134569728494,0.010278422067412791,0.007927727325958757,250,fit
bg_2023_0074,0,2023,2022,0661378a425c8a66c4aa539a6016f77d94444565f19a404c200d8da71d881e6f,site_fold_4,0.5503479670363919,0.015563386943514775,0.01311360522318848,250,fit
bg_2023_0076,0,2023,2022,b0bb5e94bbb58bef0707986a0b214f4618e10f100ec3660f7f792c139b83b7bf,site_fold_2,0.5247846057417214,0.0014916334247243783,0.0014903603646195878,250,fit
bg_2023_0082,0,2023,2022,5535d9eaa37e4d1a7b852f0870d6bc9cf8d44c2c849c46b6e3bc123aea922f98,site_fold_1,0.9949753329578901,0.5362522942994079,0.8515072647716057,250,fit
bg_2023_0086,0,2023,2022,2f8d0c0da0be361972dcf84753d6a3e08b6dad88a520b7d1a92b86f9b38320ac,site_fold_0,0.33373801689351806,0.07349457903356278,0.0034445036447715315,250,fit
bg_2023_0089,0,2023,2022,30e0262a5079f27f544cfa11a50c2dac7696a1223e31b6a5743a25b88178f3f9,site_fold_1,0.5206580694970446,0.038399817007782736,0.29655978934200317,250,fit
bg_2023_0090,0,2023,2022,0ea0ea06867904ade6f0cc97d06bcc3a15a536e081b0765ae05da45dd08c935e,site_fold_2,0.6136365732602647,0.41199552414109747,0.20031461865155942,250,fit
bg_2023_0091,0,2023,2022,982618d21af830b045f8c249c93b9fe8c0ca46e8eef0f38a41b858d40f182133,site_fold_0,0.6362075209333778,0.8827728447014628,0.8726494845227708,250,fit
bg_2023_0092,0,2023,2022,1329ca34dd0aa22bba0143275ea656df9883ad433541073bcd4a263e3256d123,site_fold_3,0.2142248997662551,0.763395561477537,0.6097222252042336,250,fit
bg_2023_0093,0,2023,2022,39af272ed4011f905c7675ca8e5251a45ad8be334a928f57454f06824c57b67d,site_fold_2,0.23045492781972865,0.1405297459380847,0.03552818410158006,250,fit
bg_2023_0101,0,2023,2022,0e3e2e1f0d7500e89ab5386ac3395e82b86d098339e82b63a4f96b3de677403b,site_fold_1,0.17868080975993783,0.42593099289461545,0.22543559976253003,250,fit
bg_2023_0103,0,2023,2022,094fe38ba748a64e5efdec7fb8286b4be6aadc362ada39934354d5551a5da3d0,site_fold_3,0.42238324225685747,0.0857527767704303,0.23779010503079212,250,fit
bg_2023_0105,0,2023,2022,5bb0f3030646a3eca15b3c715c0a2cc5c67d8a64036f4b26e788799479fcac9b,site_fold_1,0.5621900440067535,0.7859079447584906,0.690219113312584,250,fit
bg_2023_0107,0,2023,2022,121ca7306a2ae0103033e3004279ef3e80366ab277effbd7df933cd44df93378,site_fold_1,0.65666407627462,0.614351691254733,0.429456578958236,250,fit
bg_2023_0110,0,2023,2022,fe94a8a6361778f583248af09d52d2f8beaeed2c3a1047494990e54232abf263,site_fold_1,0.5087221152287128,0.666748581715086,0.5695371434343928,250,fit
bg_2023_0118,0,2023,2022,8e82547d47b9be467e201fcc7a5aecc54c71aded64e0ac980099b8678439acd8,site_fold_3,0.3434124886850687,0.0635917788045265,0.06277488481133325,250,fit
bg_2023_0120,0,2023,2022,1cdab643d1b940b0693fcbf08e8a99e52473b61131de923eb8b284c32f00c4d4,site_fold_2,0.17513194203354054,0.29299727604428466,0.01381502320560241,250,fit
bg_2023_0122,0,2023,2022,bf6cb7c3b436132579c4c247e107989902b49e1a3a297a787f54b840578a302e,site_fold_2,0.13447070149197854,0.08618034420565426,0.04370560230989435,250,fit
bg_2023_0129,0,2023,2022,9d517f55ae5613be7e9c1f546afa3a8453196835262a2da69354022e181623af,site_fold_1,0.5780924669486962,0.7463067611452565,0.6372082065501544,250,fit
bg_2023_0131,0,2023,2022,c70088b5f5ed553ac8d54c56b48c1be5b90a722246b8993e86f8ab252abee2b8,site_fold_4,0.9132028743999484,0.96431544150692,0.9764223967352214,250,fit
bg_2023_0133,0,2023,2022,f4be26be42aa63779b31705fdb787991f04b62cc376f4011ad45d4e46a90aadc,site_fold_2,0.7321393526048512,0.31235689677063494,0.08472876131740235,250,fit
bg_2023_0137,0,2023,2022,b1c60d3479151c265d732f1691c8965b5045f9f996bc435e7cc5093bbabaa7ca,site_fold_4,0.14629810302938093,0.03670391283357588,0.07109047286240112,250,fit
bg_2023_0140,0,2023,2022,25491912f96991025541d5f5da5a1ed06d902fbef16223d74ebe72a74b2706c0,site_fold_3,0.4083862858974256,0.412714260474608,0.44020586741208967,250,fit
bg_2023_0142,0,2023,2022,27cf11d64439127707db65caff07bd9f503a61a6427d56ac8b3df0c792261c04,site_fold_1,0.9974327259692485,0.6336938137590119,0.2393093531253083,250,fit
bg_2023_0144,0,2023,2022,48a8d4b27be3f5a3d567610c033ac715c6277500103c9ec2d712f0b3bd427f0b,site_fold_0,0.6460833673096328,0.8727881231547479,0.481907139781438,250,fit
bg_2023_0146,0,2023,2022,e889077796f75a8bf06a0218348506ff1aa58361a026a2158158d33545d8f8e8,site_fold_1,0.664226921263742,0.8493920144255027,0.6993858705894418,250,fit
bg_2023_0148,0,2023,2022,7e9ec81c8ea1517e7c97d3f130bd8da15eded8367199dea08912d7fec27678bc,site_fold_4,0.8711724765307857,0.8072440699442847,0.8875965914733706,250,fit
bg_2023_0152,0,2023,2022,ce81223ed4abc36fdbbc236f8ffb7d0ee9ea969f12ac8750196c90345354cd48,site_fold_0,0.006535704242089642,0.01323084245395268,0.011503108272690658,250,fit
bg_2023_0154,0,2023,2022,eaa88e45dc34bbc37c2c1c462247981c702e40fc4de264f8bfd709abb71da6d3,site_fold_3,0.2644184523842383,0.6436997065344919,0.23519835012489484,250,fit
bg_2023_0157,0,2023,2022,10931396412cd75603aea0d3abeeaa86eab99d3b921d1b092b41bbab3e6b3ef3,site_fold_1,0.35067245112882606,0.005334845126594833,0.003168334671828077,250,fit
bg_2023_0161,0,2023,2022,d49b5fbc9ceb41ca0416f4cdb698a4166b7a68f5b61831b3c486481ab9266d59,site_fold_3,0.3740604485190867,0.9771314329735464,0.6392365009849849,250,fit
bg_2023_0165,0,2023,2022,d2fe77c5494009de82c48b234cc00ce5e962100afef8729763eebcde1fdb3ee6,site_fold_4,0.8901491801858794,0.13781101850027702,0.16938140422011408,250,fit
bg_2023_0182,0,2023,2022,338e23f9b352e3105dbde6ef929db218b89c42bef0ff3192ba71868dc1c03e11,site_fold_4,0.7452563606096136,0.850249110653677,0.9363325333333258,250,fit
bg_2023_0193,0,2023,2022,61dbfdd28521f9308c90c25b11338b8d4a84bcf61abdb389858a2ac8ee611700,site_fold_3,0.10626723682647386,0.7452118931932308,0.1827433982775798,250,fit
bg_2023_0197,0,2023,2022,085eb8211e0d2e935d23d26841e01d26a6fd4d394c7185918f5965368be91c14,site_fold_4,0.9018725064333897,0.9962186101675751,0.9964394828992693,250,fit
bg_2023_0210,0,2023,2022,81ecec5ea53df338cb8dec8a3d93efdf89b240e40ceb46e53c9c62deeb7134ad,site_fold_0,0.3573274934637483,0.6329512538502949,0.4717620505294229,250,fit
bg_2023_0212,0,2023,2022,d62a426cec03061a92b4b16ff9276a42c85c45c9bef3ede5653bbbd82d16c4a6,site_fold_1,0.3666191841817627,0.0032418635731945047,0.021069829922545708,250,fit
bg_2023_0214,0,2023,2022,adcf989dc565c016087934f1ab4ba3b574fbe4b87d6ce6c4c0efac4ac2994595,site_fold_2,0.8111184479604998,0.99364952050127,0.9999956757425992,250,fit
bg_2024_0033,0,2024,2023,21e62fc153d7c067a581956f9285d808728d0fbcc3f743972121ab385b7f240d,site_fold_1,0.2538238572509596,0.3110797359910185,0.13786276512200787,250,fit
bg_2024_0037,0,2024,2023,ec12ead14120d4fd24d16cabbbd241eb1d0fe9c16ad943805a4312845283d462,site_fold_2,0.309506546538138,0.12372344951507155,0.2369617982409838,250,fit
bg_2024_0041,0,2024,2023,2fd1ce506e821d00b2c7dc4f3c74578abf6a9aa737fc9b17501c9a890c7b32f4,site_fold_0,0.6134441198732673,0.27629625056817125,0.14253483226526795,250,fit
bg_2024_0045,0,2024,2023,5abac985a6deaa808eecb6a2742d5a724388c8f6c7ad871704b78b4066e386dc,site_fold_0,0.2878861328178711,0.029405904585610078,0.12602578103291634,250,fit
bg_2024_0049,0,2024,2023,1a44f043ff970d264d22e596a5e8bcb7dd2eeaed1035fc9b3d7de0c36349a6e3,site_fold_2,0.3272180468912478,0.8580651556230644,0.8954630985376401,250,fit
bg_2024_0051,0,2024,2023,748d2b899e4eb3beab4800bc94e8ff516e34ed0db3aef051813bec260a8670ce,site_fold_2,0.15400894708236537,0.7786754338546786,0.8286094434889689,250,fit
bg_2024_0052,0,2024,2023,dcd99ae5f275a0be2458b09742536127a22d13b902bd53e5ac740a04f46f77f3,site_fold_0,0.298837479144847,0.05349089634035284,0.12320488690778521,250,fit
bg_2024_0054,0,2024,2023,8b97daeee954f5cf8ce99941964f6b69aafbd08ff670db5383f686bb16668c44,site_fold_4,0.3357421093240907,0.01906411822904016,0.02619462758932022,250,fit
bg_2024_0056,0,2024,2023,dc2c073fab33fa44d4232f769c5e6003d6870f75c7967861a7b52e38d7c69572,site_fold_2,0.2779004409423564,0.092142656167391,0.3576493419333137,250,fit
bg_2024_0058,0,2024,2023,203ddd064d80fc0d4e7bff11a0776d9e93419a3a6037aa9adc2c7505290a1813,site_fold_1,0.15238805704925226,0.5106615370360763,0.6612542017175989,250,fit
bg_2024_0059,0,2024,2023,f9a9ec68c6f1d2a1231e5e83d38745b60d61290ff74ac936aa8f0683822eb8eb,site_fold_3,0.9781190585304578,0.906684882359974,0.9574242291776824,250,fit
bg_2024_0064,0,2024,2023,7cf777b87c15c35cb12a26b7d8ad0f56654c2b75b6447578107c0cef8bdd2e29,site_fold_0,0.43364617950983064,0.15183651034845946,0.05770345040700106,250,fit
bg_2024_0066,0,2024,2023,a5a2dc9c1dbe6d7af6f51645bd09cb467e8f7c186eb7d91b2a155cea8ae622ed,site_fold_4,0.43088535373953785,0.08853881720332757,0.0723663732124772,250,fit
bg_2024_0067,0,2024,2023,b687a30ed837278ff4dadcfdef30f40b2986a06c7c79ed57693b3e6b2b1a9d33,site_fold_4,0.5156401533082889,0.5920104092126387,0.36169382532369665,250,fit
bg_2024_0069,0,2024,2023,19b54b72bdde6c4bd3cbe2546f3414a4ff56cd60d6a2bcdf3d6f1f199e8b9a7a,site_fold_3,0.23768233608794423,0.31871977939549767,0.010711906155778769,250,fit
bg_2024_0071,0,2024,2023,48da3e414015f3351b42e87e9218a6ceaedce537a926ba13d8759590bdad9d81,site_fold_4,0.31039306092245356,0.08718680400576018,0.05099021806735366,250,fit
bg_2024_0072,0,2024,2023,ea2e9240baa8efb8641cef5f652b1f430fd03b8bb6bdcae03cd85c7be7d79e6c,site_fold_1,0.34103226301633904,0.04294179270630646,0.32428526677528224,250,fit
bg_2024_0073,0,2024,2023,eb67dc3c4a6302c161ea7c937485d56e520ac962c08ed97fcd8cb6d32e101eed,site_fold_0,0.19636652994850468,0.012854038545228302,0.057952035071593355,250,fit
bg_2024_0074,0,2024,2023,0661378a425c8a66c4aa539a6016f77d94444565f19a404c200d8da71d881e6f,site_fold_4,0.4487326764175382,0.009826483690351792,0.014782600726966367,250,fit
bg_2024_0076,0,2024,2023,b0bb5e94bbb58bef0707986a0b214f4618e10f100ec3660f7f792c139b83b7bf,site_fold_2,0.524521129513743,0.001139370502405488,0.0025263697899944,250,fit
bg_2024_0082,0,2024,2023,5535d9eaa37e4d1a7b852f0870d6bc9cf8d44c2c849c46b6e3bc123aea922f98,site_fold_1,0.9939848133764102,0.8791957753477255,0.9011522295288028,250,fit
bg_2024_0086,0,2024,2023,2f8d0c0da0be361972dcf84753d6a3e08b6dad88a520b7d1a92b86f9b38320ac,site_fold_0,0.25009811846640223,0.04513753907844946,0.01284454722787372,250,fit
bg_2024_0089,0,2024,2023,30e0262a5079f27f544cfa11a50c2dac7696a1223e31b6a5743a25b88178f3f9,site_fold_1,0.5082372923469023,0.5133343711781342,0.8921630235712917,250,fit
bg_2024_0090,0,2024,2023,0ea0ea06867904ade6f0cc97d06bcc3a15a536e081b0765ae05da45dd08c935e,site_fold_2,0.700492844565987,0.5503638483059102,0.3867543886602953,250,fit
bg_2024_0091,0,2024,2023,982618d21af830b045f8c249c93b9fe8c0ca46e8eef0f38a41b858d40f182133,site_fold_0,0.538851268782382,0.7732860111441785,0.9518104725153844,250,fit
bg_2024_0092,0,2024,2023,1329ca34dd0aa22bba0143275ea656df9883ad433541073bcd4a263e3256d123,site_fold_3,0.23308158404580934,0.3088750869404269,0.6595658804977951,250,fit
bg_2024_0093,0,2024,2023,39af272ed4011f905c7675ca8e5251a45ad8be334a928f57454f06824c57b67d,site_fold_2,0.276555806669318,0.06485000040158992,0.12654578819388962,250,fit
bg_2024_0101,0,2024,2023,0e3e2e1f0d7500e89ab5386ac3395e82b86d098339e82b63a4f96b3de677403b,site_fold_1,0.16494120316733432,0.5891372985672132,0.14795844076406447,250,fit
bg_2024_0103,0,2024,2023,094fe38ba748a64e5efdec7fb8286b4be6aadc362ada39934354d5551a5da3d0,site_fold_3,0.41722689079594555,0.22709838136300856,0.08571237890759043,250,fit
bg_2024_0105,0,2024,2023,5bb0f3030646a3eca15b3c715c0a2cc5c67d8a64036f4b26e788799479fcac9b,site_fold_1,0.5832592873453067,0.681177629269015,0.6937389644304268,250,fit
bg_2024_0107,0,2024,2023,121ca7306a2ae0103033e3004279ef3e80366ab277effbd7df933cd44df93378,site_fold_1,0.6048245193691865,0.45518604667045065,0.5782972101830612,250,fit
bg_2024_0110,0,2024,2023,fe94a8a6361778f583248af09d52d2f8beaeed2c3a1047494990e54232abf263,site_fold_1,0.5933507315658743,0.8338130824395068,0.9275747619504685,250,fit
bg_2024_0115,0,2024,2023,48ba22de3d6960040834837c9f93bad7da1ff9aa12c70c28cf23329daa5556b9,site_fold_0,0.08123914614118312,0.0019154360224521542,0.0014216873801617643,250,fit
bg_2024_0116,0,2024,2023,b89dc14cbabd117f4baa55fee005974d32ebb678421d282b6faf5919d4c5513d,site_fold_3,0.0658544714831691,0.42252829785500906,0.6729109733796669,250,fit
bg_2024_0118,0,2024,2023,8e82547d47b9be467e201fcc7a5aecc54c71aded64e0ac980099b8678439acd8,site_fold_3,0.31362270864118824,0.036255817106896356,0.05165013104060853,250,fit
bg_2024_0120,0,2024,2023,1cdab643d1b940b0693fcbf08e8a99e52473b61131de923eb8b284c32f00c4d4,site_fold_2,0.14969692082583372,0.0541907795898994,0.043897390250805204,250,fit
bg_2024_0122,0,2024,2023,bf6cb7c3b436132579c4c247e107989902b49e1a3a297a787f54b840578a302e,site_fold_2,0.08728647330307981,0.04363281911417343,0.08337200811021375,250,fit
bg_2024_0129,0,2024,2023,9d517f55ae5613be7e9c1f546afa3a8453196835262a2da69354022e181623af,site_fold_1,0.46456414089933773,0.7742727430673854,0.6277851111769216,250,fit
bg_2024_0131,0,2024,2023,c70088b5f5ed553ac8d54c56b48c1be5b90a722246b8993e86f8ab252abee2b8,site_fold_4,0.9252306806039746,0.980218652689483,0.9295710598321578,250,fit
bg_2024_0133,0,2024,2023,f4be26be42aa63779b31705fdb787991f04b62cc376f4011ad45d4e46a90aadc,site_fold_2,0.7649178076157228,0.3705526938576483,0.13041107596264861,250,fit
bg_2024_0137,0,2024,2023,b1c60d3479151c265d732f1691c8965b5045f9f996bc435e7cc5093bbabaa7ca,site_fold_4,0.15258817672367642,0.10230638614196912,0.03582226850227538,250,fit
bg_2024_0140,0,2024,2023,25491912f96991025541d5f5da5a1ed06d902fbef16223d74ebe72a74b2706c0,site_fold_3,0.37791097792444583,0.3534737176278895,0.9129490389042163,250,fit
bg_2024_0142,0,2024,2023,27cf11d64439127707db65caff07bd9f503a61a6427d56ac8b3df0c792261c04,site_fold_1,0.9979601753267058,0.9252414706934493,0.25435461032041357,250,fit
bg_2024_0144,0,2024,2023,48a8d4b27be3f5a3d567610c033ac715c6277500103c9ec2d712f0b3bd427f0b,site_fold_0,0.7070299823829194,0.8108034948798584,0.9378776015206538,250,fit
bg_2024_0146,0,2024,2023,e889077796f75a8bf06a0218348506ff1aa58361a026a2158158d33545d8f8e8,site_fold_1,0.5917519811486025,0.7325709714399465,0.9561163671424395,250,fit
bg_2024_0148,0,2024,2023,7e9ec81c8ea1517e7c97d3f130bd8da15eded8367199dea08912d7fec27678bc,site_fold_4,0.934902948196758,0.9478566049465534,0.7939652587643142,250,fit
bg_2024_0152,0,2024,2023,ce81223ed4abc36fdbbc236f8ffb7d0ee9ea969f12ac8750196c90345354cd48,site_fold_0,0.003373752773486095,0.024019060728950797,0.010847957759237104,250,fit
bg_2024_0154,0,2024,2023,eaa88e45dc34bbc37c2c1c462247981c702e40fc4de264f8bfd709abb71da6d3,site_fold_3,0.03711701143591574,0.39633428227539513,0.23042735227533143,250,fit
bg_2024_0157,0,2024,2023,10931396412cd75603aea0d3abeeaa86eab99d3b921d1b092b41bbab3e6b3ef3,site_fold_1,0.47412810852225984,0.00920170748497705,0.02151644773064837,250,fit
bg_2024_0161,0,2024,2023,d49b5fbc9ceb41ca0416f4cdb698a4166b7a68f5b61831b3c486481ab9266d59,site_fold_3,0.4410803683784552,0.8742747985365863,0.9326850644915197,250,fit
bg_2024_0165,0,2024,2023,d2fe77c5494009de82c48b234cc00ce5e962100afef8729763eebcde1fdb3ee6,site_fold_4,0.8328246073549821,0.060840255118578906,0.1278733950291595,250,fit
bg_2024_0182,0,2024,2023,338e23f9b352e3105dbde6ef929db218b89c42bef0ff3192ba71868dc1c03e11,site_fold_4,0.8145262560335804,0.8886967675328997,0.9824522706785193,250,fit
bg_2024_0193,0,2024,2023,61dbfdd28521f9308c90c25b11338b8d4a84bcf61abdb389858a2ac8ee611700,site_fold_3,0.14843418699039487,0.18602935479725394,0.6117048768402131,250,fit
bg_2024_0197,0,2024,2023,085eb8211e0d2e935d23d26841e01d26a6fd4d394c7185918f5965368be91c14,site_fold_4,0.9510330804463927,0.9972219140424867,0.9995252951890198,250,fit
bg_2024_0210,0,2024,2023,81ecec5ea53df338cb8dec8a3d93efdf89b240e40ceb46e53c9c62deeb7134ad,site_fold_0,0.27739785342489526,0.704673668551608,0.6715020736648768,250,fit
bg_2024_0212,0,2024,2023,d62a426cec03061a92b4b16ff9276a42c85c45c9bef3ede5653bbbd82d16c4a6,site_fold_1,0.47607361873973786,0.02160724005441431,0.00672039839040346,250,fit
bg_2024_0214,0,2024,2023,adcf989dc565c016087934f1ab4ba3b574fbe4b87d6ce6c4c0efac4ac2994595,site_fold_2,0.6528462926900889,0.9998628937320398,0.9998582411042211,250,fit
