sample_id,label,event_year,feature_year,site_id,fold_id,T_DW_prior,T_DW_prior_AE_prior,T_DW_prior_AE_event,buffer_m,fit_status
seoul_flood_2018_00324,1,2018,2017,a1b1fca44bc1ff34acebce1d2dec2893d4eccf3bfe1ad7734248e10fe47f54c7,site_fold_2,0.6963947373974231,0.8106991913635064,0.7596511023624308,500,fit
seoul_flood_2018_00005,1,2018,2017,e88f89ee8b1977d499627aace65949860075e37faa7075fb202f3b9c70914306,site_fold_2,0.9110104634256343,0.8491393938522697,0.9513649992258466,500,fit
seoul_flood_2018_00723,1,2018,2017,f792ca6fa3b7966d7fa888f7aba498b9357ec720fd74b0d523038cf5741af0bd,site_fold_3,0.9826974636751623,0.9563213162626175,0.8481176984876693,500,fit
seoul_flood_2018_00741,1,2018,2017,0c53dcd495b829b20efb3cd45350dae6ad9e1f288bc99042e9b015befbc96aea,site_fold_4,0.5173233931397276,0.8090301196593538,0.6512224881550501,500,fit
seoul_flood_2018_00325,1,2018,2017,a83737b63d9a503d7d831fb52ed8b58f380bae7bb9a6ea2c93390c680f809ee1,site_fold_1,0.9951101940174487,0.9992388380173949,0.9981605206521816,500,fit
seoul_flood_2018_00006,1,2018,2017,ac7d7cf118db0102628ab6d0633c011aa5b6a76e06adea19ae1b020a71924fb9,site_fold_1,0.9159577061286757,0.9550430063146902,0.9871125433050486,500,fit
seoul_flood_2018_00724,1,2018,2017,cd69195557cdbdaf5ce455c634a40f8ef2384631b031d6bf23b3bfbf753d27c3,site_fold_1,0.9352033442934481,0.9685238302328366,0.9665395256202454,500,fit
seoul_flood_2018_00742,1,2018,2017,281ee18e6f6caaecbe9a202ceb6e7b72f1f1c841efc7b7cee1fc3c5652f3683d,site_fold_3,0.8515718948119232,0.9617811636266859,0.7621161709651414,500,fit
seoul_flood_2018_00326,1,2018,2017,0b759919b089a0a22e2f525d49ab414e3f532557f3abde425e5117e4866d8812,site_fold_1,0.7958677317808928,0.8722958345719655,0.93551452673106,500,fit
seoul_flood_2018_00011,1,2018,2017,1d041d03fe3492d616ef2e8ff830888228eb12026dc49e31cce9a305e5ed7e06,site_fold_1,0.634381442476716,0.9284141541539136,0.9500771362455112,500,fit
seoul_flood_2018_00725,1,2018,2017,016fdce57ee065cde1e7a7d9c7335988a9c8740d99386001979a8db655fe94fd,site_fold_2,0.9904928203175197,0.9849325461146937,0.994298142706221,500,fit
seoul_flood_2018_00743,1,2018,2017,7620be273e51d04036dd429b1780df3112895de3b62b1d436d4774dbb49c4d76,site_fold_0,0.17672920419440233,0.0700123731978586,0.10861645632056843,500,fit
seoul_flood_2018_00327,1,2018,2017,053d6f8c081d5d4514368aeca0fcac700fbe7e896de8295fc6772f272a3546f3,site_fold_0,0.713525622093269,0.8795553955606146,0.9153005755952749,500,fit
seoul_flood_2018_00012,1,2018,2017,9df6541a039a93123871f9d79f5b8006457ed47b9ce2268ed5d86a5099fcbcc7,site_fold_1,0.983006850433799,0.981133743259918,0.9974892393988924,500,fit
seoul_flood_2018_00726,1,2018,2017,b7cfe4f3036b3920a9c0cea41a0880e97030fd6eba18c0725e204f88cfc566dc,site_fold_4,0.9974390598987716,0.991648504245403,0.9591570874643472,500,fit
seoul_flood_2018_00744,1,2018,2017,3a238d50e2af219ba4ec25c647463d9ea7d1f63a9a1d239c41f91c75c557643a,site_fold_0,0.05052644011681567,0.01921645883409312,0.059802353385898725,500,fit
seoul_flood_2018_00328,1,2018,2017,c350b7a0650780eee86eed1205b21bc8e309f3758943c1e32321cec0af94c026,site_fold_2,0.8081595710500895,0.9037369413579711,0.9508296101744916,500,fit
seoul_flood_2018_00020,1,2018,2017,388a682307c61eec5c4cc5e96e9adecbf7434ab3669180ed93edde5abf56ec24,site_fold_2,0.796002478628154,0.6867968266250543,0.902054852646639,500,fit
seoul_flood_2018_00727,1,2018,2017,c750d53cddbd6712ab9b87d84b0fa4436f78f820dbb071fee232eebeb0c9dc63,site_fold_1,0.6722475303226767,0.6851562366641122,0.7001798868244545,500,fit
seoul_flood_2018_00745,1,2018,2017,3522d53dc7424cb162deeb350bf2fbeaae2820630dafe096b0b77802e2cb3cc5,site_fold_3,0.5458304057213804,0.322407379953255,0.28829469025469834,500,fit
seoul_flood_2018_00329,1,2018,2017,918ba9f59e992e22e19d2a2a57747a530407ff0a2caaae7081813c50b7096c64,site_fold_3,0.8076348872176147,0.8232969604169859,0.9618633698606684,500,fit
seoul_flood_2018_00021,1,2018,2017,3b97d95dd112fb934e3360de60c479a157c794139261e92b084fedd6f79a6971,site_fold_1,0.6407698845156732,0.6768651064098179,0.859737574887949,500,fit
seoul_flood_2018_00728,1,2018,2017,1567ff21af4f0e60ece05b1b1f97f6688f3122fa285400a649e9f6911f4eb7d8,site_fold_0,0.8196622813331949,0.9966892745346843,0.9965516387120563,500,fit
seoul_flood_2018_00746,1,2018,2017,f2cba0d9a3d3f61556a8daef88c437a1b6ffdb591f7f34d3bd05083858f871d0,site_fold_2,0.41029639703070714,0.06112836401308408,0.13957298720395805,500,fit
seoul_flood_2018_00330,1,2018,2017,ccc187526c6e506022a98020a10e694ebed7f9288bcab382e7573d1639ce746f,site_fold_3,0.8076348872176147,0.8232969604169859,0.9618633698606684,500,fit
seoul_flood_2018_00022,1,2018,2017,37ac8c59899fdee8a996aecc0b960138157b4d540236c004fac05624e9a802dd,site_fold_0,0.6154221606226411,0.8826646700048713,0.9878026921549993,500,fit
seoul_flood_2018_00729,1,2018,2017,c52b915e27b4091750b43512b670caee102702467a59260cb6dc9389b90583f9,site_fold_4,0.6912922891796147,0.44661477174863934,0.3790412023549446,500,fit
seoul_flood_2018_00747,1,2018,2017,c7edb11248be6812169ef801e912dbf2da345059d9f63db27f0a5fa68b0be9c7,site_fold_0,0.9337220367217851,0.9891698977037288,0.9847548089301429,500,fit
seoul_flood_2018_00331,1,2018,2017,1d35c36c5c8376735746df76324bd49ab4a065010f8d30d93d79cb28dc3150e4,site_fold_4,0.9236230275495374,0.9648106388858866,0.968711152876465,500,fit
seoul_flood_2018_00025,1,2018,2017,53a24fef9ef8807e2cc28e2f06874c151ec3c800b1fc78566a38dfc78c97939f,site_fold_2,0.547250906347852,0.8980238221278702,0.710420268414584,500,fit
seoul_flood_2018_00730,1,2018,2017,2188fc31bf1b87a414d865159779d5c75063bd89ee3bba3de439f0c8935be81b,site_fold_0,0.8700017108631853,0.9943295790453524,0.9920326977485904,500,fit
seoul_flood_2018_00748,1,2018,2017,efa5830a13132042247e314874bb44bc8008ea34483223557638b3c466ae6d7b,site_fold_2,0.793216871832757,0.7844947767449324,0.8860934631464997,500,fit
seoul_flood_2018_00332,1,2018,2017,381acfff536f180dba5bf633c798bf56cbb21042110d410ba141294bbb24c97e,site_fold_2,0.8623158707236706,0.9246070395178341,0.9516559776026852,500,fit
seoul_flood_2018_00040,1,2018,2017,659d244386f4866b404465faceec6356e38de3adfd161893e5fd8ef2a036df9f,site_fold_3,0.9796972884063756,0.9550696152279866,0.9824987980400892,500,fit
seoul_flood_2018_00749,1,2018,2017,6d7587c462684477b7bfd3915ed0660269aefa70ae2fb0556af7aa5c82ac789c,site_fold_0,0.6904202998304222,0.9827228763395195,0.9625646089331055,500,fit
seoul_flood_2018_00333,1,2018,2017,605ee8a54d1aaa4b9701f183e63067ac88aacf7d6bda1ef075ab1637bfd92de5,site_fold_1,0.9749936071752064,0.9858515365479507,0.990381964765576,500,fit
seoul_flood_2018_00043,1,2018,2017,cda8b7236e56129d5f1016fb65a3cb4103a46fdbfd7644c4b4c8f1aa856ea226,site_fold_0,0.9262365878790441,0.27356473381683016,0.810093677808681,500,fit
seoul_flood_2018_00750,1,2018,2017,3813ecb1452f6add0e764ae12869927bdd31ead5da2599a59a4786f1c1d338fb,site_fold_1,0.13180530024715623,0.22203859722227215,0.3854003142362319,500,fit
seoul_flood_2018_00334,1,2018,2017,c8a1f2ad0894e015f83443c9267b0394232ddbc3070594550ee0c906ef8fb4d8,site_fold_4,0.8644149850448052,0.9635256004197655,0.946219151568905,500,fit
seoul_flood_2018_00044,1,2018,2017,b85e697ac2a50ccb96d372f5cc922136a327bc212ce3ef91b6d535dd5a1433cc,site_fold_4,0.6890217351138289,0.9964737924147833,0.9975470513666188,500,fit
seoul_flood_2018_00751,1,2018,2017,1d014c0252c9d1e801cd15c8ef78f472bea4869776885c791bbf25c842eca006,site_fold_1,0.13180530024715623,0.22203859722227215,0.3854003142362319,500,fit
seoul_flood_2018_00335,1,2018,2017,b2f2b60c254e7490190f41b9c16af5d8de91579749b3fd585287c90ddc3a9f8c,site_fold_0,0.9909670562303357,0.9926330684199152,0.976567379589084,500,fit
seoul_flood_2018_00050,1,2018,2017,79f8b2c51da51d091269b8226eaa9c01c48c24aea78c15bf3cdc5ce731a6e3af,site_fold_1,0.827046880016722,0.8835299997821459,0.9769473666896143,500,fit
seoul_flood_2018_00752,1,2018,2017,4299d7148be312faca910ed1a45c3f59ab862b0ae0e28fb46a59d325163411e8,site_fold_3,0.6669288168171655,0.4256531464867026,0.4360509871191983,500,fit
seoul_flood_2018_00336,1,2018,2017,58dcf847e10eb5935155f8eaf1b4d1599acff4602e20f9ba360e9e0b5f450524,site_fold_3,0.9923307954878131,0.9691049121887458,0.9505705512132513,500,fit
seoul_flood_2018_00053,1,2018,2017,624e10d71a7f47b984636b6edb8bdaeb5b127bfda9d61227a0b41f3151c86416,site_fold_2,0.8826769030502506,0.5186683927929817,0.9154020754779957,500,fit
seoul_flood_2018_00753,1,2018,2017,326d3e32f81727903e6e38e8d66e8f45c0f49a83fd1d55dc4bf18b1596746aaf,site_fold_1,0.5093559238031747,0.659951487138543,0.8068422064462588,500,fit
seoul_flood_2018_00731,1,2018,2017,7e27002406c970b9f0ad3eef70363e745220a81e62d98ccc076ed94360476b50,site_fold_1,0.7873636528539835,0.5488370828712422,0.5350727014526274,500,fit
seoul_flood_2018_00056,1,2018,2017,48b35a72390e799e3ddeeb233e3c32a9ac9aaddacb845ae849a8bcb07b4e71f4,site_fold_0,0.5673221470986138,0.5159651003136461,0.763352249738931,500,fit
seoul_flood_2018_00754,1,2018,2017,97789c0161bd76a063a56684677dbb07715ff06ff30edbf9dd137f6c3b398409,site_fold_0,0.36810085942361065,0.01728237706932034,0.06702773802374828,500,fit
seoul_flood_2018_00732,1,2018,2017,e5fa1ea429c64ce2505d006be1fb818f4d0046e475d298ccb992113713754a16,site_fold_1,0.8174446277166377,0.9797910007996643,0.9759514064913293,500,fit
seoul_flood_2018_00057,1,2018,2017,21e378c1bde8ed37fbd884d8f7bf3aa6571b63b171072ae0243436ac2a33da03,site_fold_2,0.694504525256196,0.7201074198778593,0.9063689188145996,500,fit
seoul_flood_2018_00755,1,2018,2017,f7652aa85c77cbc87997e2756749f15c92d172deeefd4982fdea8e0c0e1ecc05,site_fold_2,0.41029415531498353,0.07017355000371071,0.19199169883708814,500,fit
seoul_flood_2018_00733,1,2018,2017,1a260a4112fa78b379fdd3363e95fb3f2dab1c04edc8b1adb13fd6674ef65186,site_fold_3,0.8743807974289265,0.9885510155805085,0.9920769956406854,500,fit
seoul_flood_2018_00061,1,2018,2017,dad1c77fbc783427bafba867dc3676e700063a0f8bf0cba6999b50341c608236,site_fold_2,0.8734935504938545,0.9249149372853209,0.8933475828523755,500,fit
seoul_flood_2018_00756,1,2018,2017,d820383513b0930310149682bf4fa107808fe3139631b684f8cddbf29663c7a1,site_fold_1,0.10853559764042739,0.16915811204035652,0.12669556490148945,500,fit
seoul_flood_2018_00734,1,2018,2017,41db34bc751872c31e82c1435d7851e06d4acbddc1fe6a1b119b517cb9da914e,site_fold_1,0.8895153293671514,0.9828526511990947,0.9928276011504311,500,fit
seoul_flood_2018_00062,1,2018,2017,9f7481cc4bd4e573144e61fce0fa90b22b1866ba41db60d60147951b6a558950,site_fold_0,0.4816322790979189,0.86635362564121,0.7764083358804413,500,fit
seoul_flood_2018_00757,1,2018,2017,8bf60aa3320ff1085bdb260f4de4d79abcec85d2751865de7bc81c6e7f5c9230,site_fold_4,0.4295265366052191,0.5596880813559237,0.35351287573987167,500,fit
seoul_flood_2018_00735,1,2018,2017,9a2a6d96d61b642accdc67fe6199408ae6318794974446f6e6849d5d9b096ab1,site_fold_1,0.5892789309287617,0.3363944423983945,0.5312630987987826,500,fit
seoul_flood_2018_00064,1,2018,2017,ee0fed5c78b685055fd38ef69d86e32bb9b0540bd39afaa2454136cc247e7709,site_fold_0,0.40666448042259873,0.10718321918988849,0.3384214195313586,500,fit
seoul_flood_2018_00758,1,2018,2017,705e49ec80245d662e9cf4181ff34571db06dfe1e4d68d6be85d478bb8638e6d,site_fold_2,0.5349001603994753,0.1104908801177179,0.20327869573735557,500,fit
seoul_flood_2018_00736,1,2018,2017,3a631fbb8ea1590814892f1b2dbb54dd3a3d627eee72ad04c6730da37e0c1d54,site_fold_0,0.6374064370456108,0.9563296139346628,0.9391236506244821,500,fit
seoul_flood_2018_00065,1,2018,2017,8eab2f8b57512faca1a4b9278339274fb6f1b87d275b8d9d89afaa1fa7b1bef5,site_fold_3,0.6820332309494513,0.05854184541947312,0.461728315685324,500,fit
seoul_flood_2018_00759,1,2018,2017,3079dfeaba1faf9d566c7050ff2ec5201d3799d5b4bc7d5fc23a1983a3885e4a,site_fold_0,0.17672920419440233,0.0700123731978586,0.10861645632056843,500,fit
seoul_flood_2018_00737,1,2018,2017,112344c4987a5f696346382e2b12cbf7f30d7e84fa4b1a4e4543ad0e8ded311a,site_fold_4,0.31157642051399076,0.9659077542307136,0.9788544523717204,500,fit
seoul_flood_2018_00069,1,2018,2017,2b3e5e6e494b7fe4dad6a6696e4750401a2405216cf6320548ed8ca7ad9d4225,site_fold_1,0.7688959727657702,0.921467736454647,0.9822794661032995,500,fit
seoul_flood_2018_00760,1,2018,2017,d19d4648cf65ca6ea86331157fa9bf7b652de1ccb3a2155cabc6bf5f2b500ff2,site_fold_4,0.7294529163695634,0.990965599023265,0.9435154163210218,500,fit
seoul_flood_2018_00738,1,2018,2017,b219ab5ae8913d32375632f6109b09c84f177543da505670ae46e9c08117413d,site_fold_3,0.36258803102048826,0.9693680300634816,0.9709065665867146,500,fit
seoul_flood_2018_00071,1,2018,2017,7adaa6b8000bc42a464e78f70fa2d413bbf039dd656438fd0e5654cd9ae0975f,site_fold_4,0.6990175703018342,0.47618655659757886,0.9022393718213844,500,fit
seoul_flood_2018_00761,1,2018,2017,649a028f0cab3f8dce663c2991f00eb3df881d64269eedcbdf1a0f16a1ac86ad,site_fold_4,0.3890915815210588,0.9827397709090823,0.9750628570698685,500,fit
seoul_flood_2018_00739,1,2018,2017,d1408d944ffa98ee9c0008881a700f860a827354ea90fa56a5140e08bc15ca6f,site_fold_2,0.6893509717801425,0.3794214786540423,0.24932778475746362,500,fit
seoul_flood_2018_00074,1,2018,2017,275e9fc1dbbb45fea3e5c12324184c1afc46cc59e56490e9b814a413a9db3ce2,site_fold_1,0.780233152436474,0.9836301205336251,0.9713083673619142,500,fit
seoul_flood_2018_00762,1,2018,2017,51e73d067106dedd680d04080ccf46f7803895ebabffcad1563ccaf312909474,site_fold_4,0.9954497506760617,0.9805958056722629,0.9887979359684718,500,fit
seoul_flood_2018_00740,1,2018,2017,138f9834a140c30fe1cb1013f09b6df844aff508584439948cb9fc3ecb933306,site_fold_1,0.05620560396197601,0.05692015274838357,0.0757414994733045,500,fit
seoul_flood_2018_00080,1,2018,2017,5b18f1a9783d4518a71dc4dcda4a948cc51404a72c5c09734ee122e18d3f95ef,site_fold_3,0.9732759210428598,0.9941462712881787,0.9824776760655269,500,fit
seoul_flood_2018_00763,1,2018,2017,2ec78c588853f99c32d1ede1fa1ac3ddfaf067a1b750ed949481cb32e682495f,site_fold_3,0.8138076831273311,0.9660482805528535,0.9522462271246426,500,fit
seoul_flood_2018_00083,1,2018,2017,53f21c0284ddea8549b752d3c5ff3be611c28804d4f6564a5f13a1ff0a5b11bd,site_fold_4,0.8990674710027073,0.963692983084957,0.9806516885435477,500,fit
seoul_flood_2018_00764,1,2018,2017,05d3f478e28ca860362a10d492fa9a67f8c033caa6ab9ca380f53048b367b481,site_fold_3,0.6079467528738702,0.7284929502215904,0.3970897234418942,500,fit
seoul_flood_2018_00085,1,2018,2017,0765f22659ab1c730be3c132151cb333cb8e887f92fc902404be8b7a4e4d42d8,site_fold_0,0.6925150877157165,0.4851012746834155,0.8669446009347073,500,fit
seoul_flood_2019_00001,1,2019,2018,fcb0a15bb5a2205a02887417432d9ab19ce9374453c6aa345161e4520f3b6176,site_fold_0,0.37877345825644737,0.5334959004516882,0.871197982666262,500,fit
seoul_flood_2019_00002,1,2019,2018,5fd8b087336a389f8364b4a246a938ed21be409b952c86585a9f54ddd749638b,site_fold_4,0.32758302273603895,0.16018223287809558,0.3207654984480763,500,fit
seoul_flood_2019_00004,1,2019,2018,54cd0bb8ec5fe2848ec2ecae95098289bd76d30ee662d04ac03f69be0465d9d9,site_fold_0,0.4604887636611007,0.021385030294955216,0.029264145672927858,500,fit
seoul_flood_2019_00003,1,2019,2018,547e2d01ac7557cf394ed69c6db6d5d02025d9fe473ef3bf7490e9270bc0d793,site_fold_2,0.5102574082565655,0.6813715960683008,0.5002644837977178,500,fit
seoul_flood_2019_00005,1,2019,2018,fd65d6658f5c8b220975c11acba4fd65d878d6713aff553ae1f91f6159a3afc7,site_fold_1,0.4052467548279241,0.634235907378981,0.25136919950378034,500,fit
seoul_flood_2020_00031,1,2020,2019,60cd8eda4cf981487d922b2bc9e94f935b3640c72165ca20371285f105bfbc4f,site_fold_4,0.7370597419514299,0.6194261068083665,0.6317773493277856,500,fit
seoul_flood_2018_00087,1,2020,2019,3c515eb667611eba105aabdc662f06d42cc067b6a4d35327bb2f79d1c65ea40e,site_fold_2,0.8061995908086572,0.9915551255162464,0.995902103847592,500,fit
seoul_flood_2020_00161,1,2020,2019,c90712fd2ef2d9873c9b89acd3eeca11a6a7a57e145395af8d2a70433783d621,site_fold_1,0.30065426918744853,0.06982197285944182,0.1603475292431895,500,fit
seoul_flood_2020_00038,1,2020,2019,7222b0a726b4d6c589b7367aa03cd95be294d02ac9a05538f65edde4b0fec905,site_fold_4,0.9382581834621276,0.39197537721333975,0.44486187675306643,500,fit
seoul_flood_2020_00032,1,2020,2019,cb715ed173479e77ef2d6ac026302a54a58d9972f9db28988c05158b74d71cf0,site_fold_3,0.361351045849731,0.1564955922178135,0.12679416861457898,500,fit
seoul_flood_2020_00008,1,2020,2019,18a42675611639157295738f87f0005ce33c610aa2b3bc131d1c81844bbf3344,site_fold_1,0.4526843236407152,0.018275317847911202,0.10301682733124064,500,fit
seoul_flood_2020_00162,1,2020,2019,18934a7e51159b2f8bb68012fdb6bd5b0f75ef97656072bd5eef4b836fad42ac,site_fold_3,0.9740747332925584,0.9981590598190463,0.9842026684331926,500,fit
seoul_flood_2020_00041,1,2020,2019,20f45fbd0cd6c1b2391ffe209cca7f6998b68037228bc730a5c77074aaf53eb2,site_fold_2,0.6381346050124103,0.8533940000949379,0.8902113467155244,500,fit
seoul_flood_2020_00033,1,2020,2019,ef6b220ac91c0f350535c2927f95ad072f275f16ff047695c8ca1b82121c76c4,site_fold_0,0.5827060294514098,0.9590673046329746,0.9481043962942899,500,fit
seoul_flood_2020_00016,1,2020,2019,e10a1d4b0b322dbb7542eab7927bf9f8e9d224d52e55caa6bac671aeb120f13f,site_fold_3,0.8580900314071436,0.9628121077573801,0.9243400018893844,500,fit
seoul_flood_2020_00163,1,2020,2019,262d20d84cc21b6ee00c5d5c466254ab88ec02c9f15fc316248a69cd528083f8,site_fold_1,0.5138509457237875,0.319926951508294,0.2882558081706588,500,fit
seoul_flood_2020_00155,1,2020,2019,f4b457f52bf5d3e32988f5e0f4e9e9ab2afcfa6bfbde1a658ba24fdee3240d98,site_fold_3,3.081334496996194e-05,4.7027088488210026e-06,5.753424638813287e-07,500,fit
seoul_flood_2020_00034,1,2020,2019,10c46e4c62d7fdf5ed72a30e7772ba427dc77d249e30d5db3813c87d6a25358d,site_fold_4,0.9002329666605473,0.9316958524759329,0.9574640510431812,500,fit
seoul_flood_2020_00017,1,2020,2019,75b5b3fdff7bad158fcf1d9e2521788292a2fdd529262e14a8c3c7e1065b5167,site_fold_2,0.9244472734801412,0.9545129429627759,0.9688128449066123,500,fit
seoul_flood_2020_00164,1,2020,2019,d38c663073cd86f011cced4de194b87e1b9d16bb8b5389e5ccf62d2aa8ebad41,site_fold_4,0.45893440085381726,0.09911368506256928,0.1898834680728644,500,fit
seoul_flood_2020_00156,1,2020,2019,3555de32ff588ee5c192166c9fc69526e5cdb8a175dba83f459952df5027364b,site_fold_4,4.762797823732204e-05,1.505579922827808e-07,8.35096401128977e-09,500,fit
seoul_flood_2020_00035,1,2020,2019,7e6c491cfb15eceaaa54161669de732ec9dde775dd0633a75e28ff537399fb74,site_fold_4,0.9335083799572825,0.9504126049589452,0.9261342929312758,500,fit
seoul_flood_2020_00024,1,2020,2019,08886a1567bf070a2898b735962da5b5637940828754011bfd419b9efba0e6fb,site_fold_2,0.5335815541213416,0.29642534380943764,0.3784842997370043,500,fit
seoul_flood_2020_00165,1,2020,2019,40392281aeb3adb0c0778c84507c484136bcf21550dc3461d47533208cc16d0d,site_fold_0,0.9631110883437959,0.9996769355323549,0.9989360608504609,500,fit
seoul_flood_2020_00157,1,2020,2019,7b2db85225e0120ee8866f4d1af9bd2aa38f479e3462310696a9b7979bf3c97c,site_fold_4,0.00010654555977201568,1.8754505533943897e-07,3.2198665073984487e-09,500,fit
seoul_flood_2020_00036,1,2020,2019,a40d0bba62c999d879457048f04d7b8deff936b8ce065f1b93ed9f9b9add1779,site_fold_4,0.8557998357032301,0.5898372759905909,0.5562536884532382,500,fit
seoul_flood_2020_00026,1,2020,2019,60c400e61de242770e7da27016af5b1594a883cf59b9a9d86a72b9faa255f301,site_fold_4,0.827600003781672,0.9555056756004898,0.9637452269574849,500,fit
seoul_flood_2020_00158,1,2020,2019,0ebe6e4adbc9b4123af967a249ff6160cb782d1ce30ef79fdfebfa0de565d9e2,site_fold_1,3.049049634444176e-08,5.092560046333609e-09,2.2085315150547012e-11,500,fit
seoul_flood_2020_00037,1,2020,2019,68064bd8597c3a2f5dcea7760664869c422926f714498f30c771c4ac7d10c12c,site_fold_3,0.8441649297575934,0.5850416009709517,0.6521216119547506,500,fit
seoul_flood_2020_00027,1,2020,2019,159756d275658a6eea185326c1c8b8bdf783cb6ed665eec07e2c6cfd1f90fd46,site_fold_3,0.999096641070385,0.9999274096559597,0.9998538658636548,500,fit
seoul_flood_2020_00159,1,2020,2019,19c1885565e56c290d21634561050e4e1cc121630fe7468379a765458fc7dd94,site_fold_3,0.0013063744516874699,0.0013878964116358823,5.067385421157872e-05,500,fit
seoul_flood_2020_00052,1,2020,2019,8f04d29a85b032d3db48171fa74a0e015c47781d33e5eb50b4beb7c8e972e2d5,site_fold_0,0.9984151674068301,0.9997261374875122,0.9996357210010834,500,fit
seoul_flood_2020_00028,1,2020,2019,e311ebab0d1322dd22364ea30cd114fc805926a72b5d28893510e9a4da436f4d,site_fold_2,0.9962065452274933,0.9959403737345564,0.9982786704787237,500,fit
seoul_flood_2020_00160,1,2020,2019,456d2ad59c7004e996a1bb2640f7a4c7791206f398afcf1712627e80ebbe03d5,site_fold_0,0.00019819495855429131,9.926416249914934e-08,1.3975353952755285e-09,500,fit
seoul_flood_2020_00053,1,2020,2019,e92a42c30861ff8dd3c05bd15d469cecd2a4a795eabff79eb9735e228dfa1377,site_fold_3,0.9960531531638268,0.9992589526545953,0.9909636960973066,500,fit
seoul_flood_2020_00029,1,2020,2019,e54e33160a2670c6606515444b193b0c29f0b4c0ce102243371879c9fa07af70,site_fold_1,0.7906890460254218,0.9956732197943334,0.9955114811718654,500,fit
seoul_flood_2020_00054,1,2020,2019,903fe509e1173017f2664fdb60235e5c0fecf5698740e6cbaf813caacf9bafe2,site_fold_2,0.8425921951591004,0.8036479768821759,0.8450347797817161,500,fit
seoul_flood_2020_00030,1,2020,2019,4892c95f9d4be5fe6e9e807cecd47c952f44a5088c5322e9a089f89958183f58,site_fold_4,0.6862662056823504,0.9312915677813474,0.8137804828386062,500,fit
seoul_flood_2020_00055,1,2020,2019,4da29f2b0d9cdcc836f9470f506600c4a9c7d272b3e99196aaf402c8da14efe6,site_fold_1,0.9270938391762497,0.8681385343908026,0.9466755149905958,500,fit
seoul_flood_2020_00049,1,2020,2019,11883d7fa62f924dcca67e6b71805e13ffe7284cfa99d3aab7e71251afc42871,site_fold_3,0.7497818352823995,0.7714145928268721,0.9442185199115047,500,fit
seoul_flood_2020_00056,1,2020,2019,fe81cdb1e697e8d9d4e8a80b1d37984835eaf1d7832d50438399759015467427,site_fold_0,0.46716334804285314,0.30472231995809773,0.28326906894342896,500,fit
seoul_flood_2020_00050,1,2020,2019,c16f2de5175ab6c9c3347be190453bea3fbc24fe1f20f10b5b6eed4088860d86,site_fold_1,0.6184408597359711,0.42196103447588534,0.455274835616139,500,fit
seoul_flood_2020_00057,1,2020,2019,85a1a4d286c1a53ca36fa8ceeca235ad1b2f583d127de7ab084cc0882321ff74,site_fold_2,0.7569571926658402,0.3246826346464222,0.4168653361707966,500,fit
seoul_flood_2020_00051,1,2020,2019,01b405d8db875779338248b392bebddac1a9f6fb16604928d371454ee69e0204,site_fold_0,0.6545867551912544,0.2582653714659285,0.6091878512358961,500,fit
seoul_flood_2020_00058,1,2020,2019,6d3dd7eae848fa7d6717b0f8ee7631b0158b96c9cd6f237d2c2e4c179d9af571,site_fold_2,0.9229144344523184,0.666240109941634,0.7026451137329491,500,fit
seoul_flood_2020_00059,1,2020,2019,e5b2c0eae5350cbd21ab8dc75a8db32c3f296c350d962b4a4bf95ca07aa71bb7,site_fold_4,0.6392052315689957,0.7323217609096045,0.6497691263091365,500,fit
seoul_flood_2020_00060,1,2020,2019,dc52b7037a37162ca7aeba0c259fcd2d421b8bf018e5cc39e00ec8d22374ef17,site_fold_3,0.9929673812420426,0.9951033926335129,0.9956713951667067,500,fit
seoul_flood_2020_00061,1,2020,2019,63766b2550ac2953f858ddfec3231520fd87d6dfca7d9e0ac9c396ec7684e38b,site_fold_4,0.9755144863824596,0.9795865441505565,0.9676017698127796,500,fit
seoul_flood_2020_00062,1,2020,2019,8266c76f416d89566523a98da79764c403297610b0a135f5a5ebe1be9695c216,site_fold_1,0.8230899433509904,0.9921308217545776,0.988850206630644,500,fit
seoul_flood_2020_00063,1,2020,2019,df5c84717faba2883b1eaff076e8fb3415343781d918d34433bbca08fcd8e080,site_fold_3,0.9722685682019984,0.9973588195587596,0.9899673268240508,500,fit
seoul_flood_2020_00064,1,2020,2019,e99e51efa4aad35446fd6eeed904db223ad457aabb180255994303345c8ed2a4,site_fold_0,0.746763459449548,0.951642635059704,0.9868676077568077,500,fit
seoul_flood_2020_00065,1,2020,2019,03f72303926d55a23a3475a8ba15ff8d5fbd5acd435609a29c889cc220ab2047,site_fold_2,0.929002826692173,0.950077087116309,0.9628430340186052,500,fit
seoul_flood_2020_00066,1,2020,2019,8346ac8e8c0e93102650b8a71656bdbaac4d11ea774826e6cd08a89d08ea03c1,site_fold_4,0.6253479001088049,0.6181624629179839,0.8765689144535609,500,fit
seoul_flood_2020_00067,1,2020,2019,058fbbcdcf0d4578013e341b772cf94f2a02c13400f39a0c2c101529bad541b0,site_fold_0,0.9111976769600598,0.9936392140046704,0.9963681720674948,500,fit
seoul_flood_2020_00068,1,2020,2019,d42b20bbd4e6bc379486f37ee4112e847759b2099f5dedb9a751a364e5621901,site_fold_2,0.9378410755346835,0.9632524214650576,0.9672414942323884,500,fit
seoul_flood_2020_00069,1,2020,2019,ca563eafd2455af056608fba6c9ac053308d757ff5046eab790cb80c2a839fc5,site_fold_3,0.987686573333379,0.9850094762382603,0.9950251499287925,500,fit
seoul_flood_2020_00070,1,2020,2019,aa4fc57098b6444a72f7e54fad0bd94f7d13e0ed964d0da4f74baa4a28879a81,site_fold_4,0.9650043234258312,0.9295379983600872,0.9173484907817868,500,fit
seoul_flood_2020_00071,1,2020,2019,eb16dd72df019be8aaed131448ff14d6fa2e90652a14ac21d8168900287d1771,site_fold_1,0.9980693061611002,0.9979825612300154,0.9982692118422649,500,fit
seoul_flood_2020_00072,1,2020,2019,ddd0ee00f74b24696844c4bf71e040308c72a4828d9cf64169a64e13cdfe5cf1,site_fold_4,0.7285790026558687,0.7633598671730569,0.8074884190395083,500,fit
seoul_flood_2020_00073,1,2020,2019,df6af837ab1e8ab5974dbc7660158495b8788ed4c013bde7047e1bd168e85eb4,site_fold_2,0.7847410059895692,0.9266397974130455,0.9328475366506479,500,fit
seoul_flood_2020_00074,1,2020,2019,2cf7023a2041036172a96ac21f090d9cd58b1730cc9f9e95a6c212caec306f78,site_fold_1,0.8236914313791203,0.8993152434567763,0.8576283745420163,500,fit
seoul_flood_2020_00075,1,2020,2019,e798af31805b93f2a373a142b3747c8dd0ae6e681f2c5a7759cddd703fd2d4b9,site_fold_3,0.7527313605840276,0.7783597779706204,0.9359649252511644,500,fit
seoul_flood_2020_00076,1,2020,2019,847fee03f196da88ca147fdf7626ad98f52286f7ea498dd829ca73fc6754a405,site_fold_3,0.5810101227417533,0.8981164040265597,0.959269931643962,500,fit
seoul_flood_2020_00077,1,2020,2019,ec99fd509b9e2467c4e1ceff5f845246f9e79dccf916d6cc7264606f24baa3eb,site_fold_0,0.8633170409899449,0.960675660914025,0.9703589105653063,500,fit
seoul_flood_2020_00078,1,2020,2019,2a970bd1e5da9c66f6c1d11324148b0c4aa0e7d91fd8c59caeed1de1c30ab379,site_fold_1,0.9952252341956348,0.9977703010769002,0.9987417993338388,500,fit
seoul_flood_2020_00079,1,2020,2019,5aa2d66777c3e62df2fdb8eba1789b466006935c4c7891a25a62d120eb0a99c4,site_fold_0,0.7392174324401549,0.8471841440580036,0.9673844494506634,500,fit
seoul_flood_2020_00080,1,2020,2019,ea0d9b27de5b3a497afb216d359db965021e8cc09be25f62cdbc2de869da116a,site_fold_1,0.8329826148536963,0.983374300263804,0.990928083642588,500,fit
seoul_flood_2020_00081,1,2020,2019,f013ca10ef383f71858c29d3fb13140635d86a1ce3ec15fd5b0453fdb37c02f3,site_fold_4,0.3630870512281413,0.5862011564629768,0.5540541057262222,500,fit
seoul_flood_2020_00082,1,2020,2019,b89594e6b2febff01ff6a0c0643adc8e4dc82e340c686e371c14308620dd0fea,site_fold_1,0.3482038103386874,0.2522316257461723,0.14102468029468054,500,fit
seoul_flood_2020_00083,1,2020,2019,713f69f5010d35e7e66d51cf3ba9fe812d012df85bfad7f672554d4ac92faaf3,site_fold_1,0.9079168046883889,0.8970999946622817,0.9751108679891987,500,fit
seoul_flood_2020_00084,1,2020,2019,a6975803fcd9ed59082319f235a19be9cc856dc8e8022bbd04605b4189502d25,site_fold_0,0.8502297114327207,0.8135350745169107,0.2917873935366006,500,fit
seoul_flood_2020_00085,1,2020,2019,c20bab6ce4577490838ddb71db53f4891556cc2f04806b8d6cb43622ce57bbfd,site_fold_4,0.9982864591654548,0.997559494278243,0.992484347730493,500,fit
seoul_flood_2020_00086,1,2020,2019,4e19ce88d34fe87d0a2a5e11416f6eb85c46b0fcf2e107a638f171186779bbd6,site_fold_4,0.9723905347686205,0.9237305494149164,0.9188405149585454,500,fit
seoul_flood_2020_00087,1,2020,2019,3ea925bf459597c5b9524d19ac3179165e43e6bc3969bfcf1a837070522a3fbf,site_fold_0,0.2964421777186174,0.8552220622760921,0.7077337285820428,500,fit
seoul_flood_2020_00088,1,2020,2019,0513a2f379edeebf9f8641c008b9c7e1dfa57ea729522adafb9c73da30072a3e,site_fold_1,0.8488668400511112,0.9118132269989457,0.9834583560747822,500,fit
seoul_flood_2020_00089,1,2020,2019,884e85d417bfc975175cd72cbd65f4c35646555ee12ee3400d790f91665881ec,site_fold_0,0.8939165463772514,0.7243036467722,0.8426242003143964,500,fit
seoul_flood_2020_00090,1,2020,2019,02b5a35da5c0d1c7b55d751771925c966c8fa2149315a4ea571297a2e00589d4,site_fold_2,0.5039698955819762,0.5805131210349621,0.748576368973778,500,fit
seoul_flood_2020_00091,1,2020,2019,2f940a2629c365a7b9e2443e66b0475548e1e3c806287a3668631816edb4c76a,site_fold_3,0.9999644592877466,0.9999820971216148,0.9998912633733547,500,fit
seoul_flood_2020_00092,1,2020,2019,ee1c8e078be4900323ab65b222f58829af044f35e5a1a009b24b1e855719d373,site_fold_3,0.9423412963715244,0.9967140994047973,0.9936071168199403,500,fit
seoul_flood_2020_00093,1,2020,2019,632b8e96246333277e4d39daadf7dababa6b4157490016c2140a055401220e2e,site_fold_2,0.595964590058911,0.6579808095899671,0.8275397841959081,500,fit
seoul_flood_2020_00094,1,2020,2019,27b3be534d925c2e739b1225e7178079f898526288912aa01fe40a8ea9d9f566,site_fold_1,0.7851657317068588,0.8682352765618715,0.8902057786833297,500,fit
seoul_flood_2020_00095,1,2020,2019,0d59208c254d5ba3ef1452a38666a492dd0a7bc57c585d5d69901544caa14cbf,site_fold_0,0.9984426481355931,0.9998461205755829,0.9998096123363465,500,fit
seoul_flood_2020_00096,1,2020,2019,2f638be1e5a53380c3c0717fb1c4cd1b049457fa6ebfab2e672087a582e741ad,site_fold_3,0.996217787184244,0.9959292186303774,0.9953713961482991,500,fit
seoul_flood_2020_00097,1,2020,2019,0659d1fe4562f7d74b5948a58a76afab170728df7447d0ef6dcf6d4c783bb660,site_fold_3,0.5765208200098544,0.4257381554963914,0.5309079836334516,500,fit
seoul_flood_2020_00098,1,2020,2019,ca3b181429a7329124cce9f9f2b96cb34be7cf2b024ec1f7414d8ce713bb9465,site_fold_2,0.9978254942988817,0.9991805897372743,0.9964464981331357,500,fit
seoul_flood_2023_00010,1,2023,2022,cdac98a48f34f783458e25bb71bec50a9941f951adda2ef1ed119a8d4a0828ec,site_fold_4,0.5909312880436584,0.9902278185927446,0.9345901723774941,500,fit
seoul_flood_2023_00002,1,2023,2022,56194f3b0d4ef83211b9500e873a993b7c4872605ad975779d5bd2204e40cc9c,site_fold_3,0.5271052410593863,0.4726003703498241,0.6210224906400883,500,fit
seoul_flood_2023_00043,1,2023,2022,248fd4f18691def34c6601546f753c06d11ae98cf78256a042219048350a4848,site_fold_3,0.9590616443300479,0.8727848797525235,0.9082331195592109,500,fit
seoul_flood_2023_00044,1,2023,2022,2936fe9484566290154a4a78f1271b029cc6c88fdef60a4f432e5bf00e8a5520,site_fold_3,0.7739046112007907,0.9112017490562648,0.7685474722693638,500,fit
seoul_flood_2023_00248,1,2023,2022,b2b9daa097bd03ac3b1154ab1efb93273c2ad4ec5b9113697c086a095b80910d,site_fold_2,0.9757036359937298,0.9971201558583971,0.9790629218598215,500,fit
seoul_flood_2023_00004,1,2023,2022,d3a0fe4a01296db4593fc36df0fde0ff144cc7a56203125c74004378d0a06b99,site_fold_1,0.6684961830842294,0.8695515184131255,0.8533807907161708,500,fit
seoul_flood_2023_00070,1,2023,2022,e02228460eb8c581c0556701b02567d9bef77a390613b7e41616f20628f49750,site_fold_4,0.6917044520259,0.992105458768872,0.9912456879678124,500,fit
seoul_flood_2023_00047,1,2023,2022,b4a159bd3df0eaa57b55ef4da2c655abebf1329fc1a2c1f4e393a61eb888fd51,site_fold_3,0.8956227607788259,0.9765840688159072,0.9003129106952613,500,fit
seoul_flood_2023_00009,1,2023,2022,70157f5482cb159b3b68e48336c450e93766506e243cdf9eb03590b5bc45596f,site_fold_1,0.306596845844224,0.865803813426192,0.9057764140329105,500,fit
seoul_flood_2023_00071,1,2023,2022,017ade65ff0240adecf03eb0741307ea502590ae6c0ef638e6e9f384025b1f8c,site_fold_2,0.9443396502797918,0.9959389784457215,0.9977320674401204,500,fit
seoul_flood_2023_00059,1,2023,2022,51c0f0b21f81c1e61262409620f2b3be9b562fa300bbdcdd2dd94f5aacccfb02,site_fold_4,0.6764903035857369,0.8827026906173159,0.8164748246241065,500,fit
seoul_flood_2023_00012,1,2023,2022,667e30e9a3f7fb988cd90180a9d904755fa591265581c0609b8d81e4deb93970,site_fold_0,0.5821298865991004,0.9871218412308252,0.946772979584364,500,fit
seoul_flood_2023_00225,1,2023,2022,4ea0938144a26214fc7cd3a870d4a3879c6bc8a8b7a1be7254dce6517520b228,site_fold_2,0.7542724647521875,0.2301525405712226,0.27746992991768843,500,fit
seoul_flood_2023_00067,1,2023,2022,2b039c27036068493acf6918e3daa9e63f32629a1a6faca59390d100614c1013,site_fold_1,0.6053317403931145,0.5343787597810715,0.08983588458595133,500,fit
seoul_flood_2023_00013,1,2023,2022,80a618b88b8e6324b97cbe64c342ff6711e3161d146da345ab6070b95880e439,site_fold_3,0.7601196917331194,0.8741443353785483,0.9319776311986298,500,fit
seoul_flood_2023_00227,1,2023,2022,f5de86b449cb8e2ee3e8157a80068b892f7e3c9b0db6a16fe8637184ef8663d6,site_fold_1,0.560538032936067,0.9550209410544973,0.47269695708309434,500,fit
seoul_flood_2023_00068,1,2023,2022,fd65d6658f5c8b220975c11acba4fd65d878d6713aff553ae1f91f6159a3afc7,site_fold_1,0.5425544512115135,0.6469663012339661,0.4077255391400975,500,fit
seoul_flood_2023_00015,1,2023,2022,18b4b2fdda6fc69634d44ecb3f1034bd1fc1bd99100a1cfcf3b83fafa76d9cf8,site_fold_2,0.33241191124675845,0.9346696243779098,0.8618674941480577,500,fit
seoul_flood_2023_00228,1,2023,2022,48006a51e30c32762694ec18747d1425bb4b974c56c4c0c98d57886cadd0c783,site_fold_2,0.6949733239859167,0.9918924717701435,0.9587519914230274,500,fit
seoul_flood_2023_00072,1,2023,2022,2afb0fa8a1f0cc6a7ed67c17008f75bd42461bd0ba6df7c3c3d887904196895d,site_fold_0,0.7554999797823997,0.0008565950466187492,0.008848251063900919,500,fit
seoul_flood_2023_00016,1,2023,2022,9449d82b55823a2b21e722445146dd58f28c2892847ebd7d9d3528a705c333d7,site_fold_2,0.5307453240198642,0.92692124891599,0.862215262025293,500,fit
seoul_flood_2023_00243,1,2023,2022,1ef45c1f3265d27b162d2e8ed4381ef427bdf586c45963e44e4392b26ba86b72,site_fold_3,0.9508907782256603,0.9848937536927032,0.9875453230332072,500,fit
seoul_flood_2023_00074,1,2023,2022,b9bc2f927ed11bd524706f6d4967f92b59403bf3a4c2f3c470a8c815fd79e460,site_fold_3,0.6285928340133269,0.8466823844893396,0.8070124704420168,500,fit
seoul_flood_2023_00017,1,2023,2022,c14d98d5e804cded4ef08ae8cdf0707ca6178666fe17dbc79d181d4cc9dee14b,site_fold_4,0.7491860206440806,0.9867420088515968,0.9824605765784911,500,fit
seoul_flood_2023_00250,1,2023,2022,2c7709566a2e9c494198b62a00ef526dfe6053df3b61476d6f3474d3a092eeb5,site_fold_4,0.9242765476796436,0.7337015467804674,0.8110640515002963,500,fit
seoul_flood_2023_00075,1,2023,2022,ac6920819be8e420a3aac9974fb430eca317f55a0609b05ff32e884b1c75beaf,site_fold_4,0.5719934366213584,0.7434143116885557,0.7440562927671376,500,fit
seoul_flood_2023_00018,1,2023,2022,611ef7d2bb8f2df5e6108e65595a9a37b583dbd4323706a0ec255f8e960d2ddb,site_fold_3,0.6796045340656973,0.9893053387463154,0.9870929587608663,500,fit
seoul_flood_2023_00277,1,2023,2022,2e908b9152c52096e61faa554d5ff494fdeeb050209f5fc14355fe66b5e5d4d4,site_fold_4,0.6703494076109546,0.9308149242902023,0.8724380371030646,500,fit
seoul_flood_2023_00076,1,2023,2022,0059d2a4c367d474476bdb36e5406db4c952a2a967b25e3c6166b8b6fc181976,site_fold_0,0.6372498176699525,0.0905180007293366,0.4292541305890546,500,fit
seoul_flood_2023_00021,1,2023,2022,e6acf5cf32b2d0c5cb627acd0c05f96bfb50942c86e13eeac0f97655bb35bf64,site_fold_3,0.8334549616522993,0.9240841926580105,0.9578195859758563,500,fit
seoul_flood_2023_00077,1,2023,2022,ac006ae8566252eae229f3cdf08285ec62948465438fa1fd37525350f732bb46,site_fold_3,0.6815941517766981,0.44007050678166054,0.9264938452625917,500,fit
seoul_flood_2023_00022,1,2023,2022,2ccee39efbee54552c27ec5f3380e8b6db91ab9da3255a83fc493c1d1767d3f3,site_fold_3,0.6532068511258257,0.9919715652413891,0.9798062872184504,500,fit
seoul_flood_2023_00078,1,2023,2022,54043b91c4a304d4c675985edfa95ef876b138ff57a6389bfd28818074d39fc1,site_fold_0,0.5613610371691607,0.8884019467760228,0.9655060914319804,500,fit
seoul_flood_2023_00028,1,2023,2022,ab9d5a9c105349411f7c92c7845f7e8ec24f10552a9a484d7dd02c0c9d6df2e1,site_fold_4,0.6473267232688308,0.7119950599734367,0.8318362464330756,500,fit
seoul_flood_2023_00079,1,2023,2022,a825d29c20ca2db6c0b5bf5ccb6ee269beedc5bda085fce5a584b3d600c91af2,site_fold_3,0.6398763373777772,0.9464158140363915,0.8629597022791398,500,fit
seoul_flood_2023_00030,1,2023,2022,109d39d58c882b2875c711bbb1fbdc53ae3234b9f7c2e321096d7429e46331b6,site_fold_4,0.9942280428427294,0.9980680645694843,0.9953133316180118,500,fit
seoul_flood_2023_00080,1,2023,2022,516a51b5f7484840c5b87649d04bf5f7fe7b3f5a641c45cc08cdca8b66f74a9a,site_fold_2,0.7012802590284175,0.6771673105830778,0.7089870948997996,500,fit
seoul_flood_2023_00032,1,2023,2022,0b4d4f8312fd79b55496cf1cff09a958a968eae46e135c54724bebedf54d8400,site_fold_0,0.42885410848134414,0.45012527436260136,0.44361706708246496,500,fit
seoul_flood_2023_00081,1,2023,2022,80dacb840448896f846147086fb6904aace095c7ed082be2f6978ab4a65d9d17,site_fold_4,0.5136239654533789,0.4763737606588538,0.23045038452544547,500,fit
seoul_flood_2023_00036,1,2023,2022,824b284c7bf45801707ed1a0e35648f2949764c72352ac38100d99cb94e7ed05,site_fold_0,0.651104836318786,0.9475815325839226,0.918906374020531,500,fit
seoul_flood_2023_00082,1,2023,2022,b45c216bee7e0d6ee0455f8bf2899fb0637e6409ddda7e861dc355e9dcf32559,site_fold_2,0.7519178189288062,0.8613272871947109,0.8606191461351693,500,fit
seoul_flood_2023_00045,1,2023,2022,047a0479a6796b37ba99d6e6577b3ffb20aab618b478d303de927d6a6faca3a4,site_fold_1,0.6167791383266868,0.8172360410312421,0.8703813210311387,500,fit
seoul_flood_2023_00083,1,2023,2022,8cc3386043fed7e4a08a2bc9dc0aa45a181ba89b153abc9f991119c15c99e48f,site_fold_4,0.5938308811244304,0.8842936380431958,0.570894289001934,500,fit
seoul_flood_2023_00046,1,2023,2022,c1467d5c72e32f7e65ab4237818f35148a9e8e89d62f6c485f6e3282213122d6,site_fold_4,0.8564896973964277,0.9940227759326307,0.9936488963717058,500,fit
seoul_flood_2023_00084,1,2023,2022,227a0397ded397793104e4c0dd13029ed0f9025afe13bbec3f057cea4e5a725e,site_fold_4,0.5719934366213584,0.7434143116885557,0.7440562927671376,500,fit
seoul_flood_2023_00222,1,2023,2022,c65581d8bf8cf915e9fe2ca51b089e97441ac2f57272bc2cdb231ee83f757ae0,site_fold_0,0.6110447323938755,0.6252354414264499,0.9520568812546644,500,fit
seoul_flood_2023_00085,1,2023,2022,5c52fa5b830c2d85cb3619fa6dd7b6c3c4fa0ae339105571c5aacfadc1f57dca,site_fold_3,0.6370877467956257,0.9663361565892302,0.8656528369981881,500,fit
seoul_flood_2023_00223,1,2023,2022,a3396b1b87eceeedee47469b37f3882ca3efbef67a922173e8c25c4bc7457491,site_fold_0,0.4781075612207847,0.0685846892895221,0.19415605304792097,500,fit
seoul_flood_2023_00086,1,2023,2022,a23e42946ff072eac7708b41013273d24b29f25c3b2a68f2fd71cd5555db568f,site_fold_0,0.6192295968933804,0.3039285528287263,0.5580980194840235,500,fit
seoul_flood_2023_00224,1,2023,2022,6b1bebc088f54a96e550aaa77b7c7dc8a68bdb509ee5100ddb911beae78c5051,site_fold_3,0.9653950562683761,0.993387251233733,0.9959119232111885,500,fit
seoul_flood_2023_00087,1,2023,2022,c806eda7ed36cd9e6ecf80572678e5580be30156dc628686a27b057e82be7f05,site_fold_2,0.624306301313779,0.9165526568870626,0.8657649225666695,500,fit
seoul_flood_2023_00226,1,2023,2022,5b4e991e2eaf736f1ecc63796633bf37e2674c5669ccae29f43454531101f031,site_fold_3,0.841743774143977,0.9187450668924212,0.9659011772852958,500,fit
seoul_flood_2023_00088,1,2023,2022,5d84a21238eb09a213a6a5e8c5a2d41c6f70decc00617b93e8dda58c2d7a235f,site_fold_2,0.6567011667604692,0.590143863915428,0.8048347941509082,500,fit
seoul_flood_2023_00229,1,2023,2022,972f0a0ebf5383f911b746160b79c88b8b0c7aa70e1b9861ff6abfa2392f939d,site_fold_2,0.7648902643823452,0.9731972408440973,0.9743088859838914,500,fit
seoul_flood_2023_00089,1,2023,2022,8e255f9a86ec3588ecf56d040b65bc4fbebed179e07431fc842ce550145b9863,site_fold_1,0.7485761052116623,0.7271984825495188,0.5977752061841218,500,fit
seoul_flood_2023_00230,1,2023,2022,351930c74ba2930ac78f71a4e59d24ec3a9c408c09f4bddcf7fa3699bf8a21fe,site_fold_3,0.7303234920070244,0.9857753257585873,0.9603709332358538,500,fit
seoul_flood_2023_00090,1,2023,2022,fd6f0f91e6250a60b21fd97b70f686db535df935a8841de34f4bfbb09aa0efb0,site_fold_0,0.6340111633212265,0.8510069419448473,0.8896894665028962,500,fit
seoul_flood_2023_00231,1,2023,2022,c78427527ae5ed46cec266bf7f5102da2f65c62f603b3c800e26eace25a5c839,site_fold_3,0.23057294967367442,0.8676433044051322,0.6393123718164618,500,fit
seoul_flood_2023_00091,1,2023,2022,ccb2187c465a4a42452f6d96c6ecd61471e4bd6347f569f84a47b5683742fac9,site_fold_1,0.7783641562013797,0.8133375649854299,0.43885815190055943,500,fit
seoul_flood_2023_00232,1,2023,2022,5336135f67660856ece6ad6d54f733a34080d27dfbe335858b52eb42facdced4,site_fold_1,0.9139099801970777,0.9618874657228673,0.8395852054198298,500,fit
seoul_flood_2023_00092,1,2023,2022,8eac4c0475636dabe754422f418c76eb191e9b3e663e31e296fb69f7a6fb8cc8,site_fold_3,0.6159902740721815,0.8098141894907946,0.7680175231212023,500,fit
seoul_flood_2023_00233,1,2023,2022,e55963a41e664f031359274c8576c1cb5d6c9c2998192b355445bbfe50c138ba,site_fold_3,0.4496820138996056,0.7139683027993362,0.6469418087945854,500,fit
seoul_flood_2023_00093,1,2023,2022,dc728f9adfc11d8c5c2ec698fb1df3af31c3b43457a9a69377f3e7a04f506468,site_fold_1,0.7678447476021656,0.9297238890137468,0.6757380395126987,500,fit
seoul_flood_2023_00234,1,2023,2022,d44f553eb4a78c3e8e73f10a2584e2b08c855f4d7d091ed0bda77b9ebca91d2e,site_fold_0,0.3413995324221909,0.9862373338606547,0.9582438917954421,500,fit
seoul_flood_2023_00094,1,2023,2022,8c06fb30ac6a96f25e4c0adbd324b5185f5468e1f2512e1480789b99a603de36,site_fold_1,0.8077948095971913,0.9610964905145025,0.9107632360533646,500,fit
seoul_flood_2023_00235,1,2023,2022,e635dda0a74d3988c04c4e76a855e983d6033e5538e0b291c2a7d019a42df52f,site_fold_4,0.6893149828792958,0.887733003473359,0.898146132643845,500,fit
seoul_flood_2023_00095,1,2023,2022,bcd669daed0897a45b8903b79c40b7cc6b1c557b0e8708071442ee549f83e05b,site_fold_4,0.5603694717379519,0.8424232356808639,0.8692092017582187,500,fit
seoul_flood_2023_00236,1,2023,2022,3806182b64eb41706f3328e741dcc36e0a6617e9349746b3fda442906e5bc7e3,site_fold_3,0.7598368865026123,0.9521256045574688,0.9862957977186615,500,fit
seoul_flood_2023_00096,1,2023,2022,3c90eac0010785df62fd85c83633074dccd90c84ba9e27d4f2c28c78b4f0d5d6,site_fold_3,0.7163456583229261,0.9229798813231226,0.8534998005343325,500,fit
seoul_flood_2023_00237,1,2023,2022,1b36675e1d11fd325a672ec04ac67bd989594417a5729df4f870059fa87b9d1a,site_fold_0,0.6703851213540434,0.8891572299622879,0.9553580750076622,500,fit
seoul_flood_2023_00097,1,2023,2022,72f61518a84c9a55b3352cbb5023921cad60474d413e7b72f69c74dcf2d72799,site_fold_1,0.6692685713335248,0.2918983356279846,0.13105035695888254,500,fit
seoul_flood_2023_00238,1,2023,2022,6bb5e3a1d3d33c5db48aeb2feb9ba125ac0daeeca2d842b2e02d5875228b2034,site_fold_1,0.5821825512345701,0.8537253336377387,0.7548434568096644,500,fit
seoul_flood_2023_00098,1,2023,2022,69999efddf274f8271d36927d9ec9541d3c52ecbcda9f4fd5d4e4576776c0f81,site_fold_1,0.7716719189820854,0.6366949944296157,0.6821638854448905,500,fit
seoul_flood_2023_00239,1,2023,2022,2d536fc8f243ee74cda2625ce6b41f0808c1a746c242a68cc049153db304cec3,site_fold_4,0.6466352379065824,0.8318905252254502,0.6919646220326036,500,fit
seoul_flood_2023_00099,1,2023,2022,f20722d01f05a742b8dec71af1e8e07cd63b8a6c64dabe657c23086f84b1cc72,site_fold_3,0.6637518444814005,0.1741986063914166,0.7753871483716935,500,fit
seoul_flood_2023_00240,1,2023,2022,3ad5a64b1adf89e718a6b754a2a9d66bb8b911be81bf90bc31007aa5e3b55b65,site_fold_4,0.7889506369684748,0.9432327469954741,0.9104767812717137,500,fit
seoul_flood_2023_00100,1,2023,2022,45e322c42efd83690f4dfb0ff1d1bbb111f8a340eead50dd2d0b80db07f8e193,site_fold_2,0.7012249436219828,0.8132537460988527,0.782250506869249,500,fit
seoul_flood_2023_00241,1,2023,2022,fd9b2055defb5a8b5d9a6ad4ec71b2866a897478c50ac25e466cf2ebb31972b3,site_fold_0,0.6329729861141207,0.49304797900643194,0.49566806080096354,500,fit
seoul_flood_2023_00101,1,2023,2022,cde4ea100a86579780194fd2a9211067fff3ec841acaf671446c7e1a10100140,site_fold_2,0.7472333465348179,0.7175536962139364,0.9218928622670842,500,fit
seoul_flood_2023_00244,1,2023,2022,45eade17eef3d54e8ae3d65c6c2fe09751b2504861f44169da0daab75d8028e3,site_fold_1,0.5026187921028811,0.27644599066815345,0.11620145996195569,500,fit
seoul_flood_2024_00041,1,2024,2023,437d4e1375e418c1898eaf0ae2743a3a3897e3504fcb93ac4cb1d44ca1794e2d,site_fold_2,0.7292956030895726,0.5031746370376184,0.5051302157720184,500,fit
seoul_flood_2024_00007,1,2024,2023,bb4ef8ec9e43272a080f1429baad8954fb44bfba666cbe0407e5a401a7cbe57c,site_fold_3,0.718417285023582,0.9407384246501593,0.9715147283130751,500,fit
seoul_flood_2024_00061,1,2024,2023,fcc88c7839e8fbf3b46125b0962e2d83e51fa121fb2ad474578c0205a69158a3,site_fold_0,0.8248565376201762,0.9720804726876273,0.9803540575032408,500,fit
seoul_flood_2024_00043,1,2024,2023,123bf2caaf4935a556e8202150c1fa202134ea1b2f1300bbcd7d8c0eaeec8db2,site_fold_3,0.6522142203361333,0.9850793567958045,0.9585272612507488,500,fit
seoul_flood_2024_00008,1,2024,2023,f81340838ca8d98e7a73bb0e3af78d74d80c528b295742e4fb99440aaed665fe,site_fold_2,0.3318381481039494,0.14298253629218682,0.12372765901255998,500,fit
seoul_flood_2024_00062,1,2024,2023,2936fe9484566290154a4a78f1271b029cc6c88fdef60a4f432e5bf00e8a5520,site_fold_3,0.6614556347083537,0.7305586378133823,0.927890010912115,500,fit
seoul_flood_2024_00044,1,2024,2023,a740d451ba6b1561554cb9fcec4fafe896119054b664fa3843f905be77b05322,site_fold_4,0.8333070946888542,0.8774871196443891,0.8788797729787815,500,fit
seoul_flood_2024_00009,1,2024,2023,e511340b55220ca5cd74855047a854ce0e58734aaa0e70dd27409a906657097c,site_fold_4,0.4766830096002464,0.70140454952263,0.774992973313042,500,fit
seoul_flood_2024_00046,1,2024,2023,29c21a43454c116be3b275e72bea1085c7e3a46b402c40cbecd77815d561a6c4,site_fold_3,0.6402049995763855,0.9580738811638391,0.969837304534358,500,fit
seoul_flood_2024_00010,1,2024,2023,00796b29fe88d57e702ccb4f39268f140294a0ccce5940d0e9de2cd48648f6e3,site_fold_4,0.5212167379261453,0.5367816453004719,0.47202618934731033,500,fit
seoul_flood_2024_00048,1,2024,2023,7202cf9a0478f75db97858316a56aae958a1fe3a3a300fdd8c9f15c8d98b8795,site_fold_3,0.9475972395492911,0.9932964315223405,0.9926627386333335,500,fit
seoul_flood_2024_00011,1,2024,2023,ffbf9e54cd41025956746859bd5ec126cd181dc76ec068864b593b2c72ce3cfa,site_fold_0,0.6366762571219261,0.8030817629381916,0.7138111546084951,500,fit
seoul_flood_2024_00055,1,2024,2023,b73912d269b006bf961cd5418321dbc3a3ddd9e0782ae7fc2e87b7201c11b4b3,site_fold_0,0.5718239432146763,0.3145917954392931,0.6446697627114155,500,fit
seoul_flood_2024_00012,1,2024,2023,80a618b88b8e6324b97cbe64c342ff6711e3161d146da345ab6070b95880e439,site_fold_3,0.7490006528334981,0.8901083893971796,0.9494021622752853,500,fit
seoul_flood_2024_00063,1,2024,2023,bd1b8d0105f1dc87aa3d99df0e4cec2c47adbd7400d6c185bd25421ba23dde1e,site_fold_3,0.8373985233941575,0.823185070859615,0.9626247266454364,500,fit
seoul_flood_2024_00013,1,2024,2023,757a23417a3e32f5178c71d73aa0af81284864b4cea9764741e4edab5aa5daef,site_fold_0,0.760902836848172,0.3465865123142608,0.05366518443488511,500,fit
seoul_flood_2024_00067,1,2024,2023,948d2d09df15eb7f7191ace14981ba5c0ab110c09fcefb90834aab93c7c078bd,site_fold_4,0.6646915615259459,0.41754935748705163,0.3078279348190488,500,fit
seoul_flood_2024_00014,1,2024,2023,9d2e0e628256e0e8794e82426aa235d02ec76a3dc6aad4e9ac3c5a814f9829d1,site_fold_2,0.6071346570932777,0.6644787745061097,0.754567051820049,500,fit
seoul_flood_2024_00068,1,2024,2023,0cd3a852ecf4dc5dfeeccb70c7c7c9ef166021c2b5eab3853b7473d5589777a4,site_fold_3,0.8939748650069825,0.7443335701656122,0.7627910624416717,500,fit
seoul_flood_2024_00015,1,2024,2023,971f5541f6195b192b925d8efefffbeca88d01c4a9f0a60d74dde196ee0c86d1,site_fold_0,0.8105209168253078,0.9354827441772697,0.9733222756191693,500,fit
seoul_flood_2024_00069,1,2024,2023,7ab3d273ca7380c8698814a0811a1fe680f9d78ab49ee0d92911a4c107de8238,site_fold_1,0.6394614736136873,0.4557899990266336,0.7768993461174486,500,fit
seoul_flood_2024_00016,1,2024,2023,e3e50f5e44035dce95e5b6d8138e134698d49eee758b5eec26535a51bde85df7,site_fold_3,0.16601806276792552,0.9407172806531761,0.7347060871392321,500,fit
seoul_flood_2024_00070,1,2024,2023,e803b0ddd0c957cf8b860f04d63d206bc58c4a7e216618b57c60191c479923d1,site_fold_3,0.8058530488218325,0.30242686543402725,0.7039165263051067,500,fit
seoul_flood_2024_00017,1,2024,2023,70760aecf195bae192f5baf7428743d230db64ee9aa273bad54777a29fa61d56,site_fold_1,0.9354748470246068,0.9773309840684241,0.9975945522833609,500,fit
seoul_flood_2024_00093,1,2024,2023,63766b2550ac2953f858ddfec3231520fd87d6dfca7d9e0ac9c396ec7684e38b,site_fold_4,0.9525637191420692,0.9915933108341677,0.9905166370116294,500,fit
seoul_flood_2024_00018,1,2024,2023,3693df7f5d8484c40a64e5edfe29168feaab0a3d8ad2d5ef780c0be6f0e46a79,site_fold_1,0.6538302255439065,0.8986443668707532,0.9422659545549115,500,fit
seoul_flood_2024_00094,1,2024,2023,604a183e9f44726cdef3c553ac7408e85ae4b02ccd41506423055ce6ebe1b7d3,site_fold_1,0.22945510232391375,0.9760451947103034,0.8857679180525896,500,fit
seoul_flood_2024_00019,1,2024,2023,5a25b979c2422917f17db7df5dd87a2297c474a9b3d62c792bff7d427ea669bf,site_fold_0,0.8570072699764545,0.9642112597660134,0.9903450475510678,500,fit
seoul_flood_2024_00096,1,2024,2023,79e0a2a000dd61aa37a52001d61342cb8a1c5d1e016976766fc295b4c94b56cc,site_fold_4,0.4132522410077447,0.5923846987328112,0.5966076907448121,500,fit
seoul_flood_2024_00020,1,2024,2023,13ddeac8fe6671414275b639d61a07e9c672c7476e5ccdf793402e7aaeb515d8,site_fold_2,0.9573895952058121,0.9752054124190359,0.9827862259091366,500,fit
seoul_flood_2024_00097,1,2024,2023,2f886984eaa4246f0d5b4af68316375d1b6bdd3583792bcce78bba0fee5cbef1,site_fold_0,0.9218673493995273,0.9861345174413602,0.9289660737534579,500,fit
seoul_flood_2024_00021,1,2024,2023,e124f13166523cb7b6c4c8e441002a9277718c2ebd4cbf13029b4f79c18ecc01,site_fold_2,0.7778910976765643,0.8658161073653603,0.8674255974357344,500,fit
seoul_flood_2024_00098,1,2024,2023,02b5a35da5c0d1c7b55d751771925c966c8fa2149315a4ea571297a2e00589d4,site_fold_2,0.4939074677920818,0.6880991911253791,0.8670840018055328,500,fit
seoul_flood_2024_00022,1,2024,2023,9273fd03db09618bb97fc47b4ab967ad480bfc45f45e026bbdb076e81845adc8,site_fold_2,0.7406930720764938,0.6286394724289656,0.4569705783726363,500,fit
seoul_flood_2024_00099,1,2024,2023,28444bca6837218bf4d704ba4f93934ae8e92a43af99913e4cec692d5abd5c9f,site_fold_1,0.02437158681200108,0.008876558719185275,0.014174787151266476,500,fit
seoul_flood_2024_00023,1,2024,2023,9632c60e0ed4c6223ae3b937ce22f1876fb6cdeb28c7f55bc33e2ce939b58e6d,site_fold_3,0.9074922762916353,0.9481874841606863,0.975884058241184,500,fit
seoul_flood_2024_00100,1,2024,2023,847fee03f196da88ca147fdf7626ad98f52286f7ea498dd829ca73fc6754a405,site_fold_3,0.84076935785207,0.9696758388605804,0.9928470925340286,500,fit
seoul_flood_2024_00025,1,2024,2023,c819cede6995ea40f0f68f04316d2019be37ac994dd418a0cbdec1c843dea159,site_fold_4,0.829284524288771,0.9608137281049766,0.9796135519827631,500,fit
seoul_flood_2024_00101,1,2024,2023,b29f3a9d05c34c68522b01fe2640595e685f4c88f5d8e969f08db1a8e186643c,site_fold_4,0.9268183897029697,0.9660524170367498,0.9661192297586279,500,fit
seoul_flood_2024_00026,1,2024,2023,5601cfe0dafd37c847a7491e472fc4c99c05a8f729d671a071c556aa12d1cc69,site_fold_0,0.8064951354941745,0.9699814723698221,0.9668296352959282,500,fit
seoul_flood_2024_00102,1,2024,2023,77738368915709589f9285d3dbfbdc93e438bffdbe2b754c7ab44d8cbb4dac84,site_fold_3,0.9106350513321837,0.8778690777223274,0.9676742335312762,500,fit
seoul_flood_2024_00027,1,2024,2023,420e8c48ebc7ccbf83d2395b4da0611b4c8dc5279fe949942775ff2ccb1f5fee,site_fold_3,0.025062029132649256,0.07781963161031645,0.07237132372567175,500,fit
seoul_flood_2024_00103,1,2024,2023,99026cbc6581e1dda7853aac956f2790cb89367aded1a3bc771ebbde0df131e3,site_fold_0,0.5110193509445196,0.8548018261084187,0.9695809494374932,500,fit
seoul_flood_2024_00028,1,2024,2023,4ba93dbfdb004cedc56f5c631fad8150f58d482ea512ef4108dc18ece34c55a6,site_fold_1,0.9927897937176561,0.9984335992847897,0.994644649054629,500,fit
seoul_flood_2024_00104,1,2024,2023,8d7f23048bda7bb098f76ccf0fe517f0812889d3669924c1d3df7a7c3beb466e,site_fold_0,0.9275155526682184,0.8977071653602516,0.9772574644314999,500,fit
seoul_flood_2024_00029,1,2024,2023,3e44220d47bea9d8726118dbc011d3073c17208543dc34617d2426bd0b013376,site_fold_0,0.17575807015968622,0.39119353123634915,0.38017679616063815,500,fit
seoul_flood_2024_00105,1,2024,2023,b070070fb490cb378ac75ab72a1cdec8f99ca298a47ea83535ff462f4218a566,site_fold_0,0.944868239128356,0.8979595078642975,0.9631611250838986,500,fit
seoul_flood_2024_00030,1,2024,2023,03119c1c5c1adcbae5fd24c55ada049a8f1452bfcfcd3e573fa9bebf91752bb0,site_fold_2,0.5813752863944295,0.8493098918654898,0.8590688170994906,500,fit
seoul_flood_2024_00106,1,2024,2023,8a10ba040bee51a4dfb38952aa2bf48f827db9c60619fd3afaf104dd06491a34,site_fold_3,0.7375682193774714,0.937656146150073,0.976627396156499,500,fit
seoul_flood_2024_00031,1,2024,2023,13147c272b4c57eb35511cf391e997f00dc7d10b3a1f309bf6f9a86e80bd6d98,site_fold_0,0.6836616773313916,0.8087135928313193,0.8760174197748517,500,fit
seoul_flood_2024_00107,1,2024,2023,168cd363d196b4cea35e3fbd5c31a32fe30f602e59fd2e486239d28906f9d02d,site_fold_2,0.5680897179680109,0.27111036415812567,0.5852461209355108,500,fit
seoul_flood_2024_00032,1,2024,2023,580ebce2e64ba8e209c7b1cebf7178a8945d8200b9c28e17ef913090e1016c84,site_fold_1,0.7688355013873628,0.8199313870948429,0.9270216202764642,500,fit
seoul_flood_2024_00108,1,2024,2023,642d2d7d6191dca8abc1ab275b94fdac98c447af754257111014110d2816b94b,site_fold_2,0.4560431162568721,0.7941412792639484,0.6659898146208986,500,fit
seoul_flood_2024_00033,1,2024,2023,825340dcf23951f2d8e47a605ed2e1b965b6967c54812a042734b3eda4bc5c96,site_fold_2,0.9361192960462593,0.9408445266214257,0.9057461536629333,500,fit
seoul_flood_2024_00109,1,2024,2023,1a5ac1cf0c6d290a58dd20ffa384cfc5a1c391aa45217ea6646abf4d6d3cd048,site_fold_4,0.5386674711719592,0.7685091217214757,0.9806179722156897,500,fit
seoul_flood_2024_00034,1,2024,2023,e5b6ce851537198eb60726302c43334dbe511f11228c46cc6fe4387bcb048678,site_fold_0,0.8415984644326197,0.8523613664696345,0.9441196156700193,500,fit
seoul_flood_2024_00110,1,2024,2023,e06015435d8e64d0e545abf7950cc1a141c6e072d8a8bc68d033a5d44da502c7,site_fold_0,0.18796565092877351,0.031840864113985956,0.6263590051389716,500,fit
seoul_flood_2024_00038,1,2024,2023,38da3f8f9cf16edf6f767e063dbcce4cd45bf9964614ea38636c127bfd87bf07,site_fold_2,0.8614267110943382,0.924552081453336,0.9835105125982688,500,fit
seoul_flood_2024_00111,1,2024,2023,39bb7133a5a101fdedcd7174962b3f0100428b3745479f0cd22475a6ec2e451e,site_fold_2,0.9363130157032911,0.9969610762741786,0.9997437285265558,500,fit
seoul_flood_2024_00039,1,2024,2023,83e08aa3e97db1d52d86474b863a153e2cc9377b044e7cac80a279df233b1119,site_fold_2,0.8616099324941117,0.8058306610111821,0.8539020279559845,500,fit
seoul_flood_2024_00112,1,2024,2023,976afaf01c54fedf9ff44d35ddf4ab9dd2ec59cd6f6522f18ed8ec0bb0a0420f,site_fold_4,0.10975161382156369,0.30645819944206665,0.5342323972594564,500,fit
seoul_flood_2024_00040,1,2024,2023,571c211904d10956955b5efb4fa653d8e5f9f7eb62867184c400a15c68241389,site_fold_0,0.6291742021596141,0.9638903640005425,0.8159590445004393,500,fit
seoul_flood_2024_00113,1,2024,2023,fbcf72bad940a495b5c781c0dacec95037e2444e074e00b823baaff2a70a2897,site_fold_1,0.0437278527300552,0.03356793433453535,0.0023407032443889,500,fit
seoul_flood_2024_00047,1,2024,2023,17f667ebdcf62fddc91ad9b0250bb9b2adc97cb183d86891c48fee18be6e5cef,site_fold_1,0.4507460875035469,0.5474630311548293,0.4765242053303803,500,fit
seoul_flood_2024_00114,1,2024,2023,6aed3ebb380da99b9ee22cdafb43ad80499c1bff6c3499d470dc7ee07d89c849,site_fold_2,0.35020736320663187,0.7705927056931879,0.8491428475243332,500,fit
seoul_flood_2024_00050,1,2024,2023,45e0d39429832b452a4c887bb71b185d61412763fa2b471282d7f26b4d5b2a6d,site_fold_4,0.5608542097981234,0.9309465098773826,0.8641172718061925,500,fit
seoul_flood_2024_00115,1,2024,2023,7738cfb0acdc52887fd9690f1d5b486d23901783ababf94e5884b74aebb7b7a6,site_fold_3,0.9082231184220021,0.9542411067766338,0.9929938432427559,500,fit
seoul_flood_2024_00066,1,2024,2023,3249f0c73043197204ff8e0eb2de32de25359d1a88ab3e65135ed05df3e17632,site_fold_0,0.5235899346833566,0.1421759544324021,0.2809990232614426,500,fit
seoul_flood_2024_00116,1,2024,2023,7d0ace58f1bf6a48eed8c62e46a71a458d0fecfa8f511947d46a0167e6837f9c,site_fold_4,0.22391876819986997,0.5848938526736784,0.5221006820497117,500,fit
seoul_flood_2024_00073,1,2024,2023,287234d601433e40a271d9ddd26ead9f9308af2b1677c85e3834012d64e6e7d2,site_fold_4,0.4484875537290543,0.3795832438646865,0.779884894762459,500,fit
seoul_flood_2024_00117,1,2024,2023,96bfd72b61bf954f2785d404c928759454d7b17f1b9112b500e5bef0de66965f,site_fold_0,0.9705585036536941,0.9643379092170666,0.9684182942274027,500,fit
seoul_flood_2024_00085,1,2024,2023,3becba3274152e21c153ada0da15bb1d8f5a0a5aa386ebae6fe6064d468e125d,site_fold_4,0.6073833468615487,0.9890932772627679,0.997748836938812,500,fit
seoul_flood_2024_00118,1,2024,2023,08e8ba1a5228798be26cec1295ab372eef931328d892df9a0a6f83f388090f1f,site_fold_4,0.9333258396425801,0.8629044918255626,0.8433369285397831,500,fit
seoul_flood_2024_00087,1,2024,2023,038885154917f49461b2bd823ed84f168eb6f07b4247e762aa3785177bf2f1a8,site_fold_1,0.8155215559755443,0.939313085489077,0.9349032503198114,500,fit
seoul_flood_2024_00090,1,2024,2023,e2021107777c58ae4753e65b214bcf759eb5dade508d589c0faa3ecf220f7db4,site_fold_3,0.7370112131822109,0.9967338225526172,0.9962603294414658,500,fit
seoul_flood_2024_00092,1,2024,2023,9a1836775b51d543b83e763701479475aa2241ddd6420af60260e1c2994536b2,site_fold_0,0.7673072146310698,0.942601881622101,0.9728262906834388,500,fit
seoul_flood_2024_00095,1,2024,2023,5609876fb475b5f8749245964924f472f2921b55d27942248654e089174fcb3d,site_fold_0,0.6712670622050764,0.5393203807519937,0.7043623443369924,500,fit
bg_2018_0008,0,2018,2017,e01f18c6157377aa8fea34d0849ee57ba81780ea6b458a684b38b58c1f249aa7,site_fold_0,0.009983035909925097,2.2448756998114854e-06,0.0005851875763766209,500,fit
bg_2018_0012,0,2018,2017,031f604ccd8decf0bc0c0f1b46d764f67618a666286b5ef046ba714fd32ce319,site_fold_1,0.017791002874096375,0.0011545212075839738,0.005355366369979696,500,fit
bg_2018_0014,0,2018,2017,96f4653cba9c5b8fffc448302fa973dfcae2a21030235ce4f086544c824fafd7,site_fold_0,0.1271151712987645,1.1664827827687812e-05,0.0003962973824037953,500,fit
bg_2018_0016,0,2018,2017,b567922b1a6e50fee3cb576e2441824a9c83fd4dd5fac5d1c44c98d81360cfb7,site_fold_1,0.1983105584664776,0.06615944235622062,0.06658739953092647,500,fit
bg_2018_0021,0,2018,2017,a74f251b2c3000fafc6ffa15b42a8c8767d1d7f96385ec57c9a92bad2775d4d8,site_fold_3,0.0027484772727414016,0.00031309504995668825,0.0001298884620352137,500,fit
bg_2018_0029,0,2018,2017,d85443019e270af275d8e6dd883eb545895d895bb3302685db5c485b48671cbe,site_fold_3,0.12492402917365768,0.35370507019772307,0.06409959459861518,500,fit
bg_2018_0031,0,2018,2017,294277d42644ddf4e441a0ce7c53aca2bfa06820f022b5f34069e9a8a30356b2,site_fold_2,0.0020430215294066608,0.0038892879882434185,0.0009638806497295055,500,fit
bg_2018_0033,0,2018,2017,21e62fc153d7c067a581956f9285d808728d0fbcc3f743972121ab385b7f240d,site_fold_3,0.5408278210706774,0.019725453480317585,0.024202032446758052,500,fit
bg_2018_0035,0,2018,2017,84e4269b50220afc54cd94d366ce19c65299d35df850ceaee93eadc2d1fba7df,site_fold_1,0.007441283169422171,0.006425484014973872,0.00026281592496965855,500,fit
bg_2018_0037,0,2018,2017,ec12ead14120d4fd24d16cabbbd241eb1d0fe9c16ad943805a4312845283d462,site_fold_2,0.33637798821079434,0.0587359885630012,0.06571356465090396,500,fit
bg_2018_0043,0,2018,2017,3dc07fb46bf80b6eecd3b849850467fc614be95e21cbda76c3c7cdf7a7106cf4,site_fold_0,0.0007499320177379071,0.00281723258669577,0.0005108051723968179,500,fit
bg_2018_0045,0,2018,2017,5abac985a6deaa808eecb6a2742d5a724388c8f6c7ad871704b78b4066e386dc,site_fold_2,0.9394194059969344,0.8174429484695609,0.9561346061410835,500,fit
bg_2018_0052,0,2018,2017,dcd99ae5f275a0be2458b09742536127a22d13b902bd53e5ac740a04f46f77f3,site_fold_0,0.12759911467262214,0.04475108733262692,0.010157336967441415,500,fit
bg_2018_0056,0,2018,2017,dc2c073fab33fa44d4232f769c5e6003d6870f75c7967861a7b52e38d7c69572,site_fold_0,0.08951408194398057,0.7917667561232196,0.9683947651269572,500,fit
bg_2018_0058,0,2018,2017,203ddd064d80fc0d4e7bff11a0776d9e93419a3a6037aa9adc2c7505290a1813,site_fold_3,0.17368437107108586,0.08263052981999909,0.06378524364239002,500,fit
bg_2018_0059,0,2018,2017,f9a9ec68c6f1d2a1231e5e83d38745b60d61290ff74ac936aa8f0683822eb8eb,site_fold_4,0.8036425779514073,0.931677090596792,0.8738719278117808,500,fit
bg_2018_0061,0,2018,2017,320a5b870363bc27bd783e6d2b485a8d3972cfc67854a5a58639a25fc374f980,site_fold_2,0.0003812578937822924,0.0019350315804423555,7.334764706715965e-05,500,fit
bg_2018_0065,0,2018,2017,2ae3e4a48561eae2ac17dd839dccd2bfa7997585727481cf2cc5ad1a544cbb29,site_fold_4,0.0003370377805620072,0.04376740933501849,0.006647614978419002,500,fit
bg_2018_0067,0,2018,2017,b687a30ed837278ff4dadcfdef30f40b2986a06c7c79ed57693b3e6b2b1a9d33,site_fold_4,0.5827544844083242,0.8976649216926758,0.863027365188404,500,fit
bg_2018_0071,0,2018,2017,48da3e414015f3351b42e87e9218a6ceaedce537a926ba13d8759590bdad9d81,site_fold_4,0.4196756550143092,0.79041598982008,0.5378997742506458,500,fit
bg_2018_0073,0,2018,2017,eb67dc3c4a6302c161ea7c937485d56e520ac962c08ed97fcd8cb6d32e101eed,site_fold_2,0.26407830681730643,0.04638685145640961,0.060812960902696805,500,fit
bg_2018_0074,0,2018,2017,0661378a425c8a66c4aa539a6016f77d94444565f19a404c200d8da71d881e6f,site_fold_1,0.09368597759415331,0.0008205524883053021,0.001851410178652039,500,fit
bg_2018_0076,0,2018,2017,b0bb5e94bbb58bef0707986a0b214f4618e10f100ec3660f7f792c139b83b7bf,site_fold_2,0.9148941367732263,0.5768777868803462,0.588854123097442,500,fit
bg_2018_0078,0,2018,2017,a5ca7d8f214e2cdbd499bf191e3ef82542d8fc7c4eb63c250906aecb6d052776,site_fold_2,0.644469187548541,0.026570385358503083,0.0064276218368615875,500,fit
bg_2018_0082,0,2018,2017,5535d9eaa37e4d1a7b852f0870d6bc9cf8d44c2c849c46b6e3bc123aea922f98,site_fold_1,0.971203780638086,0.00975256691524379,0.0017582054995070445,500,fit
bg_2018_0083,0,2018,2017,fe080c2d9abb132cc64d5557983b111ff97e3f58f287666fd5faa26bdb192287,site_fold_2,0.7173960954126531,0.64520605401407,0.3046442782200478,500,fit
bg_2018_0085,0,2018,2017,f3ce6092bb24123a060a0495483d50073de4e4ee953fe58bd28e219e1a83baa1,site_fold_0,0.004981546393444934,0.3027422403908531,0.20432759950954846,500,fit
bg_2018_0086,0,2018,2017,2f8d0c0da0be361972dcf84753d6a3e08b6dad88a520b7d1a92b86f9b38320ac,site_fold_2,0.20270572069045312,0.1870489247440901,0.17144900280366318,500,fit
bg_2018_0088,0,2018,2017,d948566b5d11292ec582eb153178eebb116e8d9e510bbbb560baf1319dcb07ea,site_fold_1,0.4647362370440844,0.13951545397277026,0.1210787701231273,500,fit
bg_2018_0090,0,2018,2017,0ea0ea06867904ade6f0cc97d06bcc3a15a536e081b0765ae05da45dd08c935e,site_fold_4,0.3176866142624517,0.21420486550413967,0.4053838828270603,500,fit
bg_2018_0099,0,2018,2017,eab8096d803acb18cc201f6ace31bbda179073d5e6a99e0d73d2ec05bccdf772,site_fold_3,0.06381384282213627,0.00021277361909087481,0.0002146490475065972,500,fit
bg_2018_0101,0,2018,2017,0e3e2e1f0d7500e89ab5386ac3395e82b86d098339e82b63a4f96b3de677403b,site_fold_1,0.15544619158428716,0.028073350701186276,0.05558401532320611,500,fit
bg_2018_0102,0,2018,2017,d083f6498d7fbd2e9d25a6ad0b6797fb6e2c24cc6ad3d7ca5f9713008c86dd50,site_fold_3,0.057687601634097085,0.005759770034151028,0.001389135184996884,500,fit
bg_2018_0103,0,2018,2017,094fe38ba748a64e5efdec7fb8286b4be6aadc362ada39934354d5551a5da3d0,site_fold_3,0.2830760750753806,0.16238436541089374,0.08668985908087741,500,fit
bg_2018_0107,0,2018,2017,121ca7306a2ae0103033e3004279ef3e80366ab277effbd7df933cd44df93378,site_fold_2,0.8845543182584457,0.7345541752733401,0.4692895624600579,500,fit
bg_2018_0110,0,2018,2017,fe94a8a6361778f583248af09d52d2f8beaeed2c3a1047494990e54232abf263,site_fold_2,0.5591144487962506,0.522579825753167,0.5234306390117573,500,fit
bg_2018_0112,0,2018,2017,9b8cfb8dd01fd7117ec530b8b1be50f430e0bba381744f956eee96179adeacee,site_fold_1,0.9862091591801004,0.9962319560019647,0.9929697563357741,500,fit
bg_2018_0113,0,2018,2017,574a670bce4623563698b796be6af8072c206bfd8806e5f36ff822a332eff57b,site_fold_2,0.4283983773780193,0.3451893936379828,0.03957051658971693,500,fit
bg_2018_0116,0,2018,2017,b89dc14cbabd117f4baa55fee005974d32ebb678421d282b6faf5919d4c5513d,site_fold_4,0.01677562349711172,0.355130431075693,0.17667554183102344,500,fit
bg_2018_0118,0,2018,2017,8e82547d47b9be467e201fcc7a5aecc54c71aded64e0ac980099b8678439acd8,site_fold_4,0.5242911522893249,0.08738903449393365,0.015421210423612015,500,fit
bg_2018_0122,0,2018,2017,bf6cb7c3b436132579c4c247e107989902b49e1a3a297a787f54b840578a302e,site_fold_0,0.11176929515177227,0.11700201972448522,0.03846610578862769,500,fit
bg_2018_0129,0,2018,2017,9d517f55ae5613be7e9c1f546afa3a8453196835262a2da69354022e181623af,site_fold_1,0.6216112993668367,0.6056751563756584,0.35856605832383015,500,fit
bg_2018_0130,0,2018,2017,30fc7f1fd06b41eaa1cbfba3302ccf7b637fb6b97d364777008dcc7203e27e88,site_fold_3,0.6253254661146578,0.8478495636492557,0.7014131550954509,500,fit
bg_2018_0131,0,2018,2017,c70088b5f5ed553ac8d54c56b48c1be5b90a722246b8993e86f8ab252abee2b8,site_fold_4,0.6303306485450757,0.717832953696611,0.813065321421796,500,fit
bg_2018_0135,0,2018,2017,d4a9a61f6e816b947950df9ce5dcf1ba5199c097b89c4e2ff3146444ea11cb5e,site_fold_1,0.3319220010396364,0.05256099528469627,0.09098957006561302,500,fit
bg_2018_0137,0,2018,2017,b1c60d3479151c265d732f1691c8965b5045f9f996bc435e7cc5093bbabaa7ca,site_fold_4,0.12449483256113442,2.0415731218498416e-06,9.760139258328976e-06,500,fit
bg_2018_0138,0,2018,2017,8c4da60d1d75cffc9bd0bb476c0dc48b8024afb93b7ec5dce86a348e4a515c7e,site_fold_0,0.0018963747762877766,0.0002404738908578416,0.003062499673357799,500,fit
bg_2018_0142,0,2018,2017,27cf11d64439127707db65caff07bd9f503a61a6427d56ac8b3df0c792261c04,site_fold_3,1.594010307233515e-30,2.1080028810971524e-39,4.963332957068238e-41,500,fit
bg_2018_0146,0,2018,2017,e889077796f75a8bf06a0218348506ff1aa58361a026a2158158d33545d8f8e8,site_fold_3,0.7133065273937877,0.828545599315947,0.8996366001138415,500,fit
bg_2018_0154,0,2018,2017,eaa88e45dc34bbc37c2c1c462247981c702e40fc4de264f8bfd709abb71da6d3,site_fold_0,0.09454833984791611,0.06784254493612017,0.14178788921251714,500,fit
bg_2018_0155,0,2018,2017,37a1b32ea4828c6949829c840f5a2c1015383861dcde49e417670a4242964123,site_fold_0,0.018608720444343668,3.3376238157069864e-05,0.0009455501836474784,500,fit
bg_2018_0157,0,2018,2017,10931396412cd75603aea0d3abeeaa86eab99d3b921d1b092b41bbab3e6b3ef3,site_fold_0,0.11490652622704384,0.02694560134199682,0.001564577338154694,500,fit
bg_2018_0161,0,2018,2017,d49b5fbc9ceb41ca0416f4cdb698a4166b7a68f5b61831b3c486481ab9266d59,site_fold_1,0.6516471866473821,0.6553191354588848,0.5803175197197941,500,fit
bg_2018_0165,0,2018,2017,d2fe77c5494009de82c48b234cc00ce5e962100afef8729763eebcde1fdb3ee6,site_fold_2,0.4710673242431174,0.0048261173074852885,0.0028924805444633895,500,fit
bg_2018_0176,0,2018,2017,f2237c29d27bd0b5346f0be444cdf4b5a741aa2fba630c9086b59654a04a210f,site_fold_1,0.29179926399560385,0.0007584525366508088,0.01668286831650587,500,fit
bg_2018_0182,0,2018,2017,338e23f9b352e3105dbde6ef929db218b89c42bef0ff3192ba71868dc1c03e11,site_fold_4,0.7343009904558123,0.8010818087399151,0.7696314002625975,500,fit
bg_2018_0191,0,2018,2017,cbc1c3c2479947688ce7ff97d13516aff256f9ff10811bac671aee0b4c32337a,site_fold_0,0.007783636595572205,0.027551580475306453,0.29959884989025315,500,fit
bg_2018_0212,0,2018,2017,d62a426cec03061a92b4b16ff9276a42c85c45c9bef3ede5653bbbd82d16c4a6,site_fold_4,0.19829182736206066,0.0981354506625443,0.03511549984255522,500,fit
bg_2018_0227,0,2018,2017,f6e58d1a82b10079ee37183b7cf9cacaf6d4a553dd204c84c7040b1b90f871aa,site_fold_4,0.0007945163799516167,0.0004236683906312978,0.00012081434247137824,500,fit
bg_2019_0008,0,2019,2018,e01f18c6157377aa8fea34d0849ee57ba81780ea6b458a684b38b58c1f249aa7,site_fold_0,0.01020571672641711,1.205688304171394e-06,2.365976510393736e-06,500,fit
bg_2019_0016,0,2019,2018,b567922b1a6e50fee3cb576e2441824a9c83fd4dd5fac5d1c44c98d81360cfb7,site_fold_1,0.1305807764286689,0.08817694059861848,0.014170463484880155,500,fit
bg_2019_0019,0,2019,2018,6edce6b5be5a6297cfc6785fe6eb1f9255b7a66545fc3bea508c64d379a86f22,site_fold_0,0.0005714823774614275,3.023246015946971e-07,9.65549499113413e-07,500,fit
bg_2019_0021,0,2019,2018,a74f251b2c3000fafc6ffa15b42a8c8767d1d7f96385ec57c9a92bad2775d4d8,site_fold_3,0.0036229379400571807,5.0523525578889984e-05,0.00019229543745820105,500,fit
bg_2019_0023,0,2019,2018,707cefe99fb18e837868489d84317ae20f18934da0f4afa2a1f2b42c41ecaec8,site_fold_4,0.0009377288653385462,4.770563555250895e-05,2.96883213266365e-06,500,fit
bg_2019_0025,0,2019,2018,7c6261366bf8edda64089f460e853aeaeda958dee0f29ba57605120c552ce3ad,site_fold_2,0.25812227678119076,0.020069186200713705,0.004446017944128829,500,fit
bg_2019_0027,0,2019,2018,07e4e2986cc515ff4959416c897bb00877a6b5e8b3b13ea6b922aa271b685181,site_fold_1,0.010364943937360553,0.0070514958686574685,0.00017866067802082042,500,fit
bg_2019_0029,0,2019,2018,d85443019e270af275d8e6dd883eb545895d895bb3302685db5c485b48671cbe,site_fold_3,0.08003652729372822,0.03686103962275284,0.007156583071655785,500,fit
bg_2019_0033,0,2019,2018,21e62fc153d7c067a581956f9285d808728d0fbcc3f743972121ab385b7f240d,site_fold_3,0.44705117948845297,0.0075814153944916245,0.013533830769077888,500,fit
bg_2019_0035,0,2019,2018,84e4269b50220afc54cd94d366ce19c65299d35df850ceaee93eadc2d1fba7df,site_fold_1,0.005488793264888809,0.002971909780829259,0.00010296090707163996,500,fit
bg_2019_0040,0,2019,2018,b8e6d522bdee72713691c7fcf5a63989a868dfd95bd2cab5437e22511b06187d,site_fold_2,0.04958355618409278,0.0021189962639453237,0.004625143618159743,500,fit
bg_2019_0045,0,2019,2018,5abac985a6deaa808eecb6a2742d5a724388c8f6c7ad871704b78b4066e386dc,site_fold_2,0.8498274702212368,0.7313615362494319,0.8320867287000672,500,fit
bg_2019_0047,0,2019,2018,9b143e553b172de0a0dbcd667fcc44ff4424a8f9c8019d9c4a4518f7420b41af,site_fold_4,0.0007746380499503935,0.0003366194082223674,0.0002340782824036643,500,fit
bg_2019_0051,0,2019,2018,748d2b899e4eb3beab4800bc94e8ff516e34ed0db3aef051813bec260a8670ce,site_fold_4,0.23936964075960002,0.2652517396422508,0.04374095341795484,500,fit
bg_2019_0052,0,2019,2018,dcd99ae5f275a0be2458b09742536127a22d13b902bd53e5ac740a04f46f77f3,site_fold_0,0.5255666884266567,0.06995451969810076,0.042114256947808175,500,fit
bg_2019_0057,0,2019,2018,d40effa8069de0fc26ed37d2c749ab608986996e969ab3f7db4ee96472d380dc,site_fold_3,0.49337120031521076,0.2233016461384357,0.25145188858417566,500,fit
bg_2019_0058,0,2019,2018,203ddd064d80fc0d4e7bff11a0776d9e93419a3a6037aa9adc2c7505290a1813,site_fold_3,0.23101354872197474,0.035354200685420535,0.025914887859130393,500,fit
bg_2019_0061,0,2019,2018,320a5b870363bc27bd783e6d2b485a8d3972cfc67854a5a58639a25fc374f980,site_fold_2,0.0014573452991911329,0.013016001454063194,0.000416022623872926,500,fit
bg_2019_0065,0,2019,2018,2ae3e4a48561eae2ac17dd839dccd2bfa7997585727481cf2cc5ad1a544cbb29,site_fold_4,0.0001991310933799821,0.005981526337766102,0.001328284400845864,500,fit
bg_2019_0067,0,2019,2018,b687a30ed837278ff4dadcfdef30f40b2986a06c7c79ed57693b3e6b2b1a9d33,site_fold_4,0.5861833189997853,0.8830897027970117,0.723948055525263,500,fit
bg_2019_0073,0,2019,2018,eb67dc3c4a6302c161ea7c937485d56e520ac962c08ed97fcd8cb6d32e101eed,site_fold_2,0.3841388209884442,0.09901320312988574,0.06509880269734113,500,fit
bg_2019_0076,0,2019,2018,b0bb5e94bbb58bef0707986a0b214f4618e10f100ec3660f7f792c139b83b7bf,site_fold_2,0.8839302534354248,0.22861234995938723,0.44318562672797157,500,fit
bg_2019_0081,0,2019,2018,a79ec02ce4ac7963f73a96c80a4ea1fc557a0747a742e20e54654266ddade15f,site_fold_1,0.7916484942547491,0.6739979729231681,0.6804059938207584,500,fit
bg_2019_0085,0,2019,2018,f3ce6092bb24123a060a0495483d50073de4e4ee953fe58bd28e219e1a83baa1,site_fold_0,0.0033721794180735704,0.039040967124171676,0.0762568967215685,500,fit
bg_2019_0089,0,2019,2018,30e0262a5079f27f544cfa11a50c2dac7696a1223e31b6a5743a25b88178f3f9,site_fold_1,0.7448312795370096,0.08485288483827384,0.05827557371558088,500,fit
bg_2019_0090,0,2019,2018,0ea0ea06867904ade6f0cc97d06bcc3a15a536e081b0765ae05da45dd08c935e,site_fold_4,0.40021947525465784,0.11068418550160602,0.12397594189737327,500,fit
bg_2019_0091,0,2019,2018,982618d21af830b045f8c249c93b9fe8c0ca46e8eef0f38a41b858d40f182133,site_fold_2,0.5990823552726906,0.45713854868442133,0.8507840839599928,500,fit
bg_2019_0092,0,2019,2018,1329ca34dd0aa22bba0143275ea656df9883ad433541073bcd4a263e3256d123,site_fold_4,0.09172332400240044,0.3249810803705652,0.14474572667406066,500,fit
bg_2019_0099,0,2019,2018,eab8096d803acb18cc201f6ace31bbda179073d5e6a99e0d73d2ec05bccdf772,site_fold_3,0.05987976883400121,3.297376583676068e-05,0.00013974733276870917,500,fit
bg_2019_0102,0,2019,2018,d083f6498d7fbd2e9d25a6ad0b6797fb6e2c24cc6ad3d7ca5f9713008c86dd50,site_fold_3,0.06825084518398057,0.0014019692715898403,0.0002112290536752565,500,fit
bg_2019_0103,0,2019,2018,094fe38ba748a64e5efdec7fb8286b4be6aadc362ada39934354d5551a5da3d0,site_fold_3,0.3132276477913052,0.2728583960466587,0.1564017310178302,500,fit
bg_2019_0107,0,2019,2018,121ca7306a2ae0103033e3004279ef3e80366ab277effbd7df933cd44df93378,site_fold_2,0.7710615687848101,0.4867187846311109,0.5906297101752211,500,fit
bg_2019_0112,0,2019,2018,9b8cfb8dd01fd7117ec530b8b1be50f430e0bba381744f956eee96179adeacee,site_fold_1,0.9338943306639511,0.9847523762604825,0.8627070921159096,500,fit
bg_2019_0113,0,2019,2018,574a670bce4623563698b796be6af8072c206bfd8806e5f36ff822a332eff57b,site_fold_2,0.428172234934728,0.23565483233893275,0.08123754320503063,500,fit
bg_2019_0115,0,2019,2018,48ba22de3d6960040834837c9f93bad7da1ff9aa12c70c28cf23329daa5556b9,site_fold_0,0.15378045860688416,0.0001675711127288157,0.00026750577457565147,500,fit
bg_2019_0118,0,2019,2018,8e82547d47b9be467e201fcc7a5aecc54c71aded64e0ac980099b8678439acd8,site_fold_4,0.48518556078968983,0.05020661762825077,0.0092966164522831,500,fit
bg_2019_0125,0,2019,2018,669228cb6311c26fa81b0cc72a9f043cf099e2aec5da6174c5343570362b53f9,site_fold_3,0.023995520564131893,9.359883791574888e-05,0.007794694850351115,500,fit
bg_2019_0129,0,2019,2018,9d517f55ae5613be7e9c1f546afa3a8453196835262a2da69354022e181623af,site_fold_1,0.7417463288598046,0.8154521440177733,0.13304154680769936,500,fit
bg_2019_0130,0,2019,2018,30fc7f1fd06b41eaa1cbfba3302ccf7b637fb6b97d364777008dcc7203e27e88,site_fold_3,0.6424587797303614,0.8431205204941329,0.7718728995149593,500,fit
bg_2019_0131,0,2019,2018,c70088b5f5ed553ac8d54c56b48c1be5b90a722246b8993e86f8ab252abee2b8,site_fold_4,0.6640351400491022,0.7396581931162863,0.5031309910262661,500,fit
bg_2019_0135,0,2019,2018,d4a9a61f6e816b947950df9ce5dcf1ba5199c097b89c4e2ff3146444ea11cb5e,site_fold_1,0.194425847736622,0.11622336242732557,0.01424463269189006,500,fit
bg_2019_0138,0,2019,2018,8c4da60d1d75cffc9bd0bb476c0dc48b8024afb93b7ec5dce86a348e4a515c7e,site_fold_0,0.002317897701178973,5.779386819009595e-05,8.446321650001892e-05,500,fit
bg_2019_0148,0,2019,2018,7e9ec81c8ea1517e7c97d3f130bd8da15eded8367199dea08912d7fec27678bc,site_fold_1,0.8196505995989655,0.759640705086733,0.16545946314103768,500,fit
bg_2019_0150,0,2019,2018,2d514b854a9419024c44d135af3eff0d5ec793684c36bece8e6471bba25f3d4b,site_fold_0,0.013652785932594514,0.0007054942578616774,5.704631843982812e-05,500,fit
bg_2019_0152,0,2019,2018,ce81223ed4abc36fdbbc236f8ffb7d0ee9ea969f12ac8750196c90345354cd48,site_fold_3,0.01842036289904842,0.0006134590373757507,0.0001365699427896081,500,fit
bg_2019_0167,0,2019,2018,4a3e32b2592c4bca0306e12810e632bbc064edd22a18e37cda46c14b345b44bb,site_fold_2,0.005320178960236317,1.0191497816145152e-06,4.893903053874242e-07,500,fit
bg_2019_0176,0,2019,2018,f2237c29d27bd0b5346f0be444cdf4b5a741aa2fba630c9086b59654a04a210f,site_fold_1,0.24923959786959976,0.004133371753474507,0.00493356002924417,500,fit
bg_2019_0180,0,2019,2018,a113ed2181e2dafdd3bd4c517c782ea37e2fc64120cbcccfd433bc0ea0d1188c,site_fold_2,0.011952379718122387,9.152496765787084e-05,6.007209903252553e-05,500,fit
bg_2019_0193,0,2019,2018,61dbfdd28521f9308c90c25b11338b8d4a84bcf61abdb389858a2ac8ee611700,site_fold_0,0.2965362721915393,0.22563164584094303,0.09505008222910499,500,fit
bg_2019_0197,0,2019,2018,085eb8211e0d2e935d23d26841e01d26a6fd4d394c7185918f5965368be91c14,site_fold_2,0.8979145129486065,0.928222891959366,0.9351603229306685,500,fit
bg_2019_0199,0,2019,2018,83039e54e1fa37ee25521fbe29d0a288ee1d48abb96cc75dc80796ea6e46a80e,site_fold_4,0.011710517170756532,0.0010054054270041022,0.0002895089157923025,500,fit
bg_2019_0208,0,2019,2018,7fcd19c49f8ef373af77d30b6ea657701de171b59c2cc99c492381c7fa79eb53,site_fold_1,0.006808150585373992,2.047524334213098e-07,3.6099061302911836e-06,500,fit
bg_2019_0212,0,2019,2018,d62a426cec03061a92b4b16ff9276a42c85c45c9bef3ede5653bbbd82d16c4a6,site_fold_4,0.41210168094779126,0.03459280485749398,0.005845315466043466,500,fit
bg_2019_0214,0,2019,2018,adcf989dc565c016087934f1ab4ba3b574fbe4b87d6ce6c4c0efac4ac2994595,site_fold_4,0.6473787687706293,0.48692431550403475,0.03004142884113631,500,fit
bg_2019_0227,0,2019,2018,f6e58d1a82b10079ee37183b7cf9cacaf6d4a553dd204c84c7040b1b90f871aa,site_fold_4,0.002303846971120443,0.000172967310127283,4.246675893115383e-06,500,fit
bg_2019_0229,0,2019,2018,571d300f79ea95c93212637680e248e7f42521541f8f5180c48bc4344a8082b1,site_fold_2,0.002173901479811163,0.0006569237589548357,0.00017468073903706137,500,fit
bg_2020_0012,0,2020,2019,031f604ccd8decf0bc0c0f1b46d764f67618a666286b5ef046ba714fd32ce319,site_fold_1,0.06914244942885647,0.0007019112780798247,0.029412854849870357,500,fit
bg_2020_0021,0,2020,2019,a74f251b2c3000fafc6ffa15b42a8c8767d1d7f96385ec57c9a92bad2775d4d8,site_fold_3,0.0034110671901043175,2.18357699427687e-05,0.0011343759422588371,500,fit
bg_2020_0029,0,2020,2019,d85443019e270af275d8e6dd883eb545895d895bb3302685db5c485b48671cbe,site_fold_3,0.2043391771794268,0.10281732745605446,0.052726416012962685,500,fit
bg_2020_0040,0,2020,2019,b8e6d522bdee72713691c7fcf5a63989a868dfd95bd2cab5437e22511b06187d,site_fold_2,0.005738450618862871,0.005596244464933306,0.0055873717872007254,500,fit
bg_2020_0042,0,2020,2019,c5c162e440897a82f0cf5001e5831e1ef3a67dfe6bf07a591a79a43cc3ff74f5,site_fold_4,0.09666172700923303,0.0018003201097012793,0.0002836078756014738,500,fit
bg_2020_0043,0,2020,2019,3dc07fb46bf80b6eecd3b849850467fc614be95e21cbda76c3c7cdf7a7106cf4,site_fold_0,0.0011081859157046476,0.0006576058886134975,0.0018521876224269792,500,fit
bg_2020_0045,0,2020,2019,5abac985a6deaa808eecb6a2742d5a724388c8f6c7ad871704b78b4066e386dc,site_fold_2,0.9718965742468189,0.9538520657560973,0.9494161871594609,500,fit
bg_2020_0047,0,2020,2019,9b143e553b172de0a0dbcd667fcc44ff4424a8f9c8019d9c4a4518f7420b41af,site_fold_4,0.0014370342863852996,0.0013448123401410622,0.006885801685013773,500,fit
bg_2020_0051,0,2020,2019,748d2b899e4eb3beab4800bc94e8ff516e34ed0db3aef051813bec260a8670ce,site_fold_4,0.22952695073407725,0.4797490064156127,0.08172006335360818,500,fit
bg_2020_0052,0,2020,2019,dcd99ae5f275a0be2458b09742536127a22d13b902bd53e5ac740a04f46f77f3,site_fold_0,0.7585355957062901,0.32056759984156896,0.3495163903636584,500,fit
bg_2020_0053,0,2020,2019,ef5548ab378a0d6f1136921f787bedefcf308b5bf6f03841ab384a58392a796f,site_fold_0,0.09431514981367199,0.14177103108550562,0.9500159935895716,500,fit
bg_2020_0054,0,2020,2019,8b97daeee954f5cf8ce99941964f6b69aafbd08ff670db5383f686bb16668c44,site_fold_3,0.45530333305614845,0.20686373657580828,0.2385028959772479,500,fit
bg_2020_0056,0,2020,2019,dc2c073fab33fa44d4232f769c5e6003d6870f75c7967861a7b52e38d7c69572,site_fold_0,0.2502632402286048,0.030723485921178805,0.776848243501694,500,fit
bg_2020_0058,0,2020,2019,203ddd064d80fc0d4e7bff11a0776d9e93419a3a6037aa9adc2c7505290a1813,site_fold_3,0.3565410791489739,0.08804784999456954,0.10515340545870129,500,fit
bg_2020_0064,0,2020,2019,7cf777b87c15c35cb12a26b7d8ad0f56654c2b75b6447578107c0cef8bdd2e29,site_fold_3,0.3104082073209548,0.8584901418421315,0.745418089278195,500,fit
bg_2020_0065,0,2020,2019,2ae3e4a48561eae2ac17dd839dccd2bfa7997585727481cf2cc5ad1a544cbb29,site_fold_4,0.0005677854793407783,0.02298784959396947,0.03781284969804117,500,fit
bg_2020_0066,0,2020,2019,a5a2dc9c1dbe6d7af6f51645bd09cb467e8f7c186eb7d91b2a155cea8ae622ed,site_fold_1,0.3645642260845623,0.001578346797214084,0.05750285251160347,500,fit
bg_2020_0069,0,2020,2019,19b54b72bdde6c4bd3cbe2546f3414a4ff56cd60d6a2bcdf3d6f1f199e8b9a7a,site_fold_0,0.3844649937784073,2.900907858499644e-05,9.473227530663186e-05,500,fit
bg_2020_0073,0,2020,2019,eb67dc3c4a6302c161ea7c937485d56e520ac962c08ed97fcd8cb6d32e101eed,site_fold_2,0.43532567084785884,0.34550236702033177,0.3120716899034624,500,fit
bg_2020_0074,0,2020,2019,0661378a425c8a66c4aa539a6016f77d94444565f19a404c200d8da71d881e6f,site_fold_1,0.18383318540847185,0.004256285675571126,0.009689231501953634,500,fit
bg_2020_0079,0,2020,2019,387293de0a4d2562776968a4c928898f0c153e19c243293da6f2314332ce8e09,site_fold_2,0.7007547109439012,0.10157398260752933,0.08111152668189398,500,fit
bg_2020_0083,0,2020,2019,fe080c2d9abb132cc64d5557983b111ff97e3f58f287666fd5faa26bdb192287,site_fold_2,0.7863331068018306,0.7679636950990684,0.6733769283327952,500,fit
bg_2020_0085,0,2020,2019,f3ce6092bb24123a060a0495483d50073de4e4ee953fe58bd28e219e1a83baa1,site_fold_0,0.0039381470788004795,0.201481543414108,0.07531445866656568,500,fit
bg_2020_0086,0,2020,2019,2f8d0c0da0be361972dcf84753d6a3e08b6dad88a520b7d1a92b86f9b38320ac,site_fold_2,0.5127096927313597,0.4074704818373387,0.7406232541067869,500,fit
bg_2020_0088,0,2020,2019,d948566b5d11292ec582eb153178eebb116e8d9e510bbbb560baf1319dcb07ea,site_fold_1,0.6548240731781734,0.4680735107553079,0.38352089979042686,500,fit
bg_2020_0089,0,2020,2019,30e0262a5079f27f544cfa11a50c2dac7696a1223e31b6a5743a25b88178f3f9,site_fold_1,0.7586872299045335,0.03377144637565872,0.07935342936653167,500,fit
bg_2020_0091,0,2020,2019,982618d21af830b045f8c249c93b9fe8c0ca46e8eef0f38a41b858d40f182133,site_fold_2,0.6818575045249672,0.8784795396722098,0.9627017697512709,500,fit
bg_2020_0099,0,2020,2019,eab8096d803acb18cc201f6ace31bbda179073d5e6a99e0d73d2ec05bccdf772,site_fold_3,0.13450737455705133,0.0005409686061301828,0.0010655843435955945,500,fit
bg_2020_0102,0,2020,2019,d083f6498d7fbd2e9d25a6ad0b6797fb6e2c24cc6ad3d7ca5f9713008c86dd50,site_fold_3,0.09270639253563709,0.0005275407822628693,0.00442203532733965,500,fit
bg_2020_0105,0,2020,2019,5bb0f3030646a3eca15b3c715c0a2cc5c67d8a64036f4b26e788799479fcac9b,site_fold_3,0.6726434416866617,0.931803294110918,0.6288095672977599,500,fit
bg_2020_0107,0,2020,2019,121ca7306a2ae0103033e3004279ef3e80366ab277effbd7df933cd44df93378,site_fold_2,0.842967670694884,0.7698980343572639,0.8264867647522357,500,fit
bg_2020_0110,0,2020,2019,fe94a8a6361778f583248af09d52d2f8beaeed2c3a1047494990e54232abf263,site_fold_2,0.6901951733938734,0.8199879597041893,0.706002264134774,500,fit
bg_2020_0114,0,2020,2019,cbf698a2629e0c40badff8fdce66678097136d982ad6e328f5e174702db1ac72,site_fold_2,0.2817952065047617,0.009644311557485664,0.03410240518146902,500,fit
bg_2020_0115,0,2020,2019,48ba22de3d6960040834837c9f93bad7da1ff9aa12c70c28cf23329daa5556b9,site_fold_0,0.16927446053256076,0.00016704196290312737,0.0008430812173510005,500,fit
bg_2020_0116,0,2020,2019,b89dc14cbabd117f4baa55fee005974d32ebb678421d282b6faf5919d4c5513d,site_fold_4,0.11809247906362083,0.8090929200942195,0.6301558537849072,500,fit
bg_2020_0117,0,2020,2019,259d5e4e331efc426e8d5cb37d174767fad44812d9c8aac2673f920f15e78ad6,site_fold_2,0.6247115385048626,0.02974959348544491,0.037705913770932575,500,fit
bg_2020_0120,0,2020,2019,1cdab643d1b940b0693fcbf08e8a99e52473b61131de923eb8b284c32f00c4d4,site_fold_4,0.3240614012747581,0.6838106519460323,0.26605843826099185,500,fit
bg_2020_0129,0,2020,2019,9d517f55ae5613be7e9c1f546afa3a8453196835262a2da69354022e181623af,site_fold_1,0.8342914983110156,0.767107820434318,0.6414548336894998,500,fit
bg_2020_0131,0,2020,2019,c70088b5f5ed553ac8d54c56b48c1be5b90a722246b8993e86f8ab252abee2b8,site_fold_4,0.7859416601745701,0.805785053973826,0.8289570633565722,500,fit
bg_2020_0135,0,2020,2019,d4a9a61f6e816b947950df9ce5dcf1ba5199c097b89c4e2ff3146444ea11cb5e,site_fold_1,0.3521397194692077,0.10922230454603009,0.06649470275560669,500,fit
bg_2020_0137,0,2020,2019,b1c60d3479151c265d732f1691c8965b5045f9f996bc435e7cc5093bbabaa7ca,site_fold_4,0.20910149888964122,0.11503600386479722,0.010284185874529778,500,fit
bg_2020_0138,0,2020,2019,8c4da60d1d75cffc9bd0bb476c0dc48b8024afb93b7ec5dce86a348e4a515c7e,site_fold_0,0.0034882412651603568,6.33614113707186e-05,0.00858784007774227,500,fit
bg_2020_0140,0,2020,2019,25491912f96991025541d5f5da5a1ed06d902fbef16223d74ebe72a74b2706c0,site_fold_3,0.303626756785508,0.1897417282866092,0.2619741270015102,500,fit
bg_2020_0150,0,2020,2019,2d514b854a9419024c44d135af3eff0d5ec793684c36bece8e6471bba25f3d4b,site_fold_0,0.05071144209327143,0.0015169812018353565,0.014378368037051803,500,fit
bg_2020_0157,0,2020,2019,10931396412cd75603aea0d3abeeaa86eab99d3b921d1b092b41bbab3e6b3ef3,site_fold_0,0.1294521773003245,0.10361855765487724,0.00867225796364682,500,fit
bg_2020_0167,0,2020,2019,4a3e32b2592c4bca0306e12810e632bbc064edd22a18e37cda46c14b345b44bb,site_fold_2,0.0820456002460801,3.7153918556948536e-06,0.00010252296512453286,500,fit
bg_2020_0176,0,2020,2019,f2237c29d27bd0b5346f0be444cdf4b5a741aa2fba630c9086b59654a04a210f,site_fold_1,0.2884863464648522,0.008521999788474392,0.11551654806082656,500,fit
bg_2020_0180,0,2020,2019,a113ed2181e2dafdd3bd4c517c782ea37e2fc64120cbcccfd433bc0ea0d1188c,site_fold_2,0.06753569917709976,0.003008608707255513,0.00098808509325322,500,fit
bg_2020_0193,0,2020,2019,61dbfdd28521f9308c90c25b11338b8d4a84bcf61abdb389858a2ac8ee611700,site_fold_0,0.335907535114301,0.33184293464108194,0.5838345180541022,500,fit
bg_2020_0197,0,2020,2019,085eb8211e0d2e935d23d26841e01d26a6fd4d394c7185918f5965368be91c14,site_fold_2,0.977115942510228,0.9915842902566585,0.997322635161867,500,fit
bg_2020_0199,0,2020,2019,83039e54e1fa37ee25521fbe29d0a288ee1d48abb96cc75dc80796ea6e46a80e,site_fold_4,0.01328868053265859,0.0008248790356470936,0.010850984908078823,500,fit
bg_2020_0208,0,2020,2019,7fcd19c49f8ef373af77d30b6ea657701de171b59c2cc99c492381c7fa79eb53,site_fold_1,0.02476159957158985,2.5899800177151427e-07,2.406050901915019e-05,500,fit
bg_2020_0214,0,2020,2019,adcf989dc565c016087934f1ab4ba3b574fbe4b87d6ce6c4c0efac4ac2994595,site_fold_4,0.7423394165342462,0.46054426972664914,0.27687902986773094,500,fit
bg_2020_0227,0,2020,2019,f6e58d1a82b10079ee37183b7cf9cacaf6d4a553dd204c84c7040b1b90f871aa,site_fold_4,0.0028543122487658377,0.00033851297475024614,9.5925096965636e-05,500,fit
bg_2020_0229,0,2020,2019,571d300f79ea95c93212637680e248e7f42521541f8f5180c48bc4344a8082b1,site_fold_2,0.005770838551766218,0.0012946583433878132,0.0025393079176188387,500,fit
bg_2023_0012,0,2023,2022,031f604ccd8decf0bc0c0f1b46d764f67618a666286b5ef046ba714fd32ce319,site_fold_1,0.018011315191294137,0.0001889498755147727,0.005263389253324676,500,fit
bg_2023_0014,0,2023,2022,96f4653cba9c5b8fffc448302fa973dfcae2a21030235ce4f086544c824fafd7,site_fold_0,0.08003530757222811,4.514930599798686e-07,0.0013412518189877677,500,fit
bg_2023_0019,0,2023,2022,6edce6b5be5a6297cfc6785fe6eb1f9255b7a66545fc3bea508c64d379a86f22,site_fold_0,0.0005856062417288753,8.55947196183991e-08,1.9971465926039093e-05,500,fit
bg_2023_0023,0,2023,2022,707cefe99fb18e837868489d84317ae20f18934da0f4afa2a1f2b42c41ecaec8,site_fold_4,0.0008471197880396793,3.364744971560313e-05,4.120265051767761e-05,500,fit
bg_2023_0025,0,2023,2022,7c6261366bf8edda64089f460e853aeaeda958dee0f29ba57605120c552ce3ad,site_fold_2,0.22418987188902975,0.10245003207701113,0.044609128590925605,500,fit
bg_2023_0027,0,2023,2022,07e4e2986cc515ff4959416c897bb00877a6b5e8b3b13ea6b922aa271b685181,site_fold_1,0.051169680511322736,0.04234379156327238,0.009224977951145245,500,fit
bg_2023_0029,0,2023,2022,d85443019e270af275d8e6dd883eb545895d895bb3302685db5c485b48671cbe,site_fold_3,0.10720784824662616,0.006659775452794789,0.028668685786270513,500,fit
bg_2023_0031,0,2023,2022,294277d42644ddf4e441a0ce7c53aca2bfa06820f022b5f34069e9a8a30356b2,site_fold_2,0.0031190629764624236,0.008113614104834497,0.005094494446514807,500,fit
bg_2023_0033,0,2023,2022,21e62fc153d7c067a581956f9285d808728d0fbcc3f743972121ab385b7f240d,site_fold_3,0.5454756980918265,0.02692955376648545,0.18402646744450216,500,fit
bg_2023_0037,0,2023,2022,ec12ead14120d4fd24d16cabbbd241eb1d0fe9c16ad943805a4312845283d462,site_fold_2,0.29207847931247094,0.6613904954162496,0.483431623289285,500,fit
bg_2023_0041,0,2023,2022,2fd1ce506e821d00b2c7dc4f3c74578abf6a9aa737fc9b17501c9a890c7b32f4,site_fold_2,0.5170696066962938,0.33806653792208835,0.5012755127939557,500,fit
bg_2023_0042,0,2023,2022,c5c162e440897a82f0cf5001e5831e1ef3a67dfe6bf07a591a79a43cc3ff74f5,site_fold_4,0.03718490535402119,0.048870991725983734,0.002431355075068052,500,fit
bg_2023_0045,0,2023,2022,5abac985a6deaa808eecb6a2742d5a724388c8f6c7ad871704b78b4066e386dc,site_fold_2,0.8638401173225476,0.8520545805794169,0.5602690623472105,500,fit
bg_2023_0049,0,2023,2022,1a44f043ff970d264d22e596a5e8bcb7dd2eeaed1035fc9b3d7de0c36349a6e3,site_fold_3,0.7511693055874797,0.9633867338730832,0.9304851517216887,500,fit
bg_2023_0051,0,2023,2022,748d2b899e4eb3beab4800bc94e8ff516e34ed0db3aef051813bec260a8670ce,site_fold_4,0.3917603885732923,0.4867205514879075,0.6260155651581465,500,fit
bg_2023_0054,0,2023,2022,8b97daeee954f5cf8ce99941964f6b69aafbd08ff670db5383f686bb16668c44,site_fold_3,0.5889669001652772,0.12511517545147097,0.03057322618903593,500,fit
bg_2023_0056,0,2023,2022,dc2c073fab33fa44d4232f769c5e6003d6870f75c7967861a7b52e38d7c69572,site_fold_0,0.6196745615424719,0.4269702390991381,0.3436854243641052,500,fit
bg_2023_0061,0,2023,2022,320a5b870363bc27bd783e6d2b485a8d3972cfc67854a5a58639a25fc374f980,site_fold_2,0.0003582901238595533,0.012411999672630104,0.0003519812521700632,500,fit
bg_2023_0064,0,2023,2022,7cf777b87c15c35cb12a26b7d8ad0f56654c2b75b6447578107c0cef8bdd2e29,site_fold_3,0.48988413086150356,0.9194627385728895,0.6473825880386432,500,fit
bg_2023_0065,0,2023,2022,2ae3e4a48561eae2ac17dd839dccd2bfa7997585727481cf2cc5ad1a544cbb29,site_fold_4,0.0004728914901706104,0.00734452513897907,0.017532430399483816,500,fit
bg_2023_0069,0,2023,2022,19b54b72bdde6c4bd3cbe2546f3414a4ff56cd60d6a2bcdf3d6f1f199e8b9a7a,site_fold_0,0.14691383078888234,0.009894103713696664,0.0689922197170106,500,fit
bg_2023_0072,0,2023,2022,ea2e9240baa8efb8641cef5f652b1f430fd03b8bb6bdcae03cd85c7be7d79e6c,site_fold_2,0.4411928488997131,0.17925244992869283,0.11865783875094435,500,fit
bg_2023_0074,0,2023,2022,0661378a425c8a66c4aa539a6016f77d94444565f19a404c200d8da71d881e6f,site_fold_1,0.2537862449288035,0.015124717566868222,0.021786973938242162,500,fit
bg_2023_0076,0,2023,2022,b0bb5e94bbb58bef0707986a0b214f4618e10f100ec3660f7f792c139b83b7bf,site_fold_2,0.9022449681708422,0.7630395281721607,0.9011528990501896,500,fit
bg_2023_0079,0,2023,2022,387293de0a4d2562776968a4c928898f0c153e19c243293da6f2314332ce8e09,site_fold_2,0.7168673498895518,0.5764659532383453,0.02900586339389298,500,fit
bg_2023_0083,0,2023,2022,fe080c2d9abb132cc64d5557983b111ff97e3f58f287666fd5faa26bdb192287,site_fold_2,0.7964022276447119,0.8823856195349216,0.33398223270278576,500,fit
bg_2023_0085,0,2023,2022,f3ce6092bb24123a060a0495483d50073de4e4ee953fe58bd28e219e1a83baa1,site_fold_0,0.004881415698904994,0.3063173803866456,0.059740206473560854,500,fit
bg_2023_0089,0,2023,2022,30e0262a5079f27f544cfa11a50c2dac7696a1223e31b6a5743a25b88178f3f9,site_fold_1,0.7505479966896342,0.06931953586301949,0.054290369113006165,500,fit
bg_2023_0091,0,2023,2022,982618d21af830b045f8c249c93b9fe8c0ca46e8eef0f38a41b858d40f182133,site_fold_2,0.7389968104398911,0.9215571444401209,0.7934187385371531,500,fit
bg_2023_0093,0,2023,2022,39af272ed4011f905c7675ca8e5251a45ad8be334a928f57454f06824c57b67d,site_fold_2,0.4767194469385367,0.4013971867731488,0.30508792280641306,500,fit
bg_2023_0101,0,2023,2022,0e3e2e1f0d7500e89ab5386ac3395e82b86d098339e82b63a4f96b3de677403b,site_fold_1,0.1267093911900505,0.20364444458724165,0.02469506660306625,500,fit
bg_2023_0104,0,2023,2022,381d18bd61e34cf882bdfdf6012481b10927e35d12e6647db1266ea9a179de4a,site_fold_4,0.0007831811118323409,0.0044449390984545745,0.007217864795638807,500,fit
bg_2023_0107,0,2023,2022,121ca7306a2ae0103033e3004279ef3e80366ab277effbd7df933cd44df93378,site_fold_2,0.8258001565458566,0.7660852202744632,0.6759209712146609,500,fit
bg_2023_0110,0,2023,2022,fe94a8a6361778f583248af09d52d2f8beaeed2c3a1047494990e54232abf263,site_fold_2,0.6326415882488233,0.7838601314091295,0.5761085097637332,500,fit
bg_2023_0112,0,2023,2022,9b8cfb8dd01fd7117ec530b8b1be50f430e0bba381744f956eee96179adeacee,site_fold_1,0.9606284870956201,0.9941141820566297,0.9748361226135099,500,fit
bg_2023_0115,0,2023,2022,48ba22de3d6960040834837c9f93bad7da1ff9aa12c70c28cf23329daa5556b9,site_fold_0,0.1097165776541197,0.012197865021415052,0.0024036041187137465,500,fit
bg_2023_0116,0,2023,2022,b89dc14cbabd117f4baa55fee005974d32ebb678421d282b6faf5919d4c5513d,site_fold_4,0.10894052275450715,0.7131923302947676,0.5309186299074177,500,fit
bg_2023_0129,0,2023,2022,9d517f55ae5613be7e9c1f546afa3a8453196835262a2da69354022e181623af,site_fold_1,0.8049714788676173,0.797432005383355,0.5642876787504776,500,fit
bg_2023_0130,0,2023,2022,30fc7f1fd06b41eaa1cbfba3302ccf7b637fb6b97d364777008dcc7203e27e88,site_fold_3,0.6651284107356854,0.9557233485205948,0.8785842103259581,500,fit
bg_2023_0131,0,2023,2022,c70088b5f5ed553ac8d54c56b48c1be5b90a722246b8993e86f8ab252abee2b8,site_fold_4,0.8293623651483215,0.846981182884933,0.7291391258279523,500,fit
bg_2023_0135,0,2023,2022,d4a9a61f6e816b947950df9ce5dcf1ba5199c097b89c4e2ff3146444ea11cb5e,site_fold_1,0.3672818520082323,0.6924701389541349,0.5142706900887775,500,fit
bg_2023_0140,0,2023,2022,25491912f96991025541d5f5da5a1ed06d902fbef16223d74ebe72a74b2706c0,site_fold_3,0.2394873814796617,0.36197372221365576,0.2902949279893712,500,fit
bg_2023_0142,0,2023,2022,27cf11d64439127707db65caff07bd9f503a61a6427d56ac8b3df0c792261c04,site_fold_3,6.238564084445248e-30,9.159231083289552e-35,4.8204060265585844e-39,500,fit
bg_2023_0144,0,2023,2022,48a8d4b27be3f5a3d567610c033ac715c6277500103c9ec2d712f0b3bd427f0b,site_fold_0,0.8216988477288264,0.8129902171387806,0.707555803438862,500,fit
bg_2023_0152,0,2023,2022,ce81223ed4abc36fdbbc236f8ffb7d0ee9ea969f12ac8750196c90345354cd48,site_fold_3,0.13688249643107556,0.009863472025952643,0.0035376163521673295,500,fit
bg_2023_0154,0,2023,2022,eaa88e45dc34bbc37c2c1c462247981c702e40fc4de264f8bfd709abb71da6d3,site_fold_0,0.22568611115773482,0.9137813496378653,0.7818630331468464,500,fit
bg_2023_0155,0,2023,2022,37a1b32ea4828c6949829c840f5a2c1015383861dcde49e417670a4242964123,site_fold_0,0.014554438058915169,0.00016207186256974915,0.00011283560473927913,500,fit
bg_2023_0163,0,2023,2022,aa4923f93f3935d9017a178e2e2a00c39f8bda9e0d5768ff25899acb453cfe4f,site_fold_1,0.32405600383324346,0.09041647371365331,0.2967457734220242,500,fit
bg_2023_0165,0,2023,2022,d2fe77c5494009de82c48b234cc00ce5e962100afef8729763eebcde1fdb3ee6,site_fold_2,0.5796870386848589,0.061095933223131955,0.013852810224433533,500,fit
bg_2023_0167,0,2023,2022,4a3e32b2592c4bca0306e12810e632bbc064edd22a18e37cda46c14b345b44bb,site_fold_2,0.020125679257494387,1.6520369550668664e-06,0.0001712090040911293,500,fit
bg_2023_0182,0,2023,2022,338e23f9b352e3105dbde6ef929db218b89c42bef0ff3192ba71868dc1c03e11,site_fold_4,0.6768724899302638,0.8914799438018276,0.957181334173918,500,fit
bg_2023_0195,0,2023,2022,84ed77966a29277f09a9d25467f5d8ab0f66d8e58892bfa6b237ad9a9a82cd74,site_fold_3,0.008208548001749796,0.0072432590536466316,0.04870880709537982,500,fit
bg_2023_0199,0,2023,2022,83039e54e1fa37ee25521fbe29d0a288ee1d48abb96cc75dc80796ea6e46a80e,site_fold_4,0.012663658102133615,0.0010620657840849875,0.02293384561964373,500,fit
bg_2023_0210,0,2023,2022,81ecec5ea53df338cb8dec8a3d93efdf89b240e40ceb46e53c9c62deeb7134ad,site_fold_1,0.46383746215852917,0.6053311571209627,0.7302481916469457,500,fit
bg_2023_0214,0,2023,2022,adcf989dc565c016087934f1ab4ba3b574fbe4b87d6ce6c4c0efac4ac2994595,site_fold_4,0.6918654237176111,0.4654450890881792,0.6927277225875837,500,fit
bg_2024_0008,0,2024,2023,e01f18c6157377aa8fea34d0849ee57ba81780ea6b458a684b38b58c1f249aa7,site_fold_0,0.016028321615187135,2.3315055970139616e-06,0.0003405667101448509,500,fit
bg_2024_0012,0,2024,2023,031f604ccd8decf0bc0c0f1b46d764f67618a666286b5ef046ba714fd32ce319,site_fold_1,0.04768297342878336,0.0012798647362772656,0.003735623094582591,500,fit
bg_2024_0014,0,2024,2023,96f4653cba9c5b8fffc448302fa973dfcae2a21030235ce4f086544c824fafd7,site_fold_0,0.12292218798229348,9.891496708694021e-06,0.002906459890794493,500,fit
bg_2024_0019,0,2024,2023,6edce6b5be5a6297cfc6785fe6eb1f9255b7a66545fc3bea508c64d379a86f22,site_fold_0,0.001080717044262854,2.413243858855594e-06,0.0001094349888325403,500,fit
bg_2024_0021,0,2024,2023,a74f251b2c3000fafc6ffa15b42a8c8767d1d7f96385ec57c9a92bad2775d4d8,site_fold_3,0.001425862739077135,4.389628946986264e-06,0.00024605546072119813,500,fit
bg_2024_0035,0,2024,2023,84e4269b50220afc54cd94d366ce19c65299d35df850ceaee93eadc2d1fba7df,site_fold_1,0.020424042496188358,0.035561695415450144,0.00083584863463562,500,fit
bg_2024_0037,0,2024,2023,ec12ead14120d4fd24d16cabbbd241eb1d0fe9c16ad943805a4312845283d462,site_fold_2,0.31739054974241115,0.5422866423157828,0.7103918946355374,500,fit
bg_2024_0040,0,2024,2023,b8e6d522bdee72713691c7fcf5a63989a868dfd95bd2cab5437e22511b06187d,site_fold_2,0.3658513381892925,0.105227129351992,0.7291718175085361,500,fit
bg_2024_0041,0,2024,2023,2fd1ce506e821d00b2c7dc4f3c74578abf6a9aa737fc9b17501c9a890c7b32f4,site_fold_2,0.46295030270716075,0.5000124652962746,0.12624538576521244,500,fit
bg_2024_0042,0,2024,2023,c5c162e440897a82f0cf5001e5831e1ef3a67dfe6bf07a591a79a43cc3ff74f5,site_fold_4,0.06768931070349836,0.01441179776861349,0.13635683690517766,500,fit
bg_2024_0045,0,2024,2023,5abac985a6deaa808eecb6a2742d5a724388c8f6c7ad871704b78b4066e386dc,site_fold_2,0.8360617874410865,0.8424657784456031,0.7405271960877863,500,fit
bg_2024_0047,0,2024,2023,9b143e553b172de0a0dbcd667fcc44ff4424a8f9c8019d9c4a4518f7420b41af,site_fold_4,0.0014206203660165732,0.011998208829717106,0.011529202906354641,500,fit
bg_2024_0051,0,2024,2023,748d2b899e4eb3beab4800bc94e8ff516e34ed0db3aef051813bec260a8670ce,site_fold_4,0.2767771557335106,0.7943857800825609,0.80405868536235,500,fit
bg_2024_0053,0,2024,2023,ef5548ab378a0d6f1136921f787bedefcf308b5bf6f03841ab384a58392a796f,site_fold_0,0.006554470961950296,0.0004064641082768872,0.00010924114474143388,500,fit
bg_2024_0056,0,2024,2023,dc2c073fab33fa44d4232f769c5e6003d6870f75c7967861a7b52e38d7c69572,site_fold_0,0.42839480960311765,0.39281234348204763,0.7591399580219862,500,fit
bg_2024_0064,0,2024,2023,7cf777b87c15c35cb12a26b7d8ad0f56654c2b75b6447578107c0cef8bdd2e29,site_fold_3,0.4287990873796883,0.7615270572282323,0.4561004429404212,500,fit
bg_2024_0065,0,2024,2023,2ae3e4a48561eae2ac17dd839dccd2bfa7997585727481cf2cc5ad1a544cbb29,site_fold_4,0.0010464529784341488,0.04509757000508431,0.09878866830006619,500,fit
bg_2024_0067,0,2024,2023,b687a30ed837278ff4dadcfdef30f40b2986a06c7c79ed57693b3e6b2b1a9d33,site_fold_4,0.54538167317927,0.8481502909623093,0.5034794943257307,500,fit
bg_2024_0071,0,2024,2023,48da3e414015f3351b42e87e9218a6ceaedce537a926ba13d8759590bdad9d81,site_fold_4,0.7031874633370694,0.3189492122122138,0.3464164975771704,500,fit
bg_2024_0073,0,2024,2023,eb67dc3c4a6302c161ea7c937485d56e520ac962c08ed97fcd8cb6d32e101eed,site_fold_2,0.40032320777099445,0.2751517635989389,0.35461451110460956,500,fit
bg_2024_0074,0,2024,2023,0661378a425c8a66c4aa539a6016f77d94444565f19a404c200d8da71d881e6f,site_fold_1,0.19849893538507682,0.015141484116644583,0.04932283334755929,500,fit
bg_2024_0076,0,2024,2023,b0bb5e94bbb58bef0707986a0b214f4618e10f100ec3660f7f792c139b83b7bf,site_fold_2,0.9155458219617302,0.8928405472016623,0.8553050199644747,500,fit
bg_2024_0078,0,2024,2023,a5ca7d8f214e2cdbd499bf191e3ef82542d8fc7c4eb63c250906aecb6d052776,site_fold_2,0.9463549573864939,0.20718011483264112,0.17755457195032429,500,fit
bg_2024_0081,0,2024,2023,a79ec02ce4ac7963f73a96c80a4ea1fc557a0747a742e20e54654266ddade15f,site_fold_1,0.7672401330942633,0.6111435509007629,0.8949298477499673,500,fit
bg_2024_0082,0,2024,2023,5535d9eaa37e4d1a7b852f0870d6bc9cf8d44c2c849c46b6e3bc123aea922f98,site_fold_1,0.9645189941234211,0.6062002810713847,0.12767405736768855,500,fit
bg_2024_0083,0,2024,2023,fe080c2d9abb132cc64d5557983b111ff97e3f58f287666fd5faa26bdb192287,site_fold_2,0.7616619155743523,0.6921976079415555,0.9597147176215823,500,fit
bg_2024_0085,0,2024,2023,f3ce6092bb24123a060a0495483d50073de4e4ee953fe58bd28e219e1a83baa1,site_fold_0,0.004585431237313063,0.32765449853998185,0.3367899607380726,500,fit
bg_2024_0088,0,2024,2023,d948566b5d11292ec582eb153178eebb116e8d9e510bbbb560baf1319dcb07ea,site_fold_1,0.31442915255612025,0.4327210572779953,0.25365623813260624,500,fit
bg_2024_0091,0,2024,2023,982618d21af830b045f8c249c93b9fe8c0ca46e8eef0f38a41b858d40f182133,site_fold_2,0.6505930040261979,0.8228534113980399,0.9740669609807593,500,fit
bg_2024_0092,0,2024,2023,1329ca34dd0aa22bba0143275ea656df9883ad433541073bcd4a263e3256d123,site_fold_4,0.26347511748747515,0.5684396801677855,0.7117017333741154,500,fit
bg_2024_0098,0,2024,2023,09cec87c34c3457792131d98f4e5ea7c0de72227cb164719da0895a2dd49e29f,site_fold_1,0.005635499161717381,5.854142567932829e-05,0.023888867547836232,500,fit
bg_2024_0099,0,2024,2023,eab8096d803acb18cc201f6ace31bbda179073d5e6a99e0d73d2ec05bccdf772,site_fold_3,0.08270609444422526,0.00010759367476665386,0.00028940480512094604,500,fit
bg_2024_0101,0,2024,2023,0e3e2e1f0d7500e89ab5386ac3395e82b86d098339e82b63a4f96b3de677403b,site_fold_1,0.07925173052448665,0.1460642263506284,0.03042015811616545,500,fit
bg_2024_0102,0,2024,2023,d083f6498d7fbd2e9d25a6ad0b6797fb6e2c24cc6ad3d7ca5f9713008c86dd50,site_fold_3,0.1103855201643537,0.02314707805653769,0.04501149849136636,500,fit
bg_2024_0103,0,2024,2023,094fe38ba748a64e5efdec7fb8286b4be6aadc362ada39934354d5551a5da3d0,site_fold_3,0.4314056040377093,0.6488197677262686,0.5562132367098453,500,fit
bg_2024_0107,0,2024,2023,121ca7306a2ae0103033e3004279ef3e80366ab277effbd7df933cd44df93378,site_fold_2,0.7878906281006214,0.7873382361359784,0.731925623679591,500,fit
bg_2024_0116,0,2024,2023,b89dc14cbabd117f4baa55fee005974d32ebb678421d282b6faf5919d4c5513d,site_fold_4,0.17305182144117695,0.8151427779594911,0.7715808895682872,500,fit
bg_2024_0117,0,2024,2023,259d5e4e331efc426e8d5cb37d174767fad44812d9c8aac2673f920f15e78ad6,site_fold_2,0.5795261599720938,0.05511583713433385,0.044403671377477416,500,fit
bg_2024_0118,0,2024,2023,8e82547d47b9be467e201fcc7a5aecc54c71aded64e0ac980099b8678439acd8,site_fold_4,0.5292545324990419,0.4341553389456416,0.3112685137838398,500,fit
bg_2024_0120,0,2024,2023,1cdab643d1b940b0693fcbf08e8a99e52473b61131de923eb8b284c32f00c4d4,site_fold_4,0.28601380395472686,0.22341931305300253,0.07720307186771413,500,fit
bg_2024_0122,0,2024,2023,bf6cb7c3b436132579c4c247e107989902b49e1a3a297a787f54b840578a302e,site_fold_0,0.179027740186673,0.07564149860280932,0.13767782397909328,500,fit
bg_2024_0124,0,2024,2023,74a593ab813090c62b6028480a668a3959fb4e059bcc73876ed08db88d30bda2,site_fold_0,0.0036172512315535295,0.09617034753078985,0.046143395088889816,500,fit
bg_2024_0125,0,2024,2023,669228cb6311c26fa81b0cc72a9f043cf099e2aec5da6174c5343570362b53f9,site_fold_3,0.02186884913046927,7.924449253982861e-05,0.0041245594356138235,500,fit
bg_2024_0130,0,2024,2023,30fc7f1fd06b41eaa1cbfba3302ccf7b637fb6b97d364777008dcc7203e27e88,site_fold_3,0.598950709838805,0.9218505315932402,0.7983252149981517,500,fit
bg_2024_0133,0,2024,2023,f4be26be42aa63779b31705fdb787991f04b62cc376f4011ad45d4e46a90aadc,site_fold_3,0.9312687208773579,0.9456976051819077,0.9370230908903974,500,fit
bg_2024_0137,0,2024,2023,b1c60d3479151c265d732f1691c8965b5045f9f996bc435e7cc5093bbabaa7ca,site_fold_4,0.31855980342524753,0.11479918637788605,0.03878015671462284,500,fit
bg_2024_0138,0,2024,2023,8c4da60d1d75cffc9bd0bb476c0dc48b8024afb93b7ec5dce86a348e4a515c7e,site_fold_0,0.008562840676216035,0.0009250707615074735,0.0796605845158885,500,fit
bg_2024_0142,0,2024,2023,27cf11d64439127707db65caff07bd9f503a61a6427d56ac8b3df0c792261c04,site_fold_3,5.400513656437045e-30,4.757454123454858e-35,3.7737498615683713e-38,500,fit
bg_2024_0146,0,2024,2023,e889077796f75a8bf06a0218348506ff1aa58361a026a2158158d33545d8f8e8,site_fold_3,0.8272017605373182,0.906116701352025,0.9885200036510601,500,fit
bg_2024_0148,0,2024,2023,7e9ec81c8ea1517e7c97d3f130bd8da15eded8367199dea08912d7fec27678bc,site_fold_1,0.9071957002908378,0.9526471719576234,0.8644886215540323,500,fit
bg_2024_0155,0,2024,2023,37a1b32ea4828c6949829c840f5a2c1015383861dcde49e417670a4242964123,site_fold_0,0.007705332120914854,6.363384403495225e-05,0.0002510737813388165,500,fit
bg_2024_0157,0,2024,2023,10931396412cd75603aea0d3abeeaa86eab99d3b921d1b092b41bbab3e6b3ef3,site_fold_0,0.06730505632011281,0.030186867155397156,0.002584444396769192,500,fit
bg_2024_0180,0,2024,2023,a113ed2181e2dafdd3bd4c517c782ea37e2fc64120cbcccfd433bc0ea0d1188c,site_fold_2,0.09173374798025925,0.009920029017061705,0.0030214284516877654,500,fit
bg_2024_0193,0,2024,2023,61dbfdd28521f9308c90c25b11338b8d4a84bcf61abdb389858a2ac8ee611700,site_fold_0,0.3156195073369601,0.15565000170929524,0.6446574705348813,500,fit
bg_2024_0208,0,2024,2023,7fcd19c49f8ef373af77d30b6ea657701de171b59c2cc99c492381c7fa79eb53,site_fold_1,0.01427312410035706,5.302747625411731e-06,3.221403254137985e-05,500,fit
bg_2024_0214,0,2024,2023,adcf989dc565c016087934f1ab4ba3b574fbe4b87d6ce6c4c0efac4ac2994595,site_fold_4,0.57243183231262,0.8253570899408296,0.37701361550069096,500,fit
bg_2024_0229,0,2024,2023,571d300f79ea95c93212637680e248e7f42521541f8f5180c48bc4344a8082b1,site_fold_2,0.006813195707234727,0.008782809784466671,0.006193400422448465,500,fit
