sample_id,label,event_year,feature_year,site_id,fold_id,T_DW_prior,T_DW_prior_AE_prior,T_DW_prior_AE_event
seoul_flood_2018_00324,1,2018,2017,a1b1fca44bc1ff34acebce1d2dec2893d4eccf3bfe1ad7734248e10fe47f54c7,site_fold_1,0.5672060105940868,0.5730160466973347,0.9325152456882272
seoul_flood_2018_00005,1,2018,2017,e88f89ee8b1977d499627aace65949860075e37faa7075fb202f3b9c70914306,site_fold_2,0.8741049760829075,0.9150710208027805,0.8694445802359166
seoul_flood_2018_00723,1,2018,2017,f792ca6fa3b7966d7fa888f7aba498b9357ec720fd74b0d523038cf5741af0bd,site_fold_2,0.9608394166115583,0.9830398376361653,0.9344681072150769
seoul_flood_2018_00741,1,2018,2017,0c53dcd495b829b20efb3cd45350dae6ad9e1f288bc99042e9b015befbc96aea,site_fold_2,0.8163956503105001,0.9399452332788417,0.9714580236495708
seoul_flood_2018_00325,1,2018,2017,a83737b63d9a503d7d831fb52ed8b58f380bae7bb9a6ea2c93390c680f809ee1,site_fold_3,0.8932125504228159,0.9587499925192011,0.9943115300967774
seoul_flood_2018_00006,1,2018,2017,ac7d7cf118db0102628ab6d0633c011aa5b6a76e06adea19ae1b020a71924fb9,site_fold_2,0.7608980244721046,0.9133290235480207,0.9757794314790937
seoul_flood_2018_00724,1,2018,2017,cd69195557cdbdaf5ce455c634a40f8ef2384631b031d6bf23b3bfbf753d27c3,site_fold_0,0.9228922232945577,0.9940469604009068,0.966782112876258
seoul_flood_2018_00742,1,2018,2017,281ee18e6f6caaecbe9a202ceb6e7b72f1f1c841efc7b7cee1fc3c5652f3683d,site_fold_2,0.7057034350894955,0.988646150015328,0.9784931860774307
seoul_flood_2018_00326,1,2018,2017,0b759919b089a0a22e2f525d49ab414e3f532557f3abde425e5117e4866d8812,site_fold_2,0.7209683416191156,0.8937729566760421,0.9549643247238023
seoul_flood_2018_00011,1,2018,2017,1d041d03fe3492d616ef2e8ff830888228eb12026dc49e31cce9a305e5ed7e06,site_fold_3,0.5947482068399023,0.8325198974029474,0.7909909693089237
seoul_flood_2018_00725,1,2018,2017,016fdce57ee065cde1e7a7d9c7335988a9c8740d99386001979a8db655fe94fd,site_fold_4,0.9833113874191126,0.9921233892858703,0.9577039202992759
seoul_flood_2018_00743,1,2018,2017,7620be273e51d04036dd429b1780df3112895de3b62b1d436d4774dbb49c4d76,site_fold_4,0.8575356262932258,0.989268393680032,0.993274078249797
seoul_flood_2018_00327,1,2018,2017,053d6f8c081d5d4514368aeca0fcac700fbe7e896de8295fc6772f272a3546f3,site_fold_2,0.7228217681785781,0.8789699383525491,0.9296503167071131
seoul_flood_2018_00012,1,2018,2017,9df6541a039a93123871f9d79f5b8006457ed47b9ce2268ed5d86a5099fcbcc7,site_fold_2,0.9384321617877289,0.9133412870851163,0.9225282486534403
seoul_flood_2018_00726,1,2018,2017,b7cfe4f3036b3920a9c0cea41a0880e97030fd6eba18c0725e204f88cfc566dc,site_fold_0,0.9746782501762942,0.6556486300434983,0.6799531382510859
seoul_flood_2018_00744,1,2018,2017,3a238d50e2af219ba4ec25c647463d9ea7d1f63a9a1d239c41f91c75c557643a,site_fold_4,0.6361833891615084,0.9806668575520149,0.9851969737259193
seoul_flood_2018_00328,1,2018,2017,c350b7a0650780eee86eed1205b21bc8e309f3758943c1e32321cec0af94c026,site_fold_1,0.7695376833726082,0.9197709242506097,0.9855071783236343
seoul_flood_2018_00020,1,2018,2017,388a682307c61eec5c4cc5e96e9adecbf7434ab3669180ed93edde5abf56ec24,site_fold_3,0.5940123312304258,0.8798734307848965,0.9559255119703686
seoul_flood_2018_00727,1,2018,2017,c750d53cddbd6712ab9b87d84b0fa4436f78f820dbb071fee232eebeb0c9dc63,site_fold_4,0.1485333884107699,0.49533508689275746,0.16580125201248358
seoul_flood_2018_00745,1,2018,2017,3522d53dc7424cb162deeb350bf2fbeaae2820630dafe096b0b77802e2cb3cc5,site_fold_3,0.552340460864599,0.8426913276216058,0.8567958745567529
seoul_flood_2018_00329,1,2018,2017,918ba9f59e992e22e19d2a2a57747a530407ff0a2caaae7081813c50b7096c64,site_fold_2,0.7357308642341543,0.9212949848868855,0.9812960698176049
seoul_flood_2018_00021,1,2018,2017,3b97d95dd112fb934e3360de60c479a157c794139261e92b084fedd6f79a6971,site_fold_3,0.41076230758951554,0.42818559593109223,0.7499494045055294
seoul_flood_2018_00728,1,2018,2017,1567ff21af4f0e60ece05b1b1f97f6688f3122fa285400a649e9f6911f4eb7d8,site_fold_3,0.8405570787896058,0.8592926367289352,0.9654654278953593
seoul_flood_2018_00746,1,2018,2017,f2cba0d9a3d3f61556a8daef88c437a1b6ffdb591f7f34d3bd05083858f871d0,site_fold_2,0.6629707930639814,0.9150913397694503,0.9629267687950192
seoul_flood_2018_00330,1,2018,2017,ccc187526c6e506022a98020a10e694ebed7f9288bcab382e7573d1639ce746f,site_fold_3,0.7350955607894039,0.9197458456251975,0.9815222629612925
seoul_flood_2018_00022,1,2018,2017,37ac8c59899fdee8a996aecc0b960138157b4d540236c004fac05624e9a802dd,site_fold_4,0.6962231806620851,0.9798370739660742,0.9981803684104873
seoul_flood_2018_00729,1,2018,2017,c52b915e27b4091750b43512b670caee102702467a59260cb6dc9389b90583f9,site_fold_0,0.48101443238114355,0.30259038155973406,0.9516608531503886
seoul_flood_2018_00747,1,2018,2017,c7edb11248be6812169ef801e912dbf2da345059d9f63db27f0a5fa68b0be9c7,site_fold_0,0.7253506172703602,0.9885979696112513,0.9862592312315666
seoul_flood_2018_00331,1,2018,2017,1d35c36c5c8376735746df76324bd49ab4a065010f8d30d93d79cb28dc3150e4,site_fold_4,0.8399201924599168,0.9666254821972062,0.9769538099219445
seoul_flood_2018_00025,1,2018,2017,53a24fef9ef8807e2cc28e2f06874c151ec3c800b1fc78566a38dfc78c97939f,site_fold_4,0.35071156845434237,0.7600776593834223,0.7385918107792763
seoul_flood_2018_00730,1,2018,2017,2188fc31bf1b87a414d865159779d5c75063bd89ee3bba3de439f0c8935be81b,site_fold_1,0.9491816362261434,0.9694179449909002,0.9771436736967951
seoul_flood_2018_00748,1,2018,2017,efa5830a13132042247e314874bb44bc8008ea34483223557638b3c466ae6d7b,site_fold_3,0.635931520884005,0.9860635710343257,0.974510333205874
seoul_flood_2018_00332,1,2018,2017,381acfff536f180dba5bf633c798bf56cbb21042110d410ba141294bbb24c97e,site_fold_1,0.8956344349081201,0.8844365778596168,0.9393155738948632
seoul_flood_2018_00040,1,2018,2017,659d244386f4866b404465faceec6356e38de3adfd161893e5fd8ef2a036df9f,site_fold_4,0.9614434533353704,0.9899257785154545,0.9842910457204999
seoul_flood_2018_00749,1,2018,2017,6d7587c462684477b7bfd3915ed0660269aefa70ae2fb0556af7aa5c82ac789c,site_fold_4,0.7106818911411531,0.8405295004587008,0.8893413927609942
seoul_flood_2018_00333,1,2018,2017,605ee8a54d1aaa4b9701f183e63067ac88aacf7d6bda1ef075ab1637bfd92de5,site_fold_0,0.8038400604527607,0.9453572590451217,0.9358154424689688
seoul_flood_2018_00043,1,2018,2017,cda8b7236e56129d5f1016fb65a3cb4103a46fdbfd7644c4b4c8f1aa856ea226,site_fold_1,0.9586957577452057,0.9198763551573189,0.9444440419877869
seoul_flood_2018_00750,1,2018,2017,3813ecb1452f6add0e764ae12869927bdd31ead5da2599a59a4786f1c1d338fb,site_fold_4,0.824920711494546,0.8690008404299636,0.9040600860876467
seoul_flood_2018_00334,1,2018,2017,c8a1f2ad0894e015f83443c9267b0394232ddbc3070594550ee0c906ef8fb4d8,site_fold_3,0.7585320943983813,0.8963321771943596,0.9333690393500931
seoul_flood_2018_00044,1,2018,2017,b85e697ac2a50ccb96d372f5cc922136a327bc212ce3ef91b6d535dd5a1433cc,site_fold_0,0.4703567862121762,0.9784346894281634,0.9842350406573034
seoul_flood_2018_00751,1,2018,2017,1d014c0252c9d1e801cd15c8ef78f472bea4869776885c791bbf25c842eca006,site_fold_1,0.7769497499600494,0.8372264517411937,0.8217981444260151
seoul_flood_2018_00335,1,2018,2017,b2f2b60c254e7490190f41b9c16af5d8de91579749b3fd585287c90ddc3a9f8c,site_fold_1,0.9644747267753874,0.8361696125547011,0.8200296361032452
seoul_flood_2018_00050,1,2018,2017,79f8b2c51da51d091269b8226eaa9c01c48c24aea78c15bf3cdc5ce731a6e3af,site_fold_3,0.7102290931291028,0.93763736528541,0.9816747049307909
seoul_flood_2018_00752,1,2018,2017,4299d7148be312faca910ed1a45c3f59ab862b0ae0e28fb46a59d325163411e8,site_fold_3,0.6553075636034804,0.9034730644768473,0.8920220677545984
seoul_flood_2018_00336,1,2018,2017,58dcf847e10eb5935155f8eaf1b4d1599acff4602e20f9ba360e9e0b5f450524,site_fold_0,0.9345918957774884,0.949809592395046,0.9347294879650813
seoul_flood_2018_00053,1,2018,2017,624e10d71a7f47b984636b6edb8bdaeb5b127bfda9d61227a0b41f3151c86416,site_fold_0,0.9363943987395457,0.9967592510459381,0.9954277507163499
seoul_flood_2018_00753,1,2018,2017,326d3e32f81727903e6e38e8d66e8f45c0f49a83fd1d55dc4bf18b1596746aaf,site_fold_0,0.7898687153822197,0.9238238922286991,0.9639509072095979
seoul_flood_2018_00731,1,2018,2017,7e27002406c970b9f0ad3eef70363e745220a81e62d98ccc076ed94360476b50,site_fold_0,0.8324390152278306,0.9311580746328874,0.9089952663057951
seoul_flood_2018_00056,1,2018,2017,48b35a72390e799e3ddeeb233e3c32a9ac9aaddacb845ae849a8bcb07b4e71f4,site_fold_3,0.9565621873384755,0.9842443092429572,0.9922652226364513
seoul_flood_2018_00754,1,2018,2017,97789c0161bd76a063a56684677dbb07715ff06ff30edbf9dd137f6c3b398409,site_fold_1,0.8205444354104585,0.8151324436040294,0.9315665458046537
seoul_flood_2018_00732,1,2018,2017,e5fa1ea429c64ce2505d006be1fb818f4d0046e475d298ccb992113713754a16,site_fold_1,0.6537234285944332,0.9958516057001136,0.9816068936606871
seoul_flood_2018_00057,1,2018,2017,21e378c1bde8ed37fbd884d8f7bf3aa6571b63b171072ae0243436ac2a33da03,site_fold_1,0.7086126929449534,0.9885797887966099,0.9929501985194122
seoul_flood_2018_00755,1,2018,2017,f7652aa85c77cbc87997e2756749f15c92d172deeefd4982fdea8e0c0e1ecc05,site_fold_2,0.6629711335771056,0.9187509450695254,0.9183373006994349
seoul_flood_2018_00733,1,2018,2017,1a260a4112fa78b379fdd3363e95fb3f2dab1c04edc8b1adb13fd6674ef65186,site_fold_4,0.760751274901448,0.9371308724950734,0.9799253309933669
seoul_flood_2018_00061,1,2018,2017,dad1c77fbc783427bafba867dc3676e700063a0f8bf0cba6999b50341c608236,site_fold_3,0.8920476814970811,0.9411128067582771,0.8258196648001066
seoul_flood_2018_00756,1,2018,2017,d820383513b0930310149682bf4fa107808fe3139631b684f8cddbf29663c7a1,site_fold_1,0.723483525085515,0.8654458816524149,0.8633983538654446
seoul_flood_2018_00734,1,2018,2017,41db34bc751872c31e82c1435d7851e06d4acbddc1fe6a1b119b517cb9da914e,site_fold_3,0.6416039068118549,0.9726425246392634,0.961826000624
seoul_flood_2018_00062,1,2018,2017,9f7481cc4bd4e573144e61fce0fa90b22b1866ba41db60d60147951b6a558950,site_fold_0,0.30028877987416486,0.8196080042648745,0.6824938117909795
seoul_flood_2018_00757,1,2018,2017,8bf60aa3320ff1085bdb260f4de4d79abcec85d2751865de7bc81c6e7f5c9230,site_fold_2,0.7247221542692517,0.9323617155975721,0.9746639479407356
seoul_flood_2018_00735,1,2018,2017,9a2a6d96d61b642accdc67fe6199408ae6318794974446f6e6849d5d9b096ab1,site_fold_4,0.4880027387120219,0.4850442791434582,0.28799021488333787
seoul_flood_2018_00064,1,2018,2017,ee0fed5c78b685055fd38ef69d86e32bb9b0540bd39afaa2454136cc247e7709,site_fold_2,0.5775176748372615,0.9920427664579757,0.9978080600695289
seoul_flood_2018_00758,1,2018,2017,705e49ec80245d662e9cf4181ff34571db06dfe1e4d68d6be85d478bb8638e6d,site_fold_1,0.7238456407618952,0.7760420407307344,0.8073343545619786
seoul_flood_2018_00736,1,2018,2017,3a631fbb8ea1590814892f1b2dbb54dd3a3d627eee72ad04c6730da37e0c1d54,site_fold_3,0.5812139410505796,0.9641343413217103,0.9966620720058524
seoul_flood_2018_00065,1,2018,2017,8eab2f8b57512faca1a4b9278339274fb6f1b87d275b8d9d89afaa1fa7b1bef5,site_fold_2,0.5157081838101136,0.006125097827148877,0.006980638086823867
seoul_flood_2018_00759,1,2018,2017,3079dfeaba1faf9d566c7050ff2ec5201d3799d5b4bc7d5fc23a1983a3885e4a,site_fold_3,0.7042999445298922,0.8942725218786839,0.9291434913595479
seoul_flood_2018_00737,1,2018,2017,112344c4987a5f696346382e2b12cbf7f30d7e84fa4b1a4e4543ad0e8ded311a,site_fold_4,0.18603373499259762,0.9590543342727543,0.9675297979639174
seoul_flood_2018_00069,1,2018,2017,2b3e5e6e494b7fe4dad6a6696e4750401a2405216cf6320548ed8ca7ad9d4225,site_fold_0,0.5815885514697738,0.7387136611577062,0.8293394487491201
seoul_flood_2018_00760,1,2018,2017,d19d4648cf65ca6ea86331157fa9bf7b652de1ccb3a2155cabc6bf5f2b500ff2,site_fold_4,0.9055044071667504,0.9992718395296153,0.9949292906241513
seoul_flood_2018_00738,1,2018,2017,b219ab5ae8913d32375632f6109b09c84f177543da505670ae46e9c08117413d,site_fold_0,0.2916573788742312,0.9809618569865115,0.9890358737448303
seoul_flood_2018_00071,1,2018,2017,7adaa6b8000bc42a464e78f70fa2d413bbf039dd656438fd0e5654cd9ae0975f,site_fold_1,0.5869573391683915,0.9505910879582206,0.9044909163689077
seoul_flood_2018_00761,1,2018,2017,649a028f0cab3f8dce663c2991f00eb3df881d64269eedcbdf1a0f16a1ac86ad,site_fold_0,0.8415232582124935,0.9985923749304078,0.9987947011996503
seoul_flood_2018_00739,1,2018,2017,d1408d944ffa98ee9c0008881a700f860a827354ea90fa56a5140e08bc15ca6f,site_fold_2,0.7172045070058731,0.9270949264581284,0.957899171313772
seoul_flood_2018_00074,1,2018,2017,275e9fc1dbbb45fea3e5c12324184c1afc46cc59e56490e9b814a413a9db3ce2,site_fold_1,0.6275179456081265,0.9933844590741964,0.9970256767918466
seoul_flood_2018_00762,1,2018,2017,51e73d067106dedd680d04080ccf46f7803895ebabffcad1563ccaf312909474,site_fold_2,0.9703371791880151,0.9968402539702033,0.9961015397166787
seoul_flood_2018_00740,1,2018,2017,138f9834a140c30fe1cb1013f09b6df844aff508584439948cb9fc3ecb933306,site_fold_0,0.09064878610107999,0.012768529104094584,0.03200380269292319
seoul_flood_2018_00080,1,2018,2017,5b18f1a9783d4518a71dc4dcda4a948cc51404a72c5c09734ee122e18d3f95ef,site_fold_4,0.9547761969589076,0.9901046948658822,0.9936021653999614
seoul_flood_2018_00763,1,2018,2017,2ec78c588853f99c32d1ede1fa1ac3ddfaf067a1b750ed949481cb32e682495f,site_fold_3,0.754343399732778,0.9659077168201965,0.8345626865759581
seoul_flood_2018_00083,1,2018,2017,53f21c0284ddea8549b752d3c5ff3be611c28804d4f6564a5f13a1ff0a5b11bd,site_fold_3,0.7771185876038644,0.9738754481535411,0.949532269653953
seoul_flood_2018_00764,1,2018,2017,05d3f478e28ca860362a10d492fa9a67f8c033caa6ab9ca380f53048b367b481,site_fold_0,0.6344672654333515,0.6740105478460799,0.482847820218605
seoul_flood_2018_00085,1,2018,2017,0765f22659ab1c730be3c132151cb333cb8e887f92fc902404be8b7a4e4d42d8,site_fold_1,0.7487332071515101,0.9495360296543367,0.9938741521516731
seoul_flood_2019_00001,1,2019,2018,fcb0a15bb5a2205a02887417432d9ab19ce9374453c6aa345161e4520f3b6176,site_fold_0,0.8644800822726326,0.9944184245047779,0.997726732437977
seoul_flood_2019_00002,1,2019,2018,5fd8b087336a389f8364b4a246a938ed21be409b952c86585a9f54ddd749638b,site_fold_3,0.44814606952528846,0.6737754333840482,0.3986583709094885
seoul_flood_2019_00004,1,2019,2018,54cd0bb8ec5fe2848ec2ecae95098289bd76d30ee662d04ac03f69be0465d9d9,site_fold_2,0.49778937090174846,0.08116178785136413,0.012404623722678875
seoul_flood_2019_00003,1,2019,2018,547e2d01ac7557cf394ed69c6db6d5d02025d9fe473ef3bf7490e9270bc0d793,site_fold_1,0.37704721274222397,0.07017691258123714,0.047647706483778245
seoul_flood_2019_00005,1,2019,2018,fd65d6658f5c8b220975c11acba4fd65d878d6713aff553ae1f91f6159a3afc7,site_fold_2,0.40414567201869434,0.45989332122981347,0.20329479868179232
seoul_flood_2020_00031,1,2020,2019,60cd8eda4cf981487d922b2bc9e94f935b3640c72165ca20371285f105bfbc4f,site_fold_4,0.7667109081429601,0.8905785330173204,0.7288849835343608
seoul_flood_2018_00087,1,2020,2019,3c515eb667611eba105aabdc662f06d42cc067b6a4d35327bb2f79d1c65ea40e,site_fold_0,0.7957766119921462,0.9948392456644359,0.9920998641502653
seoul_flood_2020_00161,1,2020,2019,c90712fd2ef2d9873c9b89acd3eeca11a6a7a57e145395af8d2a70433783d621,site_fold_0,0.6995445020570044,0.0251918227116318,0.08502985815056652
seoul_flood_2020_00038,1,2020,2019,7222b0a726b4d6c589b7367aa03cd95be294d02ac9a05538f65edde4b0fec905,site_fold_1,0.8822005775066086,0.009875813791388561,0.011193867719735117
seoul_flood_2020_00032,1,2020,2019,cb715ed173479e77ef2d6ac026302a54a58d9972f9db28988c05158b74d71cf0,site_fold_3,0.3646522494775343,0.4407456636726823,0.646385443449886
seoul_flood_2020_00008,1,2020,2019,18a42675611639157295738f87f0005ce33c610aa2b3bc131d1c81844bbf3344,site_fold_2,0.19455531770836773,0.0005028981149555707,0.0006244421709540803
seoul_flood_2020_00162,1,2020,2019,18934a7e51159b2f8bb68012fdb6bd5b0f75ef97656072bd5eef4b836fad42ac,site_fold_2,0.902180312054929,0.985506840559861,0.8717142392901466
seoul_flood_2020_00041,1,2020,2019,20f45fbd0cd6c1b2391ffe209cca7f6998b68037228bc730a5c77074aaf53eb2,site_fold_0,0.5253385082901051,0.25025228710926256,0.5830587574089388
seoul_flood_2020_00033,1,2020,2019,ef6b220ac91c0f350535c2927f95ad072f275f16ff047695c8ca1b82121c76c4,site_fold_0,0.6620706274034104,0.5820795640104551,0.7704769143230216
seoul_flood_2020_00016,1,2020,2019,e10a1d4b0b322dbb7542eab7927bf9f8e9d224d52e55caa6bac671aeb120f13f,site_fold_2,0.7489905424531254,0.8110565880677506,0.6557366279969822
seoul_flood_2020_00163,1,2020,2019,262d20d84cc21b6ee00c5d5c466254ab88ec02c9f15fc316248a69cd528083f8,site_fold_0,0.49367052936018024,0.027552359252545882,0.0856552246671319
seoul_flood_2020_00155,1,2020,2019,f4b457f52bf5d3e32988f5e0f4e9e9ab2afcfa6bfbde1a658ba24fdee3240d98,site_fold_1,0.024992728867670712,0.4129178872187243,0.9364546040907061
seoul_flood_2020_00034,1,2020,2019,10c46e4c62d7fdf5ed72a30e7772ba427dc77d249e30d5db3813c87d6a25358d,site_fold_2,0.918051936255605,0.8828149106670742,0.9478550680485882
seoul_flood_2020_00017,1,2020,2019,75b5b3fdff7bad158fcf1d9e2521788292a2fdd529262e14a8c3c7e1065b5167,site_fold_0,0.9345941286881371,0.9440367621031139,0.931916856329506
seoul_flood_2020_00164,1,2020,2019,d38c663073cd86f011cced4de194b87e1b9d16bb8b5389e5ccf62d2aa8ebad41,site_fold_2,0.5890990218927167,0.40547584290608635,0.4209642579686531
seoul_flood_2020_00156,1,2020,2019,3555de32ff588ee5c192166c9fc69526e5cdb8a175dba83f459952df5027364b,site_fold_0,0.35104467537552275,0.7100335903051765,0.2061194960876365
seoul_flood_2020_00035,1,2020,2019,7e6c491cfb15eceaaa54161669de732ec9dde775dd0633a75e28ff537399fb74,site_fold_0,0.9287447981305099,0.9289277712447279,0.9109145438388
seoul_flood_2020_00024,1,2020,2019,08886a1567bf070a2898b735962da5b5637940828754011bfd419b9efba0e6fb,site_fold_0,0.8112511993215329,0.06897643890127486,0.056588386892560356
seoul_flood_2020_00165,1,2020,2019,40392281aeb3adb0c0778c84507c484136bcf21550dc3461d47533208cc16d0d,site_fold_0,0.9353703282912074,0.9979023225937828,0.9617418052070248
seoul_flood_2020_00157,1,2020,2019,7b2db85225e0120ee8866f4d1af9bd2aa38f479e3462310696a9b7979bf3c97c,site_fold_1,0.09986850674656139,0.9884409754506313,0.9997310584342507
seoul_flood_2020_00036,1,2020,2019,a40d0bba62c999d879457048f04d7b8deff936b8ce065f1b93ed9f9b9add1779,site_fold_3,0.7559065565998083,0.38270476081118954,0.5602481519977942
seoul_flood_2020_00026,1,2020,2019,60c400e61de242770e7da27016af5b1594a883cf59b9a9d86a72b9faa255f301,site_fold_3,0.8139364291527528,0.7635249816813827,0.8926048174326131
seoul_flood_2020_00158,1,2020,2019,0ebe6e4adbc9b4123af967a249ff6160cb782d1ce30ef79fdfebfa0de565d9e2,site_fold_2,6.566657279019219e-12,0.00018505202087420284,3.950872653882229e-09
seoul_flood_2020_00037,1,2020,2019,68064bd8597c3a2f5dcea7760664869c422926f714498f30c771c4ac7d10c12c,site_fold_3,0.7031450430992132,0.4441454526331634,0.26516941802679395
seoul_flood_2020_00027,1,2020,2019,159756d275658a6eea185326c1c8b8bdf783cb6ed665eec07e2c6cfd1f90fd46,site_fold_1,0.9947007889440526,0.9957403510810018,0.9997321285216801
seoul_flood_2020_00159,1,2020,2019,19c1885565e56c290d21634561050e4e1cc121630fe7468379a765458fc7dd94,site_fold_0,0.37468517676430585,0.981420986050103,0.9209898533113632
seoul_flood_2020_00052,1,2020,2019,8f04d29a85b032d3db48171fa74a0e015c47781d33e5eb50b4beb7c8e972e2d5,site_fold_3,0.9904542808278104,0.9944516268279361,0.9935363824058976
seoul_flood_2020_00028,1,2020,2019,e311ebab0d1322dd22364ea30cd114fc805926a72b5d28893510e9a4da436f4d,site_fold_0,0.9918965975437006,0.9906973159073027,0.9982078530477204
seoul_flood_2020_00160,1,2020,2019,456d2ad59c7004e996a1bb2640f7a4c7791206f398afcf1712627e80ebbe03d5,site_fold_3,0.09418950191286246,0.13903660067672932,0.019863330502330693
seoul_flood_2020_00053,1,2020,2019,e92a42c30861ff8dd3c05bd15d469cecd2a4a795eabff79eb9735e228dfa1377,site_fold_4,0.9823902727126036,0.992315638985466,0.9633404754184864
seoul_flood_2020_00029,1,2020,2019,e54e33160a2670c6606515444b193b0c29f0b4c0ce102243371879c9fa07af70,site_fold_3,0.6222933923807382,0.7281536878177407,0.9533346133974951
seoul_flood_2020_00054,1,2020,2019,903fe509e1173017f2664fdb60235e5c0fecf5698740e6cbaf813caacf9bafe2,site_fold_4,0.7113993841474158,0.9404552710300973,0.9287564970908717
seoul_flood_2020_00030,1,2020,2019,4892c95f9d4be5fe6e9e807cecd47c952f44a5088c5322e9a089f89958183f58,site_fold_1,0.8650864656602991,0.9218723204309777,0.9817479029749302
seoul_flood_2020_00055,1,2020,2019,4da29f2b0d9cdcc836f9470f506600c4a9c7d272b3e99196aaf402c8da14efe6,site_fold_1,0.7370556151883569,0.455003326062221,0.7016330208408877
seoul_flood_2020_00049,1,2020,2019,11883d7fa62f924dcca67e6b71805e13ffe7284cfa99d3aab7e71251afc42871,site_fold_3,0.6197834269279809,0.26004646228855505,0.711391499185033
seoul_flood_2020_00056,1,2020,2019,fe81cdb1e697e8d9d4e8a80b1d37984835eaf1d7832d50438399759015467427,site_fold_1,0.7249992678271002,0.44324999697354633,0.6773331690090193
seoul_flood_2020_00050,1,2020,2019,c16f2de5175ab6c9c3347be190453bea3fbc24fe1f20f10b5b6eed4088860d86,site_fold_1,0.5034734923110625,0.8924706784679401,0.9541212876142909
seoul_flood_2020_00057,1,2020,2019,85a1a4d286c1a53ca36fa8ceeca235ad1b2f583d127de7ab084cc0882321ff74,site_fold_4,0.7777542055093352,0.7610472422048458,0.7610204623321188
seoul_flood_2020_00051,1,2020,2019,01b405d8db875779338248b392bebddac1a9f6fb16604928d371454ee69e0204,site_fold_4,0.49076917924330904,0.37760319713573337,0.47462660872005635
seoul_flood_2020_00058,1,2020,2019,6d3dd7eae848fa7d6717b0f8ee7631b0158b96c9cd6f237d2c2e4c179d9af571,site_fold_2,0.872422504293944,0.6937803905479705,0.7227128609093356
seoul_flood_2020_00059,1,2020,2019,e5b2c0eae5350cbd21ab8dc75a8db32c3f296c350d962b4a4bf95ca07aa71bb7,site_fold_2,0.4348432941850879,0.4388987460652732,0.7305440104153833
seoul_flood_2020_00060,1,2020,2019,dc52b7037a37162ca7aeba0c259fcd2d421b8bf018e5cc39e00ec8d22374ef17,site_fold_1,0.9583951759482247,0.9265034902818119,0.9803644129673955
seoul_flood_2020_00061,1,2020,2019,63766b2550ac2953f858ddfec3231520fd87d6dfca7d9e0ac9c396ec7684e38b,site_fold_1,0.9582275902930375,0.988997765153941,0.9899763440627909
seoul_flood_2020_00062,1,2020,2019,8266c76f416d89566523a98da79764c403297610b0a135f5a5ebe1be9695c216,site_fold_3,0.7100394840428237,0.8246518651687051,0.9015443888389019
seoul_flood_2020_00063,1,2020,2019,df5c84717faba2883b1eaff076e8fb3415343781d918d34433bbca08fcd8e080,site_fold_0,0.8912246034735117,0.9626055252156391,0.9752769627472779
seoul_flood_2020_00064,1,2020,2019,e99e51efa4aad35446fd6eeed904db223ad457aabb180255994303345c8ed2a4,site_fold_4,0.8908854894603317,0.8112453276610966,0.9281533265599812
seoul_flood_2020_00065,1,2020,2019,03f72303926d55a23a3475a8ba15ff8d5fbd5acd435609a29c889cc220ab2047,site_fold_3,0.8261550834389563,0.9539449779348064,0.9549821170066759
seoul_flood_2020_00066,1,2020,2019,8346ac8e8c0e93102650b8a71656bdbaac4d11ea774826e6cd08a89d08ea03c1,site_fold_4,0.8047245678885827,0.7666528169176583,0.9027992879724759
seoul_flood_2020_00067,1,2020,2019,058fbbcdcf0d4578013e341b772cf94f2a02c13400f39a0c2c101529bad541b0,site_fold_2,0.9682952433514808,0.9979398434802779,0.9967976887250015
seoul_flood_2020_00068,1,2020,2019,d42b20bbd4e6bc379486f37ee4112e847759b2099f5dedb9a751a364e5621901,site_fold_0,0.9203216190182836,0.9392706338865954,0.9611044983708309
seoul_flood_2020_00069,1,2020,2019,ca563eafd2455af056608fba6c9ac053308d757ff5046eab790cb80c2a839fc5,site_fold_1,0.9398325799491135,0.8962089361550503,0.9599101531533415
seoul_flood_2020_00070,1,2020,2019,aa4fc57098b6444a72f7e54fad0bd94f7d13e0ed964d0da4f74baa4a28879a81,site_fold_0,0.9142171522903889,0.9522662215128197,0.9564447728943997
seoul_flood_2020_00071,1,2020,2019,eb16dd72df019be8aaed131448ff14d6fa2e90652a14ac21d8168900287d1771,site_fold_3,0.9417083268021479,0.8094104917122841,0.7383476238910904
seoul_flood_2020_00072,1,2020,2019,ddd0ee00f74b24696844c4bf71e040308c72a4828d9cf64169a64e13cdfe5cf1,site_fold_1,0.9028079469617416,0.987282073759908,0.9910218436513064
seoul_flood_2020_00073,1,2020,2019,df6af837ab1e8ab5974dbc7660158495b8788ed4c013bde7047e1bd168e85eb4,site_fold_0,0.7683741134582887,0.7371088709728959,0.821925035230757
seoul_flood_2020_00074,1,2020,2019,2cf7023a2041036172a96ac21f090d9cd58b1730cc9f9e95a6c212caec306f78,site_fold_3,0.6881193848800511,0.6631634619903035,0.738940510371186
seoul_flood_2020_00075,1,2020,2019,e798af31805b93f2a373a142b3747c8dd0ae6e681f2c5a7759cddd703fd2d4b9,site_fold_2,0.7916984453980161,0.8468966237661463,0.8036023674650609
seoul_flood_2020_00076,1,2020,2019,847fee03f196da88ca147fdf7626ad98f52286f7ea498dd829ca73fc6754a405,site_fold_1,0.802434849505498,0.885698907550996,0.9082327085634063
seoul_flood_2020_00077,1,2020,2019,ec99fd509b9e2467c4e1ceff5f845246f9e79dccf916d6cc7264606f24baa3eb,site_fold_2,0.8302372921661549,0.9765173510804966,0.913945611856451
seoul_flood_2020_00078,1,2020,2019,2a970bd1e5da9c66f6c1d11324148b0c4aa0e7d91fd8c59caeed1de1c30ab379,site_fold_4,0.9709745617014137,0.8761540631397509,0.9614291061251586
seoul_flood_2020_00079,1,2020,2019,5aa2d66777c3e62df2fdb8eba1789b466006935c4c7891a25a62d120eb0a99c4,site_fold_1,0.8480749581006379,0.6148416486686324,0.7817796578643739
seoul_flood_2020_00080,1,2020,2019,ea0d9b27de5b3a497afb216d359db965021e8cc09be25f62cdbc2de869da116a,site_fold_3,0.6972868448650184,0.9756539919090095,0.9679476497926354
seoul_flood_2020_00081,1,2020,2019,f013ca10ef383f71858c29d3fb13140635d86a1ce3ec15fd5b0453fdb37c02f3,site_fold_1,0.5898821200713634,0.9642505601522544,0.9725678559681679
seoul_flood_2020_00082,1,2020,2019,b89594e6b2febff01ff6a0c0643adc8e4dc82e340c686e371c14308620dd0fea,site_fold_4,0.7866464727408443,0.6777782137483085,0.7580202518851512
seoul_flood_2020_00083,1,2020,2019,713f69f5010d35e7e66d51cf3ba9fe812d012df85bfad7f672554d4ac92faaf3,site_fold_1,0.7098730934570018,0.4855409731453088,0.482129230812838
seoul_flood_2020_00084,1,2020,2019,a6975803fcd9ed59082319f235a19be9cc856dc8e8022bbd04605b4189502d25,site_fold_2,0.7696341846252039,0.6188517791342693,0.21345505324907174
seoul_flood_2020_00085,1,2020,2019,c20bab6ce4577490838ddb71db53f4891556cc2f04806b8d6cb43622ce57bbfd,site_fold_4,0.9937698897305686,0.9944204444538869,0.9891717773678841
seoul_flood_2020_00086,1,2020,2019,4e19ce88d34fe87d0a2a5e11416f6eb85c46b0fcf2e107a638f171186779bbd6,site_fold_2,0.951194207920963,0.9770102263549546,0.8785108407191717
seoul_flood_2020_00087,1,2020,2019,3ea925bf459597c5b9524d19ac3179165e43e6bc3969bfcf1a837070522a3fbf,site_fold_3,0.6075718202372963,0.9154694731026266,0.9109927738504608
seoul_flood_2020_00088,1,2020,2019,0513a2f379edeebf9f8641c008b9c7e1dfa57ea729522adafb9c73da30072a3e,site_fold_3,0.7516172207372556,0.7034086488008738,0.8403537046029259
seoul_flood_2020_00089,1,2020,2019,884e85d417bfc975175cd72cbd65f4c35646555ee12ee3400d790f91665881ec,site_fold_1,0.7334701240832527,0.7379974770159606,0.8940910669416414
seoul_flood_2020_00090,1,2020,2019,02b5a35da5c0d1c7b55d751771925c966c8fa2149315a4ea571297a2e00589d4,site_fold_0,0.7164220432841432,0.9665489114879849,0.9877427649657433
seoul_flood_2020_00091,1,2020,2019,2f940a2629c365a7b9e2443e66b0475548e1e3c806287a3668631816edb4c76a,site_fold_2,0.9988328141363867,0.9995855243817736,0.9991281244869338
seoul_flood_2020_00092,1,2020,2019,ee1c8e078be4900323ab65b222f58829af044f35e5a1a009b24b1e855719d373,site_fold_3,0.7986235869952734,0.9792885615998839,0.991991611426885
seoul_flood_2020_00093,1,2020,2019,632b8e96246333277e4d39daadf7dababa6b4157490016c2140a055401220e2e,site_fold_4,0.5961086169139774,0.9587447139323624,0.9612937197387816
seoul_flood_2020_00094,1,2020,2019,27b3be534d925c2e739b1225e7178079f898526288912aa01fe40a8ea9d9f566,site_fold_3,0.8138558398978711,0.9784915113739728,0.9803065488729626
seoul_flood_2020_00095,1,2020,2019,0d59208c254d5ba3ef1452a38666a492dd0a7bc57c585d5d69901544caa14cbf,site_fold_2,0.9951651789039189,0.9986742775936864,0.9990795673168085
seoul_flood_2020_00096,1,2020,2019,2f638be1e5a53380c3c0717fb1c4cd1b049457fa6ebfab2e672087a582e741ad,site_fold_0,0.9811246771561263,0.8520197895112817,0.9176558007629144
seoul_flood_2020_00097,1,2020,2019,0659d1fe4562f7d74b5948a58a76afab170728df7447d0ef6dcf6d4c783bb660,site_fold_2,0.5490918361187931,0.3248868579919317,0.2474721326781319
seoul_flood_2020_00098,1,2020,2019,ca3b181429a7329124cce9f9f2b96cb34be7cf2b024ec1f7414d8ce713bb9465,site_fold_4,0.9984049460984068,0.9974752476580016,0.9964115794455167
seoul_flood_2023_00010,1,2023,2022,cdac98a48f34f783458e25bb71bec50a9941f951adda2ef1ed119a8d4a0828ec,site_fold_3,0.5441380663348878,0.934488989150283,0.8621908647218293
seoul_flood_2023_00002,1,2023,2022,56194f3b0d4ef83211b9500e873a993b7c4872605ad975779d5bd2204e40cc9c,site_fold_0,0.42700871905200377,0.1594542249682462,0.0486693506545221
seoul_flood_2023_00043,1,2023,2022,248fd4f18691def34c6601546f753c06d11ae98cf78256a042219048350a4848,site_fold_4,0.8695183288148841,0.6496151996573607,0.8697825267847394
seoul_flood_2023_00044,1,2023,2022,2936fe9484566290154a4a78f1271b029cc6c88fdef60a4f432e5bf00e8a5520,site_fold_3,0.669113214225553,0.9257421817065916,0.7814024327239834
seoul_flood_2023_00248,1,2023,2022,b2b9daa097bd03ac3b1154ab1efb93273c2ad4ec5b9113697c086a095b80910d,site_fold_1,0.9470337313366377,0.9981575767814483,0.9990683120091358
seoul_flood_2023_00004,1,2023,2022,d3a0fe4a01296db4593fc36df0fde0ff144cc7a56203125c74004378d0a06b99,site_fold_4,0.40907291029783543,0.8780299788222189,0.9221671084440917
seoul_flood_2023_00070,1,2023,2022,e02228460eb8c581c0556701b02567d9bef77a390613b7e41616f20628f49750,site_fold_1,0.7035492614414532,0.999050288461055,0.9996353137495234
seoul_flood_2023_00047,1,2023,2022,b4a159bd3df0eaa57b55ef4da2c655abebf1329fc1a2c1f4e393a61eb888fd51,site_fold_0,0.7365377303643328,0.41840373117024265,0.6803583953168235
seoul_flood_2023_00009,1,2023,2022,70157f5482cb159b3b68e48336c450e93766506e243cdf9eb03590b5bc45596f,site_fold_2,0.37971726750990314,0.9076106721113123,0.9363834205266465
seoul_flood_2023_00071,1,2023,2022,017ade65ff0240adecf03eb0741307ea502590ae6c0ef638e6e9f384025b1f8c,site_fold_2,0.9451331009581594,0.998161584881144,0.998210577537509
seoul_flood_2023_00059,1,2023,2022,51c0f0b21f81c1e61262409620f2b3be9b562fa300bbdcdd2dd94f5aacccfb02,site_fold_4,0.6074099844334403,0.9236069356444909,0.9509980468616958
seoul_flood_2023_00012,1,2023,2022,667e30e9a3f7fb988cd90180a9d904755fa591265581c0609b8d81e4deb93970,site_fold_1,0.5214152103497658,0.9196860738523963,0.7867871717358289
seoul_flood_2023_00225,1,2023,2022,4ea0938144a26214fc7cd3a870d4a3879c6bc8a8b7a1be7254dce6517520b228,site_fold_4,0.8424622205580595,0.04251289289204326,0.11811817449863536
seoul_flood_2023_00067,1,2023,2022,2b039c27036068493acf6918e3daa9e63f32629a1a6faca59390d100614c1013,site_fold_1,0.5183767439359543,0.7112048417830469,0.8218831751055539
seoul_flood_2023_00013,1,2023,2022,80a618b88b8e6324b97cbe64c342ff6711e3161d146da345ab6070b95880e439,site_fold_4,0.6806975598838,0.7025078308771052,0.8060743436095682
seoul_flood_2023_00227,1,2023,2022,f5de86b449cb8e2ee3e8157a80068b892f7e3c9b0db6a16fe8637184ef8663d6,site_fold_3,0.7154826912394853,0.9676393897786214,0.8728345339268249
seoul_flood_2023_00068,1,2023,2022,fd65d6658f5c8b220975c11acba4fd65d878d6713aff553ae1f91f6159a3afc7,site_fold_2,0.37866506225731406,0.5022100039543643,0.3008793859423818
seoul_flood_2023_00015,1,2023,2022,18b4b2fdda6fc69634d44ecb3f1034bd1fc1bd99100a1cfcf3b83fafa76d9cf8,site_fold_0,0.17073461004704055,0.6938646958670659,0.8460568327528444
seoul_flood_2023_00228,1,2023,2022,48006a51e30c32762694ec18747d1425bb4b974c56c4c0c98d57886cadd0c783,site_fold_4,0.7484319323573161,0.9930669570261389,0.991883117075397
seoul_flood_2023_00072,1,2023,2022,2afb0fa8a1f0cc6a7ed67c17008f75bd42461bd0ba6df7c3c3d887904196895d,site_fold_3,0.7535802022625886,0.23181914123290656,0.1707990187608112
seoul_flood_2023_00016,1,2023,2022,9449d82b55823a2b21e722445146dd58f28c2892847ebd7d9d3528a705c333d7,site_fold_0,0.32873445548596814,0.42582976815221996,0.4379339878909192
seoul_flood_2023_00243,1,2023,2022,1ef45c1f3265d27b162d2e8ed4381ef427bdf586c45963e44e4392b26ba86b72,site_fold_4,0.9197208304441786,0.9681895081485212,0.9905693348535525
seoul_flood_2023_00074,1,2023,2022,b9bc2f927ed11bd524706f6d4967f92b59403bf3a4c2f3c470a8c815fd79e460,site_fold_2,0.6081804389009323,0.9527296717740522,0.9289103511139657
seoul_flood_2023_00017,1,2023,2022,c14d98d5e804cded4ef08ae8cdf0707ca6178666fe17dbc79d181d4cc9dee14b,site_fold_3,0.7676329906988111,0.9926600651986339,0.9960760518284113
seoul_flood_2023_00250,1,2023,2022,2c7709566a2e9c494198b62a00ef526dfe6053df3b61476d6f3474d3a092eeb5,site_fold_3,0.776181166189848,0.49788829537279194,0.5881888095273322
seoul_flood_2023_00075,1,2023,2022,ac6920819be8e420a3aac9974fb430eca317f55a0609b05ff32e884b1c75beaf,site_fold_4,0.6523756225796691,0.9341299723988511,0.9414474903313408
seoul_flood_2023_00018,1,2023,2022,611ef7d2bb8f2df5e6108e65595a9a37b583dbd4323706a0ec255f8e960d2ddb,site_fold_2,0.8203985838232147,0.8738458574543604,0.9745495532245605
seoul_flood_2023_00277,1,2023,2022,2e908b9152c52096e61faa554d5ff494fdeeb050209f5fc14355fe66b5e5d4d4,site_fold_3,0.6974188138257367,0.9526179013649643,0.7626624553414454
seoul_flood_2023_00076,1,2023,2022,0059d2a4c367d474476bdb36e5406db4c952a2a967b25e3c6166b8b6fc181976,site_fold_0,0.7134947515692956,0.3605489596017163,0.3526873115574591
seoul_flood_2023_00021,1,2023,2022,e6acf5cf32b2d0c5cb627acd0c05f96bfb50942c86e13eeac0f97655bb35bf64,site_fold_2,0.7342861416515505,0.9381845912957301,0.9801120007146827
seoul_flood_2023_00077,1,2023,2022,ac006ae8566252eae229f3cdf08285ec62948465438fa1fd37525350f732bb46,site_fold_0,0.6676624838923656,0.55696914445775,0.8590138213975519
seoul_flood_2023_00022,1,2023,2022,2ccee39efbee54552c27ec5f3380e8b6db91ab9da3255a83fc493c1d1767d3f3,site_fold_1,0.612263268844468,0.9918559214232797,0.9964006717431766
seoul_flood_2023_00078,1,2023,2022,54043b91c4a304d4c675985edfa95ef876b138ff57a6389bfd28818074d39fc1,site_fold_4,0.44775231749832634,0.9197270185042915,0.8082809793773531
seoul_flood_2023_00028,1,2023,2022,ab9d5a9c105349411f7c92c7845f7e8ec24f10552a9a484d7dd02c0c9d6df2e1,site_fold_3,0.45209158943984556,0.35696568608079937,0.48991308681957313
seoul_flood_2023_00079,1,2023,2022,a825d29c20ca2db6c0b5bf5ccb6ee269beedc5bda085fce5a584b3d600c91af2,site_fold_2,0.5821864106516917,0.9685824529070229,0.9391598369630243
seoul_flood_2023_00030,1,2023,2022,109d39d58c882b2875c711bbb1fbdc53ae3234b9f7c2e321096d7429e46331b6,site_fold_3,0.9129532358714619,0.9944239414070709,0.9944170409938001
seoul_flood_2023_00080,1,2023,2022,516a51b5f7484840c5b87649d04bf5f7fe7b3f5a641c45cc08cdca8b66f74a9a,site_fold_1,0.5654003809617675,0.9058042758357946,0.6375212442518439
seoul_flood_2023_00032,1,2023,2022,0b4d4f8312fd79b55496cf1cff09a958a968eae46e135c54724bebedf54d8400,site_fold_2,0.5276068788962671,0.5086481204228491,0.5457314585986051
seoul_flood_2023_00081,1,2023,2022,80dacb840448896f846147086fb6904aace095c7ed082be2f6978ab4a65d9d17,site_fold_4,0.5726426943010726,0.8321073750674738,0.655578917872184
seoul_flood_2023_00036,1,2023,2022,824b284c7bf45801707ed1a0e35648f2949764c72352ac38100d99cb94e7ed05,site_fold_4,0.8913282034965166,0.9673860477768073,0.989753433546032
seoul_flood_2023_00082,1,2023,2022,b45c216bee7e0d6ee0455f8bf2899fb0637e6409ddda7e861dc355e9dcf32559,site_fold_0,0.6510566768641459,0.8635762639137128,0.7082720963900275
seoul_flood_2023_00045,1,2023,2022,047a0479a6796b37ba99d6e6577b3ffb20aab618b478d303de927d6a6faca3a4,site_fold_4,0.5349197329427237,0.7850481237731587,0.9734608327424353
seoul_flood_2023_00083,1,2023,2022,8cc3386043fed7e4a08a2bc9dc0aa45a181ba89b153abc9f991119c15c99e48f,site_fold_3,0.6736887872978241,0.9448700608954614,0.8617422749463114
seoul_flood_2023_00046,1,2023,2022,c1467d5c72e32f7e65ab4237818f35148a9e8e89d62f6c485f6e3282213122d6,site_fold_0,0.813447524183028,0.9991871973543295,0.9983596035612311
seoul_flood_2023_00084,1,2023,2022,227a0397ded397793104e4c0dd13029ed0f9025afe13bbec3f057cea4e5a725e,site_fold_2,0.6203490110580998,0.9588626509631661,0.9475073618125383
seoul_flood_2023_00222,1,2023,2022,c65581d8bf8cf915e9fe2ca51b089e97441ac2f57272bc2cdb231ee83f757ae0,site_fold_4,0.37212324744820796,0.8640259453442511,0.9659010997106927
seoul_flood_2023_00085,1,2023,2022,5c52fa5b830c2d85cb3619fa6dd7b6c3c4fa0ae339105571c5aacfadc1f57dca,site_fold_0,0.7308467186321207,0.9682817801791752,0.9169299651652435
seoul_flood_2023_00223,1,2023,2022,a3396b1b87eceeedee47469b37f3882ca3efbef67a922173e8c25c4bc7457491,site_fold_0,0.1667680367820956,0.10623388329220342,0.16071366310488117
seoul_flood_2023_00086,1,2023,2022,a23e42946ff072eac7708b41013273d24b29f25c3b2a68f2fd71cd5555db568f,site_fold_3,0.6747457929578023,0.7886633841990283,0.6720754324638899
seoul_flood_2023_00224,1,2023,2022,6b1bebc088f54a96e550aaa77b7c7dc8a68bdb509ee5100ddb911beae78c5051,site_fold_3,0.9017068807189038,0.9029883464734856,0.952047993803946
seoul_flood_2023_00087,1,2023,2022,c806eda7ed36cd9e6ecf80572678e5580be30156dc628686a27b057e82be7f05,site_fold_1,0.5608538749511061,0.9674123306974683,0.8593060793617966
seoul_flood_2023_00226,1,2023,2022,5b4e991e2eaf736f1ecc63796633bf37e2674c5669ccae29f43454531101f031,site_fold_1,0.742503904719573,0.8962108093559275,0.9035959608249675
seoul_flood_2023_00088,1,2023,2022,5d84a21238eb09a213a6a5e8c5a2d41c6f70decc00617b93e8dda58c2d7a235f,site_fold_3,0.6239432190297177,0.8747787426565896,0.902168091379004
seoul_flood_2023_00229,1,2023,2022,972f0a0ebf5383f911b746160b79c88b8b0c7aa70e1b9861ff6abfa2392f939d,site_fold_3,0.7907069884794555,0.9394944998639096,0.9781253621471964
seoul_flood_2023_00089,1,2023,2022,8e255f9a86ec3588ecf56d040b65bc4fbebed179e07431fc842ce550145b9863,site_fold_1,0.5458835037422222,0.802139982322545,0.7044022293830234
seoul_flood_2023_00230,1,2023,2022,351930c74ba2930ac78f71a4e59d24ec3a9c408c09f4bddcf7fa3699bf8a21fe,site_fold_2,0.6805925378156422,0.9939142735248054,0.9527130634120984
seoul_flood_2023_00090,1,2023,2022,fd6f0f91e6250a60b21fd97b70f686db535df935a8841de34f4bfbb09aa0efb0,site_fold_0,0.6756195763150923,0.9596129096442194,0.9130486256281298
seoul_flood_2023_00231,1,2023,2022,c78427527ae5ed46cec266bf7f5102da2f65c62f603b3c800e26eace25a5c839,site_fold_4,0.065654299352527,0.07244496267498599,0.06595209837401093
seoul_flood_2023_00091,1,2023,2022,ccb2187c465a4a42452f6d96c6ecd61471e4bd6347f569f84a47b5683742fac9,site_fold_2,0.5899901057727039,0.9596606678874637,0.94584534447247
seoul_flood_2023_00232,1,2023,2022,5336135f67660856ece6ad6d54f733a34080d27dfbe335858b52eb42facdced4,site_fold_2,0.7521502833419916,0.9643740919312304,0.9840781326636782
seoul_flood_2023_00092,1,2023,2022,8eac4c0475636dabe754422f418c76eb191e9b3e663e31e296fb69f7a6fb8cc8,site_fold_1,0.5604063217893572,0.8820312074623591,0.7018813419788997
seoul_flood_2023_00233,1,2023,2022,e55963a41e664f031359274c8576c1cb5d6c9c2998192b355445bbfe50c138ba,site_fold_4,0.26138740788512776,0.5681601517765796,0.6339283843524798
seoul_flood_2023_00093,1,2023,2022,dc728f9adfc11d8c5c2ec698fb1df3af31c3b43457a9a69377f3e7a04f506468,site_fold_1,0.5988292243240144,0.9849976421094316,0.9663276490338306
seoul_flood_2023_00234,1,2023,2022,d44f553eb4a78c3e8e73f10a2584e2b08c855f4d7d091ed0bda77b9ebca91d2e,site_fold_0,0.7716376693670534,0.9998330299759349,0.9997202691857419
seoul_flood_2023_00094,1,2023,2022,8c06fb30ac6a96f25e4c0adbd324b5185f5468e1f2512e1480789b99a603de36,site_fold_3,0.6219102499096979,0.9592833117471548,0.9769747392693283
seoul_flood_2023_00235,1,2023,2022,e635dda0a74d3988c04c4e76a855e983d6033e5538e0b291c2a7d019a42df52f,site_fold_1,0.6462978308261204,0.9429300939839281,0.9849110696105348
seoul_flood_2023_00095,1,2023,2022,bcd669daed0897a45b8903b79c40b7cc6b1c557b0e8708071442ee549f83e05b,site_fold_4,0.5513738677343798,0.9504135238085804,0.9816000449570614
seoul_flood_2023_00236,1,2023,2022,3806182b64eb41706f3328e741dcc36e0a6617e9349746b3fda442906e5bc7e3,site_fold_2,0.5035547547696718,0.8739129615646885,0.974680517497323
seoul_flood_2023_00096,1,2023,2022,3c90eac0010785df62fd85c83633074dccd90c84ba9e27d4f2c28c78b4f0d5d6,site_fold_4,0.6033799670395824,0.9367747025447102,0.9721140064214481
seoul_flood_2023_00237,1,2023,2022,1b36675e1d11fd325a672ec04ac67bd989594417a5729df4f870059fa87b9d1a,site_fold_4,0.3461603653922411,0.6302150574343015,0.9092394412264656
seoul_flood_2023_00097,1,2023,2022,72f61518a84c9a55b3352cbb5023921cad60474d413e7b72f69c74dcf2d72799,site_fold_0,0.6834124959697471,0.4383856996723403,0.1289714600151507
seoul_flood_2023_00238,1,2023,2022,6bb5e3a1d3d33c5db48aeb2feb9ba125ac0daeeca2d842b2e02d5875228b2034,site_fold_0,0.3475520000055224,0.6174619551128424,0.7118818036201874
seoul_flood_2023_00098,1,2023,2022,69999efddf274f8271d36927d9ec9541d3c52ecbcda9f4fd5d4e4576776c0f81,site_fold_2,0.6361419256403226,0.4395111501997482,0.7483448416688044
seoul_flood_2023_00239,1,2023,2022,2d536fc8f243ee74cda2625ce6b41f0808c1a746c242a68cc049153db304cec3,site_fold_4,0.7966904415480349,0.9551770399177242,0.9923928208975303
seoul_flood_2023_00099,1,2023,2022,f20722d01f05a742b8dec71af1e8e07cd63b8a6c64dabe657c23086f84b1cc72,site_fold_4,0.6677205105916584,0.5437490961380191,0.8055269571521667
seoul_flood_2023_00240,1,2023,2022,3ad5a64b1adf89e718a6b754a2a9d66bb8b911be81bf90bc31007aa5e3b55b65,site_fold_1,0.8423532988673612,0.9886661271266296,0.9942786619880503
seoul_flood_2023_00100,1,2023,2022,45e322c42efd83690f4dfb0ff1d1bbb111f8a340eead50dd2d0b80db07f8e193,site_fold_0,0.6785305697137112,0.46838120568126546,0.5933775893455665
seoul_flood_2023_00241,1,2023,2022,fd9b2055defb5a8b5d9a6ad4ec71b2866a897478c50ac25e466cf2ebb31972b3,site_fold_2,0.9373501155327851,0.9210666842785288,0.9846644257917461
seoul_flood_2023_00101,1,2023,2022,cde4ea100a86579780194fd2a9211067fff3ec841acaf671446c7e1a10100140,site_fold_2,0.6361613701657147,0.373481520379366,0.8401624475820049
seoul_flood_2023_00244,1,2023,2022,45eade17eef3d54e8ae3d65c6c2fe09751b2504861f44169da0daab75d8028e3,site_fold_4,0.26210657024151435,0.09130543092208822,0.10694141109524279
seoul_flood_2024_00041,1,2024,2023,437d4e1375e418c1898eaf0ae2743a3a3897e3504fcb93ac4cb1d44ca1794e2d,site_fold_1,0.6680438721925117,0.4256472941759244,0.2533815851448002
seoul_flood_2024_00007,1,2024,2023,bb4ef8ec9e43272a080f1429baad8954fb44bfba666cbe0407e5a401a7cbe57c,site_fold_1,0.6204068044153477,0.8775268884111821,0.7087395066419148
seoul_flood_2024_00061,1,2024,2023,fcc88c7839e8fbf3b46125b0962e2d83e51fa121fb2ad474578c0205a69158a3,site_fold_1,0.8791876348821259,0.9209511424654051,0.9315810887012002
seoul_flood_2024_00043,1,2024,2023,123bf2caaf4935a556e8202150c1fa202134ea1b2f1300bbcd7d8c0eaeec8db2,site_fold_3,0.6813453964324895,0.9477829192972024,0.967117812629976
seoul_flood_2024_00008,1,2024,2023,f81340838ca8d98e7a73bb0e3af78d74d80c528b295742e4fb99440aaed665fe,site_fold_2,0.25250050433698484,0.01826313884304916,0.02125247122714374
seoul_flood_2024_00062,1,2024,2023,2936fe9484566290154a4a78f1271b029cc6c88fdef60a4f432e5bf00e8a5520,site_fold_3,0.5823363349261511,0.8299242966370421,0.8607524380260958
seoul_flood_2024_00044,1,2024,2023,a740d451ba6b1561554cb9fcec4fafe896119054b664fa3843f905be77b05322,site_fold_4,0.7671910913068479,0.9471840400500269,0.7444768320898204
seoul_flood_2024_00009,1,2024,2023,e511340b55220ca5cd74855047a854ce0e58734aaa0e70dd27409a906657097c,site_fold_3,0.24217767539452864,0.16759517496337997,0.394521998760009
seoul_flood_2024_00046,1,2024,2023,29c21a43454c116be3b275e72bea1085c7e3a46b402c40cbecd77815d561a6c4,site_fold_4,0.7502888114796434,0.775633197464532,0.3987731511752072
seoul_flood_2024_00010,1,2024,2023,00796b29fe88d57e702ccb4f39268f140294a0ccce5940d0e9de2cd48648f6e3,site_fold_2,0.5053362021388241,0.15964318039363473,0.3710953722575427
seoul_flood_2024_00048,1,2024,2023,7202cf9a0478f75db97858316a56aae958a1fe3a3a300fdd8c9f15c8d98b8795,site_fold_3,0.8105619517932445,0.9718104178086983,0.97946067151934
seoul_flood_2024_00011,1,2024,2023,ffbf9e54cd41025956746859bd5ec126cd181dc76ec068864b593b2c72ce3cfa,site_fold_3,0.4443106676251403,0.5088977412674662,0.4826164317493568
seoul_flood_2024_00055,1,2024,2023,b73912d269b006bf961cd5418321dbc3a3ddd9e0782ae7fc2e87b7201c11b4b3,site_fold_0,0.7527938664431039,0.6901340633974777,0.7437086619190942
seoul_flood_2024_00012,1,2024,2023,80a618b88b8e6324b97cbe64c342ff6711e3161d146da345ab6070b95880e439,site_fold_4,0.6995849189105332,0.6244149541209252,0.7793767491329833
seoul_flood_2024_00063,1,2024,2023,bd1b8d0105f1dc87aa3d99df0e4cec2c47adbd7400d6c185bd25421ba23dde1e,site_fold_3,0.8401266824979393,0.8670181255859926,0.8880926088890628
seoul_flood_2024_00013,1,2024,2023,757a23417a3e32f5178c71d73aa0af81284864b4cea9764741e4edab5aa5daef,site_fold_0,0.4403325335897149,0.00041780772544173595,9.502857572481677e-06
seoul_flood_2024_00067,1,2024,2023,948d2d09df15eb7f7191ace14981ba5c0ab110c09fcefb90834aab93c7c078bd,site_fold_0,0.7537572706498215,0.698608209593456,0.8009259000909545
seoul_flood_2024_00014,1,2024,2023,9d2e0e628256e0e8794e82426aa235d02ec76a3dc6aad4e9ac3c5a814f9829d1,site_fold_2,0.7374963288299232,0.6021960555846383,0.7766928319741204
seoul_flood_2024_00068,1,2024,2023,0cd3a852ecf4dc5dfeeccb70c7c7c9ef166021c2b5eab3853b7473d5589777a4,site_fold_3,0.7209428729971123,0.8392843810869194,0.7286244449763141
seoul_flood_2024_00015,1,2024,2023,971f5541f6195b192b925d8efefffbeca88d01c4a9f0a60d74dde196ee0c86d1,site_fold_2,0.8062623510003956,0.935138095739362,0.9663870481085015
seoul_flood_2024_00069,1,2024,2023,7ab3d273ca7380c8698814a0811a1fe680f9d78ab49ee0d92911a4c107de8238,site_fold_2,0.7456082769518946,0.894331196832956,0.9150213791201358
seoul_flood_2024_00016,1,2024,2023,e3e50f5e44035dce95e5b6d8138e134698d49eee758b5eec26535a51bde85df7,site_fold_0,0.7937504247402587,0.8626568704336335,0.07337413534024251
seoul_flood_2024_00070,1,2024,2023,e803b0ddd0c957cf8b860f04d63d206bc58c4a7e216618b57c60191c479923d1,site_fold_1,0.7298645226461005,0.8229647658006545,0.7349074228084354
seoul_flood_2024_00017,1,2024,2023,70760aecf195bae192f5baf7428743d230db64ee9aa273bad54777a29fa61d56,site_fold_1,0.7098389951318493,0.9359731625166575,0.9890495836976798
seoul_flood_2024_00093,1,2024,2023,63766b2550ac2953f858ddfec3231520fd87d6dfca7d9e0ac9c396ec7684e38b,site_fold_1,0.9272172188838615,0.9882891574667442,0.9880280139065564
seoul_flood_2024_00018,1,2024,2023,3693df7f5d8484c40a64e5edfe29168feaab0a3d8ad2d5ef780c0be6f0e46a79,site_fold_0,0.343139948862441,0.5241823710423212,0.8946674325489303
seoul_flood_2024_00094,1,2024,2023,604a183e9f44726cdef3c553ac7408e85ae4b02ccd41506423055ce6ebe1b7d3,site_fold_2,0.16406262074572756,0.7532251187558824,0.2816630294330993
seoul_flood_2024_00019,1,2024,2023,5a25b979c2422917f17db7df5dd87a2297c474a9b3d62c792bff7d427ea669bf,site_fold_2,0.8007291474500458,0.9191285178891155,0.9736433454160528
seoul_flood_2024_00096,1,2024,2023,79e0a2a000dd61aa37a52001d61342cb8a1c5d1e016976766fc295b4c94b56cc,site_fold_0,0.8245082771416532,0.9404685147071813,0.7674804107390504
seoul_flood_2024_00020,1,2024,2023,13ddeac8fe6671414275b639d61a07e9c672c7476e5ccdf793402e7aaeb515d8,site_fold_2,0.9462050136982504,0.8228564599754992,0.9543492056936496
seoul_flood_2024_00097,1,2024,2023,2f886984eaa4246f0d5b4af68316375d1b6bdd3583792bcce78bba0fee5cbef1,site_fold_0,0.7000199109729487,0.9402971005819933,0.831592241962669
seoul_flood_2024_00021,1,2024,2023,e124f13166523cb7b6c4c8e441002a9277718c2ebd4cbf13029b4f79c18ecc01,site_fold_0,0.5974099033080511,0.426926215263562,0.5507587749025663
seoul_flood_2024_00098,1,2024,2023,02b5a35da5c0d1c7b55d751771925c966c8fa2149315a4ea571297a2e00589d4,site_fold_0,0.5735468205979206,0.8638102717787833,0.9551732302071848
seoul_flood_2024_00022,1,2024,2023,9273fd03db09618bb97fc47b4ab967ad480bfc45f45e026bbdb076e81845adc8,site_fold_1,0.6635112996377186,0.22164431431222958,0.17936163650473744
seoul_flood_2024_00099,1,2024,2023,28444bca6837218bf4d704ba4f93934ae8e92a43af99913e4cec692d5abd5c9f,site_fold_0,0.12301436878549256,0.002613335255197158,0.005507356662557712
seoul_flood_2024_00023,1,2024,2023,9632c60e0ed4c6223ae3b937ce22f1876fb6cdeb28c7f55bc33e2ce939b58e6d,site_fold_4,0.865729247482438,0.9085125156998389,0.9688377663442533
seoul_flood_2024_00100,1,2024,2023,847fee03f196da88ca147fdf7626ad98f52286f7ea498dd829ca73fc6754a405,site_fold_1,0.8845117192512433,0.9749447313728611,0.983539605272712
seoul_flood_2024_00025,1,2024,2023,c819cede6995ea40f0f68f04316d2019be37ac994dd418a0cbdec1c843dea159,site_fold_1,0.5716747954810328,0.7860076631439971,0.9138040359953568
seoul_flood_2024_00101,1,2024,2023,b29f3a9d05c34c68522b01fe2640595e685f4c88f5d8e969f08db1a8e186643c,site_fold_2,0.8532444610054365,0.8683406945574755,0.9710959207419293
seoul_flood_2024_00026,1,2024,2023,5601cfe0dafd37c847a7491e472fc4c99c05a8f729d671a071c556aa12d1cc69,site_fold_2,0.877382485237489,0.9166267624667865,0.9622429407788552
seoul_flood_2024_00102,1,2024,2023,77738368915709589f9285d3dbfbdc93e438bffdbe2b754c7ab44d8cbb4dac84,site_fold_0,0.7862252037200897,0.7248846353355647,0.7263075842738582
seoul_flood_2024_00027,1,2024,2023,420e8c48ebc7ccbf83d2395b4da0611b4c8dc5279fe949942775ff2ccb1f5fee,site_fold_2,0.08208059546638607,0.34502374160419974,0.3471573414637251
seoul_flood_2024_00103,1,2024,2023,99026cbc6581e1dda7853aac956f2790cb89367aded1a3bc771ebbde0df131e3,site_fold_1,0.7224082473114852,0.9740483050035339,0.9884859300262739
seoul_flood_2024_00028,1,2024,2023,4ba93dbfdb004cedc56f5c631fad8150f58d482ea512ef4108dc18ece34c55a6,site_fold_0,0.8843076854543045,0.8806642632772486,0.7497008479094284
seoul_flood_2024_00104,1,2024,2023,8d7f23048bda7bb098f76ccf0fe517f0812889d3669924c1d3df7a7c3beb466e,site_fold_4,0.9379953256203529,0.9989947342247922,0.9994278908783082
seoul_flood_2024_00029,1,2024,2023,3e44220d47bea9d8726118dbc011d3073c17208543dc34617d2426bd0b013376,site_fold_3,0.6031188052769353,0.9423513856325134,0.9905199403502005
seoul_flood_2024_00105,1,2024,2023,b070070fb490cb378ac75ab72a1cdec8f99ca298a47ea83535ff462f4218a566,site_fold_0,0.9248324988622315,0.9752471943836469,0.9514096761185451
seoul_flood_2024_00030,1,2024,2023,03119c1c5c1adcbae5fd24c55ada049a8f1452bfcfcd3e573fa9bebf91752bb0,site_fold_3,0.11146368211715205,0.30022567839396364,0.6453618389501404
seoul_flood_2024_00106,1,2024,2023,8a10ba040bee51a4dfb38952aa2bf48f827db9c60619fd3afaf104dd06491a34,site_fold_2,0.6315525584922858,0.9419298014643197,0.9648951388476146
seoul_flood_2024_00031,1,2024,2023,13147c272b4c57eb35511cf391e997f00dc7d10b3a1f309bf6f9a86e80bd6d98,site_fold_0,0.6134063137897869,0.8244138846341653,0.8307662811991752
seoul_flood_2024_00107,1,2024,2023,168cd363d196b4cea35e3fbd5c31a32fe30f602e59fd2e486239d28906f9d02d,site_fold_1,0.6960279372778472,0.747465254203355,0.725742623080867
seoul_flood_2024_00032,1,2024,2023,580ebce2e64ba8e209c7b1cebf7178a8945d8200b9c28e17ef913090e1016c84,site_fold_1,0.7862231292207487,0.8282444433840094,0.9642483995128374
seoul_flood_2024_00108,1,2024,2023,642d2d7d6191dca8abc1ab275b94fdac98c447af754257111014110d2816b94b,site_fold_2,0.6063678002048367,0.6221912522613022,0.7735355951705176
seoul_flood_2024_00033,1,2024,2023,825340dcf23951f2d8e47a605ed2e1b965b6967c54812a042734b3eda4bc5c96,site_fold_0,0.833218147628496,0.49957229188911867,0.4864618280564799
seoul_flood_2024_00109,1,2024,2023,1a5ac1cf0c6d290a58dd20ffa384cfc5a1c391aa45217ea6646abf4d6d3cd048,site_fold_0,0.6881432262059436,0.94973647869103,0.9732682833274778
seoul_flood_2024_00034,1,2024,2023,e5b6ce851537198eb60726302c43334dbe511f11228c46cc6fe4387bcb048678,site_fold_1,0.7031879295555301,0.5957287733183584,0.6187287327825709
seoul_flood_2024_00110,1,2024,2023,e06015435d8e64d0e545abf7950cc1a141c6e072d8a8bc68d033a5d44da502c7,site_fold_4,0.7288601532102469,0.820421699403378,0.8979124392120297
seoul_flood_2024_00038,1,2024,2023,38da3f8f9cf16edf6f767e063dbcce4cd45bf9964614ea38636c127bfd87bf07,site_fold_0,0.5856902882170958,0.4930634265043701,0.8035168619183574
seoul_flood_2024_00111,1,2024,2023,39bb7133a5a101fdedcd7174962b3f0100428b3745479f0cd22475a6ec2e451e,site_fold_0,0.8684122740441039,0.9928508750548737,0.9957337934574512
seoul_flood_2024_00039,1,2024,2023,83e08aa3e97db1d52d86474b863a153e2cc9377b044e7cac80a279df233b1119,site_fold_3,0.6805351430741411,0.6719795369221536,0.7030124413206565
seoul_flood_2024_00112,1,2024,2023,976afaf01c54fedf9ff44d35ddf4ab9dd2ec59cd6f6522f18ed8ec0bb0a0420f,site_fold_2,0.07381963094959362,0.5287649592769751,0.7107606234457559
seoul_flood_2024_00040,1,2024,2023,571c211904d10956955b5efb4fa653d8e5f9f7eb62867184c400a15c68241389,site_fold_2,0.7272962390554639,0.986117367150422,0.9186734932165028
seoul_flood_2024_00113,1,2024,2023,fbcf72bad940a495b5c781c0dacec95037e2444e074e00b823baaff2a70a2897,site_fold_0,0.26336566158723385,0.28694214649020877,0.0002693850902987556
seoul_flood_2024_00047,1,2024,2023,17f667ebdcf62fddc91ad9b0250bb9b2adc97cb183d86891c48fee18be6e5cef,site_fold_1,0.44547980278725374,0.24107831091476511,0.08358405761689254
seoul_flood_2024_00114,1,2024,2023,6aed3ebb380da99b9ee22cdafb43ad80499c1bff6c3499d470dc7ee07d89c849,site_fold_2,0.22338974212590818,0.23453161408461246,0.16435722619605392
seoul_flood_2024_00050,1,2024,2023,45e0d39429832b452a4c887bb71b185d61412763fa2b471282d7f26b4d5b2a6d,site_fold_4,0.6860850583947221,0.2626061066620077,0.12624073794565102
seoul_flood_2024_00115,1,2024,2023,7738cfb0acdc52887fd9690f1d5b486d23901783ababf94e5884b74aebb7b7a6,site_fold_4,0.7163186082817029,0.8388002711100706,0.9129262792274958
seoul_flood_2024_00066,1,2024,2023,3249f0c73043197204ff8e0eb2de32de25359d1a88ab3e65135ed05df3e17632,site_fold_4,0.6876014517714452,0.9538298839103522,0.9615697882996808
seoul_flood_2024_00116,1,2024,2023,7d0ace58f1bf6a48eed8c62e46a71a458d0fecfa8f511947d46a0167e6837f9c,site_fold_2,0.1261870467770561,0.14823863784870406,0.26474234171417727
seoul_flood_2024_00073,1,2024,2023,287234d601433e40a271d9ddd26ead9f9308af2b1677c85e3834012d64e6e7d2,site_fold_3,0.5071204543616262,0.14568551829385365,0.5831926075317269
seoul_flood_2024_00117,1,2024,2023,96bfd72b61bf954f2785d404c928759454d7b17f1b9112b500e5bef0de66965f,site_fold_3,0.8578558846351951,0.8583229540204729,0.7952592320880035
seoul_flood_2024_00085,1,2024,2023,3becba3274152e21c153ada0da15bb1d8f5a0a5aa386ebae6fe6064d468e125d,site_fold_4,0.6101416364201839,0.9827057317011836,0.9970253700799021
seoul_flood_2024_00118,1,2024,2023,08e8ba1a5228798be26cec1295ab372eef931328d892df9a0a6f83f388090f1f,site_fold_1,0.831309060897213,0.9431866324202522,0.7479580077709378
seoul_flood_2024_00087,1,2024,2023,038885154917f49461b2bd823ed84f168eb6f07b4247e762aa3785177bf2f1a8,site_fold_4,0.7258720771132259,0.936381241761994,0.9530946935411548
seoul_flood_2024_00090,1,2024,2023,e2021107777c58ae4753e65b214bcf759eb5dade508d589c0faa3ecf220f7db4,site_fold_0,0.5454941574008021,0.9879487107164883,0.9967484932200495
seoul_flood_2024_00092,1,2024,2023,9a1836775b51d543b83e763701479475aa2241ddd6420af60260e1c2994536b2,site_fold_0,0.7523610342246001,0.7856652429292603,0.8989714477829114
seoul_flood_2024_00095,1,2024,2023,5609876fb475b5f8749245964924f472f2921b55d27942248654e089174fcb3d,site_fold_3,0.6730601413731323,0.8366824224468151,0.7298671508852831
bg_2018_0008,0,2018,2017,e01f18c6157377aa8fea34d0849ee57ba81780ea6b458a684b38b58c1f249aa7,site_fold_1,0.005385839024870694,0.03281064612873712,0.06199400153598008
bg_2018_0012,0,2018,2017,031f604ccd8decf0bc0c0f1b46d764f67618a666286b5ef046ba714fd32ce319,site_fold_2,0.0012933879567789436,1.430458807707515e-06,1.6138491164162026e-05
bg_2018_0014,0,2018,2017,96f4653cba9c5b8fffc448302fa973dfcae2a21030235ce4f086544c824fafd7,site_fold_0,0.00013401000091629615,0.00013027649631224258,9.308674195016694e-05
bg_2018_0016,0,2018,2017,b567922b1a6e50fee3cb576e2441824a9c83fd4dd5fac5d1c44c98d81360cfb7,site_fold_1,0.024458999651706746,0.6824994522679402,0.02108255580921386
bg_2018_0019,0,2018,2017,6edce6b5be5a6297cfc6785fe6eb1f9255b7a66545fc3bea508c64d379a86f22,site_fold_4,8.907708281611334e-07,3.479059289302558e-08,1.2600022613714205e-08
bg_2018_0021,0,2018,2017,a74f251b2c3000fafc6ffa15b42a8c8767d1d7f96385ec57c9a92bad2775d4d8,site_fold_2,8.175283825123545e-05,0.0108867701087009,0.0029101324247751644
bg_2018_0023,0,2018,2017,707cefe99fb18e837868489d84317ae20f18934da0f4afa2a1f2b42c41ecaec8,site_fold_1,0.0020338874496437153,0.0001289044252621623,2.8355210803369777e-06
bg_2018_0025,0,2018,2017,7c6261366bf8edda64089f460e853aeaeda958dee0f29ba57605120c552ce3ad,site_fold_2,0.2897018793945311,0.00322523942513724,0.04619842889545537
bg_2018_0027,0,2018,2017,07e4e2986cc515ff4959416c897bb00877a6b5e8b3b13ea6b922aa271b685181,site_fold_1,0.01690839654125096,0.012797364656729529,0.02347445330089281
bg_2018_0029,0,2018,2017,d85443019e270af275d8e6dd883eb545895d895bb3302685db5c485b48671cbe,site_fold_4,0.005223619839220504,0.8825559253992483,0.36226429301563
bg_2018_0031,0,2018,2017,294277d42644ddf4e441a0ce7c53aca2bfa06820f022b5f34069e9a8a30356b2,site_fold_4,0.0004026821300734274,0.19258115942160878,0.02184106916618236
bg_2018_0033,0,2018,2017,21e62fc153d7c067a581956f9285d808728d0fbcc3f743972121ab385b7f240d,site_fold_3,0.4014266540312498,0.33329399976555807,0.24554487631864833
bg_2018_0035,0,2018,2017,84e4269b50220afc54cd94d366ce19c65299d35df850ceaee93eadc2d1fba7df,site_fold_2,0.0017690635132708685,0.0396662790774492,0.008952677985480556
bg_2018_0037,0,2018,2017,ec12ead14120d4fd24d16cabbbd241eb1d0fe9c16ad943805a4312845283d462,site_fold_4,0.12281324118140974,0.010546282567145479,0.0036192130925226
bg_2018_0040,0,2018,2017,b8e6d522bdee72713691c7fcf5a63989a868dfd95bd2cab5437e22511b06187d,site_fold_1,0.048830420022019774,0.020548489936526162,0.03632846286274611
bg_2018_0041,0,2018,2017,2fd1ce506e821d00b2c7dc4f3c74578abf6a9aa737fc9b17501c9a890c7b32f4,site_fold_2,0.14864162292900873,0.006873775699474758,0.002760791049319154
bg_2018_0042,0,2018,2017,c5c162e440897a82f0cf5001e5831e1ef3a67dfe6bf07a591a79a43cc3ff74f5,site_fold_1,0.027965132450326495,0.006131102955177634,0.00500780363162537
bg_2018_0043,0,2018,2017,3dc07fb46bf80b6eecd3b849850467fc614be95e21cbda76c3c7cdf7a7106cf4,site_fold_2,0.00014365541012554867,4.071149192779941e-07,1.4567197290920908e-06
bg_2018_0045,0,2018,2017,5abac985a6deaa808eecb6a2742d5a724388c8f6c7ad871704b78b4066e386dc,site_fold_1,0.7304508703947378,0.37903877126786173,0.18276512222731262
bg_2018_0047,0,2018,2017,9b143e553b172de0a0dbcd667fcc44ff4424a8f9c8019d9c4a4518f7420b41af,site_fold_0,7.735754051418731e-05,0.002502218540544923,0.0010485597711113776
bg_2018_0049,0,2018,2017,1a44f043ff970d264d22e596a5e8bcb7dd2eeaed1035fc9b3d7de0c36349a6e3,site_fold_3,0.4554407906112345,0.881640647573937,0.6255151226070562
bg_2018_0051,0,2018,2017,748d2b899e4eb3beab4800bc94e8ff516e34ed0db3aef051813bec260a8670ce,site_fold_2,0.07296565779480163,0.04490504588603697,0.024172903710553743
bg_2018_0052,0,2018,2017,dcd99ae5f275a0be2458b09742536127a22d13b902bd53e5ac740a04f46f77f3,site_fold_3,0.09477833568314574,0.14818437550929736,0.03326877655220559
bg_2018_0053,0,2018,2017,ef5548ab378a0d6f1136921f787bedefcf308b5bf6f03841ab384a58392a796f,site_fold_3,0.00011116681957386678,2.6125983191480465e-05,0.000584105351622848
bg_2018_0054,0,2018,2017,8b97daeee954f5cf8ce99941964f6b69aafbd08ff670db5383f686bb16668c44,site_fold_1,0.20521583268106006,0.04446622970024837,0.0031396825404795296
bg_2018_0056,0,2018,2017,dc2c073fab33fa44d4232f769c5e6003d6870f75c7967861a7b52e38d7c69572,site_fold_4,0.005804583594100402,0.5308877405257453,0.5688533008790603
bg_2018_0057,0,2018,2017,d40effa8069de0fc26ed37d2c749ab608986996e969ab3f7db4ee96472d380dc,site_fold_1,0.7337048757977868,0.09986472164037542,0.1521522614229982
bg_2018_0058,0,2018,2017,203ddd064d80fc0d4e7bff11a0776d9e93419a3a6037aa9adc2c7505290a1813,site_fold_4,0.11874027287132655,0.010133640117880725,0.05779402845265774
bg_2018_0059,0,2018,2017,f9a9ec68c6f1d2a1231e5e83d38745b60d61290ff74ac936aa8f0683822eb8eb,site_fold_0,0.34967052115948616,0.041700172618007826,0.08667284559645008
bg_2018_0061,0,2018,2017,320a5b870363bc27bd783e6d2b485a8d3972cfc67854a5a58639a25fc374f980,site_fold_0,2.2509445916775964e-05,1.4785272054650084e-05,4.5949056721375674e-07
bg_2018_0062,0,2018,2017,b72bc3515d6491d4fb990553794908030b77eceda6076312844c64f5685529fc,site_fold_4,0.37974887541916963,0.011071045396857469,0.017477941156084312
bg_2018_0064,0,2018,2017,7cf777b87c15c35cb12a26b7d8ad0f56654c2b75b6447578107c0cef8bdd2e29,site_fold_1,0.42646205601507137,0.20096742881648957,0.16621332807780612
bg_2018_0065,0,2018,2017,2ae3e4a48561eae2ac17dd839dccd2bfa7997585727481cf2cc5ad1a544cbb29,site_fold_3,0.00018133060256887026,0.00027125332106261193,0.00016294840185272273
bg_2018_0066,0,2018,2017,a5a2dc9c1dbe6d7af6f51645bd09cb467e8f7c186eb7d91b2a155cea8ae622ed,site_fold_3,0.016340688342651136,0.0002915906523429794,7.364236371723095e-05
bg_2018_0067,0,2018,2017,b687a30ed837278ff4dadcfdef30f40b2986a06c7c79ed57693b3e6b2b1a9d33,site_fold_4,0.5569323407210625,0.9827494265065021,0.8263601532968705
bg_2018_0069,0,2018,2017,19b54b72bdde6c4bd3cbe2546f3414a4ff56cd60d6a2bcdf3d6f1f199e8b9a7a,site_fold_2,0.5323213643787451,0.00178844165127025,0.0066809765972040205
bg_2018_0071,0,2018,2017,48da3e414015f3351b42e87e9218a6ceaedce537a926ba13d8759590bdad9d81,site_fold_3,0.5227827937683098,0.9353884899911381,0.8069321770094477
bg_2018_0072,0,2018,2017,ea2e9240baa8efb8641cef5f652b1f430fd03b8bb6bdcae03cd85c7be7d79e6c,site_fold_1,0.44753151506749317,0.027326194498273008,0.010829666669135315
bg_2018_0073,0,2018,2017,eb67dc3c4a6302c161ea7c937485d56e520ac962c08ed97fcd8cb6d32e101eed,site_fold_1,0.44683921750906697,0.0347072934167811,0.04334510468241966
bg_2018_0074,0,2018,2017,0661378a425c8a66c4aa539a6016f77d94444565f19a404c200d8da71d881e6f,site_fold_0,0.34082018652209345,0.0013690191590426653,0.0013292239961329162
bg_2018_0075,0,2018,2017,c1f90f1983b063e2d466b9b1bebe90d7fc37a3d7d52615c416a054934dc3850f,site_fold_4,0.8792127375607511,0.07844266143279167,0.009922716426463021
bg_2018_0076,0,2018,2017,b0bb5e94bbb58bef0707986a0b214f4618e10f100ec3660f7f792c139b83b7bf,site_fold_3,0.8454318726141125,0.14611088278478412,0.009492779779534138
bg_2018_0078,0,2018,2017,a5ca7d8f214e2cdbd499bf191e3ef82542d8fc7c4eb63c250906aecb6d052776,site_fold_1,0.017444324189209368,0.17216545448082488,0.004701801923900433
bg_2018_0079,0,2018,2017,387293de0a4d2562776968a4c928898f0c153e19c243293da6f2314332ce8e09,site_fold_0,0.5715381032717941,0.0009279546524622109,0.0012840054242953926
bg_2018_0080,0,2018,2017,e647221675ed4239c7ecfb607d39fbe04e5956323af3be0aa98f0d64ac923420,site_fold_2,0.9265312742555355,0.21827446405934736,0.31230794592820643
bg_2018_0081,0,2018,2017,a79ec02ce4ac7963f73a96c80a4ea1fc557a0747a742e20e54654266ddade15f,site_fold_4,0.7099100457545506,0.4065903808626996,0.540231990176102
bg_2018_0082,0,2018,2017,5535d9eaa37e4d1a7b852f0870d6bc9cf8d44c2c849c46b6e3bc123aea922f98,site_fold_0,0.9772882451331661,0.001352267054738908,1.5716043074024667e-05
bg_2018_0083,0,2018,2017,fe080c2d9abb132cc64d5557983b111ff97e3f58f287666fd5faa26bdb192287,site_fold_2,0.5802833192307556,0.3665932509706655,0.03459857148059832
bg_2018_0085,0,2018,2017,f3ce6092bb24123a060a0495483d50073de4e4ee953fe58bd28e219e1a83baa1,site_fold_3,0.0007214562848688903,0.005776128133807972,0.03837005435675793
bg_2018_0086,0,2018,2017,2f8d0c0da0be361972dcf84753d6a3e08b6dad88a520b7d1a92b86f9b38320ac,site_fold_1,0.1719524409063134,0.007007174634068898,0.003383870094383246
bg_2018_0088,0,2018,2017,d948566b5d11292ec582eb153178eebb116e8d9e510bbbb560baf1319dcb07ea,site_fold_4,0.23236036725668882,0.003957775998905396,0.009311549319948665
bg_2018_0089,0,2018,2017,30e0262a5079f27f544cfa11a50c2dac7696a1223e31b6a5743a25b88178f3f9,site_fold_1,0.547280539571961,0.10296749072166828,0.011321998018796534
bg_2018_0090,0,2018,2017,0ea0ea06867904ade6f0cc97d06bcc3a15a536e081b0765ae05da45dd08c935e,site_fold_3,0.43519890428413344,0.2524386869672696,0.6309579886743171
bg_2018_0091,0,2018,2017,982618d21af830b045f8c249c93b9fe8c0ca46e8eef0f38a41b858d40f182133,site_fold_1,0.43893103856658305,0.4568162785511622,0.8842096983247186
bg_2018_0092,0,2018,2017,1329ca34dd0aa22bba0143275ea656df9883ad433541073bcd4a263e3256d123,site_fold_3,0.395079258431703,0.5809368642750484,0.5140975300157924
bg_2018_0093,0,2018,2017,39af272ed4011f905c7675ca8e5251a45ad8be334a928f57454f06824c57b67d,site_fold_1,0.4746367907726961,0.09419827118123404,0.2941476745168228
bg_2018_0098,0,2018,2017,09cec87c34c3457792131d98f4e5ea7c0de72227cb164719da0895a2dd49e29f,site_fold_4,0.020040294632932363,0.9451694969395347,0.5616780610853004
bg_2018_0099,0,2018,2017,eab8096d803acb18cc201f6ace31bbda179073d5e6a99e0d73d2ec05bccdf772,site_fold_0,0.05055002509325214,0.00048241590372045425,0.0004682775307478884
bg_2018_0101,0,2018,2017,0e3e2e1f0d7500e89ab5386ac3395e82b86d098339e82b63a4f96b3de677403b,site_fold_4,0.1622840408550751,0.10111528904701805,0.044625052507550333
bg_2018_0102,0,2018,2017,d083f6498d7fbd2e9d25a6ad0b6797fb6e2c24cc6ad3d7ca5f9713008c86dd50,site_fold_1,0.03057718759295746,0.0009222388926862626,0.0014129407662904073
bg_2018_0103,0,2018,2017,094fe38ba748a64e5efdec7fb8286b4be6aadc362ada39934354d5551a5da3d0,site_fold_3,0.11497746353841973,0.2194492262165316,0.09763271457160301
bg_2018_0104,0,2018,2017,381d18bd61e34cf882bdfdf6012481b10927e35d12e6647db1266ea9a179de4a,site_fold_0,0.00011553174123064644,0.0032597112712941145,0.010423508121404612
bg_2018_0105,0,2018,2017,5bb0f3030646a3eca15b3c715c0a2cc5c67d8a64036f4b26e788799479fcac9b,site_fold_4,0.7015971474312551,0.9605307030138915,0.7243023382087861
bg_2018_0107,0,2018,2017,121ca7306a2ae0103033e3004279ef3e80366ab277effbd7df933cd44df93378,site_fold_4,0.8850160494850129,0.956491171413874,0.29694934359270025
bg_2018_0110,0,2018,2017,fe94a8a6361778f583248af09d52d2f8beaeed2c3a1047494990e54232abf263,site_fold_3,0.43541012819979735,0.7416398524411884,0.4261734528284487
bg_2018_0112,0,2018,2017,9b8cfb8dd01fd7117ec530b8b1be50f430e0bba381744f956eee96179adeacee,site_fold_1,0.9139101420975821,0.9942084928872698,0.9937787738347018
bg_2018_0113,0,2018,2017,574a670bce4623563698b796be6af8072c206bfd8806e5f36ff822a332eff57b,site_fold_2,0.10260687738993428,0.9107149974517406,0.6563847686174988
bg_2018_0114,0,2018,2017,cbf698a2629e0c40badff8fdce66678097136d982ad6e328f5e174702db1ac72,site_fold_1,0.09166359062559051,6.488041387701759e-07,1.2813543680776649e-05
bg_2018_0115,0,2018,2017,48ba22de3d6960040834837c9f93bad7da1ff9aa12c70c28cf23329daa5556b9,site_fold_0,0.33567665525597196,0.0037585834470841096,0.07612230698593223
bg_2018_0116,0,2018,2017,b89dc14cbabd117f4baa55fee005974d32ebb678421d282b6faf5919d4c5513d,site_fold_0,0.017737834854102564,0.678002191196688,0.2845472696621102
bg_2018_0117,0,2018,2017,259d5e4e331efc426e8d5cb37d174767fad44812d9c8aac2673f920f15e78ad6,site_fold_0,0.5002201440561016,0.0004438749100757295,6.0676506814760013e-05
bg_2018_0118,0,2018,2017,8e82547d47b9be467e201fcc7a5aecc54c71aded64e0ac980099b8678439acd8,site_fold_4,0.4414075566806728,0.04666873371516914,0.0010806226628018768
bg_2018_0120,0,2018,2017,1cdab643d1b940b0693fcbf08e8a99e52473b61131de923eb8b284c32f00c4d4,site_fold_3,0.3124125816167745,0.04212266396701901,0.14679499899881004
bg_2018_0122,0,2018,2017,bf6cb7c3b436132579c4c247e107989902b49e1a3a297a787f54b840578a302e,site_fold_3,0.09889773214380365,0.00021605104022879518,0.0002697288855228508
bg_2018_0124,0,2018,2017,74a593ab813090c62b6028480a668a3959fb4e059bcc73876ed08db88d30bda2,site_fold_1,0.009997165210077109,0.05283829642148783,0.014035710165040377
bg_2018_0125,0,2018,2017,669228cb6311c26fa81b0cc72a9f043cf099e2aec5da6174c5343570362b53f9,site_fold_4,0.0002996995580366007,0.0022010723699659998,0.0499456561750033
bg_2018_0129,0,2018,2017,9d517f55ae5613be7e9c1f546afa3a8453196835262a2da69354022e181623af,site_fold_1,0.46122249944970506,0.1441365192906347,0.27816233717342803
bg_2018_0130,0,2018,2017,30fc7f1fd06b41eaa1cbfba3302ccf7b637fb6b97d364777008dcc7203e27e88,site_fold_3,0.5899111867074238,0.9436259537376517,0.9596884975300561
bg_2018_0131,0,2018,2017,c70088b5f5ed553ac8d54c56b48c1be5b90a722246b8993e86f8ab252abee2b8,site_fold_2,0.7342673819613655,0.9817440667876399,0.98574843789547
bg_2018_0133,0,2018,2017,f4be26be42aa63779b31705fdb787991f04b62cc376f4011ad45d4e46a90aadc,site_fold_3,0.8416840738237312,0.08808403492388239,0.04901283951343065
bg_2018_0135,0,2018,2017,d4a9a61f6e816b947950df9ce5dcf1ba5199c097b89c4e2ff3146444ea11cb5e,site_fold_0,0.261244297761207,0.03132028504499886,0.18199983096356614
bg_2018_0137,0,2018,2017,b1c60d3479151c265d732f1691c8965b5045f9f996bc435e7cc5093bbabaa7ca,site_fold_0,0.41201071301486597,2.9533635256408742e-05,8.858938144647837e-06
bg_2018_0138,0,2018,2017,8c4da60d1d75cffc9bd0bb476c0dc48b8024afb93b7ec5dce86a348e4a515c7e,site_fold_1,0.0006736082323134604,0.15467839300358138,0.10983484598796063
bg_2018_0140,0,2018,2017,25491912f96991025541d5f5da5a1ed06d902fbef16223d74ebe72a74b2706c0,site_fold_0,0.14418470302028294,0.03493542144057515,0.09174662533809806
bg_2018_0142,0,2018,2017,27cf11d64439127707db65caff07bd9f503a61a6427d56ac8b3df0c792261c04,site_fold_2,2.978273903730791e-20,2.852224633357283e-16,1.6534680360958698e-21
bg_2018_0144,0,2018,2017,48a8d4b27be3f5a3d567610c033ac715c6277500103c9ec2d712f0b3bd427f0b,site_fold_4,0.6040772824345254,0.8557758116577174,0.8447963235967801
bg_2018_0146,0,2018,2017,e889077796f75a8bf06a0218348506ff1aa58361a026a2158158d33545d8f8e8,site_fold_4,0.5006958345748111,0.5089591263689713,0.22289317709042233
bg_2018_0148,0,2018,2017,7e9ec81c8ea1517e7c97d3f130bd8da15eded8367199dea08912d7fec27678bc,site_fold_4,0.7408497211261101,0.05721260912511724,0.11959153352751008
bg_2018_0150,0,2018,2017,2d514b854a9419024c44d135af3eff0d5ec793684c36bece8e6471bba25f3d4b,site_fold_2,0.0056006422860967,0.025842083876048035,0.004070395020256818
bg_2018_0152,0,2018,2017,ce81223ed4abc36fdbbc236f8ffb7d0ee9ea969f12ac8750196c90345354cd48,site_fold_1,0.011617147569362647,0.0016018215391055447,2.4284733893162167e-05
bg_2018_0154,0,2018,2017,eaa88e45dc34bbc37c2c1c462247981c702e40fc4de264f8bfd709abb71da6d3,site_fold_2,0.03818291848591118,0.6675103783408616,0.48605728922264374
bg_2018_0155,0,2018,2017,37a1b32ea4828c6949829c840f5a2c1015383861dcde49e417670a4242964123,site_fold_1,0.021715146542479562,0.0004277179980826293,0.0004705924031163233
bg_2018_0157,0,2018,2017,10931396412cd75603aea0d3abeeaa86eab99d3b921d1b092b41bbab3e6b3ef3,site_fold_3,0.4649196416927742,0.004332728680648501,0.026005344297508313
bg_2018_0161,0,2018,2017,d49b5fbc9ceb41ca0416f4cdb698a4166b7a68f5b61831b3c486481ab9266d59,site_fold_0,0.5471732593046897,0.8507090496399443,0.7350136574209276
bg_2018_0163,0,2018,2017,aa4923f93f3935d9017a178e2e2a00c39f8bda9e0d5768ff25899acb453cfe4f,site_fold_4,0.5493322845442522,0.5557628217867249,0.1059523301189466
bg_2018_0165,0,2018,2017,d2fe77c5494009de82c48b234cc00ce5e962100afef8729763eebcde1fdb3ee6,site_fold_4,0.26186878058599494,2.7538275874994662e-05,0.0005740051462757396
bg_2018_0167,0,2018,2017,4a3e32b2592c4bca0306e12810e632bbc064edd22a18e37cda46c14b345b44bb,site_fold_3,0.00944756937337336,8.499751070586004e-06,0.00043336860082768996
bg_2018_0176,0,2018,2017,f2237c29d27bd0b5346f0be444cdf4b5a741aa2fba630c9086b59654a04a210f,site_fold_2,0.22847960225046288,8.125969015262937e-05,0.001326935979759521
bg_2018_0178,0,2018,2017,e61f9b395ebe806bb4173411398360588d9e72421527f2deafa2fdbbbb195b65,site_fold_4,0.5005019437442035,0.48416611890861716,0.8100013493114836
bg_2018_0180,0,2018,2017,a113ed2181e2dafdd3bd4c517c782ea37e2fc64120cbcccfd433bc0ea0d1188c,site_fold_2,0.004299680568419266,0.00046907537787876366,0.00016043408599730478
bg_2018_0182,0,2018,2017,338e23f9b352e3105dbde6ef929db218b89c42bef0ff3192ba71868dc1c03e11,site_fold_1,0.5733670665845876,0.6015785395764562,0.08252108636298484
bg_2018_0191,0,2018,2017,cbc1c3c2479947688ce7ff97d13516aff256f9ff10811bac671aee0b4c32337a,site_fold_4,0.0018440523097425915,0.00010807645184083891,0.0010816763265013045
bg_2018_0193,0,2018,2017,61dbfdd28521f9308c90c25b11338b8d4a84bcf61abdb389858a2ac8ee611700,site_fold_3,0.38025278289977704,0.7367058560105528,0.8832805325559441
bg_2018_0195,0,2018,2017,84ed77966a29277f09a9d25467f5d8ab0f66d8e58892bfa6b237ad9a9a82cd74,site_fold_2,0.000452060540801529,0.01575344514632448,0.01424973763057089
bg_2018_0197,0,2018,2017,085eb8211e0d2e935d23d26841e01d26a6fd4d394c7185918f5965368be91c14,site_fold_4,0.9260512669686957,0.9094407232491515,0.6952988677750898
bg_2018_0199,0,2018,2017,83039e54e1fa37ee25521fbe29d0a288ee1d48abb96cc75dc80796ea6e46a80e,site_fold_3,0.005902552462453197,4.36731108899365e-05,0.00010941829138589113
bg_2018_0208,0,2018,2017,7fcd19c49f8ef373af77d30b6ea657701de171b59c2cc99c492381c7fa79eb53,site_fold_2,0.0021302365645063477,5.827242012183538e-08,1.657193667494922e-06
bg_2018_0210,0,2018,2017,81ecec5ea53df338cb8dec8a3d93efdf89b240e40ceb46e53c9c62deeb7134ad,site_fold_4,0.5455607591041941,0.6898310437372197,0.3800560849368626
bg_2018_0212,0,2018,2017,d62a426cec03061a92b4b16ff9276a42c85c45c9bef3ede5653bbbd82d16c4a6,site_fold_1,0.2549954468092506,8.143911486283608e-05,0.0003371956098552066
bg_2018_0214,0,2018,2017,adcf989dc565c016087934f1ab4ba3b574fbe4b87d6ce6c4c0efac4ac2994595,site_fold_3,0.6668908059887755,0.9797842971035988,0.9884502007061825
bg_2018_0227,0,2018,2017,f6e58d1a82b10079ee37183b7cf9cacaf6d4a553dd204c84c7040b1b90f871aa,site_fold_3,1.8942148919512714e-05,7.350222997936882e-07,4.13506846414767e-06
bg_2018_0229,0,2018,2017,571d300f79ea95c93212637680e248e7f42521541f8f5180c48bc4344a8082b1,site_fold_1,0.0015564647770952489,0.031486595941443166,0.005084166758714801
bg_2019_0008,0,2019,2018,e01f18c6157377aa8fea34d0849ee57ba81780ea6b458a684b38b58c1f249aa7,site_fold_1,0.0033833104951289613,0.005605375717508481,0.0015202535852933488
bg_2019_0012,0,2019,2018,031f604ccd8decf0bc0c0f1b46d764f67618a666286b5ef046ba714fd32ce319,site_fold_2,0.0010277568773018578,2.880339726261744e-07,1.7427585557337291e-06
bg_2019_0014,0,2019,2018,96f4653cba9c5b8fffc448302fa973dfcae2a21030235ce4f086544c824fafd7,site_fold_0,2.5491197527125126e-05,1.573908670653603e-06,9.762011323505486e-07
bg_2019_0016,0,2019,2018,b567922b1a6e50fee3cb576e2441824a9c83fd4dd5fac5d1c44c98d81360cfb7,site_fold_1,0.012017090956745814,0.035446744322111395,0.003631753024917864
bg_2019_0019,0,2019,2018,6edce6b5be5a6297cfc6785fe6eb1f9255b7a66545fc3bea508c64d379a86f22,site_fold_4,5.202173466807553e-07,2.496567674152076e-09,4.369463801333594e-10
bg_2019_0021,0,2019,2018,a74f251b2c3000fafc6ffa15b42a8c8767d1d7f96385ec57c9a92bad2775d4d8,site_fold_2,0.00017006114553926035,0.0011667545726351512,0.000585674300671274
bg_2019_0023,0,2019,2018,707cefe99fb18e837868489d84317ae20f18934da0f4afa2a1f2b42c41ecaec8,site_fold_1,0.0006934447710428073,3.3254725598337073e-06,1.2760320467637082e-07
bg_2019_0025,0,2019,2018,7c6261366bf8edda64089f460e853aeaeda958dee0f29ba57605120c552ce3ad,site_fold_2,0.17883259129028176,0.009933065407613339,0.0013027240285502719
bg_2019_0027,0,2019,2018,07e4e2986cc515ff4959416c897bb00877a6b5e8b3b13ea6b922aa271b685181,site_fold_1,0.00855944145092219,0.00035638795932117583,0.0004919846188295003
bg_2019_0029,0,2019,2018,d85443019e270af275d8e6dd883eb545895d895bb3302685db5c485b48671cbe,site_fold_4,0.00225485117333299,0.15823552099624338,0.008613343221524818
bg_2019_0031,0,2019,2018,294277d42644ddf4e441a0ce7c53aca2bfa06820f022b5f34069e9a8a30356b2,site_fold_4,6.903033802841037e-05,0.0011812578065425975,0.00025689377979717985
bg_2019_0033,0,2019,2018,21e62fc153d7c067a581956f9285d808728d0fbcc3f743972121ab385b7f240d,site_fold_3,0.34897580687950985,0.18415197031916983,0.055470113950940765
bg_2019_0035,0,2019,2018,84e4269b50220afc54cd94d366ce19c65299d35df850ceaee93eadc2d1fba7df,site_fold_2,0.0006461666499807821,0.0002430625327860711,0.00023914364142828295
bg_2019_0037,0,2019,2018,ec12ead14120d4fd24d16cabbbd241eb1d0fe9c16ad943805a4312845283d462,site_fold_4,0.11840363056872469,0.0003383550500783978,0.0007452845760337381
bg_2019_0040,0,2019,2018,b8e6d522bdee72713691c7fcf5a63989a868dfd95bd2cab5437e22511b06187d,site_fold_1,0.08929211834277001,0.012533812726114783,0.006936871463336483
bg_2019_0041,0,2019,2018,2fd1ce506e821d00b2c7dc4f3c74578abf6a9aa737fc9b17501c9a890c7b32f4,site_fold_2,0.1622535131289028,0.0022599437171088497,0.00029153486878589916
bg_2019_0042,0,2019,2018,c5c162e440897a82f0cf5001e5831e1ef3a67dfe6bf07a591a79a43cc3ff74f5,site_fold_1,0.1635004990536463,0.0031812556331680822,0.0010602172650215212
bg_2019_0043,0,2019,2018,3dc07fb46bf80b6eecd3b849850467fc614be95e21cbda76c3c7cdf7a7106cf4,site_fold_2,5.489878420198787e-05,1.646789124074776e-07,5.825872013908266e-08
bg_2019_0045,0,2019,2018,5abac985a6deaa808eecb6a2742d5a724388c8f6c7ad871704b78b4066e386dc,site_fold_1,0.5909134888818434,0.012272483866845143,0.08061943390740905
bg_2019_0047,0,2019,2018,9b143e553b172de0a0dbcd667fcc44ff4424a8f9c8019d9c4a4518f7420b41af,site_fold_0,8.43444193961489e-05,0.00024134629066261388,8.643958201660668e-05
bg_2019_0049,0,2019,2018,1a44f043ff970d264d22e596a5e8bcb7dd2eeaed1035fc9b3d7de0c36349a6e3,site_fold_3,0.32363819916814884,0.7983489652857303,0.21007373336299054
bg_2019_0051,0,2019,2018,748d2b899e4eb3beab4800bc94e8ff516e34ed0db3aef051813bec260a8670ce,site_fold_2,0.09022648036133851,0.013020648416141152,0.013431942278200331
bg_2019_0052,0,2019,2018,dcd99ae5f275a0be2458b09742536127a22d13b902bd53e5ac740a04f46f77f3,site_fold_3,0.1542280300609154,0.06729374190621884,0.016446053253684784
bg_2019_0053,0,2019,2018,ef5548ab378a0d6f1136921f787bedefcf308b5bf6f03841ab384a58392a796f,site_fold_3,0.00020568565687003438,2.2296580531136263e-06,0.00019767111008219625
bg_2019_0054,0,2019,2018,8b97daeee954f5cf8ce99941964f6b69aafbd08ff670db5383f686bb16668c44,site_fold_1,0.3051626155855141,0.004545352375325511,0.002128079004843583
bg_2019_0056,0,2019,2018,dc2c073fab33fa44d4232f769c5e6003d6870f75c7967861a7b52e38d7c69572,site_fold_4,0.013347597476596855,0.13820955941929433,0.07807825760168913
bg_2019_0057,0,2019,2018,d40effa8069de0fc26ed37d2c749ab608986996e969ab3f7db4ee96472d380dc,site_fold_1,0.5077485695681859,0.03552255082552592,0.03518035072917973
bg_2019_0058,0,2019,2018,203ddd064d80fc0d4e7bff11a0776d9e93419a3a6037aa9adc2c7505290a1813,site_fold_4,0.15627253589985254,0.006604182241780615,0.03515982337407047
bg_2019_0059,0,2019,2018,f9a9ec68c6f1d2a1231e5e83d38745b60d61290ff74ac936aa8f0683822eb8eb,site_fold_0,0.2522407202543519,0.03372074922044824,0.050134113150219484
bg_2019_0061,0,2019,2018,320a5b870363bc27bd783e6d2b485a8d3972cfc67854a5a58639a25fc374f980,site_fold_0,3.564673143374494e-05,0.000325779171292764,2.3291235104031417e-06
bg_2019_0062,0,2019,2018,b72bc3515d6491d4fb990553794908030b77eceda6076312844c64f5685529fc,site_fold_4,0.41236859427653133,0.0020667157039577977,0.007176483159305535
bg_2019_0064,0,2019,2018,7cf777b87c15c35cb12a26b7d8ad0f56654c2b75b6447578107c0cef8bdd2e29,site_fold_1,0.44948540520538216,0.05698962795275587,0.0952104695788006
bg_2019_0065,0,2019,2018,2ae3e4a48561eae2ac17dd839dccd2bfa7997585727481cf2cc5ad1a544cbb29,site_fold_3,4.682286882045022e-05,3.319051268712339e-05,1.5730488400534835e-05
bg_2019_0066,0,2019,2018,a5a2dc9c1dbe6d7af6f51645bd09cb467e8f7c186eb7d91b2a155cea8ae622ed,site_fold_3,0.051995119677814075,0.0009810010942275997,2.3357697867533245e-05
bg_2019_0067,0,2019,2018,b687a30ed837278ff4dadcfdef30f40b2986a06c7c79ed57693b3e6b2b1a9d33,site_fold_4,0.5426617320612435,0.8709831386422018,0.5506129780888439
bg_2019_0069,0,2019,2018,19b54b72bdde6c4bd3cbe2546f3414a4ff56cd60d6a2bcdf3d6f1f199e8b9a7a,site_fold_2,0.4311959543983925,0.003838797093338275,0.00047433087504583247
bg_2019_0071,0,2019,2018,48da3e414015f3351b42e87e9218a6ceaedce537a926ba13d8759590bdad9d81,site_fold_3,0.6726225941571716,0.8806738768944498,0.8051990058338961
bg_2019_0072,0,2019,2018,ea2e9240baa8efb8641cef5f652b1f430fd03b8bb6bdcae03cd85c7be7d79e6c,site_fold_1,0.4630364803494311,0.004402172191786931,0.001407304507930151
bg_2019_0073,0,2019,2018,eb67dc3c4a6302c161ea7c937485d56e520ac962c08ed97fcd8cb6d32e101eed,site_fold_1,0.43537346993501264,0.02775585950784528,0.02085589441574359
bg_2019_0074,0,2019,2018,0661378a425c8a66c4aa539a6016f77d94444565f19a404c200d8da71d881e6f,site_fold_0,0.38390763929655936,0.0024215194103758054,0.0008908422182958966
bg_2019_0076,0,2019,2018,b0bb5e94bbb58bef0707986a0b214f4618e10f100ec3660f7f792c139b83b7bf,site_fold_3,0.6688724335515215,0.018936946669147622,0.0012076149465962815
bg_2019_0078,0,2019,2018,a5ca7d8f214e2cdbd499bf191e3ef82542d8fc7c4eb63c250906aecb6d052776,site_fold_1,0.009367928419454484,0.0029741844926970823,0.0009811825175906814
bg_2019_0079,0,2019,2018,387293de0a4d2562776968a4c928898f0c153e19c243293da6f2314332ce8e09,site_fold_0,0.661419180511868,0.00016389652926072093,0.00025797719896415743
bg_2019_0081,0,2019,2018,a79ec02ce4ac7963f73a96c80a4ea1fc557a0747a742e20e54654266ddade15f,site_fold_4,0.7611480781135503,0.1739435132753292,0.4571010815840711
bg_2019_0082,0,2019,2018,5535d9eaa37e4d1a7b852f0870d6bc9cf8d44c2c849c46b6e3bc123aea922f98,site_fold_0,0.9526462200272855,0.0003584169885041233,1.5601966596428747e-05
bg_2019_0083,0,2019,2018,fe080c2d9abb132cc64d5557983b111ff97e3f58f287666fd5faa26bdb192287,site_fold_2,0.6373036951738315,0.06052452698924003,0.013966286010633683
bg_2019_0085,0,2019,2018,f3ce6092bb24123a060a0495483d50073de4e4ee953fe58bd28e219e1a83baa1,site_fold_3,0.0009382190575676407,0.002484641462307985,0.04866607522712379
bg_2019_0086,0,2019,2018,2f8d0c0da0be361972dcf84753d6a3e08b6dad88a520b7d1a92b86f9b38320ac,site_fold_1,0.20321923731252392,0.0014868592578737572,0.00040527142660498416
bg_2019_0088,0,2019,2018,d948566b5d11292ec582eb153178eebb116e8d9e510bbbb560baf1319dcb07ea,site_fold_4,0.20510840130514135,0.0006207508277106494,0.005274695362619131
bg_2019_0089,0,2019,2018,30e0262a5079f27f544cfa11a50c2dac7696a1223e31b6a5743a25b88178f3f9,site_fold_1,0.6123490705611399,0.006436578673898808,0.0003634128047345769
bg_2019_0090,0,2019,2018,0ea0ea06867904ade6f0cc97d06bcc3a15a536e081b0765ae05da45dd08c935e,site_fold_3,0.5237872349611998,0.36301182486458533,0.47967101753068153
bg_2019_0091,0,2019,2018,982618d21af830b045f8c249c93b9fe8c0ca46e8eef0f38a41b858d40f182133,site_fold_1,0.4795601523647828,0.5053916258237237,0.40120800747099955
bg_2019_0092,0,2019,2018,1329ca34dd0aa22bba0143275ea656df9883ad433541073bcd4a263e3256d123,site_fold_3,0.318525930882507,0.4644093863232415,0.06097773184135868
bg_2019_0093,0,2019,2018,39af272ed4011f905c7675ca8e5251a45ad8be334a928f57454f06824c57b67d,site_fold_1,0.5814325474971177,0.18285547978367578,0.022887285450681263
bg_2019_0098,0,2019,2018,09cec87c34c3457792131d98f4e5ea7c0de72227cb164719da0895a2dd49e29f,site_fold_4,0.010238016852191025,0.17895434684903674,0.26659890084641114
bg_2019_0099,0,2019,2018,eab8096d803acb18cc201f6ace31bbda179073d5e6a99e0d73d2ec05bccdf772,site_fold_0,0.05788341805213765,7.652535242647573e-06,3.9637932695254146e-05
bg_2019_0101,0,2019,2018,0e3e2e1f0d7500e89ab5386ac3395e82b86d098339e82b63a4f96b3de677403b,site_fold_4,0.17729395453749094,0.015149413964795917,0.004376893084885017
bg_2019_0102,0,2019,2018,d083f6498d7fbd2e9d25a6ad0b6797fb6e2c24cc6ad3d7ca5f9713008c86dd50,site_fold_1,0.031252058440581834,0.0001793188494273175,9.801275402601116e-06
bg_2019_0103,0,2019,2018,094fe38ba748a64e5efdec7fb8286b4be6aadc362ada39934354d5551a5da3d0,site_fold_3,0.15586862249942768,0.17089599615857817,0.09785810118639232
bg_2019_0104,0,2019,2018,381d18bd61e34cf882bdfdf6012481b10927e35d12e6647db1266ea9a179de4a,site_fold_0,8.719975463668756e-05,0.0003617501951510638,0.0011261266958726192
bg_2019_0105,0,2019,2018,5bb0f3030646a3eca15b3c715c0a2cc5c67d8a64036f4b26e788799479fcac9b,site_fold_4,0.6741586905265271,0.7378626752056182,0.40544307630832704
bg_2019_0107,0,2019,2018,121ca7306a2ae0103033e3004279ef3e80366ab277effbd7df933cd44df93378,site_fold_4,0.7117215140705201,0.332661461850229,0.18194203971801337
bg_2019_0110,0,2019,2018,fe94a8a6361778f583248af09d52d2f8beaeed2c3a1047494990e54232abf263,site_fold_3,0.4610435218050289,0.44514704232461333,0.10274410757646409
bg_2019_0112,0,2019,2018,9b8cfb8dd01fd7117ec530b8b1be50f430e0bba381744f956eee96179adeacee,site_fold_1,0.838907324250028,0.9717568653303597,0.9114799440994871
bg_2019_0113,0,2019,2018,574a670bce4623563698b796be6af8072c206bfd8806e5f36ff822a332eff57b,site_fold_2,0.10490942957579873,0.8678069405192262,0.529013625055016
bg_2019_0114,0,2019,2018,cbf698a2629e0c40badff8fdce66678097136d982ad6e328f5e174702db1ac72,site_fold_1,0.1137164086900347,6.335222240855706e-06,6.883955812095262e-05
bg_2019_0115,0,2019,2018,48ba22de3d6960040834837c9f93bad7da1ff9aa12c70c28cf23329daa5556b9,site_fold_0,0.3655443920099543,0.0092856567491035,0.029584534103904526
bg_2019_0116,0,2019,2018,b89dc14cbabd117f4baa55fee005974d32ebb678421d282b6faf5919d4c5513d,site_fold_0,0.09715687998218751,0.7839823870275088,0.5750019796154362
bg_2019_0117,0,2019,2018,259d5e4e331efc426e8d5cb37d174767fad44812d9c8aac2673f920f15e78ad6,site_fold_0,0.4948349445020683,9.034497256586057e-05,0.0001784063951032765
bg_2019_0118,0,2019,2018,8e82547d47b9be467e201fcc7a5aecc54c71aded64e0ac980099b8678439acd8,site_fold_4,0.357766089982487,0.005333158340229345,0.0003954048750196072
bg_2019_0120,0,2019,2018,1cdab643d1b940b0693fcbf08e8a99e52473b61131de923eb8b284c32f00c4d4,site_fold_3,0.2920132567923458,0.10729025557952988,0.03648327012872898
bg_2019_0122,0,2019,2018,bf6cb7c3b436132579c4c247e107989902b49e1a3a297a787f54b840578a302e,site_fold_3,0.13982566835285448,0.00020768773166855278,0.0002542185943295956
bg_2019_0124,0,2019,2018,74a593ab813090c62b6028480a668a3959fb4e059bcc73876ed08db88d30bda2,site_fold_1,0.005569843997266841,0.0003698174783987506,0.002066123598976065
bg_2019_0125,0,2019,2018,669228cb6311c26fa81b0cc72a9f043cf099e2aec5da6174c5343570362b53f9,site_fold_4,0.00020678301776433987,8.887885520748649e-05,0.0035445284830023954
bg_2019_0129,0,2019,2018,9d517f55ae5613be7e9c1f546afa3a8453196835262a2da69354022e181623af,site_fold_1,0.5508778132632078,0.10694967423102929,0.04459391501506921
bg_2019_0130,0,2019,2018,30fc7f1fd06b41eaa1cbfba3302ccf7b637fb6b97d364777008dcc7203e27e88,site_fold_3,0.5568855860063644,0.8032304776747787,0.7469922444618475
bg_2019_0131,0,2019,2018,c70088b5f5ed553ac8d54c56b48c1be5b90a722246b8993e86f8ab252abee2b8,site_fold_2,0.7335055346147135,0.9696084845754166,0.7454005603922222
bg_2019_0135,0,2019,2018,d4a9a61f6e816b947950df9ce5dcf1ba5199c097b89c4e2ff3146444ea11cb5e,site_fold_0,0.09770339140314926,0.003784349666656499,0.0315058990556923
bg_2019_0137,0,2019,2018,b1c60d3479151c265d732f1691c8965b5045f9f996bc435e7cc5093bbabaa7ca,site_fold_0,0.45050377992581525,1.1173021926461497e-05,0.04896470055545558
bg_2019_0138,0,2019,2018,8c4da60d1d75cffc9bd0bb476c0dc48b8024afb93b7ec5dce86a348e4a515c7e,site_fold_1,0.0005079022182704142,0.012326595504847061,0.002315274968409912
bg_2019_0140,0,2019,2018,25491912f96991025541d5f5da5a1ed06d902fbef16223d74ebe72a74b2706c0,site_fold_0,0.22736602442524137,0.01043086696605306,0.0130558166678072
bg_2019_0142,0,2019,2018,27cf11d64439127707db65caff07bd9f503a61a6427d56ac8b3df0c792261c04,site_fold_2,4.049445141248362e-20,1.9346260167768386e-15,5.866549166211627e-22
bg_2019_0144,0,2019,2018,48a8d4b27be3f5a3d567610c033ac715c6277500103c9ec2d712f0b3bd427f0b,site_fold_4,0.7501651814002305,0.45275512895699443,0.5061279662862418
bg_2019_0146,0,2019,2018,e889077796f75a8bf06a0218348506ff1aa58361a026a2158158d33545d8f8e8,site_fold_4,0.6705660092512428,0.06444129228950339,0.11370776575095766
bg_2019_0148,0,2019,2018,7e9ec81c8ea1517e7c97d3f130bd8da15eded8367199dea08912d7fec27678bc,site_fold_4,0.7933290940867066,0.026020145869260443,0.008901429625628144
bg_2019_0150,0,2019,2018,2d514b854a9419024c44d135af3eff0d5ec793684c36bece8e6471bba25f3d4b,site_fold_2,0.003855920674029738,0.0006290370874304518,6.785693655777596e-05
bg_2019_0152,0,2019,2018,ce81223ed4abc36fdbbc236f8ffb7d0ee9ea969f12ac8750196c90345354cd48,site_fold_1,0.007222033369771565,0.00015624729680099747,5.367490676264087e-06
bg_2019_0154,0,2019,2018,eaa88e45dc34bbc37c2c1c462247981c702e40fc4de264f8bfd709abb71da6d3,site_fold_2,0.05992124179279746,0.37881285626751,0.2818033056229089
bg_2019_0155,0,2019,2018,37a1b32ea4828c6949829c840f5a2c1015383861dcde49e417670a4242964123,site_fold_1,0.015112246033050418,0.00025593473582040204,2.1537640663384564e-05
bg_2019_0157,0,2019,2018,10931396412cd75603aea0d3abeeaa86eab99d3b921d1b092b41bbab3e6b3ef3,site_fold_3,0.46951586057407274,0.001377503617779823,0.007079993271337416
bg_2019_0161,0,2019,2018,d49b5fbc9ceb41ca0416f4cdb698a4166b7a68f5b61831b3c486481ab9266d59,site_fold_0,0.730902888204938,0.4757662478716353,0.6594201998444406
bg_2019_0163,0,2019,2018,aa4923f93f3935d9017a178e2e2a00c39f8bda9e0d5768ff25899acb453cfe4f,site_fold_4,0.6916547252274822,0.0073365649871114285,0.0008000883598414492
bg_2019_0165,0,2019,2018,d2fe77c5494009de82c48b234cc00ce5e962100afef8729763eebcde1fdb3ee6,site_fold_4,0.28203360778687064,2.9864227325665694e-05,3.188388144270496e-05
bg_2019_0167,0,2019,2018,4a3e32b2592c4bca0306e12810e632bbc064edd22a18e37cda46c14b345b44bb,site_fold_3,0.0006776203613560285,3.420261531047344e-07,4.029875575275272e-06
bg_2019_0176,0,2019,2018,f2237c29d27bd0b5346f0be444cdf4b5a741aa2fba630c9086b59654a04a210f,site_fold_2,0.11500826245764975,6.171484422579807e-05,0.00021462956819049043
bg_2019_0178,0,2019,2018,e61f9b395ebe806bb4173411398360588d9e72421527f2deafa2fdbbbb195b65,site_fold_4,0.4808157847659458,0.15161054507008975,0.4984319140012454
bg_2019_0180,0,2019,2018,a113ed2181e2dafdd3bd4c517c782ea37e2fc64120cbcccfd433bc0ea0d1188c,site_fold_2,0.002874321078465355,4.7947766186717824e-05,2.5476826039996592e-05
bg_2019_0182,0,2019,2018,338e23f9b352e3105dbde6ef929db218b89c42bef0ff3192ba71868dc1c03e11,site_fold_1,0.5608492231549878,0.26526435718370456,0.039464842414722034
bg_2019_0191,0,2019,2018,cbc1c3c2479947688ce7ff97d13516aff256f9ff10811bac671aee0b4c32337a,site_fold_4,0.0005072337284378282,1.1002332217143885e-05,3.101901597263426e-05
bg_2019_0193,0,2019,2018,61dbfdd28521f9308c90c25b11338b8d4a84bcf61abdb389858a2ac8ee611700,site_fold_3,0.3306860037664754,0.6751513278235186,0.15663095203321067
bg_2019_0195,0,2019,2018,84ed77966a29277f09a9d25467f5d8ab0f66d8e58892bfa6b237ad9a9a82cd74,site_fold_2,0.00024940834660845744,0.002362321080583624,0.00055645769980859
bg_2019_0197,0,2019,2018,085eb8211e0d2e935d23d26841e01d26a6fd4d394c7185918f5965368be91c14,site_fold_4,0.8479489249433335,0.5849974728542061,0.46381724392444523
bg_2019_0199,0,2019,2018,83039e54e1fa37ee25521fbe29d0a288ee1d48abb96cc75dc80796ea6e46a80e,site_fold_3,0.0021976292087850357,3.125099594685191e-06,9.367806483931112e-06
bg_2019_0208,0,2019,2018,7fcd19c49f8ef373af77d30b6ea657701de171b59c2cc99c492381c7fa79eb53,site_fold_2,0.0008336303510173656,1.7547301220199666e-08,3.2362063694167264e-07
bg_2019_0210,0,2019,2018,81ecec5ea53df338cb8dec8a3d93efdf89b240e40ceb46e53c9c62deeb7134ad,site_fold_4,0.671683467805645,0.18335915157051758,0.21038767330912847
bg_2019_0212,0,2019,2018,d62a426cec03061a92b4b16ff9276a42c85c45c9bef3ede5653bbbd82d16c4a6,site_fold_1,0.44023297475264483,0.00011064298561867774,2.9909949763298764e-05
bg_2019_0214,0,2019,2018,adcf989dc565c016087934f1ab4ba3b574fbe4b87d6ce6c4c0efac4ac2994595,site_fold_3,0.5734071235487064,0.9683877934310561,0.8346481167858062
bg_2019_0227,0,2019,2018,f6e58d1a82b10079ee37183b7cf9cacaf6d4a553dd204c84c7040b1b90f871aa,site_fold_3,1.686648571694469e-05,2.1176850526756752e-07,7.716514063394688e-08
bg_2019_0229,0,2019,2018,571d300f79ea95c93212637680e248e7f42521541f8f5180c48bc4344a8082b1,site_fold_1,0.0012587425994098384,0.00154924166676898,0.0005186925935573011
bg_2020_0008,0,2020,2019,e01f18c6157377aa8fea34d0849ee57ba81780ea6b458a684b38b58c1f249aa7,site_fold_1,0.007866997285188786,0.0035861805499189745,0.005613943884525935
bg_2020_0012,0,2020,2019,031f604ccd8decf0bc0c0f1b46d764f67618a666286b5ef046ba714fd32ce319,site_fold_2,0.010940215167437933,7.679124115149635e-06,0.0002840403162038302
bg_2020_0014,0,2020,2019,96f4653cba9c5b8fffc448302fa973dfcae2a21030235ce4f086544c824fafd7,site_fold_0,0.0005031810565122854,0.00011908002061781101,0.00033811794716842223
bg_2020_0016,0,2020,2019,b567922b1a6e50fee3cb576e2441824a9c83fd4dd5fac5d1c44c98d81360cfb7,site_fold_1,0.08699712908737606,0.3230175473970097,0.17606292185078365
bg_2020_0019,0,2020,2019,6edce6b5be5a6297cfc6785fe6eb1f9255b7a66545fc3bea508c64d379a86f22,site_fold_4,9.75544672020861e-07,3.602384873526611e-09,1.0320956984665307e-08
bg_2020_0021,0,2020,2019,a74f251b2c3000fafc6ffa15b42a8c8767d1d7f96385ec57c9a92bad2775d4d8,site_fold_2,0.00016576810481750778,0.0009976353579664028,0.0015855062494924833
bg_2020_0023,0,2020,2019,707cefe99fb18e837868489d84317ae20f18934da0f4afa2a1f2b42c41ecaec8,site_fold_1,0.001741398820343071,3.4468001865625746e-05,1.3990344623558512e-06
bg_2020_0025,0,2020,2019,7c6261366bf8edda64089f460e853aeaeda958dee0f29ba57605120c552ce3ad,site_fold_2,0.26936962154135596,0.005178595966417346,0.0037883182635131333
bg_2020_0027,0,2020,2019,07e4e2986cc515ff4959416c897bb00877a6b5e8b3b13ea6b922aa271b685181,site_fold_1,0.027175702212403577,0.0016981672898729826,0.012506366329849026
bg_2020_0029,0,2020,2019,d85443019e270af275d8e6dd883eb545895d895bb3302685db5c485b48671cbe,site_fold_4,0.013553874366088339,0.4059969458632237,0.4987931502362417
bg_2020_0031,0,2020,2019,294277d42644ddf4e441a0ce7c53aca2bfa06820f022b5f34069e9a8a30356b2,site_fold_4,0.00044330905584607664,0.03441009001902359,0.025323977346945276
bg_2020_0033,0,2020,2019,21e62fc153d7c067a581956f9285d808728d0fbcc3f743972121ab385b7f240d,site_fold_3,0.5220710634587497,0.5049178056688297,0.28441828485527665
bg_2020_0035,0,2020,2019,84e4269b50220afc54cd94d366ce19c65299d35df850ceaee93eadc2d1fba7df,site_fold_2,0.003071769764521329,0.003204962185656452,0.03516449040881198
bg_2020_0037,0,2020,2019,ec12ead14120d4fd24d16cabbbd241eb1d0fe9c16ad943805a4312845283d462,site_fold_4,0.24356757421372036,0.004707747726376827,0.022958676524183475
bg_2020_0040,0,2020,2019,b8e6d522bdee72713691c7fcf5a63989a868dfd95bd2cab5437e22511b06187d,site_fold_1,0.035930578974646334,0.02496502598549397,0.0036891681432257143
bg_2020_0041,0,2020,2019,2fd1ce506e821d00b2c7dc4f3c74578abf6a9aa737fc9b17501c9a890c7b32f4,site_fold_2,0.25829656839777115,0.0026196344137690408,0.0037409615592216257
bg_2020_0042,0,2020,2019,c5c162e440897a82f0cf5001e5831e1ef3a67dfe6bf07a591a79a43cc3ff74f5,site_fold_1,0.17555188569784166,0.006060204494690424,0.0052164004854601325
bg_2020_0043,0,2020,2019,3dc07fb46bf80b6eecd3b849850467fc614be95e21cbda76c3c7cdf7a7106cf4,site_fold_2,0.00037862844844217705,1.7704540852177542e-06,4.454231346471166e-06
bg_2020_0045,0,2020,2019,5abac985a6deaa808eecb6a2742d5a724388c8f6c7ad871704b78b4066e386dc,site_fold_1,0.8450465117265376,0.37354277447628376,0.1418465754620439
bg_2020_0047,0,2020,2019,9b143e553b172de0a0dbcd667fcc44ff4424a8f9c8019d9c4a4518f7420b41af,site_fold_0,0.0005752005014400768,0.0012661686011582838,0.004998443288499563
bg_2020_0049,0,2020,2019,1a44f043ff970d264d22e596a5e8bcb7dd2eeaed1035fc9b3d7de0c36349a6e3,site_fold_3,0.5636331123658617,0.9012467459540789,0.8195290094582142
bg_2020_0051,0,2020,2019,748d2b899e4eb3beab4800bc94e8ff516e34ed0db3aef051813bec260a8670ce,site_fold_2,0.10539381317795427,0.14671423994878255,0.027693167477837198
bg_2020_0052,0,2020,2019,dcd99ae5f275a0be2458b09742536127a22d13b902bd53e5ac740a04f46f77f3,site_fold_3,0.29252289756730154,0.16879095585897533,0.2052216525806405
bg_2020_0053,0,2020,2019,ef5548ab378a0d6f1136921f787bedefcf308b5bf6f03841ab384a58392a796f,site_fold_3,4.076589615599439e-06,1.9696061742522994e-07,1.5500007320584685e-06
bg_2020_0054,0,2020,2019,8b97daeee954f5cf8ce99941964f6b69aafbd08ff670db5383f686bb16668c44,site_fold_1,0.3715761368187954,0.04052328744064352,0.02747614361064131
bg_2020_0056,0,2020,2019,dc2c073fab33fa44d4232f769c5e6003d6870f75c7967861a7b52e38d7c69572,site_fold_4,0.29107496672714056,0.3628346028299863,0.9553405187747764
bg_2020_0057,0,2020,2019,d40effa8069de0fc26ed37d2c749ab608986996e969ab3f7db4ee96472d380dc,site_fold_1,0.8117381859778148,0.26931377193124023,0.3488578148432886
bg_2020_0058,0,2020,2019,203ddd064d80fc0d4e7bff11a0776d9e93419a3a6037aa9adc2c7505290a1813,site_fold_4,0.3083313903563525,0.3159540605644701,0.11093682434885505
bg_2020_0059,0,2020,2019,f9a9ec68c6f1d2a1231e5e83d38745b60d61290ff74ac936aa8f0683822eb8eb,site_fold_0,0.6005219651284814,0.3258200875197933,0.599677026322369
bg_2020_0061,0,2020,2019,320a5b870363bc27bd783e6d2b485a8d3972cfc67854a5a58639a25fc374f980,site_fold_0,2.4499659388786144e-05,0.0006426895013554303,3.9608854657387527e-07
bg_2020_0062,0,2020,2019,b72bc3515d6491d4fb990553794908030b77eceda6076312844c64f5685529fc,site_fold_4,0.6343340524911635,0.02213646863653343,0.035847672364125754
bg_2020_0064,0,2020,2019,7cf777b87c15c35cb12a26b7d8ad0f56654c2b75b6447578107c0cef8bdd2e29,site_fold_1,0.4619383881748656,0.1402851435150168,0.10667008641468129
bg_2020_0065,0,2020,2019,2ae3e4a48561eae2ac17dd839dccd2bfa7997585727481cf2cc5ad1a544cbb29,site_fold_3,0.0002493702948892792,0.000256226276139578,0.0001514279830431347
bg_2020_0066,0,2020,2019,a5a2dc9c1dbe6d7af6f51645bd09cb467e8f7c186eb7d91b2a155cea8ae622ed,site_fold_3,0.02819697667400466,0.00016751408049772934,2.3439713064627402e-05
bg_2020_0067,0,2020,2019,b687a30ed837278ff4dadcfdef30f40b2986a06c7c79ed57693b3e6b2b1a9d33,site_fold_4,0.658125990605141,0.9835803473889291,0.9152874940518935
bg_2020_0069,0,2020,2019,19b54b72bdde6c4bd3cbe2546f3414a4ff56cd60d6a2bcdf3d6f1f199e8b9a7a,site_fold_2,0.5507489246483208,0.000498157399320966,6.506811871670493e-05
bg_2020_0071,0,2020,2019,48da3e414015f3351b42e87e9218a6ceaedce537a926ba13d8759590bdad9d81,site_fold_3,0.6777462656961414,0.9755510145827021,0.8774679777160695
bg_2020_0072,0,2020,2019,ea2e9240baa8efb8641cef5f652b1f430fd03b8bb6bdcae03cd85c7be7d79e6c,site_fold_1,0.5084122075558202,0.002257856688866889,0.007715657278047101
bg_2020_0073,0,2020,2019,eb67dc3c4a6302c161ea7c937485d56e520ac962c08ed97fcd8cb6d32e101eed,site_fold_1,0.5572166420332677,0.17831961199203689,0.15717075494740937
bg_2020_0074,0,2020,2019,0661378a425c8a66c4aa539a6016f77d94444565f19a404c200d8da71d881e6f,site_fold_0,0.5322499103992783,0.016912568016528937,0.0014151856974322257
bg_2020_0076,0,2020,2019,b0bb5e94bbb58bef0707986a0b214f4618e10f100ec3660f7f792c139b83b7bf,site_fold_3,0.8529579445818314,0.07205847685358338,0.016473007063374227
bg_2020_0078,0,2020,2019,a5ca7d8f214e2cdbd499bf191e3ef82542d8fc7c4eb63c250906aecb6d052776,site_fold_1,0.030593220042360984,0.035353435592882024,0.07713411024930188
bg_2020_0079,0,2020,2019,387293de0a4d2562776968a4c928898f0c153e19c243293da6f2314332ce8e09,site_fold_0,0.6814219362288133,0.0008692972822326301,0.00016747890674943605
bg_2020_0081,0,2020,2019,a79ec02ce4ac7963f73a96c80a4ea1fc557a0747a742e20e54654266ddade15f,site_fold_4,0.8422344402075028,0.537073510338527,0.754456092118863
bg_2020_0082,0,2020,2019,5535d9eaa37e4d1a7b852f0870d6bc9cf8d44c2c849c46b6e3bc123aea922f98,site_fold_0,0.9431773763698217,0.0034038119364809567,9.819590029712314e-05
bg_2020_0083,0,2020,2019,fe080c2d9abb132cc64d5557983b111ff97e3f58f287666fd5faa26bdb192287,site_fold_2,0.6739372633426752,0.31480769803508896,0.026219498010117897
bg_2020_0085,0,2020,2019,f3ce6092bb24123a060a0495483d50073de4e4ee953fe58bd28e219e1a83baa1,site_fold_3,0.0034265350094904844,0.08263041793891379,0.04671796776099915
bg_2020_0086,0,2020,2019,2f8d0c0da0be361972dcf84753d6a3e08b6dad88a520b7d1a92b86f9b38320ac,site_fold_1,0.35252801731679145,0.0017862862981355941,0.033789004929560246
bg_2020_0088,0,2020,2019,d948566b5d11292ec582eb153178eebb116e8d9e510bbbb560baf1319dcb07ea,site_fold_4,0.44816513383075157,0.013960950580081849,0.03995045596872478
bg_2020_0089,0,2020,2019,30e0262a5079f27f544cfa11a50c2dac7696a1223e31b6a5743a25b88178f3f9,site_fold_1,0.684904791844629,0.009112345704545489,0.007567231209887837
bg_2020_0090,0,2020,2019,0ea0ea06867904ade6f0cc97d06bcc3a15a536e081b0765ae05da45dd08c935e,site_fold_3,0.5964301484117767,0.6233206649443453,0.4292977273959254
bg_2020_0091,0,2020,2019,982618d21af830b045f8c249c93b9fe8c0ca46e8eef0f38a41b858d40f182133,site_fold_1,0.4997161446100319,0.5391005016417355,0.8987949503145842
bg_2020_0092,0,2020,2019,1329ca34dd0aa22bba0143275ea656df9883ad433541073bcd4a263e3256d123,site_fold_3,0.6596214422828663,0.5382036124765547,0.5870227353238056
bg_2020_0093,0,2020,2019,39af272ed4011f905c7675ca8e5251a45ad8be334a928f57454f06824c57b67d,site_fold_1,0.5425776513306894,0.046958521422116935,0.2541301323109153
bg_2020_0098,0,2020,2019,09cec87c34c3457792131d98f4e5ea7c0de72227cb164719da0895a2dd49e29f,site_fold_4,0.07490750761058926,0.9829243014273567,0.9987221758294553
bg_2020_0099,0,2020,2019,eab8096d803acb18cc201f6ace31bbda179073d5e6a99e0d73d2ec05bccdf772,site_fold_0,0.1057503357991086,9.661674253665982e-05,0.000968525802536231
bg_2020_0101,0,2020,2019,0e3e2e1f0d7500e89ab5386ac3395e82b86d098339e82b63a4f96b3de677403b,site_fold_4,0.3971851828241201,0.2834179913295866,0.1272950077442263
bg_2020_0102,0,2020,2019,d083f6498d7fbd2e9d25a6ad0b6797fb6e2c24cc6ad3d7ca5f9713008c86dd50,site_fold_1,0.03869908030690858,0.00016667364629175863,0.0004192586287748903
bg_2020_0103,0,2020,2019,094fe38ba748a64e5efdec7fb8286b4be6aadc362ada39934354d5551a5da3d0,site_fold_3,0.17866625043640835,0.4025717414892409,0.2862222521606033
bg_2020_0104,0,2020,2019,381d18bd61e34cf882bdfdf6012481b10927e35d12e6647db1266ea9a179de4a,site_fold_0,9.184431038096963e-05,0.004470076511796873,0.004447321042246865
bg_2020_0105,0,2020,2019,5bb0f3030646a3eca15b3c715c0a2cc5c67d8a64036f4b26e788799479fcac9b,site_fold_4,0.7608427129909884,0.975326396525319,0.9103829122993156
bg_2020_0107,0,2020,2019,121ca7306a2ae0103033e3004279ef3e80366ab277effbd7df933cd44df93378,site_fold_4,0.8474090860693576,0.8649792887214385,0.6403713636928844
bg_2020_0110,0,2020,2019,fe94a8a6361778f583248af09d52d2f8beaeed2c3a1047494990e54232abf263,site_fold_3,0.5147682151790816,0.6181390711885599,0.4557534457467262
bg_2020_0112,0,2020,2019,9b8cfb8dd01fd7117ec530b8b1be50f430e0bba381744f956eee96179adeacee,site_fold_1,0.9610086145469178,0.9940835490045381,0.9974438306543602
bg_2020_0114,0,2020,2019,cbf698a2629e0c40badff8fdce66678097136d982ad6e328f5e174702db1ac72,site_fold_1,0.1724183591886721,0.0019086285993928766,0.0006636366292026777
bg_2020_0115,0,2020,2019,48ba22de3d6960040834837c9f93bad7da1ff9aa12c70c28cf23329daa5556b9,site_fold_0,0.5557926324026827,0.022440258051805034,0.28730632067439893
bg_2020_0116,0,2020,2019,b89dc14cbabd117f4baa55fee005974d32ebb678421d282b6faf5919d4c5513d,site_fold_0,0.16128878567029534,0.9774500293177174,0.8533609629273106
bg_2020_0117,0,2020,2019,259d5e4e331efc426e8d5cb37d174767fad44812d9c8aac2673f920f15e78ad6,site_fold_0,0.3962289855204719,0.0005978352030796954,0.0005791375154442756
bg_2020_0118,0,2020,2019,8e82547d47b9be467e201fcc7a5aecc54c71aded64e0ac980099b8678439acd8,site_fold_4,0.5740110625094876,0.10568607637662164,0.007451656660574201
bg_2020_0120,0,2020,2019,1cdab643d1b940b0693fcbf08e8a99e52473b61131de923eb8b284c32f00c4d4,site_fold_3,0.39795044262412427,0.21888580724740953,0.10525901432582543
bg_2020_0122,0,2020,2019,bf6cb7c3b436132579c4c247e107989902b49e1a3a297a787f54b840578a302e,site_fold_3,0.23096082074138727,0.0004272393591319484,0.0020212352596608576
bg_2020_0124,0,2020,2019,74a593ab813090c62b6028480a668a3959fb4e059bcc73876ed08db88d30bda2,site_fold_1,0.01838600758245341,0.008403529217416226,0.04694929576415641
bg_2020_0125,0,2020,2019,669228cb6311c26fa81b0cc72a9f043cf099e2aec5da6174c5343570362b53f9,site_fold_4,0.0009975067728461857,0.00071314522154373,0.03568109815779609
bg_2020_0129,0,2020,2019,9d517f55ae5613be7e9c1f546afa3a8453196835262a2da69354022e181623af,site_fold_1,0.6180896587222298,0.15565599255162738,0.46152533465256823
bg_2020_0130,0,2020,2019,30fc7f1fd06b41eaa1cbfba3302ccf7b637fb6b97d364777008dcc7203e27e88,site_fold_3,0.6379978318585474,0.8376417479707806,0.9007337558393813
bg_2020_0131,0,2020,2019,c70088b5f5ed553ac8d54c56b48c1be5b90a722246b8993e86f8ab252abee2b8,site_fold_2,0.8087686107054826,0.9080969455174093,0.9461371106577725
bg_2020_0133,0,2020,2019,f4be26be42aa63779b31705fdb787991f04b62cc376f4011ad45d4e46a90aadc,site_fold_3,0.9204573926598607,0.14549955598119038,0.10294046138347214
bg_2020_0135,0,2020,2019,d4a9a61f6e816b947950df9ce5dcf1ba5199c097b89c4e2ff3146444ea11cb5e,site_fold_0,0.3832414294702511,0.0695615843603858,0.11657400873839784
bg_2020_0137,0,2020,2019,b1c60d3479151c265d732f1691c8965b5045f9f996bc435e7cc5093bbabaa7ca,site_fold_0,0.3395651451456653,0.9718085232957688,0.0002506541187758362
bg_2020_0138,0,2020,2019,8c4da60d1d75cffc9bd0bb476c0dc48b8024afb93b7ec5dce86a348e4a515c7e,site_fold_1,0.00046993591715733754,0.004863320173072025,0.014269420935540534
bg_2020_0140,0,2020,2019,25491912f96991025541d5f5da5a1ed06d902fbef16223d74ebe72a74b2706c0,site_fold_0,0.38059953906926314,0.09768924629753285,0.04932327186850119
bg_2020_0142,0,2020,2019,27cf11d64439127707db65caff07bd9f503a61a6427d56ac8b3df0c792261c04,site_fold_2,2.6743004236176803e-19,1.6249510803785052e-14,1.409466374394789e-20
bg_2020_0144,0,2020,2019,48a8d4b27be3f5a3d567610c033ac715c6277500103c9ec2d712f0b3bd427f0b,site_fold_4,0.7900301469183498,0.9428490140304971,0.9156247048840404
bg_2020_0146,0,2020,2019,e889077796f75a8bf06a0218348506ff1aa58361a026a2158158d33545d8f8e8,site_fold_4,0.7908980375223174,0.5702897698510426,0.6097714618092364
bg_2020_0148,0,2020,2019,7e9ec81c8ea1517e7c97d3f130bd8da15eded8367199dea08912d7fec27678bc,site_fold_4,0.8679006313107694,0.09847086788773417,0.2511601486855398
bg_2020_0150,0,2020,2019,2d514b854a9419024c44d135af3eff0d5ec793684c36bece8e6471bba25f3d4b,site_fold_2,0.013219630378414941,0.0013068836487063907,0.008028498356869161
bg_2020_0152,0,2020,2019,ce81223ed4abc36fdbbc236f8ffb7d0ee9ea969f12ac8750196c90345354cd48,site_fold_1,0.06107395796432269,0.0016054583539552693,9.171264238176777e-05
bg_2020_0154,0,2020,2019,eaa88e45dc34bbc37c2c1c462247981c702e40fc4de264f8bfd709abb71da6d3,site_fold_2,0.047489831499759425,0.5465874727774894,0.6384818598978572
bg_2020_0155,0,2020,2019,37a1b32ea4828c6949829c840f5a2c1015383861dcde49e417670a4242964123,site_fold_1,0.03938141573222702,0.0007559726055298329,8.538713525163849e-05
bg_2020_0157,0,2020,2019,10931396412cd75603aea0d3abeeaa86eab99d3b921d1b092b41bbab3e6b3ef3,site_fold_3,0.6177905023248074,0.010075158767576123,0.19446745034349808
bg_2020_0161,0,2020,2019,d49b5fbc9ceb41ca0416f4cdb698a4166b7a68f5b61831b3c486481ab9266d59,site_fold_0,0.8533177706512146,0.907566384786845,0.8365738714868929
bg_2020_0163,0,2020,2019,aa4923f93f3935d9017a178e2e2a00c39f8bda9e0d5768ff25899acb453cfe4f,site_fold_4,0.7098294507305571,0.0853113023985391,0.5052485861310867
bg_2020_0165,0,2020,2019,d2fe77c5494009de82c48b234cc00ce5e962100afef8729763eebcde1fdb3ee6,site_fold_4,0.3771426114880113,3.9467067838076655e-05,0.00011935670841346874
bg_2020_0167,0,2020,2019,4a3e32b2592c4bca0306e12810e632bbc064edd22a18e37cda46c14b345b44bb,site_fold_3,0.0845598861768257,5.207672021503992e-05,0.0023736608922928495
bg_2020_0176,0,2020,2019,f2237c29d27bd0b5346f0be444cdf4b5a741aa2fba630c9086b59654a04a210f,site_fold_2,0.31087744816322993,0.000282114816110053,0.005729302881749188
bg_2020_0178,0,2020,2019,e61f9b395ebe806bb4173411398360588d9e72421527f2deafa2fdbbbb195b65,site_fold_4,0.744028970908849,0.7137967272696627,0.8401188585267139
bg_2020_0180,0,2020,2019,a113ed2181e2dafdd3bd4c517c782ea37e2fc64120cbcccfd433bc0ea0d1188c,site_fold_2,0.045436611768631695,0.002160291272131504,0.0008946444598964896
bg_2020_0182,0,2020,2019,338e23f9b352e3105dbde6ef929db218b89c42bef0ff3192ba71868dc1c03e11,site_fold_1,0.7022349485218354,0.5779399998385585,0.39366938990213346
bg_2020_0191,0,2020,2019,cbc1c3c2479947688ce7ff97d13516aff256f9ff10811bac671aee0b4c32337a,site_fold_4,0.007833946547594844,0.00029523912958152296,0.002048136736281174
bg_2020_0193,0,2020,2019,61dbfdd28521f9308c90c25b11338b8d4a84bcf61abdb389858a2ac8ee611700,site_fold_3,0.3970565033934277,0.6827661674188297,0.4435873813566931
bg_2020_0195,0,2020,2019,84ed77966a29277f09a9d25467f5d8ab0f66d8e58892bfa6b237ad9a9a82cd74,site_fold_2,0.00026799371936878715,0.00643633809782147,0.003013207739618725
bg_2020_0197,0,2020,2019,085eb8211e0d2e935d23d26841e01d26a6fd4d394c7185918f5965368be91c14,site_fold_4,0.9451332425741256,0.9433990216719266,0.9744843459786605
bg_2020_0199,0,2020,2019,83039e54e1fa37ee25521fbe29d0a288ee1d48abb96cc75dc80796ea6e46a80e,site_fold_3,0.01990646559721939,4.7175504515572834e-05,0.0003675672969903973
bg_2020_0208,0,2020,2019,7fcd19c49f8ef373af77d30b6ea657701de171b59c2cc99c492381c7fa79eb53,site_fold_2,0.0040554987058281115,2.1599714686235424e-07,4.102792678648944e-06
bg_2020_0210,0,2020,2019,81ecec5ea53df338cb8dec8a3d93efdf89b240e40ceb46e53c9c62deeb7134ad,site_fold_4,0.7439933296998306,0.7997993471105465,0.7244871655746483
bg_2020_0212,0,2020,2019,d62a426cec03061a92b4b16ff9276a42c85c45c9bef3ede5653bbbd82d16c4a6,site_fold_1,0.3580913423568647,0.00013334682538705778,0.00047315800549696025
bg_2020_0214,0,2020,2019,adcf989dc565c016087934f1ab4ba3b574fbe4b87d6ce6c4c0efac4ac2994595,site_fold_3,0.7562726143133699,0.9753848107467022,0.985221911647204
bg_2020_0227,0,2020,2019,f6e58d1a82b10079ee37183b7cf9cacaf6d4a553dd204c84c7040b1b90f871aa,site_fold_3,4.581930815670517e-05,7.206472089113355e-07,1.4704177859950024e-06
bg_2020_0229,0,2020,2019,571d300f79ea95c93212637680e248e7f42521541f8f5180c48bc4344a8082b1,site_fold_1,0.003677491763749356,0.019711645133164764,0.004342934847073169
bg_2023_0008,0,2023,2022,e01f18c6157377aa8fea34d0849ee57ba81780ea6b458a684b38b58c1f249aa7,site_fold_1,0.00965426322352474,0.007219464945915929,0.1039940298789426
bg_2023_0012,0,2023,2022,031f604ccd8decf0bc0c0f1b46d764f67618a666286b5ef046ba714fd32ce319,site_fold_2,0.002525051487440473,5.281578006712749e-07,7.7447940323951e-05
bg_2023_0014,0,2023,2022,96f4653cba9c5b8fffc448302fa973dfcae2a21030235ce4f086544c824fafd7,site_fold_0,6.249394233322756e-05,8.922615508856843e-06,0.00045448138120038795
bg_2023_0016,0,2023,2022,b567922b1a6e50fee3cb576e2441824a9c83fd4dd5fac5d1c44c98d81360cfb7,site_fold_1,0.07092513634403691,0.3321430517080486,0.3851939992717581
bg_2023_0019,0,2023,2022,6edce6b5be5a6297cfc6785fe6eb1f9255b7a66545fc3bea508c64d379a86f22,site_fold_4,2.8953564403296505e-07,2.7243064019295406e-10,5.456805426363023e-09
bg_2023_0021,0,2023,2022,a74f251b2c3000fafc6ffa15b42a8c8767d1d7f96385ec57c9a92bad2775d4d8,site_fold_2,0.00048331448321062406,0.0011208001527454184,0.014429453791892984
bg_2023_0023,0,2023,2022,707cefe99fb18e837868489d84317ae20f18934da0f4afa2a1f2b42c41ecaec8,site_fold_1,0.0010354516802347402,1.5672236377618025e-06,6.939203817757949e-08
bg_2023_0025,0,2023,2022,7c6261366bf8edda64089f460e853aeaeda958dee0f29ba57605120c552ce3ad,site_fold_2,0.1880245367421103,0.02619810647232636,0.06289418963350997
bg_2023_0027,0,2023,2022,07e4e2986cc515ff4959416c897bb00877a6b5e8b3b13ea6b922aa271b685181,site_fold_1,0.050237923441964524,0.052650796967145114,0.40169345080649826
bg_2023_0029,0,2023,2022,d85443019e270af275d8e6dd883eb545895d895bb3302685db5c485b48671cbe,site_fold_4,0.0047977611181451215,0.19294347445463178,0.7569786592173188
bg_2023_0031,0,2023,2022,294277d42644ddf4e441a0ce7c53aca2bfa06820f022b5f34069e9a8a30356b2,site_fold_4,0.0005370595879947215,0.0036121600177873208,0.024952203841282286
bg_2023_0033,0,2023,2022,21e62fc153d7c067a581956f9285d808728d0fbcc3f743972121ab385b7f240d,site_fold_3,0.4352070175127769,0.03695978007453803,0.5278647065538294
bg_2023_0035,0,2023,2022,84e4269b50220afc54cd94d366ce19c65299d35df850ceaee93eadc2d1fba7df,site_fold_2,0.00414225521359077,0.0018225698432074646,0.1973955474363743
bg_2023_0037,0,2023,2022,ec12ead14120d4fd24d16cabbbd241eb1d0fe9c16ad943805a4312845283d462,site_fold_4,0.13971800986884,0.12145101557556452,0.07529856572344817
bg_2023_0040,0,2023,2022,b8e6d522bdee72713691c7fcf5a63989a868dfd95bd2cab5437e22511b06187d,site_fold_1,0.12709605776678504,0.002872266502368524,0.0004228394693382174
bg_2023_0041,0,2023,2022,2fd1ce506e821d00b2c7dc4f3c74578abf6a9aa737fc9b17501c9a890c7b32f4,site_fold_2,0.31442672455891624,0.21428706348403295,0.2006947967929731
bg_2023_0042,0,2023,2022,c5c162e440897a82f0cf5001e5831e1ef3a67dfe6bf07a591a79a43cc3ff74f5,site_fold_1,0.12254289516911235,0.28783694858889847,0.02722852580786912
bg_2023_0043,0,2023,2022,3dc07fb46bf80b6eecd3b849850467fc614be95e21cbda76c3c7cdf7a7106cf4,site_fold_2,0.0002643911420524103,4.4119851847793615e-07,7.651269048562095e-07
bg_2023_0045,0,2023,2022,5abac985a6deaa808eecb6a2742d5a724388c8f6c7ad871704b78b4066e386dc,site_fold_1,0.5273484355231691,0.48921671721080756,0.14838254000265683
bg_2023_0047,0,2023,2022,9b143e553b172de0a0dbcd667fcc44ff4424a8f9c8019d9c4a4518f7420b41af,site_fold_0,0.0002806273114715621,0.008999769757452664,0.007539844934770516
bg_2023_0049,0,2023,2022,1a44f043ff970d264d22e596a5e8bcb7dd2eeaed1035fc9b3d7de0c36349a6e3,site_fold_3,0.4159609102749726,0.8687740922966977,0.6778659983569091
bg_2023_0051,0,2023,2022,748d2b899e4eb3beab4800bc94e8ff516e34ed0db3aef051813bec260a8670ce,site_fold_2,0.16324731394118053,0.067193322553535,0.12020523982870926
bg_2023_0052,0,2023,2022,dcd99ae5f275a0be2458b09742536127a22d13b902bd53e5ac740a04f46f77f3,site_fold_3,0.19059497862581917,0.00589637782077085,0.019604942797434317
bg_2023_0053,0,2023,2022,ef5548ab378a0d6f1136921f787bedefcf308b5bf6f03841ab384a58392a796f,site_fold_3,0.034019315010712974,0.0019581582963891634,0.0005933336889632588
bg_2023_0054,0,2023,2022,8b97daeee954f5cf8ce99941964f6b69aafbd08ff670db5383f686bb16668c44,site_fold_1,0.47845615444688194,0.04326834318026876,0.001548537294802414
bg_2023_0056,0,2023,2022,dc2c073fab33fa44d4232f769c5e6003d6870f75c7967861a7b52e38d7c69572,site_fold_4,0.45733732675927063,0.01408554209254879,0.022349383001907995
bg_2023_0057,0,2023,2022,d40effa8069de0fc26ed37d2c749ab608986996e969ab3f7db4ee96472d380dc,site_fold_1,0.5940605087467639,0.5749128094637079,0.3731967581466413
bg_2023_0058,0,2023,2022,203ddd064d80fc0d4e7bff11a0776d9e93419a3a6037aa9adc2c7505290a1813,site_fold_4,0.21133689133555159,0.10905582855097455,0.0698420928909493
bg_2023_0059,0,2023,2022,f9a9ec68c6f1d2a1231e5e83d38745b60d61290ff74ac936aa8f0683822eb8eb,site_fold_0,0.6564790501132055,0.6121225993242239,0.6520766798116115
bg_2023_0061,0,2023,2022,320a5b870363bc27bd783e6d2b485a8d3972cfc67854a5a58639a25fc374f980,site_fold_0,8.357132845623318e-05,0.009293352513706356,2.0242797746252327e-05
bg_2023_0062,0,2023,2022,b72bc3515d6491d4fb990553794908030b77eceda6076312844c64f5685529fc,site_fold_4,0.573745300373872,0.023110956810341064,0.031329467473909633
bg_2023_0064,0,2023,2022,7cf777b87c15c35cb12a26b7d8ad0f56654c2b75b6447578107c0cef8bdd2e29,site_fold_1,0.5651968931116518,0.36024783049056625,0.29004869391194454
bg_2023_0065,0,2023,2022,2ae3e4a48561eae2ac17dd839dccd2bfa7997585727481cf2cc5ad1a544cbb29,site_fold_3,0.00013271269298793957,2.6958950946061067e-05,7.002479484284258e-05
bg_2023_0066,0,2023,2022,a5a2dc9c1dbe6d7af6f51645bd09cb467e8f7c186eb7d91b2a155cea8ae622ed,site_fold_3,0.033016546383363335,0.00030817072012329614,3.788224900789944e-05
bg_2023_0067,0,2023,2022,b687a30ed837278ff4dadcfdef30f40b2986a06c7c79ed57693b3e6b2b1a9d33,site_fold_4,0.5332982386713215,0.86337411015833,0.48716929991927893
bg_2023_0069,0,2023,2022,19b54b72bdde6c4bd3cbe2546f3414a4ff56cd60d6a2bcdf3d6f1f199e8b9a7a,site_fold_2,0.38393695357357327,0.004085670275110807,0.010312462795010278
bg_2023_0071,0,2023,2022,48da3e414015f3351b42e87e9218a6ceaedce537a926ba13d8759590bdad9d81,site_fold_3,0.6265207355165078,0.8030334035457749,0.24547412641418523
bg_2023_0072,0,2023,2022,ea2e9240baa8efb8641cef5f652b1f430fd03b8bb6bdcae03cd85c7be7d79e6c,site_fold_1,0.5015326781915332,0.03916310728297787,0.021000416142808974
bg_2023_0073,0,2023,2022,eb67dc3c4a6302c161ea7c937485d56e520ac962c08ed97fcd8cb6d32e101eed,site_fold_1,0.6245424493068484,0.1227226870324573,0.0786916071001769
bg_2023_0074,0,2023,2022,0661378a425c8a66c4aa539a6016f77d94444565f19a404c200d8da71d881e6f,site_fold_0,0.49604791236901274,0.023239514574466602,0.06561481737881908
bg_2023_0076,0,2023,2022,b0bb5e94bbb58bef0707986a0b214f4618e10f100ec3660f7f792c139b83b7bf,site_fold_3,0.6947365519464648,0.16073954774435636,0.05233961545629605
bg_2023_0078,0,2023,2022,a5ca7d8f214e2cdbd499bf191e3ef82542d8fc7c4eb63c250906aecb6d052776,site_fold_1,0.042632952988960415,0.33285352625980397,0.18303268588583488
bg_2023_0079,0,2023,2022,387293de0a4d2562776968a4c928898f0c153e19c243293da6f2314332ce8e09,site_fold_0,0.6480824755100648,0.06678199653331322,0.0029209192699410943
bg_2023_0081,0,2023,2022,a79ec02ce4ac7963f73a96c80a4ea1fc557a0747a742e20e54654266ddade15f,site_fold_4,0.8305290014981241,0.8374964825397743,0.582549060080909
bg_2023_0082,0,2023,2022,5535d9eaa37e4d1a7b852f0870d6bc9cf8d44c2c849c46b6e3bc123aea922f98,site_fold_0,0.9856549567170203,0.36080475537342843,0.009795370363364087
bg_2023_0083,0,2023,2022,fe080c2d9abb132cc64d5557983b111ff97e3f58f287666fd5faa26bdb192287,site_fold_2,0.6921872600122604,0.11595328771764364,0.0531959109580781
bg_2023_0085,0,2023,2022,f3ce6092bb24123a060a0495483d50073de4e4ee953fe58bd28e219e1a83baa1,site_fold_3,0.0008108233332963854,0.017688653149285492,0.0195423109825845
bg_2023_0086,0,2023,2022,2f8d0c0da0be361972dcf84753d6a3e08b6dad88a520b7d1a92b86f9b38320ac,site_fold_1,0.33498835545612726,0.029766594780900383,0.021694800021896096
bg_2023_0088,0,2023,2022,d948566b5d11292ec582eb153178eebb116e8d9e510bbbb560baf1319dcb07ea,site_fold_4,0.26412072089925914,0.015408115903422436,0.05529639658804826
bg_2023_0089,0,2023,2022,30e0262a5079f27f544cfa11a50c2dac7696a1223e31b6a5743a25b88178f3f9,site_fold_1,0.6541666119158369,0.05482741584491242,0.054781268027384394
bg_2023_0090,0,2023,2022,0ea0ea06867904ade6f0cc97d06bcc3a15a536e081b0765ae05da45dd08c935e,site_fold_3,0.6357128501470667,0.8097848742041179,0.5088768220342678
bg_2023_0091,0,2023,2022,982618d21af830b045f8c249c93b9fe8c0ca46e8eef0f38a41b858d40f182133,site_fold_1,0.5706951048493984,0.9482604414593999,0.8400914897273691
bg_2023_0092,0,2023,2022,1329ca34dd0aa22bba0143275ea656df9883ad433541073bcd4a263e3256d123,site_fold_3,0.4622412567230704,0.3294921863279541,0.4444517461385921
bg_2023_0093,0,2023,2022,39af272ed4011f905c7675ca8e5251a45ad8be334a928f57454f06824c57b67d,site_fold_1,0.5498476072647708,0.16220380419510105,0.2147600813158426
bg_2023_0098,0,2023,2022,09cec87c34c3457792131d98f4e5ea7c0de72227cb164719da0895a2dd49e29f,site_fold_4,0.006237999880000302,0.991044922449032,0.9925194256778892
bg_2023_0099,0,2023,2022,eab8096d803acb18cc201f6ace31bbda179073d5e6a99e0d73d2ec05bccdf772,site_fold_0,0.06326294858016612,0.00012097857862953969,0.0004499075709680683
bg_2023_0101,0,2023,2022,0e3e2e1f0d7500e89ab5386ac3395e82b86d098339e82b63a4f96b3de677403b,site_fold_4,0.27914250064303836,0.3906610325418449,0.07552589676730424
bg_2023_0102,0,2023,2022,d083f6498d7fbd2e9d25a6ad0b6797fb6e2c24cc6ad3d7ca5f9713008c86dd50,site_fold_1,0.08260545635915824,0.011704568059817367,0.0014499138224620034
bg_2023_0103,0,2023,2022,094fe38ba748a64e5efdec7fb8286b4be6aadc362ada39934354d5551a5da3d0,site_fold_3,0.23212355767423024,0.18982687251372185,0.09969130799334477
bg_2023_0104,0,2023,2022,381d18bd61e34cf882bdfdf6012481b10927e35d12e6647db1266ea9a179de4a,site_fold_0,0.00020712194112534757,0.00466645763398274,0.002650888344552327
bg_2023_0105,0,2023,2022,5bb0f3030646a3eca15b3c715c0a2cc5c67d8a64036f4b26e788799479fcac9b,site_fold_4,0.7416668194549381,0.9646435593571536,0.9051796091317087
bg_2023_0107,0,2023,2022,121ca7306a2ae0103033e3004279ef3e80366ab277effbd7df933cd44df93378,site_fold_4,0.8029165671809889,0.8616238719369526,0.5278541752680269
bg_2023_0110,0,2023,2022,fe94a8a6361778f583248af09d52d2f8beaeed2c3a1047494990e54232abf263,site_fold_3,0.4157458669854901,0.5697371123512535,0.2638421222497048
bg_2023_0112,0,2023,2022,9b8cfb8dd01fd7117ec530b8b1be50f430e0bba381744f956eee96179adeacee,site_fold_1,0.8673329084314165,0.9989620811020151,0.9972902469458016
bg_2023_0114,0,2023,2022,cbf698a2629e0c40badff8fdce66678097136d982ad6e328f5e174702db1ac72,site_fold_1,0.09805200479183873,0.022709404746283007,0.0012759227433933144
bg_2023_0115,0,2023,2022,48ba22de3d6960040834837c9f93bad7da1ff9aa12c70c28cf23329daa5556b9,site_fold_0,0.4693187549250777,0.42118963991158026,0.19456085148052338
bg_2023_0116,0,2023,2022,b89dc14cbabd117f4baa55fee005974d32ebb678421d282b6faf5919d4c5513d,site_fold_0,0.11687287146569937,0.9264827037805814,0.8531978243253078
bg_2023_0117,0,2023,2022,259d5e4e331efc426e8d5cb37d174767fad44812d9c8aac2673f920f15e78ad6,site_fold_0,0.48093323053710013,0.0013342318881958643,0.00028388221200928394
bg_2023_0118,0,2023,2022,8e82547d47b9be467e201fcc7a5aecc54c71aded64e0ac980099b8678439acd8,site_fold_4,0.505991678398631,0.12781997379105095,0.020906422598785238
bg_2023_0120,0,2023,2022,1cdab643d1b940b0693fcbf08e8a99e52473b61131de923eb8b284c32f00c4d4,site_fold_3,0.36862968462595097,0.06695338331461491,0.029642720890883253
bg_2023_0122,0,2023,2022,bf6cb7c3b436132579c4c247e107989902b49e1a3a297a787f54b840578a302e,site_fold_3,0.1909235633567093,0.0010924988934284791,0.001687632609300419
bg_2023_0124,0,2023,2022,74a593ab813090c62b6028480a668a3959fb4e059bcc73876ed08db88d30bda2,site_fold_1,0.02276043409736728,0.026206221415826823,0.08102304795215007
bg_2023_0125,0,2023,2022,669228cb6311c26fa81b0cc72a9f043cf099e2aec5da6174c5343570362b53f9,site_fold_4,0.0005034239119982054,0.00020881545957987215,0.1794734773756206
bg_2023_0129,0,2023,2022,9d517f55ae5613be7e9c1f546afa3a8453196835262a2da69354022e181623af,site_fold_1,0.6452901495107564,0.5140911277649145,0.4279921895946878
bg_2023_0130,0,2023,2022,30fc7f1fd06b41eaa1cbfba3302ccf7b637fb6b97d364777008dcc7203e27e88,site_fold_3,0.5691735682340583,0.9153882149138756,0.9304748797613186
bg_2023_0131,0,2023,2022,c70088b5f5ed553ac8d54c56b48c1be5b90a722246b8993e86f8ab252abee2b8,site_fold_2,0.8073998667717627,0.8527914055619086,0.8935662285477991
bg_2023_0133,0,2023,2022,f4be26be42aa63779b31705fdb787991f04b62cc376f4011ad45d4e46a90aadc,site_fold_3,0.8354274601589747,0.6338311377952554,0.24594289992600032
bg_2023_0135,0,2023,2022,d4a9a61f6e816b947950df9ce5dcf1ba5199c097b89c4e2ff3146444ea11cb5e,site_fold_0,0.3519079588278701,0.38665631256112737,0.7801211729053869
bg_2023_0137,0,2023,2022,b1c60d3479151c265d732f1691c8965b5045f9f996bc435e7cc5093bbabaa7ca,site_fold_0,0.23341241594898418,0.02903176648621843,0.1024960000124752
bg_2023_0138,0,2023,2022,8c4da60d1d75cffc9bd0bb476c0dc48b8024afb93b7ec5dce86a348e4a515c7e,site_fold_1,0.0009080909136790056,0.0248319545071134,0.05517483577808788
bg_2023_0140,0,2023,2022,25491912f96991025541d5f5da5a1ed06d902fbef16223d74ebe72a74b2706c0,site_fold_0,0.24304259380099735,0.027162329507291316,0.22729932480468396
bg_2023_0142,0,2023,2022,27cf11d64439127707db65caff07bd9f503a61a6427d56ac8b3df0c792261c04,site_fold_2,4.804335957189153e-19,3.628928649150533e-12,4.473653356286178e-19
bg_2023_0144,0,2023,2022,48a8d4b27be3f5a3d567610c033ac715c6277500103c9ec2d712f0b3bd427f0b,site_fold_4,0.7298518304247043,0.7162045128106306,0.71480384130061
bg_2023_0146,0,2023,2022,e889077796f75a8bf06a0218348506ff1aa58361a026a2158158d33545d8f8e8,site_fold_4,0.7429013788393138,0.6350385739085039,0.49745316367313014
bg_2023_0148,0,2023,2022,7e9ec81c8ea1517e7c97d3f130bd8da15eded8367199dea08912d7fec27678bc,site_fold_4,0.747758676225392,0.24462516124800476,0.5832073383596156
bg_2023_0150,0,2023,2022,2d514b854a9419024c44d135af3eff0d5ec793684c36bece8e6471bba25f3d4b,site_fold_2,0.008879788107621562,0.00018087660248662513,0.004388676076959951
bg_2023_0152,0,2023,2022,ce81223ed4abc36fdbbc236f8ffb7d0ee9ea969f12ac8750196c90345354cd48,site_fold_1,0.05522052118497704,0.002629399769400691,0.0003649256389352911
bg_2023_0154,0,2023,2022,eaa88e45dc34bbc37c2c1c462247981c702e40fc4de264f8bfd709abb71da6d3,site_fold_2,0.07700134913388904,0.2694866305382626,0.3713026893326788
bg_2023_0155,0,2023,2022,37a1b32ea4828c6949829c840f5a2c1015383861dcde49e417670a4242964123,site_fold_1,0.037541889867166785,6.612112337789003e-05,5.349352694533275e-05
bg_2023_0157,0,2023,2022,10931396412cd75603aea0d3abeeaa86eab99d3b921d1b092b41bbab3e6b3ef3,site_fold_3,0.3421126238501917,0.012327686101095105,0.030296666727887157
bg_2023_0161,0,2023,2022,d49b5fbc9ceb41ca0416f4cdb698a4166b7a68f5b61831b3c486481ab9266d59,site_fold_0,0.6036487499421372,0.993515480531413,0.8740229328277282
bg_2023_0163,0,2023,2022,aa4923f93f3935d9017a178e2e2a00c39f8bda9e0d5768ff25899acb453cfe4f,site_fold_4,0.4879102567747009,0.20811036244705192,0.5980883559681122
bg_2023_0165,0,2023,2022,d2fe77c5494009de82c48b234cc00ce5e962100afef8729763eebcde1fdb3ee6,site_fold_4,0.38891387472699857,0.003410583411501483,0.004397949531897328
bg_2023_0167,0,2023,2022,4a3e32b2592c4bca0306e12810e632bbc064edd22a18e37cda46c14b345b44bb,site_fold_3,0.012919987778732682,5.092703730812451e-06,0.0002044004368399537
bg_2023_0176,0,2023,2022,f2237c29d27bd0b5346f0be444cdf4b5a741aa2fba630c9086b59654a04a210f,site_fold_2,0.40790497739795895,0.20921034299453894,0.005890001589017968
bg_2023_0178,0,2023,2022,e61f9b395ebe806bb4173411398360588d9e72421527f2deafa2fdbbbb195b65,site_fold_4,0.6126114399991107,0.8783894312815261,0.9130350148391729
bg_2023_0180,0,2023,2022,a113ed2181e2dafdd3bd4c517c782ea37e2fc64120cbcccfd433bc0ea0d1188c,site_fold_2,0.014044756751232589,0.0007107711306305524,0.0013031632636161313
bg_2023_0182,0,2023,2022,338e23f9b352e3105dbde6ef929db218b89c42bef0ff3192ba71868dc1c03e11,site_fold_1,0.5357717445136165,0.9290125206465583,0.9084762116863255
bg_2023_0191,0,2023,2022,cbc1c3c2479947688ce7ff97d13516aff256f9ff10811bac671aee0b4c32337a,site_fold_4,0.012161146018225353,6.552778465837789e-05,0.021054150432859423
bg_2023_0193,0,2023,2022,61dbfdd28521f9308c90c25b11338b8d4a84bcf61abdb389858a2ac8ee611700,site_fold_3,0.29719353828390144,0.7268572633200474,0.06213648428498306
bg_2023_0195,0,2023,2022,84ed77966a29277f09a9d25467f5d8ab0f66d8e58892bfa6b237ad9a9a82cd74,site_fold_2,0.00038297454061711104,0.003398522986237332,0.06323619420825997
bg_2023_0197,0,2023,2022,085eb8211e0d2e935d23d26841e01d26a6fd4d394c7185918f5965368be91c14,site_fold_4,0.8911981004223751,0.9214050104671389,0.9827068268154687
bg_2023_0199,0,2023,2022,83039e54e1fa37ee25521fbe29d0a288ee1d48abb96cc75dc80796ea6e46a80e,site_fold_3,0.011624200595458548,2.523065455232979e-05,0.00058486722834
bg_2023_0208,0,2023,2022,7fcd19c49f8ef373af77d30b6ea657701de171b59c2cc99c492381c7fa79eb53,site_fold_2,0.005889913177515954,1.2069050389225294e-07,1.6604948775452597e-05
bg_2023_0210,0,2023,2022,81ecec5ea53df338cb8dec8a3d93efdf89b240e40ceb46e53c9c62deeb7134ad,site_fold_4,0.7116972406596882,0.8600348098934566,0.8644427608156342
bg_2023_0212,0,2023,2022,d62a426cec03061a92b4b16ff9276a42c85c45c9bef3ede5653bbbd82d16c4a6,site_fold_1,0.4456228282632341,0.0007557764568054419,0.005104121682122039
bg_2023_0214,0,2023,2022,adcf989dc565c016087934f1ab4ba3b574fbe4b87d6ce6c4c0efac4ac2994595,site_fold_3,0.7034797377461216,0.924326386566714,0.9773518220409422
bg_2023_0227,0,2023,2022,f6e58d1a82b10079ee37183b7cf9cacaf6d4a553dd204c84c7040b1b90f871aa,site_fold_3,2.7694590971293138e-05,1.395072975743584e-07,4.7668613314833836e-07
bg_2023_0229,0,2023,2022,571d300f79ea95c93212637680e248e7f42521541f8f5180c48bc4344a8082b1,site_fold_1,0.002063103197161287,0.0026807126755696853,0.002736585664766628
bg_2024_0008,0,2024,2023,e01f18c6157377aa8fea34d0849ee57ba81780ea6b458a684b38b58c1f249aa7,site_fold_1,0.03383310459836352,0.013151223848759594,0.05743262147984702
bg_2024_0012,0,2024,2023,031f604ccd8decf0bc0c0f1b46d764f67618a666286b5ef046ba714fd32ce319,site_fold_2,0.011437730412832815,6.26400739857271e-05,0.0002761438355250407
bg_2024_0014,0,2024,2023,96f4653cba9c5b8fffc448302fa973dfcae2a21030235ce4f086544c824fafd7,site_fold_0,0.00029159580425690496,0.00020008527308087694,0.001806054607033077
bg_2024_0016,0,2024,2023,b567922b1a6e50fee3cb576e2441824a9c83fd4dd5fac5d1c44c98d81360cfb7,site_fold_1,0.060220994257055425,0.5579971882345098,0.20611209888094026
bg_2024_0019,0,2024,2023,6edce6b5be5a6297cfc6785fe6eb1f9255b7a66545fc3bea508c64d379a86f22,site_fold_4,3.6987106986739493e-06,1.6043598588870165e-08,7.910134931807114e-08
bg_2024_0021,0,2024,2023,a74f251b2c3000fafc6ffa15b42a8c8767d1d7f96385ec57c9a92bad2775d4d8,site_fold_2,0.00023818883675065278,0.002531682458900176,0.0033438865746048883
bg_2024_0023,0,2024,2023,707cefe99fb18e837868489d84317ae20f18934da0f4afa2a1f2b42c41ecaec8,site_fold_1,0.0024247064221956105,1.6216435024115957e-06,1.2248456749485527e-07
bg_2024_0025,0,2024,2023,7c6261366bf8edda64089f460e853aeaeda958dee0f29ba57605120c552ce3ad,site_fold_2,0.29363710453657627,0.03812339879457205,0.07189083129961177
bg_2024_0027,0,2024,2023,07e4e2986cc515ff4959416c897bb00877a6b5e8b3b13ea6b922aa271b685181,site_fold_1,0.06171615139030773,0.26170000923201747,0.22606066081475507
bg_2024_0029,0,2024,2023,d85443019e270af275d8e6dd883eb545895d895bb3302685db5c485b48671cbe,site_fold_4,0.009530227801967581,0.5830022229627602,0.4440108808374543
bg_2024_0031,0,2024,2023,294277d42644ddf4e441a0ce7c53aca2bfa06820f022b5f34069e9a8a30356b2,site_fold_4,0.00042812500165798566,0.00728139193887273,0.005366093259878561
bg_2024_0033,0,2024,2023,21e62fc153d7c067a581956f9285d808728d0fbcc3f743972121ab385b7f240d,site_fold_3,0.48472445663664804,0.4824130873597973,0.15461766291355056
bg_2024_0035,0,2024,2023,84e4269b50220afc54cd94d366ce19c65299d35df850ceaee93eadc2d1fba7df,site_fold_2,0.004376218268015502,0.05043941627721019,0.051443175768226976
bg_2024_0037,0,2024,2023,ec12ead14120d4fd24d16cabbbd241eb1d0fe9c16ad943805a4312845283d462,site_fold_4,0.19905422606378836,0.06892165738038451,0.16559068699531784
bg_2024_0040,0,2024,2023,b8e6d522bdee72713691c7fcf5a63989a868dfd95bd2cab5437e22511b06187d,site_fold_1,0.12626445732948788,0.0017971095375771268,0.0032933482374713813
bg_2024_0041,0,2024,2023,2fd1ce506e821d00b2c7dc4f3c74578abf6a9aa737fc9b17501c9a890c7b32f4,site_fold_2,0.28072555651204456,0.5490648355926108,0.022621270448040805
bg_2024_0042,0,2024,2023,c5c162e440897a82f0cf5001e5831e1ef3a67dfe6bf07a591a79a43cc3ff74f5,site_fold_1,0.13061392748942496,0.046430391699134536,0.44654584671199354
bg_2024_0043,0,2024,2023,3dc07fb46bf80b6eecd3b849850467fc614be95e21cbda76c3c7cdf7a7106cf4,site_fold_2,0.00037178897525458977,8.781662954064561e-07,9.662750985643258e-07
bg_2024_0045,0,2024,2023,5abac985a6deaa808eecb6a2742d5a724388c8f6c7ad871704b78b4066e386dc,site_fold_1,0.46315686190538446,0.5231339766267596,0.4707488383952898
bg_2024_0047,0,2024,2023,9b143e553b172de0a0dbcd667fcc44ff4424a8f9c8019d9c4a4518f7420b41af,site_fold_0,0.000427301319324439,0.010114619478964358,0.0005684949037374129
bg_2024_0049,0,2024,2023,1a44f043ff970d264d22e596a5e8bcb7dd2eeaed1035fc9b3d7de0c36349a6e3,site_fold_3,0.538202925880509,0.9571897430727243,0.8817106276717916
bg_2024_0051,0,2024,2023,748d2b899e4eb3beab4800bc94e8ff516e34ed0db3aef051813bec260a8670ce,site_fold_2,0.08132763796372162,0.15732049895862965,0.0820260227190647
bg_2024_0052,0,2024,2023,dcd99ae5f275a0be2458b09742536127a22d13b902bd53e5ac740a04f46f77f3,site_fold_3,0.35509429845032553,0.0652859118459475,0.048092328436346095
bg_2024_0053,0,2024,2023,ef5548ab378a0d6f1136921f787bedefcf308b5bf6f03841ab384a58392a796f,site_fold_3,0.003879075120440114,6.426918460689889e-05,2.0656610479696102e-05
bg_2024_0054,0,2024,2023,8b97daeee954f5cf8ce99941964f6b69aafbd08ff670db5383f686bb16668c44,site_fold_1,0.5204958170949918,0.01131240817846973,0.01118086404891085
bg_2024_0056,0,2024,2023,dc2c073fab33fa44d4232f769c5e6003d6870f75c7967861a7b52e38d7c69572,site_fold_4,0.42940566578509404,0.04492443214521421,0.13327738743468093
bg_2024_0057,0,2024,2023,d40effa8069de0fc26ed37d2c749ab608986996e969ab3f7db4ee96472d380dc,site_fold_1,0.6947908520025451,0.3690717979927616,0.6346314587159502
bg_2024_0058,0,2024,2023,203ddd064d80fc0d4e7bff11a0776d9e93419a3a6037aa9adc2c7505290a1813,site_fold_4,0.26423254816806585,0.48236095617351016,0.17315365473803035
bg_2024_0059,0,2024,2023,f9a9ec68c6f1d2a1231e5e83d38745b60d61290ff74ac936aa8f0683822eb8eb,site_fold_0,0.6762422778722069,0.8002377091899988,0.46576555317223034
bg_2024_0061,0,2024,2023,320a5b870363bc27bd783e6d2b485a8d3972cfc67854a5a58639a25fc374f980,site_fold_0,0.0007351014517157336,0.012163351425915304,0.000367654708840332
bg_2024_0062,0,2024,2023,b72bc3515d6491d4fb990553794908030b77eceda6076312844c64f5685529fc,site_fold_4,0.5159807994110055,0.016399765139721877,0.013901495792514458
bg_2024_0064,0,2024,2023,7cf777b87c15c35cb12a26b7d8ad0f56654c2b75b6447578107c0cef8bdd2e29,site_fold_1,0.5558808032238016,0.21494206838883032,0.048649946987600334
bg_2024_0065,0,2024,2023,2ae3e4a48561eae2ac17dd839dccd2bfa7997585727481cf2cc5ad1a544cbb29,site_fold_3,0.0011094943667282566,0.0007983928478437714,0.0003702523065401421
bg_2024_0066,0,2024,2023,a5a2dc9c1dbe6d7af6f51645bd09cb467e8f7c186eb7d91b2a155cea8ae622ed,site_fold_3,0.03992013075791985,0.000878387983034494,3.6860037282394575e-05
bg_2024_0067,0,2024,2023,b687a30ed837278ff4dadcfdef30f40b2986a06c7c79ed57693b3e6b2b1a9d33,site_fold_4,0.44744034443207165,0.4472179642772418,0.5858035889955624
bg_2024_0069,0,2024,2023,19b54b72bdde6c4bd3cbe2546f3414a4ff56cd60d6a2bcdf3d6f1f199e8b9a7a,site_fold_2,0.4005858913375859,0.26765480607298797,0.04081791144496678
bg_2024_0071,0,2024,2023,48da3e414015f3351b42e87e9218a6ceaedce537a926ba13d8759590bdad9d81,site_fold_3,0.5486013195516664,0.6561657730966539,0.314120343325679
bg_2024_0072,0,2024,2023,ea2e9240baa8efb8641cef5f652b1f430fd03b8bb6bdcae03cd85c7be7d79e6c,site_fold_1,0.5218882907347648,0.013623971532066513,0.04199335290071737
bg_2024_0073,0,2024,2023,eb67dc3c4a6302c161ea7c937485d56e520ac962c08ed97fcd8cb6d32e101eed,site_fold_1,0.545051230892074,0.10485438930394642,0.1268988748626085
bg_2024_0074,0,2024,2023,0661378a425c8a66c4aa539a6016f77d94444565f19a404c200d8da71d881e6f,site_fold_0,0.446790299521097,0.09448266007802555,0.03708312346982971
bg_2024_0076,0,2024,2023,b0bb5e94bbb58bef0707986a0b214f4618e10f100ec3660f7f792c139b83b7bf,site_fold_3,0.6712571366661804,0.37296561417365165,0.08629725003896159
bg_2024_0078,0,2024,2023,a5ca7d8f214e2cdbd499bf191e3ef82542d8fc7c4eb63c250906aecb6d052776,site_fold_1,0.1473502920510535,0.29366979055019404,0.30173544230583726
bg_2024_0079,0,2024,2023,387293de0a4d2562776968a4c928898f0c153e19c243293da6f2314332ce8e09,site_fold_0,0.5924399041301626,0.002688076440887535,0.0027853650398713464
bg_2024_0081,0,2024,2023,a79ec02ce4ac7963f73a96c80a4ea1fc557a0747a742e20e54654266ddade15f,site_fold_4,0.8733554745106737,0.7475737186716779,0.9430442833765479
bg_2024_0082,0,2024,2023,5535d9eaa37e4d1a7b852f0870d6bc9cf8d44c2c849c46b6e3bc123aea922f98,site_fold_0,0.9763924512313493,0.14782015190093103,0.0051331047866408925
bg_2024_0083,0,2024,2023,fe080c2d9abb132cc64d5557983b111ff97e3f58f287666fd5faa26bdb192287,site_fold_2,0.6548816599988523,0.1744012771339007,0.024515320009086506
bg_2024_0085,0,2024,2023,f3ce6092bb24123a060a0495483d50073de4e4ee953fe58bd28e219e1a83baa1,site_fold_3,0.0008957686144940333,0.002796320726825519,0.018936002656150145
bg_2024_0086,0,2024,2023,2f8d0c0da0be361972dcf84753d6a3e08b6dad88a520b7d1a92b86f9b38320ac,site_fold_1,0.2517237042700167,0.026583928134516138,0.0549300361564419
bg_2024_0088,0,2024,2023,d948566b5d11292ec582eb153178eebb116e8d9e510bbbb560baf1319dcb07ea,site_fold_4,0.16326575217417258,0.016112693390924027,0.0755921370949647
bg_2024_0089,0,2024,2023,30e0262a5079f27f544cfa11a50c2dac7696a1223e31b6a5743a25b88178f3f9,site_fold_1,0.6640530472994134,0.18880415223169986,0.6514645835033303
bg_2024_0090,0,2024,2023,0ea0ea06867904ade6f0cc97d06bcc3a15a536e081b0765ae05da45dd08c935e,site_fold_3,0.569378506907296,0.7093293703965653,0.4648276798160717
bg_2024_0091,0,2024,2023,982618d21af830b045f8c249c93b9fe8c0ca46e8eef0f38a41b858d40f182133,site_fold_1,0.5573775967080707,0.8524034753999097,0.9892719204780697
bg_2024_0092,0,2024,2023,1329ca34dd0aa22bba0143275ea656df9883ad433541073bcd4a263e3256d123,site_fold_3,0.486023165734391,0.4205576784938394,0.27068739950658394
bg_2024_0093,0,2024,2023,39af272ed4011f905c7675ca8e5251a45ad8be334a928f57454f06824c57b67d,site_fold_1,0.5950734621073244,0.19366434745616692,0.26736016002628116
bg_2024_0098,0,2024,2023,09cec87c34c3457792131d98f4e5ea7c0de72227cb164719da0895a2dd49e29f,site_fold_4,0.07205594420406773,0.9769093540013277,0.9962644698792128
bg_2024_0099,0,2024,2023,eab8096d803acb18cc201f6ace31bbda179073d5e6a99e0d73d2ec05bccdf772,site_fold_0,0.06321481199259742,0.00010477644080450565,0.0003675785782485486
bg_2024_0101,0,2024,2023,0e3e2e1f0d7500e89ab5386ac3395e82b86d098339e82b63a4f96b3de677403b,site_fold_4,0.2776849420431844,0.30692244789797857,0.06705289043284711
bg_2024_0102,0,2024,2023,d083f6498d7fbd2e9d25a6ad0b6797fb6e2c24cc6ad3d7ca5f9713008c86dd50,site_fold_1,0.07500795368784059,0.004683894494860455,0.003343238500250627
bg_2024_0103,0,2024,2023,094fe38ba748a64e5efdec7fb8286b4be6aadc362ada39934354d5551a5da3d0,site_fold_3,0.25057231559528675,0.17120136301828912,0.06798961736907375
bg_2024_0104,0,2024,2023,381d18bd61e34cf882bdfdf6012481b10927e35d12e6647db1266ea9a179de4a,site_fold_0,0.0016293308466813,0.005535054645533738,0.014415776721507742
bg_2024_0105,0,2024,2023,5bb0f3030646a3eca15b3c715c0a2cc5c67d8a64036f4b26e788799479fcac9b,site_fold_4,0.761952294048845,0.9567274812576644,0.8530349221811883
bg_2024_0107,0,2024,2023,121ca7306a2ae0103033e3004279ef3e80366ab277effbd7df933cd44df93378,site_fold_4,0.756139295976605,0.8470302437780665,0.5470691809488402
bg_2024_0110,0,2024,2023,fe94a8a6361778f583248af09d52d2f8beaeed2c3a1047494990e54232abf263,site_fold_3,0.4668480920651232,0.7209392386862735,0.441904797295228
bg_2024_0112,0,2024,2023,9b8cfb8dd01fd7117ec530b8b1be50f430e0bba381744f956eee96179adeacee,site_fold_1,0.8876072839372864,0.9972910395741903,0.9995207350009113
bg_2024_0114,0,2024,2023,cbf698a2629e0c40badff8fdce66678097136d982ad6e328f5e174702db1ac72,site_fold_1,0.11812616050135662,0.01919646918904087,0.0037609941536521315
bg_2024_0115,0,2024,2023,48ba22de3d6960040834837c9f93bad7da1ff9aa12c70c28cf23329daa5556b9,site_fold_0,0.28302863062481104,0.05578307031752113,0.16835884536277687
bg_2024_0116,0,2024,2023,b89dc14cbabd117f4baa55fee005974d32ebb678421d282b6faf5919d4c5513d,site_fold_0,0.2296186152895144,0.9749880873429875,0.9053601206327664
bg_2024_0117,0,2024,2023,259d5e4e331efc426e8d5cb37d174767fad44812d9c8aac2673f920f15e78ad6,site_fold_0,0.41168477606518783,0.001897417203385763,0.00032613599511281373
bg_2024_0118,0,2024,2023,8e82547d47b9be467e201fcc7a5aecc54c71aded64e0ac980099b8678439acd8,site_fold_4,0.5021085103128231,0.07637917857810093,0.01912332837352386
bg_2024_0120,0,2024,2023,1cdab643d1b940b0693fcbf08e8a99e52473b61131de923eb8b284c32f00c4d4,site_fold_3,0.27686108306259993,0.046471241758814584,0.036013091510756746
bg_2024_0122,0,2024,2023,bf6cb7c3b436132579c4c247e107989902b49e1a3a297a787f54b840578a302e,site_fold_3,0.20395637658040577,0.0008933880722062338,0.00404994305593348
bg_2024_0124,0,2024,2023,74a593ab813090c62b6028480a668a3959fb4e059bcc73876ed08db88d30bda2,site_fold_1,0.01320730329301062,0.01948054776025334,0.09669796011555272
bg_2024_0125,0,2024,2023,669228cb6311c26fa81b0cc72a9f043cf099e2aec5da6174c5343570362b53f9,site_fold_4,0.00020638142733883335,0.0005038720591037964,0.09974782936117324
bg_2024_0129,0,2024,2023,9d517f55ae5613be7e9c1f546afa3a8453196835262a2da69354022e181623af,site_fold_1,0.6111799485772549,0.45002061955922346,0.6250955688287597
bg_2024_0130,0,2024,2023,30fc7f1fd06b41eaa1cbfba3302ccf7b637fb6b97d364777008dcc7203e27e88,site_fold_3,0.48814475584764805,0.8226509805095407,0.8618284107473989
bg_2024_0131,0,2024,2023,c70088b5f5ed553ac8d54c56b48c1be5b90a722246b8993e86f8ab252abee2b8,site_fold_2,0.837249773978897,0.9269475539248083,0.8884544151081963
bg_2024_0133,0,2024,2023,f4be26be42aa63779b31705fdb787991f04b62cc376f4011ad45d4e46a90aadc,site_fold_3,0.764646151422019,0.4764265404585926,0.3881055937089715
bg_2024_0135,0,2024,2023,d4a9a61f6e816b947950df9ce5dcf1ba5199c097b89c4e2ff3146444ea11cb5e,site_fold_0,0.38971082639197885,0.338098661617041,0.3263499359386265
bg_2024_0137,0,2024,2023,b1c60d3479151c265d732f1691c8965b5045f9f996bc435e7cc5093bbabaa7ca,site_fold_0,0.2778080042197747,0.18093688625321913,0.4656301498917399
bg_2024_0138,0,2024,2023,8c4da60d1d75cffc9bd0bb476c0dc48b8024afb93b7ec5dce86a348e4a515c7e,site_fold_1,0.0020975677844389464,0.012878592116858507,0.12992624134804148
bg_2024_0140,0,2024,2023,25491912f96991025541d5f5da5a1ed06d902fbef16223d74ebe72a74b2706c0,site_fold_0,0.24761632133627198,0.12816155723186942,0.0757280622809334
bg_2024_0142,0,2024,2023,27cf11d64439127707db65caff07bd9f503a61a6427d56ac8b3df0c792261c04,site_fold_2,6.759160319226597e-19,1.3302061737826935e-12,2.723138477689352e-19
bg_2024_0144,0,2024,2023,48a8d4b27be3f5a3d567610c033ac715c6277500103c9ec2d712f0b3bd427f0b,site_fold_4,0.7821940025479757,0.7345012585262,0.86104622912641
bg_2024_0146,0,2024,2023,e889077796f75a8bf06a0218348506ff1aa58361a026a2158158d33545d8f8e8,site_fold_4,0.6927509619300422,0.43003450225393597,0.5082746840616773
bg_2024_0148,0,2024,2023,7e9ec81c8ea1517e7c97d3f130bd8da15eded8367199dea08912d7fec27678bc,site_fold_4,0.880707634208282,0.4607321678034153,0.6831173422001015
bg_2024_0150,0,2024,2023,2d514b854a9419024c44d135af3eff0d5ec793684c36bece8e6471bba25f3d4b,site_fold_2,0.010701042614287592,0.003864970916061393,0.0004310141002910213
bg_2024_0152,0,2024,2023,ce81223ed4abc36fdbbc236f8ffb7d0ee9ea969f12ac8750196c90345354cd48,site_fold_1,0.024933087832107247,0.001010340578442025,0.00011258898829117276
bg_2024_0154,0,2024,2023,eaa88e45dc34bbc37c2c1c462247981c702e40fc4de264f8bfd709abb71da6d3,site_fold_2,0.02656620711794997,0.32943730519119835,0.29438897753817633
bg_2024_0155,0,2024,2023,37a1b32ea4828c6949829c840f5a2c1015383861dcde49e417670a4242964123,site_fold_1,0.09377351881404913,0.0014465432035232937,1.8102537210735776e-05
bg_2024_0157,0,2024,2023,10931396412cd75603aea0d3abeeaa86eab99d3b921d1b092b41bbab3e6b3ef3,site_fold_3,0.46685706525568893,0.00934571885937663,0.17109610545873116
bg_2024_0161,0,2024,2023,d49b5fbc9ceb41ca0416f4cdb698a4166b7a68f5b61831b3c486481ab9266d59,site_fold_0,0.6537206729011448,0.9092596207433801,0.875883582186346
bg_2024_0163,0,2024,2023,aa4923f93f3935d9017a178e2e2a00c39f8bda9e0d5768ff25899acb453cfe4f,site_fold_4,0.6182192523741644,0.11998806653559507,0.6918348973573566
bg_2024_0165,0,2024,2023,d2fe77c5494009de82c48b234cc00ce5e962100afef8729763eebcde1fdb3ee6,site_fold_4,0.38596560134561314,0.0012997250268998017,0.01387433138671322
bg_2024_0167,0,2024,2023,4a3e32b2592c4bca0306e12810e632bbc064edd22a18e37cda46c14b345b44bb,site_fold_3,0.027289994061405767,3.483493692201033e-05,2.1945853811063365e-05
bg_2024_0176,0,2024,2023,f2237c29d27bd0b5346f0be444cdf4b5a741aa2fba630c9086b59654a04a210f,site_fold_2,0.1930133171449892,0.003171643797310285,0.02835434688673076
bg_2024_0178,0,2024,2023,e61f9b395ebe806bb4173411398360588d9e72421527f2deafa2fdbbbb195b65,site_fold_4,0.664426470678335,0.6838121133123067,0.7597096622770655
bg_2024_0180,0,2024,2023,a113ed2181e2dafdd3bd4c517c782ea37e2fc64120cbcccfd433bc0ea0d1188c,site_fold_2,0.04585188042071078,0.005320963798349046,0.0005079022358655056
bg_2024_0182,0,2024,2023,338e23f9b352e3105dbde6ef929db218b89c42bef0ff3192ba71868dc1c03e11,site_fold_1,0.5987046982055377,0.9213667342883587,0.907333956099878
bg_2024_0191,0,2024,2023,cbc1c3c2479947688ce7ff97d13516aff256f9ff10811bac671aee0b4c32337a,site_fold_4,0.06766243105944832,0.0024954957890088434,0.07824306550791525
bg_2024_0193,0,2024,2023,61dbfdd28521f9308c90c25b11338b8d4a84bcf61abdb389858a2ac8ee611700,site_fold_3,0.3253770877707696,0.1406314227396229,0.08917631147349254
bg_2024_0195,0,2024,2023,84ed77966a29277f09a9d25467f5d8ab0f66d8e58892bfa6b237ad9a9a82cd74,site_fold_2,0.0016470864102265833,0.05587358896968463,0.004976968713980341
bg_2024_0197,0,2024,2023,085eb8211e0d2e935d23d26841e01d26a6fd4d394c7185918f5965368be91c14,site_fold_4,0.9252957278766039,0.9270931907495069,0.9845589384303391
bg_2024_0199,0,2024,2023,83039e54e1fa37ee25521fbe29d0a288ee1d48abb96cc75dc80796ea6e46a80e,site_fold_3,0.2858312925897036,0.0011000240986795615,0.002539910666144763
bg_2024_0208,0,2024,2023,7fcd19c49f8ef373af77d30b6ea657701de171b59c2cc99c492381c7fa79eb53,site_fold_2,0.00238659501454002,2.549066935930575e-07,1.1907473051727025e-06
bg_2024_0210,0,2024,2023,81ecec5ea53df338cb8dec8a3d93efdf89b240e40ceb46e53c9c62deeb7134ad,site_fold_4,0.6638543333208414,0.5843943211648204,0.908624768931534
bg_2024_0212,0,2024,2023,d62a426cec03061a92b4b16ff9276a42c85c45c9bef3ede5653bbbd82d16c4a6,site_fold_1,0.4791611969822378,0.0022205913369724778,0.006192251061992795
bg_2024_0214,0,2024,2023,adcf989dc565c016087934f1ab4ba3b574fbe4b87d6ce6c4c0efac4ac2994595,site_fold_3,0.4943503529096711,0.9281480614581412,0.52486303915236
bg_2024_0227,0,2024,2023,f6e58d1a82b10079ee37183b7cf9cacaf6d4a553dd204c84c7040b1b90f871aa,site_fold_3,3.489924754596104e-05,6.505287685918061e-07,3.962185514852737e-07
bg_2024_0229,0,2024,2023,571d300f79ea95c93212637680e248e7f42521541f8f5180c48bc4344a8082b1,site_fold_1,0.005175532133271728,0.00334353814380979,0.006806213349489601
