sample_id,label,event_year,feature_year,site_id,fold_id,T_DW_prior,T_DW_prior_AE_prior,T_DW_prior_AE_event
seoul_flood_2018_00324,1,2018,2017,a1b1fca44bc1ff34acebce1d2dec2893d4eccf3bfe1ad7734248e10fe47f54c7,site_fold_3,0.5633835330275894,0.8883395716157932,0.9719674606337527
seoul_flood_2018_00005,1,2018,2017,e88f89ee8b1977d499627aace65949860075e37faa7075fb202f3b9c70914306,site_fold_2,0.8187473095570851,0.9344886040752873,0.8577162079345925
seoul_flood_2018_00723,1,2018,2017,f792ca6fa3b7966d7fa888f7aba498b9357ec720fd74b0d523038cf5741af0bd,site_fold_2,0.91758205268091,0.976718336540749,0.784071934889902
seoul_flood_2018_00741,1,2018,2017,0c53dcd495b829b20efb3cd45350dae6ad9e1f288bc99042e9b015befbc96aea,site_fold_1,0.6733698449986047,0.9561849974663853,0.9813984067012497
seoul_flood_2018_00325,1,2018,2017,a83737b63d9a503d7d831fb52ed8b58f380bae7bb9a6ea2c93390c680f809ee1,site_fold_0,0.9346285395112586,0.9996141230410649,0.9992858512894935
seoul_flood_2018_00006,1,2018,2017,ac7d7cf118db0102628ab6d0633c011aa5b6a76e06adea19ae1b020a71924fb9,site_fold_1,0.666523863147684,0.8035275928453112,0.9405012508951992
seoul_flood_2018_00724,1,2018,2017,cd69195557cdbdaf5ce455c634a40f8ef2384631b031d6bf23b3bfbf753d27c3,site_fold_1,0.9437396395211961,0.9739444657212788,0.9751897387667171
seoul_flood_2018_00742,1,2018,2017,281ee18e6f6caaecbe9a202ceb6e7b72f1f1c841efc7b7cee1fc3c5652f3683d,site_fold_1,0.6823119080555499,0.9650879227305372,0.907407364799045
seoul_flood_2018_00326,1,2018,2017,0b759919b089a0a22e2f525d49ab414e3f532557f3abde425e5117e4866d8812,site_fold_0,0.7524996131937958,0.9622284863599386,0.9404716996230688
seoul_flood_2018_00011,1,2018,2017,1d041d03fe3492d616ef2e8ff830888228eb12026dc49e31cce9a305e5ed7e06,site_fold_1,0.7382992347325937,0.889830032148487,0.8006341055421238
seoul_flood_2018_00725,1,2018,2017,016fdce57ee065cde1e7a7d9c7335988a9c8740d99386001979a8db655fe94fd,site_fold_3,0.9276521586673465,0.971922170869772,0.9309339223419428
seoul_flood_2018_00743,1,2018,2017,7620be273e51d04036dd429b1780df3112895de3b62b1d436d4774dbb49c4d76,site_fold_3,0.7486322966539565,0.9610975921486401,0.991538835885626
seoul_flood_2018_00327,1,2018,2017,053d6f8c081d5d4514368aeca0fcac700fbe7e896de8295fc6772f272a3546f3,site_fold_2,0.6706296141116534,0.683509259678156,0.24998199421240053
seoul_flood_2018_00012,1,2018,2017,9df6541a039a93123871f9d79f5b8006457ed47b9ce2268ed5d86a5099fcbcc7,site_fold_1,0.9396521561377785,0.9893963844008018,0.9771996964473798
seoul_flood_2018_00726,1,2018,2017,b7cfe4f3036b3920a9c0cea41a0880e97030fd6eba18c0725e204f88cfc566dc,site_fold_2,0.9759383938709398,0.998687926629286,0.9966836720263255
seoul_flood_2018_00744,1,2018,2017,3a238d50e2af219ba4ec25c647463d9ea7d1f63a9a1d239c41f91c75c557643a,site_fold_2,0.6933405876851542,0.9174603187948428,0.9137158535119726
seoul_flood_2018_00328,1,2018,2017,c350b7a0650780eee86eed1205b21bc8e309f3758943c1e32321cec0af94c026,site_fold_1,0.8256732972705673,0.9390884540107872,0.9864200976738028
seoul_flood_2018_00020,1,2018,2017,388a682307c61eec5c4cc5e96e9adecbf7434ab3669180ed93edde5abf56ec24,site_fold_1,0.569975667834747,0.7978485410641671,0.8298593806859419
seoul_flood_2018_00727,1,2018,2017,c750d53cddbd6712ab9b87d84b0fa4436f78f820dbb071fee232eebeb0c9dc63,site_fold_1,0.21111098866148548,0.22289543924601327,0.12188922503006538
seoul_flood_2018_00745,1,2018,2017,3522d53dc7424cb162deeb350bf2fbeaae2820630dafe096b0b77802e2cb3cc5,site_fold_3,0.5171756738961455,0.970073701155224,0.980216068656829
seoul_flood_2018_00329,1,2018,2017,918ba9f59e992e22e19d2a2a57747a530407ff0a2caaae7081813c50b7096c64,site_fold_1,0.8256732972705673,0.9390884540107872,0.9864200976738028
seoul_flood_2018_00021,1,2018,2017,3b97d95dd112fb934e3360de60c479a157c794139261e92b084fedd6f79a6971,site_fold_1,0.4344158552546314,0.8028818844172559,0.7965914137365436
seoul_flood_2018_00728,1,2018,2017,1567ff21af4f0e60ece05b1b1f97f6688f3122fa285400a649e9f6911f4eb7d8,site_fold_2,0.7867041723936241,0.8482978859045878,0.937257728879325
seoul_flood_2018_00746,1,2018,2017,f2cba0d9a3d3f61556a8daef88c437a1b6ffdb591f7f34d3bd05083858f871d0,site_fold_4,0.4214435335402248,0.7944839038024275,0.8758544570234236
seoul_flood_2018_00330,1,2018,2017,ccc187526c6e506022a98020a10e694ebed7f9288bcab382e7573d1639ce746f,site_fold_3,0.5885504200110252,0.9080512343294649,0.9540458217806747
seoul_flood_2018_00022,1,2018,2017,37ac8c59899fdee8a996aecc0b960138157b4d540236c004fac05624e9a802dd,site_fold_0,0.6346464400154562,0.9991078656823106,0.9998376501940075
seoul_flood_2018_00729,1,2018,2017,c52b915e27b4091750b43512b670caee102702467a59260cb6dc9389b90583f9,site_fold_2,0.650178361748518,0.984045325185166,0.8155352323005957
seoul_flood_2018_00747,1,2018,2017,c7edb11248be6812169ef801e912dbf2da345059d9f63db27f0a5fa68b0be9c7,site_fold_4,0.5561551303621465,0.9893884819654428,0.9933179221813029
seoul_flood_2018_00331,1,2018,2017,1d35c36c5c8376735746df76324bd49ab4a065010f8d30d93d79cb28dc3150e4,site_fold_3,0.839739830279047,0.9445492877173274,0.9594711225836923
seoul_flood_2018_00025,1,2018,2017,53a24fef9ef8807e2cc28e2f06874c151ec3c800b1fc78566a38dfc78c97939f,site_fold_0,0.22687265659026773,0.9431551470862508,0.8127986167254589
seoul_flood_2018_00730,1,2018,2017,2188fc31bf1b87a414d865159779d5c75063bd89ee3bba3de439f0c8935be81b,site_fold_3,0.8035127742348473,0.9777030473186253,0.967673241240893
seoul_flood_2018_00748,1,2018,2017,efa5830a13132042247e314874bb44bc8008ea34483223557638b3c466ae6d7b,site_fold_1,0.6130995304217566,0.9895931165076353,0.989054975697482
seoul_flood_2018_00332,1,2018,2017,381acfff536f180dba5bf633c798bf56cbb21042110d410ba141294bbb24c97e,site_fold_4,0.8348418171589164,0.9542734018851918,0.9884785930379667
seoul_flood_2018_00040,1,2018,2017,659d244386f4866b404465faceec6356e38de3adfd161893e5fd8ef2a036df9f,site_fold_2,0.9594828532091672,0.9988952639395196,0.9935054077890529
seoul_flood_2018_00749,1,2018,2017,6d7587c462684477b7bfd3915ed0660269aefa70ae2fb0556af7aa5c82ac789c,site_fold_2,0.842666014586333,0.12184403048390904,0.027169377235452243
seoul_flood_2018_00333,1,2018,2017,605ee8a54d1aaa4b9701f183e63067ac88aacf7d6bda1ef075ab1637bfd92de5,site_fold_0,0.666859392149776,0.9899855759414088,0.9865406922929567
seoul_flood_2018_00043,1,2018,2017,cda8b7236e56129d5f1016fb65a3cb4103a46fdbfd7644c4b4c8f1aa856ea226,site_fold_1,0.947764845545108,0.9891881483484678,0.9945455918316725
seoul_flood_2018_00750,1,2018,2017,3813ecb1452f6add0e764ae12869927bdd31ead5da2599a59a4786f1c1d338fb,site_fold_4,0.6251334441751037,0.9129515539222891,0.9215333079381869
seoul_flood_2018_00334,1,2018,2017,c8a1f2ad0894e015f83443c9267b0394232ddbc3070594550ee0c906ef8fb4d8,site_fold_0,0.688850304401704,0.9267944812497468,0.9711708449437
seoul_flood_2018_00044,1,2018,2017,b85e697ac2a50ccb96d372f5cc922136a327bc212ce3ef91b6d535dd5a1433cc,site_fold_2,0.2883543221215153,0.9913080431472531,0.9707327548996649
seoul_flood_2018_00751,1,2018,2017,1d014c0252c9d1e801cd15c8ef78f472bea4869776885c791bbf25c842eca006,site_fold_1,0.7732628398920937,0.9819893146395048,0.9591729202063699
seoul_flood_2018_00335,1,2018,2017,b2f2b60c254e7490190f41b9c16af5d8de91579749b3fd585287c90ddc3a9f8c,site_fold_4,0.9656414865341938,0.994560149568964,0.9958502644147998
seoul_flood_2018_00050,1,2018,2017,79f8b2c51da51d091269b8226eaa9c01c48c24aea78c15bf3cdc5ce731a6e3af,site_fold_0,0.6613769204144108,0.9264656712561874,0.990287849218306
seoul_flood_2018_00752,1,2018,2017,4299d7148be312faca910ed1a45c3f59ab862b0ae0e28fb46a59d325163411e8,site_fold_1,0.7057423121698242,0.980198581308926,0.9698490738648857
seoul_flood_2018_00336,1,2018,2017,58dcf847e10eb5935155f8eaf1b4d1599acff4602e20f9ba360e9e0b5f450524,site_fold_2,0.8971424142660324,0.9471025636218824,0.9315016562717923
seoul_flood_2018_00053,1,2018,2017,624e10d71a7f47b984636b6edb8bdaeb5b127bfda9d61227a0b41f3151c86416,site_fold_3,0.8183118177853815,0.9997621031626014,0.9993451041769202
seoul_flood_2018_00753,1,2018,2017,326d3e32f81727903e6e38e8d66e8f45c0f49a83fd1d55dc4bf18b1596746aaf,site_fold_4,0.5540031689096349,0.9172460270769697,0.9440264119973274
seoul_flood_2018_00731,1,2018,2017,7e27002406c970b9f0ad3eef70363e745220a81e62d98ccc076ed94360476b50,site_fold_0,0.9402718922872614,0.8361679674819174,0.9788090931876327
seoul_flood_2018_00056,1,2018,2017,48b35a72390e799e3ddeeb233e3c32a9ac9aaddacb845ae849a8bcb07b4e71f4,site_fold_0,0.9163136973853947,0.9628951334347343,0.9949127758892581
seoul_flood_2018_00754,1,2018,2017,97789c0161bd76a063a56684677dbb07715ff06ff30edbf9dd137f6c3b398409,site_fold_3,0.6540952832387972,0.9878578540172891,0.9901734552996739
seoul_flood_2018_00732,1,2018,2017,e5fa1ea429c64ce2505d006be1fb818f4d0046e475d298ccb992113713754a16,site_fold_3,0.36357840551921006,0.9013906218976531,0.8583449018782517
seoul_flood_2018_00057,1,2018,2017,21e378c1bde8ed37fbd884d8f7bf3aa6571b63b171072ae0243436ac2a33da03,site_fold_2,0.72788716557539,0.9985763748626492,0.9984830293761974
seoul_flood_2018_00755,1,2018,2017,f7652aa85c77cbc87997e2756749f15c92d172deeefd4982fdea8e0c0e1ecc05,site_fold_3,0.5171756738961455,0.970073701155224,0.980216068656829
seoul_flood_2018_00733,1,2018,2017,1a260a4112fa78b379fdd3363e95fb3f2dab1c04edc8b1adb13fd6674ef65186,site_fold_1,0.7095695059352755,0.946383025792731,0.9916479396527003
seoul_flood_2018_00061,1,2018,2017,dad1c77fbc783427bafba867dc3676e700063a0f8bf0cba6999b50341c608236,site_fold_4,0.9749664781700031,0.9990434431993572,0.994508737172188
seoul_flood_2018_00756,1,2018,2017,d820383513b0930310149682bf4fa107808fe3139631b684f8cddbf29663c7a1,site_fold_3,0.6118866318225256,0.980100206855559,0.9855753029412838
seoul_flood_2018_00734,1,2018,2017,41db34bc751872c31e82c1435d7851e06d4acbddc1fe6a1b119b517cb9da914e,site_fold_3,0.5376481834063072,0.9963347949479158,0.976920910595969
seoul_flood_2018_00062,1,2018,2017,9f7481cc4bd4e573144e61fce0fa90b22b1866ba41db60d60147951b6a558950,site_fold_3,0.05780932530673472,0.8996052518339904,0.9596818098444064
seoul_flood_2018_00757,1,2018,2017,8bf60aa3320ff1085bdb260f4de4d79abcec85d2751865de7bc81c6e7f5c9230,site_fold_2,0.7001392202460485,0.9170635152129122,0.9326379167007307
seoul_flood_2018_00735,1,2018,2017,9a2a6d96d61b642accdc67fe6199408ae6318794974446f6e6849d5d9b096ab1,site_fold_2,0.42895674651389826,0.5151708395494123,0.36428056009715076
seoul_flood_2018_00064,1,2018,2017,ee0fed5c78b685055fd38ef69d86e32bb9b0540bd39afaa2454136cc247e7709,site_fold_2,0.3293437385309259,0.985075031108534,0.9840058578302804
seoul_flood_2018_00758,1,2018,2017,705e49ec80245d662e9cf4181ff34571db06dfe1e4d68d6be85d478bb8638e6d,site_fold_0,0.5600650359540321,0.7240698796368353,0.79573719554233
seoul_flood_2018_00736,1,2018,2017,3a631fbb8ea1590814892f1b2dbb54dd3a3d627eee72ad04c6730da37e0c1d54,site_fold_2,0.5919918233984267,0.993026408502954,0.9977168649738541
seoul_flood_2018_00065,1,2018,2017,8eab2f8b57512faca1a4b9278339274fb6f1b87d275b8d9d89afaa1fa7b1bef5,site_fold_3,0.833499848556546,0.0034334233100587397,0.2672373012975855
seoul_flood_2018_00759,1,2018,2017,3079dfeaba1faf9d566c7050ff2ec5201d3799d5b4bc7d5fc23a1983a3885e4a,site_fold_2,0.7659813821489004,0.9491131036294281,0.9401166954463084
seoul_flood_2018_00737,1,2018,2017,112344c4987a5f696346382e2b12cbf7f30d7e84fa4b1a4e4543ad0e8ded311a,site_fold_0,0.24122965504614574,0.9965002986027476,0.9890061701313299
seoul_flood_2018_00069,1,2018,2017,2b3e5e6e494b7fe4dad6a6696e4750401a2405216cf6320548ed8ca7ad9d4225,site_fold_0,0.7324775650496174,0.9837321278253093,0.9521439770208276
seoul_flood_2018_00760,1,2018,2017,d19d4648cf65ca6ea86331157fa9bf7b652de1ccb3a2155cabc6bf5f2b500ff2,site_fold_2,0.6353852377952927,0.9921660941032076,0.9711457544881247
seoul_flood_2018_00738,1,2018,2017,b219ab5ae8913d32375632f6109b09c84f177543da505670ae46e9c08117413d,site_fold_1,0.18123366838122842,0.9734265361027928,0.9487817727903072
seoul_flood_2018_00071,1,2018,2017,7adaa6b8000bc42a464e78f70fa2d413bbf039dd656438fd0e5654cd9ae0975f,site_fold_2,0.5400489481246853,0.9910154983258341,0.9972665875348672
seoul_flood_2018_00761,1,2018,2017,649a028f0cab3f8dce663c2991f00eb3df881d64269eedcbdf1a0f16a1ac86ad,site_fold_0,0.6746639722062779,0.9857196822999014,0.9975237858799689
seoul_flood_2018_00739,1,2018,2017,d1408d944ffa98ee9c0008881a700f860a827354ea90fa56a5140e08bc15ca6f,site_fold_1,0.9641857401619613,0.9071077846233914,0.9507267332697558
seoul_flood_2018_00074,1,2018,2017,275e9fc1dbbb45fea3e5c12324184c1afc46cc59e56490e9b814a413a9db3ce2,site_fold_2,0.5030421495997127,0.9813526789290165,0.9830847554201562
seoul_flood_2018_00762,1,2018,2017,51e73d067106dedd680d04080ccf46f7803895ebabffcad1563ccaf312909474,site_fold_0,0.8555627110646143,0.9256121545430889,0.9607864193540554
seoul_flood_2018_00740,1,2018,2017,138f9834a140c30fe1cb1013f09b6df844aff508584439948cb9fc3ecb933306,site_fold_4,0.579914816101337,0.7117747101799283,0.9486229225162798
seoul_flood_2018_00080,1,2018,2017,5b18f1a9783d4518a71dc4dcda4a948cc51404a72c5c09734ee122e18d3f95ef,site_fold_3,0.8816788751161975,0.9996741932545268,0.999708694530863
seoul_flood_2018_00763,1,2018,2017,2ec78c588853f99c32d1ede1fa1ac3ddfaf067a1b750ed949481cb32e682495f,site_fold_0,0.6268151815472489,0.9211943102177114,0.5641393966511508
seoul_flood_2018_00083,1,2018,2017,53f21c0284ddea8549b752d3c5ff3be611c28804d4f6564a5f13a1ff0a5b11bd,site_fold_4,0.8515182707233949,0.9988760274355293,0.9974819511012715
seoul_flood_2018_00764,1,2018,2017,05d3f478e28ca860362a10d492fa9a67f8c033caa6ab9ca380f53048b367b481,site_fold_0,0.48532108877354563,0.7967066852035689,0.060770034639796564
seoul_flood_2018_00085,1,2018,2017,0765f22659ab1c730be3c132151cb333cb8e887f92fc902404be8b7a4e4d42d8,site_fold_4,0.8597975578479422,0.9996024585978641,0.9997254323552467
seoul_flood_2019_00001,1,2019,2018,fcb0a15bb5a2205a02887417432d9ab19ce9374453c6aa345161e4520f3b6176,site_fold_1,0.8972004210908129,0.999757261222516,0.9990776548368538
seoul_flood_2019_00002,1,2019,2018,5fd8b087336a389f8364b4a246a938ed21be409b952c86585a9f54ddd749638b,site_fold_0,0.06639658339599963,0.009361450296782599,0.0037674525376951793
seoul_flood_2019_00004,1,2019,2018,54cd0bb8ec5fe2848ec2ecae95098289bd76d30ee662d04ac03f69be0465d9d9,site_fold_0,0.1442640293965318,9.13278209726963e-05,1.6127881577491508e-06
seoul_flood_2019_00003,1,2019,2018,547e2d01ac7557cf394ed69c6db6d5d02025d9fe473ef3bf7490e9270bc0d793,site_fold_0,0.6457226124153689,0.8508917379206926,0.19976452954432222
seoul_flood_2019_00005,1,2019,2018,fd65d6658f5c8b220975c11acba4fd65d878d6713aff553ae1f91f6159a3afc7,site_fold_1,0.2877053543176063,0.549682696720196,0.44386749139142456
seoul_flood_2020_00031,1,2020,2019,60cd8eda4cf981487d922b2bc9e94f935b3640c72165ca20371285f105bfbc4f,site_fold_2,0.6868108273574456,0.41496196949414116,0.43618445932193356
seoul_flood_2018_00087,1,2020,2019,3c515eb667611eba105aabdc662f06d42cc067b6a4d35327bb2f79d1c65ea40e,site_fold_2,0.7300553252512114,0.9850439726688548,0.9904370542252191
seoul_flood_2020_00161,1,2020,2019,c90712fd2ef2d9873c9b89acd3eeca11a6a7a57e145395af8d2a70433783d621,site_fold_3,0.6360868095044551,0.050389336958144126,0.12150515091923142
seoul_flood_2020_00038,1,2020,2019,7222b0a726b4d6c589b7367aa03cd95be294d02ac9a05538f65edde4b0fec905,site_fold_4,0.7109199064853516,0.09331248666279154,0.15195531733151238
seoul_flood_2020_00032,1,2020,2019,cb715ed173479e77ef2d6ac026302a54a58d9972f9db28988c05158b74d71cf0,site_fold_3,0.08424662857250736,0.019464052814307176,0.043059542639387355
seoul_flood_2020_00008,1,2020,2019,18a42675611639157295738f87f0005ce33c610aa2b3bc131d1c81844bbf3344,site_fold_1,0.7930776100061364,0.6195795088039634,0.3100355889377656
seoul_flood_2020_00162,1,2020,2019,18934a7e51159b2f8bb68012fdb6bd5b0f75ef97656072bd5eef4b836fad42ac,site_fold_4,0.8207924759418106,0.987235317366921,0.7839831541391229
seoul_flood_2020_00041,1,2020,2019,20f45fbd0cd6c1b2391ffe209cca7f6998b68037228bc730a5c77074aaf53eb2,site_fold_3,0.5146469993031766,0.08068799148740108,0.2620206221546721
seoul_flood_2020_00033,1,2020,2019,ef6b220ac91c0f350535c2927f95ad072f275f16ff047695c8ca1b82121c76c4,site_fold_2,0.49255994552599025,0.802089447729102,0.8950521716861082
seoul_flood_2020_00016,1,2020,2019,e10a1d4b0b322dbb7542eab7927bf9f8e9d224d52e55caa6bac671aeb120f13f,site_fold_1,0.42091839486546506,0.6335365629370021,0.418166193164371
seoul_flood_2020_00163,1,2020,2019,262d20d84cc21b6ee00c5d5c466254ab88ec02c9f15fc316248a69cd528083f8,site_fold_2,0.3005411381959275,0.15982119749052115,0.2977288382864699
seoul_flood_2020_00155,1,2020,2019,f4b457f52bf5d3e32988f5e0f4e9e9ab2afcfa6bfbde1a658ba24fdee3240d98,site_fold_2,0.2721778891894331,0.99992306012028,0.9999895836565004
seoul_flood_2020_00034,1,2020,2019,10c46e4c62d7fdf5ed72a30e7772ba427dc77d249e30d5db3813c87d6a25358d,site_fold_1,0.9557944694445146,0.976604673825675,0.9928550290357704
seoul_flood_2020_00017,1,2020,2019,75b5b3fdff7bad158fcf1d9e2521788292a2fdd529262e14a8c3c7e1065b5167,site_fold_3,0.8741547505921307,0.993430905068801,0.9731151995615908
seoul_flood_2020_00164,1,2020,2019,d38c663073cd86f011cced4de194b87e1b9d16bb8b5389e5ccf62d2aa8ebad41,site_fold_2,0.5422562593756667,0.508850536827472,0.27735996302745713
seoul_flood_2020_00156,1,2020,2019,3555de32ff588ee5c192166c9fc69526e5cdb8a175dba83f459952df5027364b,site_fold_2,0.19379898016053707,0.9992301045515908,0.9990557249652731
seoul_flood_2020_00035,1,2020,2019,7e6c491cfb15eceaaa54161669de732ec9dde775dd0633a75e28ff537399fb74,site_fold_0,0.8721604853672679,0.9834571823856171,0.9907553793670346
seoul_flood_2020_00024,1,2020,2019,08886a1567bf070a2898b735962da5b5637940828754011bfd419b9efba0e6fb,site_fold_0,0.25450341786011027,0.07989711925030613,0.21886635009612893
seoul_flood_2020_00165,1,2020,2019,40392281aeb3adb0c0778c84507c484136bcf21550dc3461d47533208cc16d0d,site_fold_4,0.6464218843090737,0.9828884549650596,0.8925759098768212
seoul_flood_2020_00157,1,2020,2019,7b2db85225e0120ee8866f4d1af9bd2aa38f479e3462310696a9b7979bf3c97c,site_fold_2,0.1310688754226038,0.9741820668980581,0.3268449544938451
seoul_flood_2020_00036,1,2020,2019,a40d0bba62c999d879457048f04d7b8deff936b8ce065f1b93ed9f9b9add1779,site_fold_2,0.653217188309667,0.07049658803984614,0.47013348564083685
seoul_flood_2020_00026,1,2020,2019,60c400e61de242770e7da27016af5b1594a883cf59b9a9d86a72b9faa255f301,site_fold_0,0.879726034481066,0.9497975059910949,0.9897828212690708
seoul_flood_2020_00158,1,2020,2019,0ebe6e4adbc9b4123af967a249ff6160cb782d1ce30ef79fdfebfa0de565d9e2,site_fold_3,3.0454967693770513e-05,0.5936181341705484,0.20439650093019618
seoul_flood_2020_00037,1,2020,2019,68064bd8597c3a2f5dcea7760664869c422926f714498f30c771c4ac7d10c12c,site_fold_3,0.7275803357347556,0.18565972871846562,0.08193827883752755
seoul_flood_2020_00027,1,2020,2019,159756d275658a6eea185326c1c8b8bdf783cb6ed665eec07e2c6cfd1f90fd46,site_fold_2,0.9973889528433431,0.9993680810034735,0.9998773426352966
seoul_flood_2020_00159,1,2020,2019,19c1885565e56c290d21634561050e4e1cc121630fe7468379a765458fc7dd94,site_fold_4,0.8184941688743235,0.9960845376200068,0.996614208096304
seoul_flood_2020_00052,1,2020,2019,8f04d29a85b032d3db48171fa74a0e015c47781d33e5eb50b4beb7c8e972e2d5,site_fold_3,0.9880922682890916,0.9964218536281676,0.9943517856137328
seoul_flood_2020_00028,1,2020,2019,e311ebab0d1322dd22364ea30cd114fc805926a72b5d28893510e9a4da436f4d,site_fold_3,0.9941617059736978,0.993874248198731,0.9995484795967536
seoul_flood_2020_00160,1,2020,2019,456d2ad59c7004e996a1bb2640f7a4c7791206f398afcf1712627e80ebbe03d5,site_fold_4,0.02792544728132363,0.010367790173717539,0.006342426509897412
seoul_flood_2020_00053,1,2020,2019,e92a42c30861ff8dd3c05bd15d469cecd2a4a795eabff79eb9735e228dfa1377,site_fold_0,0.939451869019742,0.9891945988326071,0.9924897450560939
seoul_flood_2020_00029,1,2020,2019,e54e33160a2670c6606515444b193b0c29f0b4c0ce102243371879c9fa07af70,site_fold_0,0.6175376609291944,0.9941738445936463,0.9985979272669292
seoul_flood_2020_00054,1,2020,2019,903fe509e1173017f2664fdb60235e5c0fecf5698740e6cbaf813caacf9bafe2,site_fold_1,0.9332183301342308,0.8709023611941039,0.9714351460282963
seoul_flood_2020_00030,1,2020,2019,4892c95f9d4be5fe6e9e807cecd47c952f44a5088c5322e9a089f89958183f58,site_fold_4,0.33686350454980674,0.557818940446373,0.4061828842671472
seoul_flood_2020_00055,1,2020,2019,4da29f2b0d9cdcc836f9470f506600c4a9c7d272b3e99196aaf402c8da14efe6,site_fold_1,0.8340061572086211,0.9863204807197119,0.9734594130121146
seoul_flood_2020_00049,1,2020,2019,11883d7fa62f924dcca67e6b71805e13ffe7284cfa99d3aab7e71251afc42871,site_fold_4,0.6463353315382622,0.9440207490768573,0.9667757401120036
seoul_flood_2020_00056,1,2020,2019,fe81cdb1e697e8d9d4e8a80b1d37984835eaf1d7832d50438399759015467427,site_fold_1,0.8591867223340816,0.8950808267893487,0.8315584314835283
seoul_flood_2020_00050,1,2020,2019,c16f2de5175ab6c9c3347be190453bea3fbc24fe1f20f10b5b6eed4088860d86,site_fold_1,0.28468851303837966,0.30196040675737423,0.33790183543769126
seoul_flood_2020_00057,1,2020,2019,85a1a4d286c1a53ca36fa8ceeca235ad1b2f583d127de7ab084cc0882321ff74,site_fold_3,0.729826746337201,0.7897325511560893,0.8229212211723786
seoul_flood_2020_00051,1,2020,2019,01b405d8db875779338248b392bebddac1a9f6fb16604928d371454ee69e0204,site_fold_1,0.30918135677649855,0.7783055653456332,0.7751442423324347
seoul_flood_2020_00058,1,2020,2019,6d3dd7eae848fa7d6717b0f8ee7631b0158b96c9cd6f237d2c2e4c179d9af571,site_fold_3,0.8142087684430905,0.6694946047258541,0.7405168279937775
seoul_flood_2020_00059,1,2020,2019,e5b2c0eae5350cbd21ab8dc75a8db32c3f296c350d962b4a4bf95ca07aa71bb7,site_fold_1,0.2181272736741788,0.46941563531766295,0.35734281439677595
seoul_flood_2020_00060,1,2020,2019,dc52b7037a37162ca7aeba0c259fcd2d421b8bf018e5cc39e00ec8d22374ef17,site_fold_4,0.9282789862809734,0.9777111051706526,0.9940657254262125
seoul_flood_2020_00061,1,2020,2019,63766b2550ac2953f858ddfec3231520fd87d6dfca7d9e0ac9c396ec7684e38b,site_fold_0,0.8724065584008245,0.9941571895524239,0.9948057369692092
seoul_flood_2020_00062,1,2020,2019,8266c76f416d89566523a98da79764c403297610b0a135f5a5ebe1be9695c216,site_fold_1,0.832506893207437,0.9672518825071017,0.9579895798328604
seoul_flood_2020_00063,1,2020,2019,df5c84717faba2883b1eaff076e8fb3415343781d918d34433bbca08fcd8e080,site_fold_3,0.8481825090814238,0.9506681358335684,0.8711268483087327
seoul_flood_2020_00064,1,2020,2019,e99e51efa4aad35446fd6eeed904db223ad457aabb180255994303345c8ed2a4,site_fold_1,0.9250254710709138,0.9953199645492904,0.9951193218518517
seoul_flood_2020_00065,1,2020,2019,03f72303926d55a23a3475a8ba15ff8d5fbd5acd435609a29c889cc220ab2047,site_fold_2,0.8704948472561463,0.9916305345047489,0.9969477956492966
seoul_flood_2020_00066,1,2020,2019,8346ac8e8c0e93102650b8a71656bdbaac4d11ea774826e6cd08a89d08ea03c1,site_fold_0,0.8434539852603695,0.9872363950264257,0.9845164426125432
seoul_flood_2020_00067,1,2020,2019,058fbbcdcf0d4578013e341b772cf94f2a02c13400f39a0c2c101529bad541b0,site_fold_4,0.9706287739040539,0.9979458810519889,0.9991117209766502
seoul_flood_2020_00068,1,2020,2019,d42b20bbd4e6bc379486f37ee4112e847759b2099f5dedb9a751a364e5621901,site_fold_0,0.8913067768546103,0.908283731785731,0.9630559929902887
seoul_flood_2020_00069,1,2020,2019,ca563eafd2455af056608fba6c9ac053308d757ff5046eab790cb80c2a839fc5,site_fold_1,0.9453427668008466,0.9385708363674993,0.9751287876036501
seoul_flood_2020_00070,1,2020,2019,aa4fc57098b6444a72f7e54fad0bd94f7d13e0ed964d0da4f74baa4a28879a81,site_fold_4,0.9434645378126051,0.9931534802439059,0.996682016408509
seoul_flood_2020_00071,1,2020,2019,eb16dd72df019be8aaed131448ff14d6fa2e90652a14ac21d8168900287d1771,site_fold_4,0.9773014561417371,0.9768583540549831,0.9779306262855888
seoul_flood_2020_00072,1,2020,2019,ddd0ee00f74b24696844c4bf71e040308c72a4828d9cf64169a64e13cdfe5cf1,site_fold_4,0.9268977149621652,0.9952204389275369,0.9981508700884784
seoul_flood_2020_00073,1,2020,2019,df6af837ab1e8ab5974dbc7660158495b8788ed4c013bde7047e1bd168e85eb4,site_fold_3,0.5883534233990069,0.711942363047677,0.5468478380799655
seoul_flood_2020_00074,1,2020,2019,2cf7023a2041036172a96ac21f090d9cd58b1730cc9f9e95a6c212caec306f78,site_fold_2,0.630417930499351,0.5993223863159425,0.7765102104932343
seoul_flood_2020_00075,1,2020,2019,e798af31805b93f2a373a142b3747c8dd0ae6e681f2c5a7759cddd703fd2d4b9,site_fold_3,0.6879151058466761,0.48218559326778737,0.6847394371034282
seoul_flood_2020_00076,1,2020,2019,847fee03f196da88ca147fdf7626ad98f52286f7ea498dd829ca73fc6754a405,site_fold_4,0.7721186588619179,0.9676473429285783,0.9929233709531996
seoul_flood_2020_00077,1,2020,2019,ec99fd509b9e2467c4e1ceff5f845246f9e79dccf916d6cc7264606f24baa3eb,site_fold_2,0.6446558517383819,0.8888169963206001,0.8370424545914703
seoul_flood_2020_00078,1,2020,2019,2a970bd1e5da9c66f6c1d11324148b0c4aa0e7d91fd8c59caeed1de1c30ab379,site_fold_3,0.9482618316822529,0.8697985852511596,0.9332606326146928
seoul_flood_2020_00079,1,2020,2019,5aa2d66777c3e62df2fdb8eba1789b466006935c4c7891a25a62d120eb0a99c4,site_fold_2,0.8186430903885308,0.6206050916796052,0.8936148025753899
seoul_flood_2020_00080,1,2020,2019,ea0d9b27de5b3a497afb216d359db965021e8cc09be25f62cdbc2de869da116a,site_fold_0,0.5898479177401373,0.9621087690824965,0.9753126961277279
seoul_flood_2020_00081,1,2020,2019,f013ca10ef383f71858c29d3fb13140635d86a1ce3ec15fd5b0453fdb37c02f3,site_fold_4,0.5357335398407063,0.6602575678681332,0.8799419248318198
seoul_flood_2020_00082,1,2020,2019,b89594e6b2febff01ff6a0c0643adc8e4dc82e340c686e371c14308620dd0fea,site_fold_2,0.5767582036571586,0.8211812263761828,0.7519293982693592
seoul_flood_2020_00083,1,2020,2019,713f69f5010d35e7e66d51cf3ba9fe812d012df85bfad7f672554d4ac92faaf3,site_fold_4,0.9750946578243511,0.9978856511429133,0.9429275598989756
seoul_flood_2020_00084,1,2020,2019,a6975803fcd9ed59082319f235a19be9cc856dc8e8022bbd04605b4189502d25,site_fold_3,0.7432858743519627,0.5575671269393039,0.6567290088918403
seoul_flood_2020_00085,1,2020,2019,c20bab6ce4577490838ddb71db53f4891556cc2f04806b8d6cb43622ce57bbfd,site_fold_1,0.9970201826800772,0.9993794282822583,0.9961559659888762
seoul_flood_2020_00086,1,2020,2019,4e19ce88d34fe87d0a2a5e11416f6eb85c46b0fcf2e107a638f171186779bbd6,site_fold_2,0.9358569065969773,0.9774353372116379,0.9974521479407888
seoul_flood_2020_00087,1,2020,2019,3ea925bf459597c5b9524d19ac3179165e43e6bc3969bfcf1a837070522a3fbf,site_fold_2,0.4824750799295905,0.9047864737906579,0.7301632228243919
seoul_flood_2020_00088,1,2020,2019,0513a2f379edeebf9f8641c008b9c7e1dfa57ea729522adafb9c73da30072a3e,site_fold_4,0.551117264768986,0.7637167172728117,0.7913806786068013
seoul_flood_2020_00089,1,2020,2019,884e85d417bfc975175cd72cbd65f4c35646555ee12ee3400d790f91665881ec,site_fold_3,0.9306739517043922,0.43884371781125997,0.9589657478767556
seoul_flood_2020_00090,1,2020,2019,02b5a35da5c0d1c7b55d751771925c966c8fa2149315a4ea571297a2e00589d4,site_fold_0,0.3875881916378338,0.6865967486801905,0.924553519511863
seoul_flood_2020_00091,1,2020,2019,2f940a2629c365a7b9e2443e66b0475548e1e3c806287a3668631816edb4c76a,site_fold_0,0.9946353465450877,0.9999249039081819,0.9996114430023263
seoul_flood_2020_00092,1,2020,2019,ee1c8e078be4900323ab65b222f58829af044f35e5a1a009b24b1e855719d373,site_fold_3,0.7822952423688374,0.9976530044203259,0.9962265384881791
seoul_flood_2020_00093,1,2020,2019,632b8e96246333277e4d39daadf7dababa6b4157490016c2140a055401220e2e,site_fold_3,0.6759352521444951,0.9653416826682557,0.9146338958423338
seoul_flood_2020_00094,1,2020,2019,27b3be534d925c2e739b1225e7178079f898526288912aa01fe40a8ea9d9f566,site_fold_3,0.8430864629366407,0.7601957895371273,0.875481513987616
seoul_flood_2020_00095,1,2020,2019,0d59208c254d5ba3ef1452a38666a492dd0a7bc57c585d5d69901544caa14cbf,site_fold_0,0.9851511968985536,0.9998177879244504,0.9997219696293884
seoul_flood_2020_00096,1,2020,2019,2f638be1e5a53380c3c0717fb1c4cd1b049457fa6ebfab2e672087a582e741ad,site_fold_4,0.9611903148137981,0.9978213155061315,0.9989272816559004
seoul_flood_2020_00097,1,2020,2019,0659d1fe4562f7d74b5948a58a76afab170728df7447d0ef6dcf6d4c783bb660,site_fold_3,0.5184353494240499,0.2963383743961847,0.3960670582367332
seoul_flood_2020_00098,1,2020,2019,ca3b181429a7329124cce9f9f2b96cb34be7cf2b024ec1f7414d8ce713bb9465,site_fold_2,0.997746095470614,0.9999584757491556,0.9996998426981901
seoul_flood_2023_00010,1,2023,2022,cdac98a48f34f783458e25bb71bec50a9941f951adda2ef1ed119a8d4a0828ec,site_fold_4,0.1798397655868694,0.9474309549226884,0.8354129630116677
seoul_flood_2023_00002,1,2023,2022,56194f3b0d4ef83211b9500e873a993b7c4872605ad975779d5bd2204e40cc9c,site_fold_4,0.45497731509378436,0.8641590710361949,0.8440149608879663
seoul_flood_2023_00043,1,2023,2022,248fd4f18691def34c6601546f753c06d11ae98cf78256a042219048350a4848,site_fold_0,0.78250008584438,0.9236653134902075,0.9127289210364132
seoul_flood_2023_00044,1,2023,2022,2936fe9484566290154a4a78f1271b029cc6c88fdef60a4f432e5bf00e8a5520,site_fold_2,0.5984513699936728,0.884625874182137,0.43394507481575223
seoul_flood_2023_00248,1,2023,2022,b2b9daa097bd03ac3b1154ab1efb93273c2ad4ec5b9113697c086a095b80910d,site_fold_1,0.9638736943848911,0.9993028650506286,0.9828581999633832
seoul_flood_2023_00004,1,2023,2022,d3a0fe4a01296db4593fc36df0fde0ff144cc7a56203125c74004378d0a06b99,site_fold_1,0.5351266408001064,0.9091692423659893,0.8567440870368314
seoul_flood_2023_00070,1,2023,2022,e02228460eb8c581c0556701b02567d9bef77a390613b7e41616f20628f49750,site_fold_3,0.6735709924755331,0.9996379335041181,0.9983067449272014
seoul_flood_2023_00047,1,2023,2022,b4a159bd3df0eaa57b55ef4da2c655abebf1329fc1a2c1f4e393a61eb888fd51,site_fold_0,0.7541583863081855,0.8857482650420967,0.8910378067655924
seoul_flood_2023_00009,1,2023,2022,70157f5482cb159b3b68e48336c450e93766506e243cdf9eb03590b5bc45596f,site_fold_3,0.50473499363901,0.9960362321679191,0.997664043125809
seoul_flood_2023_00071,1,2023,2022,017ade65ff0240adecf03eb0741307ea502590ae6c0ef638e6e9f384025b1f8c,site_fold_4,0.8220024163556453,0.9854172754362266,0.9834733564630651
seoul_flood_2023_00059,1,2023,2022,51c0f0b21f81c1e61262409620f2b3be9b562fa300bbdcdd2dd94f5aacccfb02,site_fold_2,0.22237089087943052,0.42787685576026446,0.4605207174855027
seoul_flood_2023_00012,1,2023,2022,667e30e9a3f7fb988cd90180a9d904755fa591265581c0609b8d81e4deb93970,site_fold_4,0.6470398750205324,0.9756796384345726,0.8938688156759863
seoul_flood_2023_00225,1,2023,2022,4ea0938144a26214fc7cd3a870d4a3879c6bc8a8b7a1be7254dce6517520b228,site_fold_1,0.8814847580631906,0.08200948042992182,0.726999134464506
seoul_flood_2023_00067,1,2023,2022,2b039c27036068493acf6918e3daa9e63f32629a1a6faca59390d100614c1013,site_fold_0,0.6839496862715545,0.7151662492445398,0.8167187337470625
seoul_flood_2023_00013,1,2023,2022,80a618b88b8e6324b97cbe64c342ff6711e3161d146da345ab6070b95880e439,site_fold_3,0.6250897957343016,0.9085239555560553,0.6061746598177157
seoul_flood_2023_00227,1,2023,2022,f5de86b449cb8e2ee3e8157a80068b892f7e3c9b0db6a16fe8637184ef8663d6,site_fold_2,0.6538303405548794,0.9376284918705153,0.7801041120497167
seoul_flood_2023_00068,1,2023,2022,fd65d6658f5c8b220975c11acba4fd65d878d6713aff553ae1f91f6159a3afc7,site_fold_1,0.4352241430258148,0.8142838141560104,0.7445973466160277
seoul_flood_2023_00015,1,2023,2022,18b4b2fdda6fc69634d44ecb3f1034bd1fc1bd99100a1cfcf3b83fafa76d9cf8,site_fold_2,0.12612443754957597,0.7490273399843317,0.6596364688839947
seoul_flood_2023_00228,1,2023,2022,48006a51e30c32762694ec18747d1425bb4b974c56c4c0c98d57886cadd0c783,site_fold_4,0.8030276176081738,0.958868015545729,0.9659134838509313
seoul_flood_2023_00072,1,2023,2022,2afb0fa8a1f0cc6a7ed67c17008f75bd42461bd0ba6df7c3c3d887904196895d,site_fold_1,0.5014108387954517,0.8490360327909108,0.8054670201276748
seoul_flood_2023_00016,1,2023,2022,9449d82b55823a2b21e722445146dd58f28c2892847ebd7d9d3528a705c333d7,site_fold_3,0.2209875683943906,0.15183057272584363,0.11649779844752797
seoul_flood_2023_00243,1,2023,2022,1ef45c1f3265d27b162d2e8ed4381ef427bdf586c45963e44e4392b26ba86b72,site_fold_4,0.877146648916628,0.9117469307320514,0.9448193629207664
seoul_flood_2023_00074,1,2023,2022,b9bc2f927ed11bd524706f6d4967f92b59403bf3a4c2f3c470a8c815fd79e460,site_fold_4,0.6535185819015225,0.9868116958729287,0.98573117901719
seoul_flood_2023_00017,1,2023,2022,c14d98d5e804cded4ef08ae8cdf0707ca6178666fe17dbc79d181d4cc9dee14b,site_fold_4,0.9435650454973825,0.9663916577762834,0.8462777804805799
seoul_flood_2023_00250,1,2023,2022,2c7709566a2e9c494198b62a00ef526dfe6053df3b61476d6f3474d3a092eeb5,site_fold_1,0.8827549975944325,0.8949285405445654,0.9328838930805443
seoul_flood_2023_00075,1,2023,2022,ac6920819be8e420a3aac9974fb430eca317f55a0609b05ff32e884b1c75beaf,site_fold_3,0.6020342093088409,0.9830896523408632,0.9708214183920374
seoul_flood_2023_00018,1,2023,2022,611ef7d2bb8f2df5e6108e65595a9a37b583dbd4323706a0ec255f8e960d2ddb,site_fold_2,0.5912162909727157,0.964698533258806,0.8745949120403551
seoul_flood_2023_00277,1,2023,2022,2e908b9152c52096e61faa554d5ff494fdeeb050209f5fc14355fe66b5e5d4d4,site_fold_2,0.5532341109692035,0.8620678700738543,0.7027649513335104
seoul_flood_2023_00076,1,2023,2022,0059d2a4c367d474476bdb36e5406db4c952a2a967b25e3c6166b8b6fc181976,site_fold_0,0.723386123390478,0.772728223798611,0.8472555587551368
seoul_flood_2023_00021,1,2023,2022,e6acf5cf32b2d0c5cb627acd0c05f96bfb50942c86e13eeac0f97655bb35bf64,site_fold_1,0.5655736472758339,0.8427855863284168,0.7084620062814422
seoul_flood_2023_00077,1,2023,2022,ac006ae8566252eae229f3cdf08285ec62948465438fa1fd37525350f732bb46,site_fold_3,0.556326963479899,0.9313707966100924,0.9513578422284603
seoul_flood_2023_00022,1,2023,2022,2ccee39efbee54552c27ec5f3380e8b6db91ab9da3255a83fc493c1d1767d3f3,site_fold_1,0.5548184169729096,0.9740090875901698,0.9148094410031349
seoul_flood_2023_00078,1,2023,2022,54043b91c4a304d4c675985edfa95ef876b138ff57a6389bfd28818074d39fc1,site_fold_3,0.5350807358724866,0.9596973256734805,0.9162446063417501
seoul_flood_2023_00028,1,2023,2022,ab9d5a9c105349411f7c92c7845f7e8ec24f10552a9a484d7dd02c0c9d6df2e1,site_fold_3,0.20562167427536684,0.09021970693841812,0.16680727196401807
seoul_flood_2023_00079,1,2023,2022,a825d29c20ca2db6c0b5bf5ccb6ee269beedc5bda085fce5a584b3d600c91af2,site_fold_4,0.561014787421887,0.9938531780784071,0.9787597141331336
seoul_flood_2023_00030,1,2023,2022,109d39d58c882b2875c711bbb1fbdc53ae3234b9f7c2e321096d7429e46331b6,site_fold_0,0.9576149394622959,0.9995625892642676,0.9998324297227251
seoul_flood_2023_00080,1,2023,2022,516a51b5f7484840c5b87649d04bf5f7fe7b3f5a641c45cc08cdca8b66f74a9a,site_fold_0,0.7071910426062821,0.9306990256146399,0.6377309209327204
seoul_flood_2023_00032,1,2023,2022,0b4d4f8312fd79b55496cf1cff09a958a968eae46e135c54724bebedf54d8400,site_fold_1,0.3025554620127215,0.051776680560690166,0.23782036764502645
seoul_flood_2023_00081,1,2023,2022,80dacb840448896f846147086fb6904aace095c7ed082be2f6978ab4a65d9d17,site_fold_3,0.5462608164302386,0.7368527854586747,0.41863686255572646
seoul_flood_2023_00036,1,2023,2022,824b284c7bf45801707ed1a0e35648f2949764c72352ac38100d99cb94e7ed05,site_fold_2,0.9042880609088471,0.6893266344962611,0.8211106119715504
seoul_flood_2023_00082,1,2023,2022,b45c216bee7e0d6ee0455f8bf2899fb0637e6409ddda7e861dc355e9dcf32559,site_fold_2,0.5567380635055087,0.9709166099256439,0.9519831671418849
seoul_flood_2023_00045,1,2023,2022,047a0479a6796b37ba99d6e6577b3ffb20aab618b478d303de927d6a6faca3a4,site_fold_2,0.6768154348471409,0.5993323135725307,0.7352304111416224
seoul_flood_2023_00083,1,2023,2022,8cc3386043fed7e4a08a2bc9dc0aa45a181ba89b153abc9f991119c15c99e48f,site_fold_0,0.737469974497323,0.9882628785230857,0.9858693779867483
seoul_flood_2023_00046,1,2023,2022,c1467d5c72e32f7e65ab4237818f35148a9e8e89d62f6c485f6e3282213122d6,site_fold_4,0.962822267299566,0.9973492373699389,0.987704051312728
seoul_flood_2023_00084,1,2023,2022,227a0397ded397793104e4c0dd13029ed0f9025afe13bbec3f057cea4e5a725e,site_fold_4,0.6037470513006836,0.9968694035563763,0.9918695946981104
seoul_flood_2023_00222,1,2023,2022,c65581d8bf8cf915e9fe2ca51b089e97441ac2f57272bc2cdb231ee83f757ae0,site_fold_3,0.4536481531161404,0.4746219556244811,0.9084808172101146
seoul_flood_2023_00085,1,2023,2022,5c52fa5b830c2d85cb3619fa6dd7b6c3c4fa0ae339105571c5aacfadc1f57dca,site_fold_3,0.6386466523304812,0.9767709619330022,0.9794849317770125
seoul_flood_2023_00223,1,2023,2022,a3396b1b87eceeedee47469b37f3882ca3efbef67a922173e8c25c4bc7457491,site_fold_0,0.5291488597200499,0.15211906105460443,0.6827596776694304
seoul_flood_2023_00086,1,2023,2022,a23e42946ff072eac7708b41013273d24b29f25c3b2a68f2fd71cd5555db568f,site_fold_0,0.6539607389100819,0.905495046165644,0.7329938723450711
seoul_flood_2023_00224,1,2023,2022,6b1bebc088f54a96e550aaa77b7c7dc8a68bdb509ee5100ddb911beae78c5051,site_fold_0,0.9648632234826647,0.9692563226105281,0.970733673069456
seoul_flood_2023_00087,1,2023,2022,c806eda7ed36cd9e6ecf80572678e5580be30156dc628686a27b057e82be7f05,site_fold_0,0.6204276550448268,0.9829812788194956,0.9808254781566861
seoul_flood_2023_00226,1,2023,2022,5b4e991e2eaf736f1ecc63796633bf37e2674c5669ccae29f43454531101f031,site_fold_3,0.5873781632380622,0.6910574447324195,0.47639292977037484
seoul_flood_2023_00088,1,2023,2022,5d84a21238eb09a213a6a5e8c5a2d41c6f70decc00617b93e8dda58c2d7a235f,site_fold_2,0.5950073496330464,0.9636956460851746,0.9886306031044911
seoul_flood_2023_00229,1,2023,2022,972f0a0ebf5383f911b746160b79c88b8b0c7aa70e1b9861ff6abfa2392f939d,site_fold_3,0.7887542589457504,0.9688094502713588,0.953290796185701
seoul_flood_2023_00089,1,2023,2022,8e255f9a86ec3588ecf56d040b65bc4fbebed179e07431fc842ce550145b9863,site_fold_1,0.7562454088728409,0.9003369527246973,0.9832025498182732
seoul_flood_2023_00230,1,2023,2022,351930c74ba2930ac78f71a4e59d24ec3a9c408c09f4bddcf7fa3699bf8a21fe,site_fold_4,0.6405810720194438,0.9954080991753679,0.9735353448705106
seoul_flood_2023_00090,1,2023,2022,fd6f0f91e6250a60b21fd97b70f686db535df935a8841de34f4bfbb09aa0efb0,site_fold_4,0.5369937089375953,0.99548472638618,0.9918109992064802
seoul_flood_2023_00231,1,2023,2022,c78427527ae5ed46cec266bf7f5102da2f65c62f603b3c800e26eace25a5c839,site_fold_0,0.15482128873676604,0.016597122434275222,0.20895280467116095
seoul_flood_2023_00091,1,2023,2022,ccb2187c465a4a42452f6d96c6ecd61471e4bd6347f569f84a47b5683742fac9,site_fold_1,0.7134702908174995,0.9685374061229537,0.9889685880990297
seoul_flood_2023_00232,1,2023,2022,5336135f67660856ece6ad6d54f733a34080d27dfbe335858b52eb42facdced4,site_fold_2,0.4659727481177129,0.6313251052769372,0.7827106174234186
seoul_flood_2023_00092,1,2023,2022,8eac4c0475636dabe754422f418c76eb191e9b3e663e31e296fb69f7a6fb8cc8,site_fold_3,0.5478102014801514,0.706386209254726,0.7342833835170945
seoul_flood_2023_00233,1,2023,2022,e55963a41e664f031359274c8576c1cb5d6c9c2998192b355445bbfe50c138ba,site_fold_4,0.4892375902214128,0.7450539470801624,0.2282785209083696
seoul_flood_2023_00093,1,2023,2022,dc728f9adfc11d8c5c2ec698fb1df3af31c3b43457a9a69377f3e7a04f506468,site_fold_2,0.6224238932551571,0.9914381743815099,0.9917873548676892
seoul_flood_2023_00234,1,2023,2022,d44f553eb4a78c3e8e73f10a2584e2b08c855f4d7d091ed0bda77b9ebca91d2e,site_fold_4,0.6518445693037842,0.9929875383731808,0.9249465707116564
seoul_flood_2023_00094,1,2023,2022,8c06fb30ac6a96f25e4c0adbd324b5185f5468e1f2512e1480789b99a603de36,site_fold_1,0.6706290671816777,0.974500655256859,0.9982696364397186
seoul_flood_2023_00235,1,2023,2022,e635dda0a74d3988c04c4e76a855e983d6033e5538e0b291c2a7d019a42df52f,site_fold_4,0.6136096221739498,0.7602798631486557,0.9625548446883428
seoul_flood_2023_00095,1,2023,2022,bcd669daed0897a45b8903b79c40b7cc6b1c557b0e8708071442ee549f83e05b,site_fold_3,0.6440960970025308,0.9950460814059602,0.9946502536524745
seoul_flood_2023_00236,1,2023,2022,3806182b64eb41706f3328e741dcc36e0a6617e9349746b3fda442906e5bc7e3,site_fold_4,0.4801583545663341,0.821162388460333,0.9885399938294583
seoul_flood_2023_00096,1,2023,2022,3c90eac0010785df62fd85c83633074dccd90c84ba9e27d4f2c28c78b4f0d5d6,site_fold_1,0.6632471031344566,0.9025353161019902,0.9910633268348672
seoul_flood_2023_00237,1,2023,2022,1b36675e1d11fd325a672ec04ac67bd989594417a5729df4f870059fa87b9d1a,site_fold_0,0.1954047483791094,0.875544516141233,0.9635313809926085
seoul_flood_2023_00097,1,2023,2022,72f61518a84c9a55b3352cbb5023921cad60474d413e7b72f69c74dcf2d72799,site_fold_1,0.7235500323438588,0.6474096347683915,0.6476087673638775
seoul_flood_2023_00238,1,2023,2022,6bb5e3a1d3d33c5db48aeb2feb9ba125ac0daeeca2d842b2e02d5875228b2034,site_fold_1,0.27501579649494867,0.6921557698147631,0.8494096202532235
seoul_flood_2023_00098,1,2023,2022,69999efddf274f8271d36927d9ec9541d3c52ecbcda9f4fd5d4e4576776c0f81,site_fold_2,0.5610978498930641,0.92672184217984,0.8267892004911199
seoul_flood_2023_00239,1,2023,2022,2d536fc8f243ee74cda2625ce6b41f0808c1a746c242a68cc049153db304cec3,site_fold_2,0.7748843882904447,0.9123911522342925,0.8232567423582539
seoul_flood_2023_00099,1,2023,2022,f20722d01f05a742b8dec71af1e8e07cd63b8a6c64dabe657c23086f84b1cc72,site_fold_1,0.6381448848775911,0.8525641347551871,0.9504085381504317
seoul_flood_2023_00240,1,2023,2022,3ad5a64b1adf89e718a6b754a2a9d66bb8b911be81bf90bc31007aa5e3b55b65,site_fold_4,0.9743771924415843,0.9653350671910301,0.9958321732623883
seoul_flood_2023_00100,1,2023,2022,45e322c42efd83690f4dfb0ff1d1bbb111f8a340eead50dd2d0b80db07f8e193,site_fold_4,0.5466833651240096,0.886906538349788,0.9387281588741718
seoul_flood_2023_00241,1,2023,2022,fd9b2055defb5a8b5d9a6ad4ec71b2866a897478c50ac25e466cf2ebb31972b3,site_fold_3,0.8640152474577194,0.9769186232163302,0.9830564502519865
seoul_flood_2023_00101,1,2023,2022,cde4ea100a86579780194fd2a9211067fff3ec841acaf671446c7e1a10100140,site_fold_4,0.6440315581023255,0.886310026602474,0.9663430431821396
seoul_flood_2023_00244,1,2023,2022,45eade17eef3d54e8ae3d65c6c2fe09751b2504861f44169da0daab75d8028e3,site_fold_0,0.3438029222584355,0.6286808137997794,0.43259690091843656
seoul_flood_2024_00041,1,2024,2023,437d4e1375e418c1898eaf0ae2743a3a3897e3504fcb93ac4cb1d44ca1794e2d,site_fold_4,0.6397385529541538,0.9445403764765388,0.8177819340766287
seoul_flood_2024_00007,1,2024,2023,bb4ef8ec9e43272a080f1429baad8954fb44bfba666cbe0407e5a401a7cbe57c,site_fold_4,0.5791536676525785,0.9323280071240415,0.8495529514908989
seoul_flood_2024_00061,1,2024,2023,fcc88c7839e8fbf3b46125b0962e2d83e51fa121fb2ad474578c0205a69158a3,site_fold_4,0.7929326543593416,0.9317259798176629,0.9600525762731205
seoul_flood_2024_00043,1,2024,2023,123bf2caaf4935a556e8202150c1fa202134ea1b2f1300bbcd7d8c0eaeec8db2,site_fold_2,0.5085705526254152,0.8786783307217046,0.8931899640257007
seoul_flood_2024_00008,1,2024,2023,f81340838ca8d98e7a73bb0e3af78d74d80c528b295742e4fb99440aaed665fe,site_fold_3,0.22382450160382072,0.10315464874496211,0.6819656412769395
seoul_flood_2024_00062,1,2024,2023,2936fe9484566290154a4a78f1271b029cc6c88fdef60a4f432e5bf00e8a5520,site_fold_2,0.503938665721235,0.5665916797330135,0.7392173354042838
seoul_flood_2024_00044,1,2024,2023,a740d451ba6b1561554cb9fcec4fafe896119054b664fa3843f905be77b05322,site_fold_1,0.8271038740397566,0.9321936885734682,0.8519748643603118
seoul_flood_2024_00009,1,2024,2023,e511340b55220ca5cd74855047a854ce0e58734aaa0e70dd27409a906657097c,site_fold_4,0.47285406499685295,0.650821064350578,0.9269259256947947
seoul_flood_2024_00046,1,2024,2023,29c21a43454c116be3b275e72bea1085c7e3a46b402c40cbecd77815d561a6c4,site_fold_2,0.6998743277209846,0.04890633171007093,0.03244972314038885
seoul_flood_2024_00010,1,2024,2023,00796b29fe88d57e702ccb4f39268f140294a0ccce5940d0e9de2cd48648f6e3,site_fold_2,0.327298759216616,0.06875492588930383,0.21332658185720194
seoul_flood_2024_00048,1,2024,2023,7202cf9a0478f75db97858316a56aae958a1fe3a3a300fdd8c9f15c8d98b8795,site_fold_4,0.7867291631370004,0.9945454085488696,0.9583924203238624
seoul_flood_2024_00011,1,2024,2023,ffbf9e54cd41025956746859bd5ec126cd181dc76ec068864b593b2c72ce3cfa,site_fold_3,0.3699578099956338,0.36586728210144875,0.30151999917346617
seoul_flood_2024_00055,1,2024,2023,b73912d269b006bf961cd5418321dbc3a3ddd9e0782ae7fc2e87b7201c11b4b3,site_fold_4,0.6580948946046117,0.7840274642927273,0.44891259108856374
seoul_flood_2024_00012,1,2024,2023,80a618b88b8e6324b97cbe64c342ff6711e3161d146da345ab6070b95880e439,site_fold_3,0.6247623919867135,0.8772279972336233,0.8771990772001885
seoul_flood_2024_00063,1,2024,2023,bd1b8d0105f1dc87aa3d99df0e4cec2c47adbd7400d6c185bd25421ba23dde1e,site_fold_0,0.8379809144407917,0.4948905176019205,0.8185144869569878
seoul_flood_2024_00013,1,2024,2023,757a23417a3e32f5178c71d73aa0af81284864b4cea9764741e4edab5aa5daef,site_fold_0,0.6427899659897868,0.004190013718421482,0.025973208694732568
seoul_flood_2024_00067,1,2024,2023,948d2d09df15eb7f7191ace14981ba5c0ab110c09fcefb90834aab93c7c078bd,site_fold_4,0.5628017088186056,0.45337800017323715,0.6199124439214996
seoul_flood_2024_00014,1,2024,2023,9d2e0e628256e0e8794e82426aa235d02ec76a3dc6aad4e9ac3c5a814f9829d1,site_fold_0,0.6210641878311642,0.15694603971750312,0.323843343400529
seoul_flood_2024_00068,1,2024,2023,0cd3a852ecf4dc5dfeeccb70c7c7c9ef166021c2b5eab3853b7473d5589777a4,site_fold_2,0.7246843322450673,0.5739764356777202,0.6929763825958571
seoul_flood_2024_00015,1,2024,2023,971f5541f6195b192b925d8efefffbeca88d01c4a9f0a60d74dde196ee0c86d1,site_fold_0,0.7728597536187358,0.598542709391131,0.9697007102405161
seoul_flood_2024_00069,1,2024,2023,7ab3d273ca7380c8698814a0811a1fe680f9d78ab49ee0d92911a4c107de8238,site_fold_3,0.7741198992183246,0.9478556550138169,0.9744901368153739
seoul_flood_2024_00016,1,2024,2023,e3e50f5e44035dce95e5b6d8138e134698d49eee758b5eec26535a51bde85df7,site_fold_0,0.7873029259309905,0.06902208342760434,0.2623397501109871
seoul_flood_2024_00070,1,2024,2023,e803b0ddd0c957cf8b860f04d63d206bc58c4a7e216618b57c60191c479923d1,site_fold_0,0.5655114299241683,0.09359144888872625,0.041716267232979914
seoul_flood_2024_00017,1,2024,2023,70760aecf195bae192f5baf7428743d230db64ee9aa273bad54777a29fa61d56,site_fold_0,0.7332297847320018,0.9912600918506552,0.9978220591755219
seoul_flood_2024_00093,1,2024,2023,63766b2550ac2953f858ddfec3231520fd87d6dfca7d9e0ac9c396ec7684e38b,site_fold_0,0.7739935104209876,0.9923690401674765,0.9788711481081214
seoul_flood_2024_00018,1,2024,2023,3693df7f5d8484c40a64e5edfe29168feaab0a3d8ad2d5ef780c0be6f0e46a79,site_fold_3,0.22035862700686804,0.5872354406036219,0.6777036154727266
seoul_flood_2024_00094,1,2024,2023,604a183e9f44726cdef3c553ac7408e85ae4b02ccd41506423055ce6ebe1b7d3,site_fold_4,0.35968892112895934,0.9995199181758025,0.7499763406348775
seoul_flood_2024_00019,1,2024,2023,5a25b979c2422917f17db7df5dd87a2297c474a9b3d62c792bff7d427ea669bf,site_fold_0,0.8744514203728999,0.9394016958334119,0.9773694939415034
seoul_flood_2024_00096,1,2024,2023,79e0a2a000dd61aa37a52001d61342cb8a1c5d1e016976766fc295b4c94b56cc,site_fold_4,0.6098242637139383,0.8149623119475664,0.4864385725521858
seoul_flood_2024_00020,1,2024,2023,13ddeac8fe6671414275b639d61a07e9c672c7476e5ccdf793402e7aaeb515d8,site_fold_1,0.9324245937735561,0.935526221767174,0.9817646227502327
seoul_flood_2024_00097,1,2024,2023,2f886984eaa4246f0d5b4af68316375d1b6bdd3583792bcce78bba0fee5cbef1,site_fold_0,0.6169683286750763,0.7657753723075883,0.9586948861320024
seoul_flood_2024_00021,1,2024,2023,e124f13166523cb7b6c4c8e441002a9277718c2ebd4cbf13029b4f79c18ecc01,site_fold_1,0.5895241474296343,0.9035685980855473,0.8229814665892323
seoul_flood_2024_00098,1,2024,2023,02b5a35da5c0d1c7b55d751771925c966c8fa2149315a4ea571297a2e00589d4,site_fold_0,0.3294668434230352,0.8874636929411999,0.618125629839955
seoul_flood_2024_00022,1,2024,2023,9273fd03db09618bb97fc47b4ab967ad480bfc45f45e026bbdb076e81845adc8,site_fold_3,0.5356171107716464,0.14378350705754242,0.11713831273130722
seoul_flood_2024_00099,1,2024,2023,28444bca6837218bf4d704ba4f93934ae8e92a43af99913e4cec692d5abd5c9f,site_fold_0,0.07502709888220087,0.0016315230065242017,0.0009302854933796848
seoul_flood_2024_00023,1,2024,2023,9632c60e0ed4c6223ae3b937ce22f1876fb6cdeb28c7f55bc33e2ce939b58e6d,site_fold_4,0.9101968501358795,0.9883364788223441,0.9963697657818805
seoul_flood_2024_00100,1,2024,2023,847fee03f196da88ca147fdf7626ad98f52286f7ea498dd829ca73fc6754a405,site_fold_4,0.8721807190476341,0.9828197836826215,0.98360825027943
seoul_flood_2024_00025,1,2024,2023,c819cede6995ea40f0f68f04316d2019be37ac994dd418a0cbdec1c843dea159,site_fold_1,0.3485996403579268,0.33969347134139377,0.7501296539777557
seoul_flood_2024_00101,1,2024,2023,b29f3a9d05c34c68522b01fe2640595e685f4c88f5d8e969f08db1a8e186643c,site_fold_1,0.8162211558664745,0.9740895706705939,0.9823813804069753
seoul_flood_2024_00026,1,2024,2023,5601cfe0dafd37c847a7491e472fc4c99c05a8f729d671a071c556aa12d1cc69,site_fold_1,0.8763964347644126,0.9658320628362173,0.9934610059168052
seoul_flood_2024_00102,1,2024,2023,77738368915709589f9285d3dbfbdc93e438bffdbe2b754c7ab44d8cbb4dac84,site_fold_0,0.704087702270913,0.1721769983719255,0.2258994651883122
seoul_flood_2024_00027,1,2024,2023,420e8c48ebc7ccbf83d2395b4da0611b4c8dc5279fe949942775ff2ccb1f5fee,site_fold_2,0.12381468088985112,0.3307962032551456,0.45222508827415525
seoul_flood_2024_00103,1,2024,2023,99026cbc6581e1dda7853aac956f2790cb89367aded1a3bc771ebbde0df131e3,site_fold_4,0.5524466400943746,0.9593870200980328,0.9666324379243662
seoul_flood_2024_00028,1,2024,2023,4ba93dbfdb004cedc56f5c631fad8150f58d482ea512ef4108dc18ece34c55a6,site_fold_4,0.9344506450321505,0.9935325236718655,0.9545438009262083
seoul_flood_2024_00104,1,2024,2023,8d7f23048bda7bb098f76ccf0fe517f0812889d3669924c1d3df7a7c3beb466e,site_fold_2,0.9276550044812578,0.999790053918433,0.999526835501717
seoul_flood_2024_00029,1,2024,2023,3e44220d47bea9d8726118dbc011d3073c17208543dc34617d2426bd0b013376,site_fold_0,0.30621383976923816,0.8269614591774478,0.97323408216381
seoul_flood_2024_00105,1,2024,2023,b070070fb490cb378ac75ab72a1cdec8f99ca298a47ea83535ff462f4218a566,site_fold_4,0.9400836034662597,0.9879910955684739,0.9777012509309937
seoul_flood_2024_00030,1,2024,2023,03119c1c5c1adcbae5fd24c55ada049a8f1452bfcfcd3e573fa9bebf91752bb0,site_fold_4,0.5925249952567313,0.304982510922276,0.9220623125257631
seoul_flood_2024_00106,1,2024,2023,8a10ba040bee51a4dfb38952aa2bf48f827db9c60619fd3afaf104dd06491a34,site_fold_3,0.4993431062621779,0.8226175386798876,0.9583424102315615
seoul_flood_2024_00031,1,2024,2023,13147c272b4c57eb35511cf391e997f00dc7d10b3a1f309bf6f9a86e80bd6d98,site_fold_3,0.5909987574367546,0.9822865254026606,0.9871706081695731
seoul_flood_2024_00107,1,2024,2023,168cd363d196b4cea35e3fbd5c31a32fe30f602e59fd2e486239d28906f9d02d,site_fold_0,0.5581916241871188,0.1674805096536111,0.16148112731249023
seoul_flood_2024_00032,1,2024,2023,580ebce2e64ba8e209c7b1cebf7178a8945d8200b9c28e17ef913090e1016c84,site_fold_1,0.5943627002509461,0.806234402078375,0.9502044897428082
seoul_flood_2024_00108,1,2024,2023,642d2d7d6191dca8abc1ab275b94fdac98c447af754257111014110d2816b94b,site_fold_1,0.5295829742875896,0.8557058608541126,0.835252118822586
seoul_flood_2024_00033,1,2024,2023,825340dcf23951f2d8e47a605ed2e1b965b6967c54812a042734b3eda4bc5c96,site_fold_3,0.850837113568578,0.30385060400974345,0.6667199419031089
seoul_flood_2024_00109,1,2024,2023,1a5ac1cf0c6d290a58dd20ffa384cfc5a1c391aa45217ea6646abf4d6d3cd048,site_fold_2,0.7014492263385241,0.9876741963131647,0.9849585469903546
seoul_flood_2024_00034,1,2024,2023,e5b6ce851537198eb60726302c43334dbe511f11228c46cc6fe4387bcb048678,site_fold_1,0.5605023390420384,0.26669352746218866,0.53349418376414
seoul_flood_2024_00110,1,2024,2023,e06015435d8e64d0e545abf7950cc1a141c6e072d8a8bc68d033a5d44da502c7,site_fold_3,0.47071226024673507,0.6795600473119658,0.9190699597109075
seoul_flood_2024_00038,1,2024,2023,38da3f8f9cf16edf6f767e063dbcce4cd45bf9964614ea38636c127bfd87bf07,site_fold_4,0.6168716232569991,0.24725533933124402,0.7450533472786778
seoul_flood_2024_00111,1,2024,2023,39bb7133a5a101fdedcd7174962b3f0100428b3745479f0cd22475a6ec2e451e,site_fold_3,0.7664620684668703,0.9927221849840989,0.9992479226133693
seoul_flood_2024_00039,1,2024,2023,83e08aa3e97db1d52d86474b863a153e2cc9377b044e7cac80a279df233b1119,site_fold_3,0.6095811359140685,0.3921598500367152,0.5302486801145302
seoul_flood_2024_00112,1,2024,2023,976afaf01c54fedf9ff44d35ddf4ab9dd2ec59cd6f6522f18ed8ec0bb0a0420f,site_fold_2,0.47080601627261137,0.8513971921497698,0.9552083992168813
seoul_flood_2024_00040,1,2024,2023,571c211904d10956955b5efb4fa653d8e5f9f7eb62867184c400a15c68241389,site_fold_1,0.687932542094506,0.9978280042954683,0.9539007008349887
seoul_flood_2024_00113,1,2024,2023,fbcf72bad940a495b5c781c0dacec95037e2444e074e00b823baaff2a70a2897,site_fold_0,0.5756581883528498,0.0009799668676265818,0.0026583625800701088
seoul_flood_2024_00047,1,2024,2023,17f667ebdcf62fddc91ad9b0250bb9b2adc97cb183d86891c48fee18be6e5cef,site_fold_0,0.3383966893299153,0.1305611436723261,0.018045355641506475
seoul_flood_2024_00114,1,2024,2023,6aed3ebb380da99b9ee22cdafb43ad80499c1bff6c3499d470dc7ee07d89c849,site_fold_3,0.16360766540588434,0.40964708160230495,0.6067871437689457
seoul_flood_2024_00050,1,2024,2023,45e0d39429832b452a4c887bb71b185d61412763fa2b471282d7f26b4d5b2a6d,site_fold_4,0.3133783949342993,0.5492320098846,0.15043743199434817
seoul_flood_2024_00115,1,2024,2023,7738cfb0acdc52887fd9690f1d5b486d23901783ababf94e5884b74aebb7b7a6,site_fold_2,0.5995082159635076,0.9548603680203885,0.9355781690979666
seoul_flood_2024_00066,1,2024,2023,3249f0c73043197204ff8e0eb2de32de25359d1a88ab3e65135ed05df3e17632,site_fold_4,0.5043543865115162,0.8375822055400252,0.833941383045533
seoul_flood_2024_00116,1,2024,2023,7d0ace58f1bf6a48eed8c62e46a71a458d0fecfa8f511947d46a0167e6837f9c,site_fold_1,0.06415361514753479,0.07498983617819362,0.12494086547565522
seoul_flood_2024_00073,1,2024,2023,287234d601433e40a271d9ddd26ead9f9308af2b1677c85e3834012d64e6e7d2,site_fold_0,0.39751431101311063,0.010683050770198715,0.045209129873814285
seoul_flood_2024_00117,1,2024,2023,96bfd72b61bf954f2785d404c928759454d7b17f1b9112b500e5bef0de66965f,site_fold_3,0.8532328274517003,0.962404311638149,0.9744130525682989
seoul_flood_2024_00085,1,2024,2023,3becba3274152e21c153ada0da15bb1d8f5a0a5aa386ebae6fe6064d468e125d,site_fold_0,0.6661333059020534,0.9996851640659158,0.9998597515724027
seoul_flood_2024_00118,1,2024,2023,08e8ba1a5228798be26cec1295ab372eef931328d892df9a0a6f83f388090f1f,site_fold_0,0.6512057307339671,0.8309909470415233,0.8215259113044787
seoul_flood_2024_00087,1,2024,2023,038885154917f49461b2bd823ed84f168eb6f07b4247e762aa3785177bf2f1a8,site_fold_3,0.6528533272717439,0.9088441828348971,0.9158989437037077
seoul_flood_2024_00090,1,2024,2023,e2021107777c58ae4753e65b214bcf759eb5dade508d589c0faa3ecf220f7db4,site_fold_3,0.526791024361168,0.9745944309049772,0.9905845449741453
seoul_flood_2024_00092,1,2024,2023,9a1836775b51d543b83e763701479475aa2241ddd6420af60260e1c2994536b2,site_fold_4,0.8760994923746922,0.8854498777535684,0.9708493571151093
seoul_flood_2024_00095,1,2024,2023,5609876fb475b5f8749245964924f472f2921b55d27942248654e089174fcb3d,site_fold_2,0.5537270803779899,0.5204896843634343,0.31635341052336413
bg_2018_0033,0,2018,2017,21e62fc153d7c067a581956f9285d808728d0fbcc3f743972121ab385b7f240d,site_fold_1,0.05408506331120349,0.25231361412513525,0.02627442523524198
bg_2018_0037,0,2018,2017,ec12ead14120d4fd24d16cabbbd241eb1d0fe9c16ad943805a4312845283d462,site_fold_2,0.1736476231629481,0.01765122541689163,0.0008877213818177934
bg_2018_0041,0,2018,2017,2fd1ce506e821d00b2c7dc4f3c74578abf6a9aa737fc9b17501c9a890c7b32f4,site_fold_0,0.5929476012932375,0.10115976330983487,0.05118473431402611
bg_2018_0045,0,2018,2017,5abac985a6deaa808eecb6a2742d5a724388c8f6c7ad871704b78b4066e386dc,site_fold_0,0.752605614760015,0.06910189762423208,0.006822364153306397
bg_2018_0049,0,2018,2017,1a44f043ff970d264d22e596a5e8bcb7dd2eeaed1035fc9b3d7de0c36349a6e3,site_fold_2,0.4932693785415656,0.14051556895492714,0.1459062913546631
bg_2018_0051,0,2018,2017,748d2b899e4eb3beab4800bc94e8ff516e34ed0db3aef051813bec260a8670ce,site_fold_2,0.07612310714632148,0.009436294618230645,0.008585743649642515
bg_2018_0052,0,2018,2017,dcd99ae5f275a0be2458b09742536127a22d13b902bd53e5ac740a04f46f77f3,site_fold_0,0.41748540001149237,0.01647242551007368,0.0010078474292198154
bg_2018_0054,0,2018,2017,8b97daeee954f5cf8ce99941964f6b69aafbd08ff670db5383f686bb16668c44,site_fold_4,0.06381637266338293,0.0014733678693238962,0.0002977285444536131
bg_2018_0056,0,2018,2017,dc2c073fab33fa44d4232f769c5e6003d6870f75c7967861a7b52e38d7c69572,site_fold_2,0.14919079611913136,0.4053319607389127,0.8303509493922782
bg_2018_0058,0,2018,2017,203ddd064d80fc0d4e7bff11a0776d9e93419a3a6037aa9adc2c7505290a1813,site_fold_1,0.0013197314194812947,0.0005218137393685359,0.005236131580571985
bg_2018_0059,0,2018,2017,f9a9ec68c6f1d2a1231e5e83d38745b60d61290ff74ac936aa8f0683822eb8eb,site_fold_3,0.8895854934046745,0.0006458804884293619,0.06945789597464899
bg_2018_0064,0,2018,2017,7cf777b87c15c35cb12a26b7d8ad0f56654c2b75b6447578107c0cef8bdd2e29,site_fold_0,0.18884075798862135,0.2827800877325825,0.4900673892133214
bg_2018_0066,0,2018,2017,a5a2dc9c1dbe6d7af6f51645bd09cb467e8f7c186eb7d91b2a155cea8ae622ed,site_fold_4,0.1776283225039897,0.0055209020765586685,0.0004893134968018274
bg_2018_0067,0,2018,2017,b687a30ed837278ff4dadcfdef30f40b2986a06c7c79ed57693b3e6b2b1a9d33,site_fold_4,0.4941696218912835,0.9539791980620164,0.6651847341111203
bg_2018_0069,0,2018,2017,19b54b72bdde6c4bd3cbe2546f3414a4ff56cd60d6a2bcdf3d6f1f199e8b9a7a,site_fold_3,0.497920512555492,0.00041106901695059963,0.049355670333371945
bg_2018_0071,0,2018,2017,48da3e414015f3351b42e87e9218a6ceaedce537a926ba13d8759590bdad9d81,site_fold_4,0.22896791947555742,0.39790174174088705,0.16587307052247224
bg_2018_0072,0,2018,2017,ea2e9240baa8efb8641cef5f652b1f430fd03b8bb6bdcae03cd85c7be7d79e6c,site_fold_1,0.23443940768372626,0.009036162974018356,0.012541196741601084
bg_2018_0073,0,2018,2017,eb67dc3c4a6302c161ea7c937485d56e520ac962c08ed97fcd8cb6d32e101eed,site_fold_0,0.0619797382444164,0.0006268034891675136,0.0005225482181421621
bg_2018_0074,0,2018,2017,0661378a425c8a66c4aa539a6016f77d94444565f19a404c200d8da71d881e6f,site_fold_4,0.7097877574852163,0.009620496698986382,0.0033744298198711154
bg_2018_0075,0,2018,2017,c1f90f1983b063e2d466b9b1bebe90d7fc37a3d7d52615c416a054934dc3850f,site_fold_4,0.5994220178197499,0.029849238113311385,0.009750113033583026
bg_2018_0076,0,2018,2017,b0bb5e94bbb58bef0707986a0b214f4618e10f100ec3660f7f792c139b83b7bf,site_fold_2,0.9479602606004427,0.019399040944412735,0.016462488323776434
bg_2018_0080,0,2018,2017,e647221675ed4239c7ecfb607d39fbe04e5956323af3be0aa98f0d64ac923420,site_fold_0,0.3375233929911806,0.00807592781185882,3.023679188919241e-05
bg_2018_0082,0,2018,2017,5535d9eaa37e4d1a7b852f0870d6bc9cf8d44c2c849c46b6e3bc123aea922f98,site_fold_1,0.983907149566389,0.000342860324717626,1.9086320609986545e-06
bg_2018_0086,0,2018,2017,2f8d0c0da0be361972dcf84753d6a3e08b6dad88a520b7d1a92b86f9b38320ac,site_fold_0,0.02425008410636803,0.0001036208072608225,5.8594468212817863e-05
bg_2018_0089,0,2018,2017,30e0262a5079f27f544cfa11a50c2dac7696a1223e31b6a5743a25b88178f3f9,site_fold_1,0.2874899428768361,0.32209138427963735,0.2826383322450223
bg_2018_0090,0,2018,2017,0ea0ea06867904ade6f0cc97d06bcc3a15a536e081b0765ae05da45dd08c935e,site_fold_2,0.18079167704997037,0.3004358031491014,0.13279266178586974
bg_2018_0091,0,2018,2017,982618d21af830b045f8c249c93b9fe8c0ca46e8eef0f38a41b858d40f182133,site_fold_0,0.3176834531105367,0.6359451525222274,0.9500029766417835
bg_2018_0092,0,2018,2017,1329ca34dd0aa22bba0143275ea656df9883ad433541073bcd4a263e3256d123,site_fold_3,0.21945614910965158,0.936723831361444,0.8955155659933033
bg_2018_0093,0,2018,2017,39af272ed4011f905c7675ca8e5251a45ad8be334a928f57454f06824c57b67d,site_fold_2,0.3875956353101321,0.00541358554449197,0.1240110955524286
bg_2018_0101,0,2018,2017,0e3e2e1f0d7500e89ab5386ac3395e82b86d098339e82b63a4f96b3de677403b,site_fold_1,0.058421793058185685,0.04005552434761861,0.004745882014772904
bg_2018_0103,0,2018,2017,094fe38ba748a64e5efdec7fb8286b4be6aadc362ada39934354d5551a5da3d0,site_fold_3,0.4022827595742625,0.07732043338583577,0.13784212020185474
bg_2018_0105,0,2018,2017,5bb0f3030646a3eca15b3c715c0a2cc5c67d8a64036f4b26e788799479fcac9b,site_fold_1,0.7138914180753732,0.6906924772699743,0.7305395525422621
bg_2018_0107,0,2018,2017,121ca7306a2ae0103033e3004279ef3e80366ab277effbd7df933cd44df93378,site_fold_1,0.9225938647945784,0.7080494166679383,0.22922220262542334
bg_2018_0110,0,2018,2017,fe94a8a6361778f583248af09d52d2f8beaeed2c3a1047494990e54232abf263,site_fold_1,0.41543488605781964,0.9213483571805957,0.6378665218632961
bg_2018_0113,0,2018,2017,574a670bce4623563698b796be6af8072c206bfd8806e5f36ff822a332eff57b,site_fold_1,0.27645920532443713,0.8421710029783199,0.5827654226238161
bg_2018_0115,0,2018,2017,48ba22de3d6960040834837c9f93bad7da1ff9aa12c70c28cf23329daa5556b9,site_fold_0,0.20811772067618275,0.8100130064094601,0.5296603645434351
bg_2018_0116,0,2018,2017,b89dc14cbabd117f4baa55fee005974d32ebb678421d282b6faf5919d4c5513d,site_fold_3,0.02462408392577434,0.026309798710008173,0.03222588273843002
bg_2018_0118,0,2018,2017,8e82547d47b9be467e201fcc7a5aecc54c71aded64e0ac980099b8678439acd8,site_fold_3,0.38467346575019845,0.013367785989670993,0.002054402394535813
bg_2018_0120,0,2018,2017,1cdab643d1b940b0693fcbf08e8a99e52473b61131de923eb8b284c32f00c4d4,site_fold_2,0.14512023527634157,0.46943496039707555,0.05402693868314285
bg_2018_0122,0,2018,2017,bf6cb7c3b436132579c4c247e107989902b49e1a3a297a787f54b840578a302e,site_fold_2,0.05947377381162462,0.002165223204273805,0.0001447441945736202
bg_2018_0129,0,2018,2017,9d517f55ae5613be7e9c1f546afa3a8453196835262a2da69354022e181623af,site_fold_1,0.5078289536505975,0.43904909319580876,0.517312121788668
bg_2018_0131,0,2018,2017,c70088b5f5ed553ac8d54c56b48c1be5b90a722246b8993e86f8ab252abee2b8,site_fold_4,0.8312260711997896,0.9904943612635616,0.9722264430818215
bg_2018_0133,0,2018,2017,f4be26be42aa63779b31705fdb787991f04b62cc376f4011ad45d4e46a90aadc,site_fold_2,0.6856606661466954,0.044479680753034184,0.008763203914140767
bg_2018_0137,0,2018,2017,b1c60d3479151c265d732f1691c8965b5045f9f996bc435e7cc5093bbabaa7ca,site_fold_4,0.44599937605836487,0.0003955493518990489,0.00027881377978415596
bg_2018_0140,0,2018,2017,25491912f96991025541d5f5da5a1ed06d902fbef16223d74ebe72a74b2706c0,site_fold_3,0.24471605172229102,0.16592147303907792,0.5060507048541097
bg_2018_0142,0,2018,2017,27cf11d64439127707db65caff07bd9f503a61a6427d56ac8b3df0c792261c04,site_fold_1,1.3537157175088727e-11,1.1576791376110327e-14,6.608754818025912e-23
bg_2018_0144,0,2018,2017,48a8d4b27be3f5a3d567610c033ac715c6277500103c9ec2d712f0b3bd427f0b,site_fold_0,0.41020505151731795,0.538757942621094,0.31275958934455333
bg_2018_0146,0,2018,2017,e889077796f75a8bf06a0218348506ff1aa58361a026a2158158d33545d8f8e8,site_fold_1,0.5161092465513593,0.17638966654003754,0.218456017849744
bg_2018_0148,0,2018,2017,7e9ec81c8ea1517e7c97d3f130bd8da15eded8367199dea08912d7fec27678bc,site_fold_4,0.6039838008675255,0.12670383204728927,0.10026211964705439
bg_2018_0154,0,2018,2017,eaa88e45dc34bbc37c2c1c462247981c702e40fc4de264f8bfd709abb71da6d3,site_fold_3,0.010380285242500734,0.0029566805972057676,0.017265203743786667
bg_2018_0157,0,2018,2017,10931396412cd75603aea0d3abeeaa86eab99d3b921d1b092b41bbab3e6b3ef3,site_fold_1,0.21830509884294133,0.00032370993615193146,0.0003150071879320869
bg_2018_0161,0,2018,2017,d49b5fbc9ceb41ca0416f4cdb698a4166b7a68f5b61831b3c486481ab9266d59,site_fold_3,0.5898910154988071,0.8290739900411008,0.6620080804744359
bg_2018_0165,0,2018,2017,d2fe77c5494009de82c48b234cc00ce5e962100afef8729763eebcde1fdb3ee6,site_fold_4,0.8022018863432289,0.014489266143734667,0.005878158655019237
bg_2018_0182,0,2018,2017,338e23f9b352e3105dbde6ef929db218b89c42bef0ff3192ba71868dc1c03e11,site_fold_4,0.6379608439368285,0.9499450596735629,0.7240639129581392
bg_2018_0193,0,2018,2017,61dbfdd28521f9308c90c25b11338b8d4a84bcf61abdb389858a2ac8ee611700,site_fold_3,0.2305179585311495,0.03330939259049944,0.7175418487504023
bg_2018_0197,0,2018,2017,085eb8211e0d2e935d23d26841e01d26a6fd4d394c7185918f5965368be91c14,site_fold_4,0.9031103621320384,0.9789725347542897,0.8785440757953403
bg_2018_0210,0,2018,2017,81ecec5ea53df338cb8dec8a3d93efdf89b240e40ceb46e53c9c62deeb7134ad,site_fold_0,0.15519215853144785,0.10058361291251508,0.02851260111111431
bg_2018_0212,0,2018,2017,d62a426cec03061a92b4b16ff9276a42c85c45c9bef3ede5653bbbd82d16c4a6,site_fold_1,0.13555846039032854,8.160212000100082e-05,0.0003591504132851823
bg_2018_0214,0,2018,2017,adcf989dc565c016087934f1ab4ba3b574fbe4b87d6ce6c4c0efac4ac2994595,site_fold_2,0.743589619908726,0.9999442058249265,0.9999947818537732
bg_2019_0033,0,2019,2018,21e62fc153d7c067a581956f9285d808728d0fbcc3f743972121ab385b7f240d,site_fold_1,0.1670616836643685,0.32500941286782087,0.03031787863175048
bg_2019_0037,0,2019,2018,ec12ead14120d4fd24d16cabbbd241eb1d0fe9c16ad943805a4312845283d462,site_fold_2,0.11612261119358837,0.002671941406618692,0.0001946686152747329
bg_2019_0041,0,2019,2018,2fd1ce506e821d00b2c7dc4f3c74578abf6a9aa737fc9b17501c9a890c7b32f4,site_fold_0,0.6959680564969934,0.016524130398565887,0.0014323103371156284
bg_2019_0045,0,2019,2018,5abac985a6deaa808eecb6a2742d5a724388c8f6c7ad871704b78b4066e386dc,site_fold_0,0.5437180250464185,0.006719476610219867,0.0004696881703079079
bg_2019_0049,0,2019,2018,1a44f043ff970d264d22e596a5e8bcb7dd2eeaed1035fc9b3d7de0c36349a6e3,site_fold_2,0.23787740028069215,0.09110579593199883,0.006875856047453338
bg_2019_0051,0,2019,2018,748d2b899e4eb3beab4800bc94e8ff516e34ed0db3aef051813bec260a8670ce,site_fold_2,0.110592247777663,0.0259876822034544,0.0014265175488085192
bg_2019_0052,0,2019,2018,dcd99ae5f275a0be2458b09742536127a22d13b902bd53e5ac740a04f46f77f3,site_fold_0,0.23984100741695324,0.004784395811828636,0.00015565490614119785
bg_2019_0054,0,2019,2018,8b97daeee954f5cf8ce99941964f6b69aafbd08ff670db5383f686bb16668c44,site_fold_4,0.13916301134856807,0.0013551533864908333,1.9683277135452846e-05
bg_2019_0056,0,2019,2018,dc2c073fab33fa44d4232f769c5e6003d6870f75c7967861a7b52e38d7c69572,site_fold_2,0.15941519828979486,0.5011020513859809,0.22358146681475027
bg_2019_0058,0,2019,2018,203ddd064d80fc0d4e7bff11a0776d9e93419a3a6037aa9adc2c7505290a1813,site_fold_1,0.002786616788383104,0.010463805451745745,0.0016722774658164007
bg_2019_0059,0,2019,2018,f9a9ec68c6f1d2a1231e5e83d38745b60d61290ff74ac936aa8f0683822eb8eb,site_fold_3,0.8297170584395206,0.003074526056171178,0.010753681903082696
bg_2019_0066,0,2019,2018,a5a2dc9c1dbe6d7af6f51645bd09cb467e8f7c186eb7d91b2a155cea8ae622ed,site_fold_4,0.41694698403274305,0.006172892840443658,0.00021910462272207122
bg_2019_0067,0,2019,2018,b687a30ed837278ff4dadcfdef30f40b2986a06c7c79ed57693b3e6b2b1a9d33,site_fold_4,0.5275493552514561,0.8742332221775222,0.4276588107206179
bg_2019_0071,0,2019,2018,48da3e414015f3351b42e87e9218a6ceaedce537a926ba13d8759590bdad9d81,site_fold_4,0.3771877026463122,0.3129833101694319,0.13175797807481324
bg_2019_0072,0,2019,2018,ea2e9240baa8efb8641cef5f652b1f430fd03b8bb6bdcae03cd85c7be7d79e6c,site_fold_1,0.2838504357168366,0.003210409419701202,0.005558234073341171
bg_2019_0073,0,2019,2018,eb67dc3c4a6302c161ea7c937485d56e520ac962c08ed97fcd8cb6d32e101eed,site_fold_0,0.1076242699511241,0.006340788862770289,0.00041557929961628926
bg_2019_0074,0,2019,2018,0661378a425c8a66c4aa539a6016f77d94444565f19a404c200d8da71d881e6f,site_fold_4,0.7041776538066056,0.006128690816916018,0.0002375750417757275
bg_2019_0076,0,2019,2018,b0bb5e94bbb58bef0707986a0b214f4618e10f100ec3660f7f792c139b83b7bf,site_fold_2,0.8644726421019656,0.008122400410317775,0.0020494423642904544
bg_2019_0082,0,2019,2018,5535d9eaa37e4d1a7b852f0870d6bc9cf8d44c2c849c46b6e3bc123aea922f98,site_fold_1,0.9686590662404115,6.371727935292797e-05,1.0276219340894772e-06
bg_2019_0086,0,2019,2018,2f8d0c0da0be361972dcf84753d6a3e08b6dad88a520b7d1a92b86f9b38320ac,site_fold_0,0.09203255752544987,0.0003031480248589839,7.042913466858321e-06
bg_2019_0089,0,2019,2018,30e0262a5079f27f544cfa11a50c2dac7696a1223e31b6a5743a25b88178f3f9,site_fold_1,0.47420148765409575,0.47665578348250603,0.0718010955839563
bg_2019_0090,0,2019,2018,0ea0ea06867904ade6f0cc97d06bcc3a15a536e081b0765ae05da45dd08c935e,site_fold_2,0.23293316862797953,0.20894109305052436,0.05193555663947732
bg_2019_0091,0,2019,2018,982618d21af830b045f8c249c93b9fe8c0ca46e8eef0f38a41b858d40f182133,site_fold_0,0.49205325399688077,0.9340127684151992,0.757709034348932
bg_2019_0092,0,2019,2018,1329ca34dd0aa22bba0143275ea656df9883ad433541073bcd4a263e3256d123,site_fold_3,0.29395418711370824,0.9306671439497661,0.37559011527939784
bg_2019_0093,0,2019,2018,39af272ed4011f905c7675ca8e5251a45ad8be334a928f57454f06824c57b67d,site_fold_2,0.4317369889209209,0.08600071067653213,0.011762895112592979
bg_2019_0101,0,2019,2018,0e3e2e1f0d7500e89ab5386ac3395e82b86d098339e82b63a4f96b3de677403b,site_fold_1,0.08054566135398344,0.011065625394173247,0.0037343335439115246
bg_2019_0103,0,2019,2018,094fe38ba748a64e5efdec7fb8286b4be6aadc362ada39934354d5551a5da3d0,site_fold_3,0.35463535684459857,0.11120004605485977,0.08249561110835504
bg_2019_0105,0,2019,2018,5bb0f3030646a3eca15b3c715c0a2cc5c67d8a64036f4b26e788799479fcac9b,site_fold_1,0.627413443118265,0.4787538494912315,0.25083714854499223
bg_2019_0107,0,2019,2018,121ca7306a2ae0103033e3004279ef3e80366ab277effbd7df933cd44df93378,site_fold_1,0.7043600434184815,0.15701286861098798,0.19744641625060405
bg_2019_0110,0,2019,2018,fe94a8a6361778f583248af09d52d2f8beaeed2c3a1047494990e54232abf263,site_fold_1,0.49336205398151906,0.765806697498473,0.45736065435135276
bg_2019_0113,0,2019,2018,574a670bce4623563698b796be6af8072c206bfd8806e5f36ff822a332eff57b,site_fold_1,0.3649631966531116,0.963613640343482,0.4120896331406579
bg_2019_0115,0,2019,2018,48ba22de3d6960040834837c9f93bad7da1ff9aa12c70c28cf23329daa5556b9,site_fold_0,0.2783747824385647,0.8904607486423387,0.19104070300152798
bg_2019_0116,0,2019,2018,b89dc14cbabd117f4baa55fee005974d32ebb678421d282b6faf5919d4c5513d,site_fold_3,0.12043473686632922,0.6601908054878628,0.06117762348794269
bg_2019_0118,0,2019,2018,8e82547d47b9be467e201fcc7a5aecc54c71aded64e0ac980099b8678439acd8,site_fold_3,0.3220666088549323,0.02166261933741375,0.000438755937955181
bg_2019_0120,0,2019,2018,1cdab643d1b940b0693fcbf08e8a99e52473b61131de923eb8b284c32f00c4d4,site_fold_2,0.17099313464576338,0.22464518975933118,0.05091689827425392
bg_2019_0122,0,2019,2018,bf6cb7c3b436132579c4c247e107989902b49e1a3a297a787f54b840578a302e,site_fold_2,0.08980099011093626,0.0013850303235607138,0.00015575771310270928
bg_2019_0124,0,2019,2018,74a593ab813090c62b6028480a668a3959fb4e059bcc73876ed08db88d30bda2,site_fold_2,0.008456347848101184,0.029779640797912964,0.0036147747696159767
bg_2019_0129,0,2019,2018,9d517f55ae5613be7e9c1f546afa3a8453196835262a2da69354022e181623af,site_fold_1,0.6685249474996456,0.42276036485057533,0.34974835154191203
bg_2019_0131,0,2019,2018,c70088b5f5ed553ac8d54c56b48c1be5b90a722246b8993e86f8ab252abee2b8,site_fold_4,0.8647464431702917,0.98813916763803,0.5884401518575725
bg_2019_0137,0,2019,2018,b1c60d3479151c265d732f1691c8965b5045f9f996bc435e7cc5093bbabaa7ca,site_fold_4,0.43175268847215126,0.0001086104516659216,0.003172949214173328
bg_2019_0140,0,2019,2018,25491912f96991025541d5f5da5a1ed06d902fbef16223d74ebe72a74b2706c0,site_fold_3,0.3267056642943887,0.30854451940123806,0.03641898013198504
bg_2019_0142,0,2019,2018,27cf11d64439127707db65caff07bd9f503a61a6427d56ac8b3df0c792261c04,site_fold_1,2.3184826951601648e-11,2.745942281022291e-14,7.589156663544939e-23
bg_2019_0144,0,2019,2018,48a8d4b27be3f5a3d567610c033ac715c6277500103c9ec2d712f0b3bd427f0b,site_fold_0,0.6284899597053037,0.4731136025380573,0.04551261682613324
bg_2019_0146,0,2019,2018,e889077796f75a8bf06a0218348506ff1aa58361a026a2158158d33545d8f8e8,site_fold_1,0.7429669034434754,0.20198460011708344,0.3401411573103609
bg_2019_0148,0,2019,2018,7e9ec81c8ea1517e7c97d3f130bd8da15eded8367199dea08912d7fec27678bc,site_fold_4,0.6874191164835142,0.07378193438012687,0.005393291294258003
bg_2019_0152,0,2019,2018,ce81223ed4abc36fdbbc236f8ffb7d0ee9ea969f12ac8750196c90345354cd48,site_fold_0,7.87950827668783e-05,1.4816565617973782e-06,1.329483072378381e-05
bg_2019_0154,0,2019,2018,eaa88e45dc34bbc37c2c1c462247981c702e40fc4de264f8bfd709abb71da6d3,site_fold_3,0.021119759611990075,0.024677573544577648,0.004570170231570401
bg_2019_0157,0,2019,2018,10931396412cd75603aea0d3abeeaa86eab99d3b921d1b092b41bbab3e6b3ef3,site_fold_1,0.3031399857380983,7.107559804859862e-05,0.00022538734122709204
bg_2019_0161,0,2019,2018,d49b5fbc9ceb41ca0416f4cdb698a4166b7a68f5b61831b3c486481ab9266d59,site_fold_3,0.719083308633307,0.8108122719928111,0.6185389868826107
bg_2019_0165,0,2019,2018,d2fe77c5494009de82c48b234cc00ce5e962100afef8729763eebcde1fdb3ee6,site_fold_4,0.742118655807348,0.0021167986180646464,1.6131055362550683e-05
bg_2019_0182,0,2019,2018,338e23f9b352e3105dbde6ef929db218b89c42bef0ff3192ba71868dc1c03e11,site_fold_4,0.7074347756145715,0.5141468282355269,0.18122682150724728
bg_2019_0193,0,2019,2018,61dbfdd28521f9308c90c25b11338b8d4a84bcf61abdb389858a2ac8ee611700,site_fold_3,0.20057418217080122,0.23156050446218257,0.029143605202915698
bg_2019_0197,0,2019,2018,085eb8211e0d2e935d23d26841e01d26a6fd4d394c7185918f5965368be91c14,site_fold_4,0.7671734005816209,0.803731059381927,0.47739558935707593
bg_2019_0210,0,2019,2018,81ecec5ea53df338cb8dec8a3d93efdf89b240e40ceb46e53c9c62deeb7134ad,site_fold_0,0.3115100132109829,0.08582915892738517,0.04482469299161007
bg_2019_0212,0,2019,2018,d62a426cec03061a92b4b16ff9276a42c85c45c9bef3ede5653bbbd82d16c4a6,site_fold_1,0.46624673861018867,0.00040697337710280036,0.00016301248542163643
bg_2019_0214,0,2019,2018,adcf989dc565c016087934f1ab4ba3b574fbe4b87d6ce6c4c0efac4ac2994595,site_fold_2,0.522654600577763,0.9999807289982214,0.9994447059425017
bg_2020_0033,0,2020,2019,21e62fc153d7c067a581956f9285d808728d0fbcc3f743972121ab385b7f240d,site_fold_1,0.05438074400468059,0.5411747594244515,0.10712310496954246
bg_2020_0037,0,2020,2019,ec12ead14120d4fd24d16cabbbd241eb1d0fe9c16ad943805a4312845283d462,site_fold_2,0.24679366640672976,0.019677541274034937,0.018830686802917246
bg_2020_0041,0,2020,2019,2fd1ce506e821d00b2c7dc4f3c74578abf6a9aa737fc9b17501c9a890c7b32f4,site_fold_0,0.8133702498081701,0.008136866360184663,0.10165798812714101
bg_2020_0045,0,2020,2019,5abac985a6deaa808eecb6a2742d5a724388c8f6c7ad871704b78b4066e386dc,site_fold_0,0.8145581429596543,0.044499217297459315,0.028192502492440295
bg_2020_0049,0,2020,2019,1a44f043ff970d264d22e596a5e8bcb7dd2eeaed1035fc9b3d7de0c36349a6e3,site_fold_2,0.567979351551625,0.16606532007132155,0.2112259302669397
bg_2020_0051,0,2020,2019,748d2b899e4eb3beab4800bc94e8ff516e34ed0db3aef051813bec260a8670ce,site_fold_2,0.18890798396192893,0.07256499139639197,0.04958711224888981
bg_2020_0052,0,2020,2019,dcd99ae5f275a0be2458b09742536127a22d13b902bd53e5ac740a04f46f77f3,site_fold_0,0.40369993029718926,0.014664880749544211,0.016231530701400543
bg_2020_0056,0,2020,2019,dc2c073fab33fa44d4232f769c5e6003d6870f75c7967861a7b52e38d7c69572,site_fold_2,0.6668880931313691,0.38678879329532967,0.8457197941593628
bg_2020_0058,0,2020,2019,203ddd064d80fc0d4e7bff11a0776d9e93419a3a6037aa9adc2c7505290a1813,site_fold_1,0.004261473961403705,0.004949787861701062,0.010764961601198803
bg_2020_0059,0,2020,2019,f9a9ec68c6f1d2a1231e5e83d38745b60d61290ff74ac936aa8f0683822eb8eb,site_fold_3,0.9427643111130659,0.014053563475972967,0.26290862013666894
bg_2020_0066,0,2020,2019,a5a2dc9c1dbe6d7af6f51645bd09cb467e8f7c186eb7d91b2a155cea8ae622ed,site_fold_4,0.42599834354588956,0.009854998047979012,0.0007930974855246497
bg_2020_0067,0,2020,2019,b687a30ed837278ff4dadcfdef30f40b2986a06c7c79ed57693b3e6b2b1a9d33,site_fold_4,0.5531295013126796,0.904055304330573,0.9354278200105158
bg_2020_0071,0,2020,2019,48da3e414015f3351b42e87e9218a6ceaedce537a926ba13d8759590bdad9d81,site_fold_4,0.2406841318073132,0.4891680693254458,0.27529406322396616
bg_2020_0072,0,2020,2019,ea2e9240baa8efb8641cef5f652b1f430fd03b8bb6bdcae03cd85c7be7d79e6c,site_fold_1,0.36330789945242886,0.0048218691750559605,0.025127675902042422
bg_2020_0073,0,2020,2019,eb67dc3c4a6302c161ea7c937485d56e520ac962c08ed97fcd8cb6d32e101eed,site_fold_0,0.08876582262816872,0.00785927484734762,0.005375292039271084
bg_2020_0074,0,2020,2019,0661378a425c8a66c4aa539a6016f77d94444565f19a404c200d8da71d881e6f,site_fold_4,0.7658141068453241,0.004822237278394179,0.001021429137023688
bg_2020_0076,0,2020,2019,b0bb5e94bbb58bef0707986a0b214f4618e10f100ec3660f7f792c139b83b7bf,site_fold_2,0.9519300574749896,0.036584449115568636,0.10708886618437241
bg_2020_0082,0,2020,2019,5535d9eaa37e4d1a7b852f0870d6bc9cf8d44c2c849c46b6e3bc123aea922f98,site_fold_1,0.9288643749022772,0.00010770489824489898,6.339056063383685e-06
bg_2020_0086,0,2020,2019,2f8d0c0da0be361972dcf84753d6a3e08b6dad88a520b7d1a92b86f9b38320ac,site_fold_0,0.2683153623547831,0.00039207524866529737,0.0018169836528831652
bg_2020_0089,0,2020,2019,30e0262a5079f27f544cfa11a50c2dac7696a1223e31b6a5743a25b88178f3f9,site_fold_1,0.640501387290766,0.41872135687441486,0.19286479779377722
bg_2020_0090,0,2020,2019,0ea0ea06867904ade6f0cc97d06bcc3a15a536e081b0765ae05da45dd08c935e,site_fold_2,0.23760679806341475,0.35012115050691317,0.15010354192802985
bg_2020_0091,0,2020,2019,982618d21af830b045f8c249c93b9fe8c0ca46e8eef0f38a41b858d40f182133,site_fold_0,0.5366115207714599,0.9214240383340748,0.981889364423407
bg_2020_0092,0,2020,2019,1329ca34dd0aa22bba0143275ea656df9883ad433541073bcd4a263e3256d123,site_fold_3,0.6791606811644769,0.9658434043348135,0.9618653209273549
bg_2020_0093,0,2020,2019,39af272ed4011f905c7675ca8e5251a45ad8be334a928f57454f06824c57b67d,site_fold_2,0.42987914201241845,0.012494163167657122,0.17429575566022432
bg_2020_0101,0,2020,2019,0e3e2e1f0d7500e89ab5386ac3395e82b86d098339e82b63a4f96b3de677403b,site_fold_1,0.1143552673865225,0.031864020368023806,0.07224320688655786
bg_2020_0103,0,2020,2019,094fe38ba748a64e5efdec7fb8286b4be6aadc362ada39934354d5551a5da3d0,site_fold_3,0.4411897836579984,0.20332930837129148,0.19749958987744348
bg_2020_0105,0,2020,2019,5bb0f3030646a3eca15b3c715c0a2cc5c67d8a64036f4b26e788799479fcac9b,site_fold_1,0.7854442822115227,0.8346539082311303,0.6252389286180476
bg_2020_0107,0,2020,2019,121ca7306a2ae0103033e3004279ef3e80366ab277effbd7df933cd44df93378,site_fold_1,0.8703832845071187,0.753740211328236,0.627741311163196
bg_2020_0110,0,2020,2019,fe94a8a6361778f583248af09d52d2f8beaeed2c3a1047494990e54232abf263,site_fold_1,0.6342927557158163,0.9302389353720297,0.8823170387592425
bg_2020_0115,0,2020,2019,48ba22de3d6960040834837c9f93bad7da1ff9aa12c70c28cf23329daa5556b9,site_fold_0,0.2947801557820569,0.8922205382033772,0.7266542754854457
bg_2020_0116,0,2020,2019,b89dc14cbabd117f4baa55fee005974d32ebb678421d282b6faf5919d4c5513d,site_fold_3,0.17541968712933914,0.5411305120213495,0.4173511494406313
bg_2020_0118,0,2020,2019,8e82547d47b9be467e201fcc7a5aecc54c71aded64e0ac980099b8678439acd8,site_fold_3,0.4060389842285051,0.01936431184335861,0.002541567450875771
bg_2020_0120,0,2020,2019,1cdab643d1b940b0693fcbf08e8a99e52473b61131de923eb8b284c32f00c4d4,site_fold_2,0.2588308566019266,0.742809890159116,0.4685284263121996
bg_2020_0122,0,2020,2019,bf6cb7c3b436132579c4c247e107989902b49e1a3a297a787f54b840578a302e,site_fold_2,0.15292763665840042,0.0006626092929147344,0.0039494048655810705
bg_2020_0124,0,2020,2019,74a593ab813090c62b6028480a668a3959fb4e059bcc73876ed08db88d30bda2,site_fold_2,0.02902917191906346,0.44299075279859906,0.16370624817161009
bg_2020_0129,0,2020,2019,9d517f55ae5613be7e9c1f546afa3a8453196835262a2da69354022e181623af,site_fold_1,0.7132832360013298,0.6599653190405433,0.8306882797099412
bg_2020_0131,0,2020,2019,c70088b5f5ed553ac8d54c56b48c1be5b90a722246b8993e86f8ab252abee2b8,site_fold_4,0.9138855215271655,0.9878159909861778,0.97257388952557
bg_2020_0133,0,2020,2019,f4be26be42aa63779b31705fdb787991f04b62cc376f4011ad45d4e46a90aadc,site_fold_2,0.9059420553894153,0.12714463876041568,0.10575847277654549
bg_2020_0137,0,2020,2019,b1c60d3479151c265d732f1691c8965b5045f9f996bc435e7cc5093bbabaa7ca,site_fold_4,0.35923975455575213,0.982900315225192,0.008885218126765574
bg_2020_0140,0,2020,2019,25491912f96991025541d5f5da5a1ed06d902fbef16223d74ebe72a74b2706c0,site_fold_3,0.5049040717396012,0.1978665201970418,0.41002171484494776
bg_2020_0142,0,2020,2019,27cf11d64439127707db65caff07bd9f503a61a6427d56ac8b3df0c792261c04,site_fold_1,1.3187060352637757e-10,3.8842933748724586e-13,1.1076798798126944e-21
bg_2020_0144,0,2020,2019,48a8d4b27be3f5a3d567610c033ac715c6277500103c9ec2d712f0b3bd427f0b,site_fold_0,0.6324769670019126,0.5605927964795371,0.680807255888405
bg_2020_0146,0,2020,2019,e889077796f75a8bf06a0218348506ff1aa58361a026a2158158d33545d8f8e8,site_fold_1,0.8021589057436513,0.763158792956995,0.7881215059777716
bg_2020_0148,0,2020,2019,7e9ec81c8ea1517e7c97d3f130bd8da15eded8367199dea08912d7fec27678bc,site_fold_4,0.7036676476281192,0.04705094095974941,0.07124628983844931
bg_2020_0152,0,2020,2019,ce81223ed4abc36fdbbc236f8ffb7d0ee9ea969f12ac8750196c90345354cd48,site_fold_0,0.003298995325854378,0.00015222897862533877,0.0004177540372199942
bg_2020_0154,0,2020,2019,eaa88e45dc34bbc37c2c1c462247981c702e40fc4de264f8bfd709abb71da6d3,site_fold_3,0.012376287516341646,0.01204960446023692,0.032184908204779504
bg_2020_0157,0,2020,2019,10931396412cd75603aea0d3abeeaa86eab99d3b921d1b092b41bbab3e6b3ef3,site_fold_1,0.3678145851660617,0.002164966144314312,0.029318347129788376
bg_2020_0161,0,2020,2019,d49b5fbc9ceb41ca0416f4cdb698a4166b7a68f5b61831b3c486481ab9266d59,site_fold_3,0.8345761060275093,0.9024236320682628,0.929898605235105
bg_2020_0165,0,2020,2019,d2fe77c5494009de82c48b234cc00ce5e962100afef8729763eebcde1fdb3ee6,site_fold_4,0.8301718664796089,0.0014111748003224176,0.00057583988539169
bg_2020_0182,0,2020,2019,338e23f9b352e3105dbde6ef929db218b89c42bef0ff3192ba71868dc1c03e11,site_fold_4,0.7661834564019601,0.8310324995854286,0.6923839994874665
bg_2020_0193,0,2020,2019,61dbfdd28521f9308c90c25b11338b8d4a84bcf61abdb389858a2ac8ee611700,site_fold_3,0.3132154313966897,0.06614214904984822,0.2546109258709088
bg_2020_0197,0,2020,2019,085eb8211e0d2e935d23d26841e01d26a6fd4d394c7185918f5965368be91c14,site_fold_4,0.8539580810094587,0.9827434612942841,0.9612265285504124
bg_2020_0210,0,2020,2019,81ecec5ea53df338cb8dec8a3d93efdf89b240e40ceb46e53c9c62deeb7134ad,site_fold_0,0.2663808696600386,0.27510156015028214,0.4875116058257183
bg_2020_0212,0,2020,2019,d62a426cec03061a92b4b16ff9276a42c85c45c9bef3ede5653bbbd82d16c4a6,site_fold_1,0.43506241260754236,0.0006076564603194782,0.003304901215894699
bg_2020_0214,0,2020,2019,adcf989dc565c016087934f1ab4ba3b574fbe4b87d6ce6c4c0efac4ac2994595,site_fold_2,0.7354047174568128,0.9998360183620599,0.9999672344417132
bg_2023_0033,0,2023,2022,21e62fc153d7c067a581956f9285d808728d0fbcc3f743972121ab385b7f240d,site_fold_1,0.0744157657072351,0.055765048737342685,0.19542033369453266
bg_2023_0037,0,2023,2022,ec12ead14120d4fd24d16cabbbd241eb1d0fe9c16ad943805a4312845283d462,site_fold_2,0.22050305310988882,0.06293598528171362,0.008016604517257149
bg_2023_0041,0,2023,2022,2fd1ce506e821d00b2c7dc4f3c74578abf6a9aa737fc9b17501c9a890c7b32f4,site_fold_0,0.7739827988543474,0.02404469431092645,0.43710552521723306
bg_2023_0045,0,2023,2022,5abac985a6deaa808eecb6a2742d5a724388c8f6c7ad871704b78b4066e386dc,site_fold_0,0.3040705799842959,0.013557511292044397,0.0033390661874877687
bg_2023_0049,0,2023,2022,1a44f043ff970d264d22e596a5e8bcb7dd2eeaed1035fc9b3d7de0c36349a6e3,site_fold_2,0.656625934547635,0.2753544729208928,0.13441418841946992
bg_2023_0051,0,2023,2022,748d2b899e4eb3beab4800bc94e8ff516e34ed0db3aef051813bec260a8670ce,site_fold_2,0.22975724430746527,0.1445843057923034,0.06069740027980217
bg_2023_0052,0,2023,2022,dcd99ae5f275a0be2458b09742536127a22d13b902bd53e5ac740a04f46f77f3,site_fold_0,0.14894334887618563,0.0014944922476257073,0.0016961339005901748
bg_2023_0054,0,2023,2022,8b97daeee954f5cf8ce99941964f6b69aafbd08ff670db5383f686bb16668c44,site_fold_4,0.2893356088735161,0.006590760624927173,0.0007897656565065351
bg_2023_0056,0,2023,2022,dc2c073fab33fa44d4232f769c5e6003d6870f75c7967861a7b52e38d7c69572,site_fold_2,0.3410011849875579,0.0014811779274015043,0.0011594906439441688
bg_2023_0058,0,2023,2022,203ddd064d80fc0d4e7bff11a0776d9e93419a3a6037aa9adc2c7505290a1813,site_fold_1,0.007506324004135683,0.018262138036071535,0.0037025544090247883
bg_2023_0059,0,2023,2022,f9a9ec68c6f1d2a1231e5e83d38745b60d61290ff74ac936aa8f0683822eb8eb,site_fold_3,0.8091897036252035,0.019599083065038648,0.13530365638893166
bg_2023_0064,0,2023,2022,7cf777b87c15c35cb12a26b7d8ad0f56654c2b75b6447578107c0cef8bdd2e29,site_fold_0,0.654689977886142,0.573964931425743,0.7074174049687019
bg_2023_0066,0,2023,2022,a5a2dc9c1dbe6d7af6f51645bd09cb467e8f7c186eb7d91b2a155cea8ae622ed,site_fold_4,0.3479484168634536,0.009260864314310724,0.0007776744208152316
bg_2023_0067,0,2023,2022,b687a30ed837278ff4dadcfdef30f40b2986a06c7c79ed57693b3e6b2b1a9d33,site_fold_4,0.5977868758930964,0.8882453012756125,0.763449632248943
bg_2023_0069,0,2023,2022,19b54b72bdde6c4bd3cbe2546f3414a4ff56cd60d6a2bcdf3d6f1f199e8b9a7a,site_fold_3,0.42316218210927464,0.0024676713225556847,0.006932985890952801
bg_2023_0071,0,2023,2022,48da3e414015f3351b42e87e9218a6ceaedce537a926ba13d8759590bdad9d81,site_fold_4,0.23446638485720545,0.019114288211716114,0.029295368613394508
bg_2023_0072,0,2023,2022,ea2e9240baa8efb8641cef5f652b1f430fd03b8bb6bdcae03cd85c7be7d79e6c,site_fold_1,0.37184947967492726,0.03189990063017701,0.017734093852365674
bg_2023_0073,0,2023,2022,eb67dc3c4a6302c161ea7c937485d56e520ac962c08ed97fcd8cb6d32e101eed,site_fold_0,0.22625903132454303,0.002996897264667592,0.002478781041250908
bg_2023_0074,0,2023,2022,0661378a425c8a66c4aa539a6016f77d94444565f19a404c200d8da71d881e6f,site_fold_4,0.739856457144429,0.011121043901740783,0.00679953651045907
bg_2023_0076,0,2023,2022,b0bb5e94bbb58bef0707986a0b214f4618e10f100ec3660f7f792c139b83b7bf,site_fold_2,0.9022902913843878,0.0066064331168323946,0.10030438452578448
bg_2023_0082,0,2023,2022,5535d9eaa37e4d1a7b852f0870d6bc9cf8d44c2c849c46b6e3bc123aea922f98,site_fold_1,0.9893609912223212,0.0012971832400081084,0.00013698915520582168
bg_2023_0086,0,2023,2022,2f8d0c0da0be361972dcf84753d6a3e08b6dad88a520b7d1a92b86f9b38320ac,site_fold_0,0.3582863116247689,0.007701921689164063,0.00029573091582302637
bg_2023_0089,0,2023,2022,30e0262a5079f27f544cfa11a50c2dac7696a1223e31b6a5743a25b88178f3f9,site_fold_1,0.5974551023813466,0.04001000466879462,0.1597211159160883
bg_2023_0090,0,2023,2022,0ea0ea06867904ade6f0cc97d06bcc3a15a536e081b0765ae05da45dd08c935e,site_fold_2,0.32536768722975123,0.7980224054754117,0.5383169175888175
bg_2023_0091,0,2023,2022,982618d21af830b045f8c249c93b9fe8c0ca46e8eef0f38a41b858d40f182133,site_fold_0,0.7039171847773856,0.8817731034096767,0.8834476300054105
bg_2023_0092,0,2023,2022,1329ca34dd0aa22bba0143275ea656df9883ad433541073bcd4a263e3256d123,site_fold_3,0.4924321162149637,0.8813651975650436,0.854975425902101
bg_2023_0093,0,2023,2022,39af272ed4011f905c7675ca8e5251a45ad8be334a928f57454f06824c57b67d,site_fold_2,0.4609451798681946,0.05085878365404766,0.036825483446741615
bg_2023_0101,0,2023,2022,0e3e2e1f0d7500e89ab5386ac3395e82b86d098339e82b63a4f96b3de677403b,site_fold_1,0.08944313027908574,0.24642955893916904,0.03241734084374127
bg_2023_0103,0,2023,2022,094fe38ba748a64e5efdec7fb8286b4be6aadc362ada39934354d5551a5da3d0,site_fold_3,0.4813242350953434,0.1432862332285199,0.19547570135594058
bg_2023_0105,0,2023,2022,5bb0f3030646a3eca15b3c715c0a2cc5c67d8a64036f4b26e788799479fcac9b,site_fold_1,0.6941657442866705,0.7197306752449798,0.762431095826183
bg_2023_0107,0,2023,2022,121ca7306a2ae0103033e3004279ef3e80366ab277effbd7df933cd44df93378,site_fold_1,0.8287024450642866,0.8048169106511426,0.38007626605188033
bg_2023_0110,0,2023,2022,fe94a8a6361778f583248af09d52d2f8beaeed2c3a1047494990e54232abf263,site_fold_1,0.42001828886238224,0.6257201790136446,0.4087587783178799
bg_2023_0118,0,2023,2022,8e82547d47b9be467e201fcc7a5aecc54c71aded64e0ac980099b8678439acd8,site_fold_3,0.36621662359568435,0.14379681926156376,0.05544955609878444
bg_2023_0120,0,2023,2022,1cdab643d1b940b0693fcbf08e8a99e52473b61131de923eb8b284c32f00c4d4,site_fold_2,0.25661233440157444,0.12648823955766725,0.009546056404362947
bg_2023_0122,0,2023,2022,bf6cb7c3b436132579c4c247e107989902b49e1a3a297a787f54b840578a302e,site_fold_2,0.16784104831126753,0.0005997709154814885,0.0005761404168137494
bg_2023_0129,0,2023,2022,9d517f55ae5613be7e9c1f546afa3a8453196835262a2da69354022e181623af,site_fold_1,0.6912540759218446,0.4804850993520209,0.603799421878679
bg_2023_0131,0,2023,2022,c70088b5f5ed553ac8d54c56b48c1be5b90a722246b8993e86f8ab252abee2b8,site_fold_4,0.9143137152302161,0.9818129559260449,0.953367252913505
bg_2023_0133,0,2023,2022,f4be26be42aa63779b31705fdb787991f04b62cc376f4011ad45d4e46a90aadc,site_fold_2,0.6552289988073268,0.18738881290141893,0.06761273874656416
bg_2023_0137,0,2023,2022,b1c60d3479151c265d732f1691c8965b5045f9f996bc435e7cc5093bbabaa7ca,site_fold_4,0.19519869404752,0.009208528037882628,0.021240787030739453
bg_2023_0140,0,2023,2022,25491912f96991025541d5f5da5a1ed06d902fbef16223d74ebe72a74b2706c0,site_fold_3,0.3468767489527714,0.21048053316815615,0.33474125752660877
bg_2023_0142,0,2023,2022,27cf11d64439127707db65caff07bd9f503a61a6427d56ac8b3df0c792261c04,site_fold_1,2.7870877216600243e-10,7.32993501627161e-13,1.0433268744780973e-20
bg_2023_0144,0,2023,2022,48a8d4b27be3f5a3d567610c033ac715c6277500103c9ec2d712f0b3bd427f0b,site_fold_0,0.5591808486471703,0.6383872307943672,0.1320047529786483
bg_2023_0146,0,2023,2022,e889077796f75a8bf06a0218348506ff1aa58361a026a2158158d33545d8f8e8,site_fold_1,0.7282513735663506,0.7318749505309742,0.46168601388377706
bg_2023_0148,0,2023,2022,7e9ec81c8ea1517e7c97d3f130bd8da15eded8367199dea08912d7fec27678bc,site_fold_4,0.6559261436520412,0.22786256796012289,0.4352550371581614
bg_2023_0152,0,2023,2022,ce81223ed4abc36fdbbc236f8ffb7d0ee9ea969f12ac8750196c90345354cd48,site_fold_0,0.0025120458646135557,1.938939908891115e-05,0.0014275641633461921
bg_2023_0154,0,2023,2022,eaa88e45dc34bbc37c2c1c462247981c702e40fc4de264f8bfd709abb71da6d3,site_fold_3,0.03387538936282008,0.2704054648648871,0.05773380310429093
bg_2023_0157,0,2023,2022,10931396412cd75603aea0d3abeeaa86eab99d3b921d1b092b41bbab3e6b3ef3,site_fold_1,0.13360857326833478,0.012349437934107765,0.005167016670211684
bg_2023_0161,0,2023,2022,d49b5fbc9ceb41ca0416f4cdb698a4166b7a68f5b61831b3c486481ab9266d59,site_fold_3,0.518550932298766,0.9696223664189296,0.6173677316935494
bg_2023_0165,0,2023,2022,d2fe77c5494009de82c48b234cc00ce5e962100afef8729763eebcde1fdb3ee6,site_fold_4,0.845883936663774,0.0653627948326616,0.010734663102632127
bg_2023_0182,0,2023,2022,338e23f9b352e3105dbde6ef929db218b89c42bef0ff3192ba71868dc1c03e11,site_fold_4,0.5901782460282875,0.9434692669106078,0.9052937237737271
bg_2023_0193,0,2023,2022,61dbfdd28521f9308c90c25b11338b8d4a84bcf61abdb389858a2ac8ee611700,site_fold_3,0.1699622347053205,0.8376609950812373,0.1556413493658955
bg_2023_0197,0,2023,2022,085eb8211e0d2e935d23d26841e01d26a6fd4d394c7185918f5965368be91c14,site_fold_4,0.802158795758345,0.9629049309183473,0.922673321347132
bg_2023_0210,0,2023,2022,81ecec5ea53df338cb8dec8a3d93efdf89b240e40ceb46e53c9c62deeb7134ad,site_fold_0,0.22555553571821643,0.3096828186364648,0.6049891326520833
bg_2023_0212,0,2023,2022,d62a426cec03061a92b4b16ff9276a42c85c45c9bef3ede5653bbbd82d16c4a6,site_fold_1,0.32697885140450345,0.00029878009540493743,0.013116528476480918
bg_2023_0214,0,2023,2022,adcf989dc565c016087934f1ab4ba3b574fbe4b87d6ce6c4c0efac4ac2994595,site_fold_2,0.6657171759159191,0.9992178225949939,0.9999802039045942
bg_2024_0033,0,2024,2023,21e62fc153d7c067a581956f9285d808728d0fbcc3f743972121ab385b7f240d,site_fold_1,0.055557866571071556,0.30652268518942827,0.19182080279018143
bg_2024_0037,0,2024,2023,ec12ead14120d4fd24d16cabbbd241eb1d0fe9c16ad943805a4312845283d462,site_fold_2,0.24821789776737532,0.07308261122748524,0.026835246197407302
bg_2024_0041,0,2024,2023,2fd1ce506e821d00b2c7dc4f3c74578abf6a9aa737fc9b17501c9a890c7b32f4,site_fold_0,0.7852897258602517,0.45048272997283295,0.28154311519211356
bg_2024_0045,0,2024,2023,5abac985a6deaa808eecb6a2742d5a724388c8f6c7ad871704b78b4066e386dc,site_fold_0,0.08579756038255804,0.005353638688014324,0.0060678525787982865
bg_2024_0049,0,2024,2023,1a44f043ff970d264d22e596a5e8bcb7dd2eeaed1035fc9b3d7de0c36349a6e3,site_fold_2,0.524641206180823,0.5259210440005253,0.23972013399554926
bg_2024_0051,0,2024,2023,748d2b899e4eb3beab4800bc94e8ff516e34ed0db3aef051813bec260a8670ce,site_fold_2,0.11063633683147325,0.19209896820673225,0.3739661715215388
bg_2024_0052,0,2024,2023,dcd99ae5f275a0be2458b09742536127a22d13b902bd53e5ac740a04f46f77f3,site_fold_0,0.09675834152041198,0.010483713346662572,0.00774316732550751
bg_2024_0054,0,2024,2023,8b97daeee954f5cf8ce99941964f6b69aafbd08ff670db5383f686bb16668c44,site_fold_4,0.285168521505342,0.003840781066234546,0.002100774611541006
bg_2024_0056,0,2024,2023,dc2c073fab33fa44d4232f769c5e6003d6870f75c7967861a7b52e38d7c69572,site_fold_2,0.37788876024483564,0.004960031522908263,0.00994479743654662
bg_2024_0058,0,2024,2023,203ddd064d80fc0d4e7bff11a0776d9e93419a3a6037aa9adc2c7505290a1813,site_fold_1,0.017546831589794937,0.01610931026919603,0.014550638766263035
bg_2024_0059,0,2024,2023,f9a9ec68c6f1d2a1231e5e83d38745b60d61290ff74ac936aa8f0683822eb8eb,site_fold_3,0.8304837037118139,0.07650530724467366,0.2443644989592899
bg_2024_0064,0,2024,2023,7cf777b87c15c35cb12a26b7d8ad0f56654c2b75b6447578107c0cef8bdd2e29,site_fold_0,0.6131533247109133,0.4152162466257483,0.34657026699677707
bg_2024_0066,0,2024,2023,a5a2dc9c1dbe6d7af6f51645bd09cb467e8f7c186eb7d91b2a155cea8ae622ed,site_fold_4,0.28719920627316203,0.020247332304319608,0.0038676225427224722
bg_2024_0067,0,2024,2023,b687a30ed837278ff4dadcfdef30f40b2986a06c7c79ed57693b3e6b2b1a9d33,site_fold_4,0.48447098272430844,0.7767678782987321,0.9485178351866134
bg_2024_0069,0,2024,2023,19b54b72bdde6c4bd3cbe2546f3414a4ff56cd60d6a2bcdf3d6f1f199e8b9a7a,site_fold_3,0.20866818538779072,0.006171658316995297,0.005588776445570514
bg_2024_0071,0,2024,2023,48da3e414015f3351b42e87e9218a6ceaedce537a926ba13d8759590bdad9d81,site_fold_4,0.2526315360271817,0.1736010753126573,0.020376422285497905
bg_2024_0072,0,2024,2023,ea2e9240baa8efb8641cef5f652b1f430fd03b8bb6bdcae03cd85c7be7d79e6c,site_fold_1,0.32465690822011495,0.0074818459427902105,0.18533405360222627
bg_2024_0073,0,2024,2023,eb67dc3c4a6302c161ea7c937485d56e520ac962c08ed97fcd8cb6d32e101eed,site_fold_0,0.15195510124129616,0.0037754112649385336,0.0028725875824384935
bg_2024_0074,0,2024,2023,0661378a425c8a66c4aa539a6016f77d94444565f19a404c200d8da71d881e6f,site_fold_4,0.6031414903095781,0.008115846722140758,0.02220389249863358
bg_2024_0076,0,2024,2023,b0bb5e94bbb58bef0707986a0b214f4618e10f100ec3660f7f792c139b83b7bf,site_fold_2,0.907336070865367,0.038040282155632224,0.027269941895095327
bg_2024_0082,0,2024,2023,5535d9eaa37e4d1a7b852f0870d6bc9cf8d44c2c849c46b6e3bc123aea922f98,site_fold_1,0.9840577645727296,0.006747818327297661,0.00028935716768007795
bg_2024_0086,0,2024,2023,2f8d0c0da0be361972dcf84753d6a3e08b6dad88a520b7d1a92b86f9b38320ac,site_fold_0,0.13990676416307238,0.002190083594924816,0.002265987764251618
bg_2024_0089,0,2024,2023,30e0262a5079f27f544cfa11a50c2dac7696a1223e31b6a5743a25b88178f3f9,site_fold_1,0.6636522328239375,0.3624322957463321,0.7015185726286309
bg_2024_0090,0,2024,2023,0ea0ea06867904ade6f0cc97d06bcc3a15a536e081b0765ae05da45dd08c935e,site_fold_2,0.23564881354170275,0.8405405392072485,0.2015683925573602
bg_2024_0091,0,2024,2023,982618d21af830b045f8c249c93b9fe8c0ca46e8eef0f38a41b858d40f182133,site_fold_0,0.6004587860053928,0.8746508441899504,0.977958591621834
bg_2024_0092,0,2024,2023,1329ca34dd0aa22bba0143275ea656df9883ad433541073bcd4a263e3256d123,site_fold_3,0.44274470556386614,0.6960517374348478,0.581257866882086
bg_2024_0093,0,2024,2023,39af272ed4011f905c7675ca8e5251a45ad8be334a928f57454f06824c57b67d,site_fold_2,0.4354111746651369,0.06025336191912349,0.13142539966378974
bg_2024_0101,0,2024,2023,0e3e2e1f0d7500e89ab5386ac3395e82b86d098339e82b63a4f96b3de677403b,site_fold_1,0.08892999513002657,0.2633708933642373,0.019445249475167372
bg_2024_0103,0,2024,2023,094fe38ba748a64e5efdec7fb8286b4be6aadc362ada39934354d5551a5da3d0,site_fold_3,0.48331658571597674,0.27008654875343546,0.15333921237033102
bg_2024_0105,0,2024,2023,5bb0f3030646a3eca15b3c715c0a2cc5c67d8a64036f4b26e788799479fcac9b,site_fold_1,0.7510338889383383,0.7573693552439045,0.7797763572762256
bg_2024_0107,0,2024,2023,121ca7306a2ae0103033e3004279ef3e80366ab277effbd7df933cd44df93378,site_fold_1,0.8151042502714305,0.54120876136761,0.5243341169710725
bg_2024_0110,0,2024,2023,fe94a8a6361778f583248af09d52d2f8beaeed2c3a1047494990e54232abf263,site_fold_1,0.46484291941222705,0.7682303606999404,0.8189402502078788
bg_2024_0115,0,2024,2023,48ba22de3d6960040834837c9f93bad7da1ff9aa12c70c28cf23329daa5556b9,site_fold_0,0.31166421060882377,0.2620037883944861,0.026189123698533625
bg_2024_0116,0,2024,2023,b89dc14cbabd117f4baa55fee005974d32ebb678421d282b6faf5919d4c5513d,site_fold_3,0.23038053217646212,0.9196905610808761,0.8203245563423552
bg_2024_0118,0,2024,2023,8e82547d47b9be467e201fcc7a5aecc54c71aded64e0ac980099b8678439acd8,site_fold_3,0.33136315488816753,0.0896064768634979,0.05136987685916987
bg_2024_0120,0,2024,2023,1cdab643d1b940b0693fcbf08e8a99e52473b61131de923eb8b284c32f00c4d4,site_fold_2,0.1555128947742708,0.02796346684448445,0.02689888247967386
bg_2024_0122,0,2024,2023,bf6cb7c3b436132579c4c247e107989902b49e1a3a297a787f54b840578a302e,site_fold_2,0.14783774127968996,0.0013781712154102763,0.0008853146838195446
bg_2024_0129,0,2024,2023,9d517f55ae5613be7e9c1f546afa3a8453196835262a2da69354022e181623af,site_fold_1,0.5536687613106864,0.6810733967609593,0.6001197214782698
bg_2024_0131,0,2024,2023,c70088b5f5ed553ac8d54c56b48c1be5b90a722246b8993e86f8ab252abee2b8,site_fold_4,0.9307673636223653,0.9919140506342974,0.8898353925542288
bg_2024_0133,0,2024,2023,f4be26be42aa63779b31705fdb787991f04b62cc376f4011ad45d4e46a90aadc,site_fold_2,0.5499027470830499,0.27270356863195955,0.02465956503324051
bg_2024_0137,0,2024,2023,b1c60d3479151c265d732f1691c8965b5045f9f996bc435e7cc5093bbabaa7ca,site_fold_4,0.2646600471202904,0.03753076331321635,0.06637004898170981
bg_2024_0140,0,2024,2023,25491912f96991025541d5f5da5a1ed06d902fbef16223d74ebe72a74b2706c0,site_fold_3,0.2563844247263859,0.2462127071784562,0.2588511273407647
bg_2024_0142,0,2024,2023,27cf11d64439127707db65caff07bd9f503a61a6427d56ac8b3df0c792261c04,site_fold_1,6.174148186106419e-10,5.3767002679896815e-12,3.3693541042594274e-20
bg_2024_0144,0,2024,2023,48a8d4b27be3f5a3d567610c033ac715c6277500103c9ec2d712f0b3bd427f0b,site_fold_0,0.5038023065046849,0.31831453933821957,0.39089808777776824
bg_2024_0146,0,2024,2023,e889077796f75a8bf06a0218348506ff1aa58361a026a2158158d33545d8f8e8,site_fold_1,0.6200080853201294,0.43537844336089276,0.8233394027510913
bg_2024_0148,0,2024,2023,7e9ec81c8ea1517e7c97d3f130bd8da15eded8367199dea08912d7fec27678bc,site_fold_4,0.7279863669048264,0.3349530706644147,0.28190515880791356
bg_2024_0152,0,2024,2023,ce81223ed4abc36fdbbc236f8ffb7d0ee9ea969f12ac8750196c90345354cd48,site_fold_0,0.0010388099314014717,0.00013879304496152028,0.0012743663289930829
bg_2024_0154,0,2024,2023,eaa88e45dc34bbc37c2c1c462247981c702e40fc4de264f8bfd709abb71da6d3,site_fold_3,0.003785643717765698,0.07234910431210527,0.04033211628871893
bg_2024_0157,0,2024,2023,10931396412cd75603aea0d3abeeaa86eab99d3b921d1b092b41bbab3e6b3ef3,site_fold_1,0.22412636129048036,0.013645438357968937,0.1549055489482642
bg_2024_0161,0,2024,2023,d49b5fbc9ceb41ca0416f4cdb698a4166b7a68f5b61831b3c486481ab9266d59,site_fold_3,0.545684205826873,0.8980272137891544,0.8675467991070283
bg_2024_0165,0,2024,2023,d2fe77c5494009de82c48b234cc00ce5e962100afef8729763eebcde1fdb3ee6,site_fold_4,0.8668956208457655,0.017452595362564067,0.14027692075363382
bg_2024_0182,0,2024,2023,338e23f9b352e3105dbde6ef929db218b89c42bef0ff3192ba71868dc1c03e11,site_fold_4,0.6470418944786166,0.9427929789564221,0.9555002314427281
bg_2024_0193,0,2024,2023,61dbfdd28521f9308c90c25b11338b8d4a84bcf61abdb389858a2ac8ee611700,site_fold_3,0.23647448134266014,0.1303970640363979,0.504429796992717
bg_2024_0197,0,2024,2023,085eb8211e0d2e935d23d26841e01d26a6fd4d394c7185918f5965368be91c14,site_fold_4,0.8659237890687078,0.9434628445902128,0.9637414414349281
bg_2024_0210,0,2024,2023,81ecec5ea53df338cb8dec8a3d93efdf89b240e40ceb46e53c9c62deeb7134ad,site_fold_0,0.19002137123765314,0.6500219167594777,0.6988116177749476
bg_2024_0212,0,2024,2023,d62a426cec03061a92b4b16ff9276a42c85c45c9bef3ede5653bbbd82d16c4a6,site_fold_1,0.5197859414467181,0.010439194476446367,0.006357408587450673
bg_2024_0214,0,2024,2023,adcf989dc565c016087934f1ab4ba3b574fbe4b87d6ce6c4c0efac4ac2994595,site_fold_2,0.4919053462429595,0.9999436527133096,0.9997914764245404
